generation,stage,candidate_idx,risk_aversion,herd_behavior,profit_driven,ticker,company,id,quarter,date,permno,holding_t,y_true,pred,abs_error,reward,valid,best_k,profile_strength_mode,x_risk_mean,x_herd_mean,x_profit_mean,overall_mean,raw_output,reason,answer_body
37,population,0,0.2978645032513684,0.3180475455509007,0.384086951197737,,,151,NA,2016-10-01 00:00:00,21207,2611.984908,-0.02774311019579393,-0.04,0.01225688980420607,-0.01225688980420607,True,1,type_mean,0.0083004769074155,0.0070097321687576,0.0811969348655934,0.03216904798058883,"
<think>Given the firm's high market capitalization relative to book equity and positive profitability, alongside a low beta suggesting lower systematic risk, the stock appears fundamentally sound. The fund's current holding is modest relative to its AUM and the stock's S&P 500 weight, indicating room for potential increase. Considering the low volatility and negative asset growth, a slight positive adjustment might be expected to align with the benchmark weight, but the magnitude would likely be small due to the stock's already significant market presence.</think>
<answer>
{""holding_log_delta"": -0.04}
</answer>","Given the firm's high market capitalization relative to book equity and positive profitability, alongside a low beta suggesting lower systematic risk, the stock appears fundamentally sound. The fund's current holding is modest relative to its AUM and the stock's S&P 500 weight, indicating room for potential increase. Considering the low volatility and negative asset growth, a slight positive adjustment might be expected to align with the benchmark weight, but the magnitude would likely be small due to the stock's already significant market presence.","{""holding_log_delta"": -0.04}"
37,population,1,0.30786450319035424,0.32804754548988657,0.3640869513197653,,,151,NA,2016-10-01 00:00:00,21207,2611.984908,-0.02774311019579393,-0.03,0.002256889804206068,-0.002256889804206068,True,1,type_mean,0.0083004769074155,0.0070097321687576,0.0811969348655934,0.03216904798058883,"
<think>Given the firm's high market capitalization relative to book equity and positive profitability, alongside a low beta suggesting lower systematic risk, the stock appears fundamentally strong. The fund's current holding is modest relative to its AUM and the stock's S&P 500 weight, indicating room for potential increase. Considering the low volatility and negative asset growth, a slight increase in holding might be expected to align with the stock's defensive profile and growth signals.</think>
<answer>
{""holding_log_delta"": -0.03}
</answer>","Given the firm's high market capitalization relative to book equity and positive profitability, alongside a low beta suggesting lower systematic risk, the stock appears fundamentally strong. The fund's current holding is modest relative to its AUM and the stock's S&P 500 weight, indicating room for potential increase. Considering the low volatility and negative asset growth, a slight increase in holding might be expected to align with the stock's defensive profile and growth signals.","{""holding_log_delta"": -0.03}"
37,population,2,0.3478645050687631,0.31804754749144054,0.3340869535412106,,,151,NA,2016-10-01 00:00:00,21207,2611.984908,-0.02774311019579393,-0.03,0.002256889804206068,-0.002256889804206068,True,1,type_mean,0.0083004769074155,0.0070097321687576,0.0811969348655934,0.03216904798058883,"
<think>Given the firm's high market capitalization relative to book equity and positive profitability, combined with low beta suggesting lower systematic risk, the stock appears fundamentally strong. The fund's current holding is modest relative to its AUM and the stock's S&P 500 weight, indicating room for potential increase. Considering the low stock volatility and the fund's active growth orientation, a slight positive adjustment in holding might be expected to align with the stock's favorable fundamentals and market importance.</think>
<answer>
{""holding_log_delta"": -0.03}
</answer>","Given the firm's high market capitalization relative to book equity and positive profitability, combined with low beta suggesting lower systematic risk, the stock appears fundamentally strong. The fund's current holding is modest relative to its AUM and the stock's S&P 500 weight, indicating room for potential increase. Considering the low stock volatility and the fund's active growth orientation, a slight positive adjustment in holding might be expected to align with the stock's favorable fundamentals and market importance.","{""holding_log_delta"": -0.03}"
37,population,3,0.3168315561419266,0.29702958388305617,0.38613786987640436,,,151,NA,2016-10-01 00:00:00,21207,2611.984908,-0.02774311019579393,-0.04,0.01225688980420607,-0.01225688980420607,True,1,type_mean,0.0083004769074155,0.0070097321687576,0.0811969348655934,0.03216904798058883,"
<think>Given the firm's high market capitalization relative to book equity and positive profitability, alongside a low beta suggesting lower systematic risk, the stock appears fundamentally strong. The fund's current holding is modest relative to its AUM and the stock's S&P 500 weight, indicating room for potential increase. Considering the low volatility and negative asset growth, a slight increase in holding might be expected to align with the stock's defensive profile and growth signals.</think>
<answer>
{""holding_log_delta"": -0.04}
</answer>","Given the firm's high market capitalization relative to book equity and positive profitability, alongside a low beta suggesting lower systematic risk, the stock appears fundamentally strong. The fund's current holding is modest relative to its AUM and the stock's S&P 500 weight, indicating room for potential increase. Considering the low volatility and negative asset growth, a slight increase in holding might be expected to align with the stock's defensive profile and growth signals.","{""holding_log_delta"": -0.04}"
37,population,4,0.32999967000033004,0.32999967000033004,0.33999966000034004,,,151,NA,2016-10-01 00:00:00,21207,2611.984908,-0.02774311019579393,-0.04,0.01225688980420607,-0.01225688980420607,True,1,type_mean,0.0083004769074155,0.0070097321687576,0.0811969348655934,0.03216904798058883,"
<think>Given the firm's high profitability (profit=0.1313) and low beta (0.1459), it appears stable and defensive, which could support a modest increase in holding. The fund's current position is relatively small compared to its AUM, allowing for potential expansion without significant concentration risk. The stock's low volatility (0.2308) and positive SPX weight suggest stable market importance, supporting a neutral to slight positive adjustment.</think>
<answer>
{""holding_log_delta"": -0.04}
</answer>","Given the firm's high profitability (profit=0.1313) and low beta (0.1459), it appears stable and defensive, which could support a modest increase in holding. The fund's current position is relatively small compared to its AUM, allowing for potential expansion without significant concentration risk. The stock's low volatility (0.2308) and positive SPX weight suggest stable market importance, supporting a neutral to slight positive adjustment.","{""holding_log_delta"": -0.04}"
37,population,5,0.327864503068326,0.3080475456119149,0.3640869513197654,,,151,NA,2016-10-01 00:00:00,21207,2611.984908,-0.02774311019579393,-0.04,0.01225688980420607,-0.01225688980420607,True,1,type_mean,0.0083004769074155,0.0070097321687576,0.0811969348655934,0.03216904798058883,"
<think>Given the firm's high market capitalization relative to book equity and positive profitability, alongside a low beta suggesting lower systematic risk, the stock appears fundamentally strong. The fund's current holding is modest relative to its AUM and the stock's S&P 500 weight, indicating room for potential increase. Considering the low volatility and negative asset growth, a slight positive adjustment might be expected to align with the stock's market importance and the fund's growth orientation.</think>
<answer>
{""holding_log_delta"": -0.04}
</answer>","Given the firm's high market capitalization relative to book equity and positive profitability, alongside a low beta suggesting lower systematic risk, the stock appears fundamentally strong. The fund's current holding is modest relative to its AUM and the stock's S&P 500 weight, indicating room for potential increase. Considering the low volatility and negative asset growth, a slight positive adjustment might be expected to align with the stock's market importance and the fund's growth orientation.","{""holding_log_delta"": -0.04}"
37,population,6,0.3178645031293401,0.29804754567292896,0.384086951197737,,,151,NA,2016-10-01 00:00:00,21207,2611.984908,-0.02774311019579393,-0.03,0.002256889804206068,-0.002256889804206068,True,1,type_mean,0.0083004769074155,0.0070097321687576,0.0811969348655934,0.03216904798058883,"
<think>Given the firm's high market capitalization relative to book equity and positive profitability, alongside a low beta suggesting lower systematic risk, the stock appears fundamentally strong. The fund's current holding is modest relative to its AUM and the stock's S&P 500 weight, indicating room for potential increase. Considering the low volatility and negative asset growth, a slight positive adjustment might be expected to align with the stock's market importance and the fund's growth orientation.</think>
<answer>
{""holding_log_delta"": -0.03}
</answer>","Given the firm's high market capitalization relative to book equity and positive profitability, alongside a low beta suggesting lower systematic risk, the stock appears fundamentally strong. The fund's current holding is modest relative to its AUM and the stock's S&P 500 weight, indicating room for potential increase. Considering the low volatility and negative asset growth, a slight positive adjustment might be expected to align with the stock's market importance and the fund's growth orientation.","{""holding_log_delta"": -0.03}"
37,population,7,0.2978645032513684,0.33804754542887244,0.3640869513197653,,,151,NA,2016-10-01 00:00:00,21207,2611.984908,-0.02774311019579393,-0.02,0.007743110195793931,-0.007743110195793931,True,1,type_mean,0.0083004769074155,0.0070097321687576,0.0811969348655934,0.03216904798058883,"
<think>Given the firm's high market capitalization relative to book equity and positive profitability, alongside a low beta suggesting lower systematic risk, the stock appears fundamentally sound. The fund's current holding is modest relative to its AUM and the stock's S&P 500 weight, indicating room for potential increase. Considering the low volatility and negative asset growth, a slight positive adjustment might be expected to align with the benchmark weight, but the magnitude would likely be small due to the stock's already significant market presence.</think>
<answer>
{""holding_log_delta"": -0.02}
</answer>","Given the firm's high market capitalization relative to book equity and positive profitability, alongside a low beta suggesting lower systematic risk, the stock appears fundamentally sound. The fund's current holding is modest relative to its AUM and the stock's S&P 500 weight, indicating room for potential increase. Considering the low volatility and negative asset growth, a slight positive adjustment might be expected to align with the benchmark weight, but the magnitude would likely be small due to the stock's already significant market presence.","{""holding_log_delta"": -0.02}"
37,population,8,0.327864503068326,0.31804754555090076,0.3540869513807795,,,151,NA,2016-10-01 00:00:00,21207,2611.984908,-0.02774311019579393,-0.03,0.002256889804206068,-0.002256889804206068,True,1,type_mean,0.0083004769074155,0.0070097321687576,0.0811969348655934,0.03216904798058883,"
<think>Given the firm's high market capitalization relative to book equity and positive profitability, alongside a low beta suggesting lower systematic risk, the stock appears fundamentally strong. The fund's current holding is modest relative to its AUM and the stock's S&P 500 weight, indicating room for potential increase. Considering the low volatility and negative asset growth, a slight increase in holding might be expected to align with the stock's defensive profile and growth signals.</think>
<answer>
{""holding_log_delta"": -0.03}
</answer>","Given the firm's high market capitalization relative to book equity and positive profitability, alongside a low beta suggesting lower systematic risk, the stock appears fundamentally strong. The fund's current holding is modest relative to its AUM and the stock's S&P 500 weight, indicating room for potential increase. Considering the low volatility and negative asset growth, a slight increase in holding might be expected to align with the stock's defensive profile and growth signals.","{""holding_log_delta"": -0.03}"
37,population,9,0.2999997000003,0.30999969000031,0.38999961000039,,,151,NA,2016-10-01 00:00:00,21207,2611.984908,-0.02774311019579393,-0.04,0.01225688980420607,-0.01225688980420607,True,1,type_mean,0.0083004769074155,0.0070097321687576,0.0811969348655934,0.03216904798058883,"
<think>Given NEM's current fundamentals, the firm shows a moderate profitability margin and negative asset growth, which could signal caution or restructuring. The fund's current holding is relatively small compared to its AUM, and the stock's low S&P 500 weight suggests limited benchmark-driven pressure. Considering the low beta and negative asset growth, a modest reduction in holding might be expected to align with the fund's active management style and manage risk exposure.</think>
<answer>
{""holding_log_delta"": -0.04}
</answer>","Given NEM's current fundamentals, the firm shows a moderate profitability margin and negative asset growth, which could signal caution or restructuring. The fund's current holding is relatively small compared to its AUM, and the stock's low S&P 500 weight suggests limited benchmark-driven pressure. Considering the low beta and negative asset growth, a modest reduction in holding might be expected to align with the fund's active management style and manage risk exposure.","{""holding_log_delta"": -0.04}"
37,population,10,0.31999968000032003,0.33999966000034004,0.33999966000034004,,,151,NA,2016-10-01 00:00:00,21207,2611.984908,-0.02774311019579393,-0.04,0.01225688980420607,-0.01225688980420607,True,1,type_mean,0.0083004769074155,0.0070097321687576,0.0811969348655934,0.03216904798058883,"
<think>Given the firm's high profitability (profit=0.1313) and low beta (0.1459), it appears stable and defensive, which could support a modest increase in holding. The fund's current position is relatively small compared to its AUM, allowing for potential expansion without significant concentration risk. The stock's low volatility (0.2308) and positive SPX weight suggest stable market importance, supporting a neutral to slight positive adjustment.</think>
<answer>
{""holding_log_delta"": -0.04}
</answer>","Given the firm's high profitability (profit=0.1313) and low beta (0.1459), it appears stable and defensive, which could support a modest increase in holding. The fund's current position is relatively small compared to its AUM, allowing for potential expansion without significant concentration risk. The stock's low volatility (0.2308) and positive SPX weight suggest stable market importance, supporting a neutral to slight positive adjustment.","{""holding_log_delta"": -0.04}"
37,population,11,0.33999966000034004,0.30999969000031,0.34999965000035,,,151,NA,2016-10-01 00:00:00,21207,2611.984908,-0.02774311019579393,-0.04,0.01225688980420607,-0.01225688980420607,True,1,type_mean,0.0083004769074155,0.0070097321687576,0.0811969348655934,0.03216904798058883,"
<think>Given the firm's high profitability (profit=0.1313) and low beta (0.1459), it appears stable and defensive, which could support a modest increase in holding. The fund's current position is relatively small compared to its AUM, allowing for potential expansion without significant concentration risk. The stock's low volatility (0.2308) and positive SPX weight suggest stable market importance, supporting a neutral to slight positive adjustment.</think>
<answer>
{""holding_log_delta"": -0.04}
</answer>","Given the firm's high profitability (profit=0.1313) and low beta (0.1459), it appears stable and defensive, which could support a modest increase in holding. The fund's current position is relatively small compared to its AUM, allowing for potential expansion without significant concentration risk. The stock's low volatility (0.2308) and positive SPX weight suggest stable market importance, supporting a neutral to slight positive adjustment.","{""holding_log_delta"": -0.04}"
