generation,stage,candidate_idx,risk_aversion,herd_behavior,profit_driven,ticker,company,id,quarter,date,permno,holding_t,y_true,pred,abs_error,reward,valid,best_k,profile_strength_mode,x_risk_mean,x_herd_mean,x_profit_mean,overall_mean,raw_output,reason,answer_body
13,population,0,0.28999971000029,0.26999973000027006,0.43999956000044005,,,76,NA,2017-10-01 00:00:00,27959,7319.687775,-0.13149730658392306,-0.03,0.10149730658392306,-0.10149730658392306,True,1,type_mean,0.0083004769074155,0.0070097321687576,0.0811969348655934,0.03216904798058883,"
<think>Given the firm's strong profitability (profit=0.132) and positive asset growth (Gat=0.0959), alongside its low beta (0.151552) indicating lower systematic risk, the stock appears fundamentally sound. The fund's current holding is modest relative to AUM, and the stock's low S&P 500 weight suggests it is not a major benchmark component, potentially allowing for a meaningful increase without significant benchmark pressure. Considering the positive fundamentals and the fund's capacity to adjust holdings, a moderate increase in the normalized log holding is expected.</think>
<answer>
{""holding_log_delta"": -0.03}
</answer>","Given the firm's strong profitability (profit=0.132) and positive asset growth (Gat=0.0959), alongside its low beta (0.151552) indicating lower systematic risk, the stock appears fundamentally sound. The fund's current holding is modest relative to AUM, and the stock's low S&P 500 weight suggests it is not a major benchmark component, potentially allowing for a meaningful increase without significant benchmark pressure. Considering the positive fundamentals and the fund's capacity to adjust holdings, a moderate increase in the normalized log holding is expected.","{""holding_log_delta"": -0.03}"
13,population,1,0.31999968000032003,0.24999975000025002,0.42999957000043004,,,76,NA,2017-10-01 00:00:00,27959,7319.687775,-0.13149730658392306,-0.01,0.12149730658392306,-0.12149730658392306,True,1,type_mean,0.0083004769074155,0.0070097321687576,0.0811969348655934,0.03216904798058883,"
<think>Given the firm's strong profitability (profit=0.132) and positive asset growth (Gat=0.0959), alongside its low beta (0.151552) indicating lower systematic risk, the stock appears fundamentally sound. The fund's current holding is modest relative to AUM, and the stock's low S&P 500 weight suggests it is not a major benchmark component. With positive fundamentals and low risk, combined with the fund's capacity to increase exposure given its large AUM, a slight increase in the normalized log holding is expected.</think>
<answer>
{""holding_log_delta"": -0.01}
</answer>","Given the firm's strong profitability (profit=0.132) and positive asset growth (Gat=0.0959), alongside its low beta (0.151552) indicating lower systematic risk, the stock appears fundamentally sound. The fund's current holding is modest relative to AUM, and the stock's low S&P 500 weight suggests it is not a major benchmark component. With positive fundamentals and low risk, combined with the fund's capacity to increase exposure given its large AUM, a slight increase in the normalized log holding is expected.","{""holding_log_delta"": -0.01}"
13,population,2,0.30999969000031,0.24999975000025002,0.43999956000044005,,,76,NA,2017-10-01 00:00:00,27959,7319.687775,-0.13149730658392306,-0.01,0.12149730658392306,-0.12149730658392306,True,1,type_mean,0.0083004769074155,0.0070097321687576,0.0811969348655934,0.03216904798058883,"
<think>Given the firm's strong profitability (profit=0.132) and positive asset growth (Gat=0.0959), alongside its low beta (0.151552) indicating lower systematic risk, the stock appears fundamentally sound. The fund's current holding is modest relative to AUM, and the stock's low S&P 500 weight suggests it is not a major benchmark component. With positive fundamentals and low risk, combined with the fund's capacity to increase exposure given its substantial AUM, a slight increase in the normalized log holding is expected.</think>
<answer>
{""holding_log_delta"": -0.01}
</answer>","Given the firm's strong profitability (profit=0.132) and positive asset growth (Gat=0.0959), alongside its low beta (0.151552) indicating lower systematic risk, the stock appears fundamentally sound. The fund's current holding is modest relative to AUM, and the stock's low S&P 500 weight suggests it is not a major benchmark component. With positive fundamentals and low risk, combined with the fund's capacity to increase exposure given its substantial AUM, a slight increase in the normalized log holding is expected.","{""holding_log_delta"": -0.01}"
13,population,3,0.294999705000295,0.244999755000245,0.45999954000046006,,,76,NA,2017-10-01 00:00:00,27959,7319.687775,-0.13149730658392306,-0.01,0.12149730658392306,-0.12149730658392306,True,1,type_mean,0.0083004769074155,0.0070097321687576,0.0811969348655934,0.03216904798058883,"
<think>Given the firm's strong profitability (profit=0.132) and positive asset growth (Gat=0.096), alongside its low beta (0.152) indicating lower systematic risk, the stock appears fundamentally sound. The fund's current holding is modest relative to AUM, and the stock's low S&P 500 weight suggests it is not a major benchmark component. With positive fundamentals and low risk, combined with the fund's capacity to increase exposure given its large AUM, a slight increase in the normalized log holding is expected.</think>
<answer>
{""holding_log_delta"": -0.01}
</answer>","Given the firm's strong profitability (profit=0.132) and positive asset growth (Gat=0.096), alongside its low beta (0.152) indicating lower systematic risk, the stock appears fundamentally sound. The fund's current holding is modest relative to AUM, and the stock's low S&P 500 weight suggests it is not a major benchmark component. With positive fundamentals and low risk, combined with the fund's capacity to increase exposure given its large AUM, a slight increase in the normalized log holding is expected.","{""holding_log_delta"": -0.01}"
13,population,4,0.28295447293113724,0.2624836746641237,0.45456086230572934,,,76,NA,2017-10-01 00:00:00,27959,7319.687775,-0.13149730658392306,-0.03,0.10149730658392306,-0.10149730658392306,True,1,type_mean,0.0083004769074155,0.0070097321687576,0.0811969348655934,0.03216904798058883,"
<think>Given the firm's strong profitability (profit=0.132) and positive asset growth (Gat=0.0959), alongside its low beta (0.151552) indicating lower systematic risk, the stock appears fundamentally sound. The fund's current holding is modest relative to AUM, and the stock's low S&P 500 weight suggests it is not a major benchmark component, allowing for potential allocation increases without significant benchmark pressure. Considering the positive fundamentals and the fund's capacity to adjust holdings, a slight increase in the normalized log holding is expected.</think>
<answer>
{""holding_log_delta"": -0.03}
</answer>","Given the firm's strong profitability (profit=0.132) and positive asset growth (Gat=0.0959), alongside its low beta (0.151552) indicating lower systematic risk, the stock appears fundamentally sound. The fund's current holding is modest relative to AUM, and the stock's low S&P 500 weight suggests it is not a major benchmark component, allowing for potential allocation increases without significant benchmark pressure. Considering the positive fundamentals and the fund's capacity to adjust holdings, a slight increase in the normalized log holding is expected.","{""holding_log_delta"": -0.03}"
13,population,5,0.25578401766073156,0.23510851141102743,0.5091064709292412,,,76,NA,2017-10-01 00:00:00,27959,7319.687775,-0.13149730658392306,-0.03,0.10149730658392306,-0.10149730658392306,True,1,type_mean,0.0083004769074155,0.0070097321687576,0.0811969348655934,0.03216904798058883,"
<think>Given DUK's strong profitability (profit=0.132) and positive asset growth (Gat=0.0959), alongside its low beta (0.151552) indicating lower systematic risk, the fund might increase its holding to capture growth opportunities while managing risk exposure. The current holding is substantial relative to the stock's S&P 500 weight, suggesting potential for a modest increase to align with the firm's solid fundamentals and the fund's active growth orientation.</think>
<answer>
{""holding_log_delta"": -0.03}
</answer>","Given DUK's strong profitability (profit=0.132) and positive asset growth (Gat=0.0959), alongside its low beta (0.151552) indicating lower systematic risk, the fund might increase its holding to capture growth opportunities while managing risk exposure. The current holding is substantial relative to the stock's S&P 500 weight, suggesting potential for a modest increase to align with the firm's solid fundamentals and the fund's active growth orientation.","{""holding_log_delta"": -0.03}"
13,population,6,0.25578401766073156,0.23510851141102743,0.5091064709292412,,,76,NA,2017-10-01 00:00:00,27959,7319.687775,-0.13149730658392306,-0.03,0.10149730658392306,-0.10149730658392306,True,1,type_mean,0.0083004769074155,0.0070097321687576,0.0811969348655934,0.03216904798058883,"
<think>Given DUK's strong profitability (profit=0.132) and positive asset growth (Gat=0.0959), alongside its low beta (0.151552) indicating lower systematic risk, the fund might increase its holding to capture growth opportunities while managing risk exposure. The current holding is substantial relative to the stock's S&P 500 weight, suggesting potential for a modest increase to align with the firm's solid fundamentals and the fund's active growth orientation.</think>
<answer>
{""holding_log_delta"": -0.03}
</answer>","Given DUK's strong profitability (profit=0.132) and positive asset growth (Gat=0.0959), alongside its low beta (0.151552) indicating lower systematic risk, the fund might increase its holding to capture growth opportunities while managing risk exposure. The current holding is substantial relative to the stock's S&P 500 weight, suggesting potential for a modest increase to align with the firm's solid fundamentals and the fund's active growth orientation.","{""holding_log_delta"": -0.03}"
13,population,7,0.25578401766073156,0.23510851141102743,0.5091064709292412,,,76,NA,2017-10-01 00:00:00,27959,7319.687775,-0.13149730658392306,-0.03,0.10149730658392306,-0.10149730658392306,True,1,type_mean,0.0083004769074155,0.0070097321687576,0.0811969348655934,0.03216904798058883,"
<think>Given DUK's strong profitability (profit=0.132) and positive asset growth (Gat=0.0959), alongside its low beta (0.151552) indicating lower systematic risk, the fund might increase its holding to capture growth opportunities while managing risk exposure. The current holding is substantial relative to the stock's S&P 500 weight, suggesting potential for a modest increase to align with the firm's solid fundamentals and the fund's active growth orientation.</think>
<answer>
{""holding_log_delta"": -0.03}
</answer>","Given DUK's strong profitability (profit=0.132) and positive asset growth (Gat=0.0959), alongside its low beta (0.151552) indicating lower systematic risk, the fund might increase its holding to capture growth opportunities while managing risk exposure. The current holding is substantial relative to the stock's S&P 500 weight, suggesting potential for a modest increase to align with the firm's solid fundamentals and the fund's active growth orientation.","{""holding_log_delta"": -0.03}"
13,population,8,0.25578401766073156,0.23510851141102743,0.5091064709292412,,,76,NA,2017-10-01 00:00:00,27959,7319.687775,-0.13149730658392306,-0.03,0.10149730658392306,-0.10149730658392306,True,1,type_mean,0.0083004769074155,0.0070097321687576,0.0811969348655934,0.03216904798058883,"
<think>Given DUK's strong profitability (profit=0.132) and positive asset growth (Gat=0.0959), alongside its low beta (0.151552) indicating lower systematic risk, the fund might increase its holding to capture growth opportunities while managing risk exposure. The current holding is substantial relative to the stock's S&P 500 weight, suggesting potential for a modest increase to align with the firm's solid fundamentals and the fund's active growth orientation.</think>
<answer>
{""holding_log_delta"": -0.03}
</answer>","Given DUK's strong profitability (profit=0.132) and positive asset growth (Gat=0.0959), alongside its low beta (0.151552) indicating lower systematic risk, the fund might increase its holding to capture growth opportunities while managing risk exposure. The current holding is substantial relative to the stock's S&P 500 weight, suggesting potential for a modest increase to align with the firm's solid fundamentals and the fund's active growth orientation.","{""holding_log_delta"": -0.03}"
13,population,9,0.25578401766073156,0.23510851141102743,0.5091064709292412,,,76,NA,2017-10-01 00:00:00,27959,7319.687775,-0.13149730658392306,-0.03,0.10149730658392306,-0.10149730658392306,True,1,type_mean,0.0083004769074155,0.0070097321687576,0.0811969348655934,0.03216904798058883,"
<think>Given DUK's strong profitability (profit=0.132) and positive asset growth (Gat=0.0959), alongside its low beta (0.151552) indicating lower systematic risk, the fund might increase its holding to capture growth opportunities while managing risk exposure. The current holding is substantial relative to the stock's S&P 500 weight, suggesting potential for a modest increase to align with the firm's solid fundamentals and the fund's active growth orientation.</think>
<answer>
{""holding_log_delta"": -0.03}
</answer>","Given DUK's strong profitability (profit=0.132) and positive asset growth (Gat=0.0959), alongside its low beta (0.151552) indicating lower systematic risk, the fund might increase its holding to capture growth opportunities while managing risk exposure. The current holding is substantial relative to the stock's S&P 500 weight, suggesting potential for a modest increase to align with the firm's solid fundamentals and the fund's active growth orientation.","{""holding_log_delta"": -0.03}"
13,population,10,0.25578401766073156,0.23510851141102743,0.5091064709292412,,,76,NA,2017-10-01 00:00:00,27959,7319.687775,-0.13149730658392306,-0.03,0.10149730658392306,-0.10149730658392306,True,1,type_mean,0.0083004769074155,0.0070097321687576,0.0811969348655934,0.03216904798058883,"
<think>Given DUK's strong profitability (profit=0.132) and positive asset growth (Gat=0.0959), alongside its low beta (0.151552) indicating lower systematic risk, the fund might increase its holding to capture growth opportunities while managing risk exposure. The current holding is substantial relative to the stock's S&P 500 weight, suggesting potential for a modest increase to align with the firm's solid fundamentals and the fund's active growth orientation.</think>
<answer>
{""holding_log_delta"": -0.03}
</answer>","Given DUK's strong profitability (profit=0.132) and positive asset growth (Gat=0.0959), alongside its low beta (0.151552) indicating lower systematic risk, the fund might increase its holding to capture growth opportunities while managing risk exposure. The current holding is substantial relative to the stock's S&P 500 weight, suggesting potential for a modest increase to align with the firm's solid fundamentals and the fund's active growth orientation.","{""holding_log_delta"": -0.03}"
13,population,11,0.25578401766073156,0.23510851141102743,0.5091064709292412,,,76,NA,2017-10-01 00:00:00,27959,7319.687775,-0.13149730658392306,-0.03,0.10149730658392306,-0.10149730658392306,True,1,type_mean,0.0083004769074155,0.0070097321687576,0.0811969348655934,0.03216904798058883,"
<think>Given DUK's strong profitability (profit=0.132) and positive asset growth (Gat=0.0959), alongside its low beta (0.151552) indicating lower systematic risk, the fund might increase its holding to capture growth opportunities while managing risk exposure. The current holding is substantial relative to the stock's S&P 500 weight, suggesting potential for a modest increase to align with the firm's solid fundamentals and the fund's active growth orientation.</think>
<answer>
{""holding_log_delta"": -0.03}
</answer>","Given DUK's strong profitability (profit=0.132) and positive asset growth (Gat=0.0959), alongside its low beta (0.151552) indicating lower systematic risk, the fund might increase its holding to capture growth opportunities while managing risk exposure. The current holding is substantial relative to the stock's S&P 500 weight, suggesting potential for a modest increase to align with the firm's solid fundamentals and the fund's active growth orientation.","{""holding_log_delta"": -0.03}"
