generation,stage,candidate_idx,risk_aversion,herd_behavior,profit_driven,ticker,company,id,quarter,date,permno,holding_t,y_true,pred,abs_error,reward,valid,best_k,profile_strength_mode,x_risk_mean,x_herd_mean,x_profit_mean,overall_mean,raw_output,reason,answer_body
23,population,0,0.37714863971172535,0.5685046283838259,0.054345731510178935,CMG,CHIPOTLE MEXICAN GRILL INC,467,NA,2019-01-01 00:00:00,91068,290.808016,0.1258820853658704,-0.03,0.1558820853658704,-0.1558820853658704,True,1,type_mean,0.0105116667264412,0.009015847914168,2.8059538271968374,0.9418271139458155,"
<think>Given the firm's moderate profitability and low beta, combined with the fund's substantial AUM and the stock's very small S&P 500 weight, a modest increase in holding might be expected to align with benchmark tracking while considering the low-risk profile. However, the current holding is already significant relative to the stock's market capitalization and the fund's total outflows, suggesting limited room for large increases due to concentration constraints.</think>
<answer>
{""holding_log_delta"": -0.03}
</answer>","Given the firm's moderate profitability and low beta, combined with the fund's substantial AUM and the stock's very small S&P 500 weight, a modest increase in holding might be expected to align with benchmark tracking while considering the low-risk profile. However, the current holding is already significant relative to the stock's market capitalization and the fund's total outflows, suggesting limited room for large increases due to concentration constraints.","{""holding_log_delta"": -0.03}"
23,population,1,0.37714863971172535,0.5685046283838259,0.054345731510178935,CMG,CHIPOTLE MEXICAN GRILL INC,467,NA,2019-01-01 00:00:00,91068,290.808016,0.1258820853658704,-0.03,0.1558820853658704,-0.1558820853658704,True,1,type_mean,0.0105116667264412,0.009015847914168,2.8059538271968374,0.9418271139458155,"
<think>Given the firm's moderate profitability and low beta, combined with the fund's substantial AUM and the stock's very small S&P 500 weight, a modest increase in holding might be expected to align with benchmark tracking while considering the low-risk profile. However, the current holding is already significant relative to the stock's market capitalization and the fund's total outflows, suggesting limited room for large increases due to concentration constraints.</think>
<answer>
{""holding_log_delta"": -0.03}
</answer>","Given the firm's moderate profitability and low beta, combined with the fund's substantial AUM and the stock's very small S&P 500 weight, a modest increase in holding might be expected to align with benchmark tracking while considering the low-risk profile. However, the current holding is already significant relative to the stock's market capitalization and the fund's total outflows, suggesting limited room for large increases due to concentration constraints.","{""holding_log_delta"": -0.03}"
23,population,2,0.38739961260038747,0.5282994717005284,0.08429991570008431,CMG,CHIPOTLE MEXICAN GRILL INC,467,NA,2019-01-01 00:00:00,91068,290.808016,0.1258820853658704,-0.04,0.1658820853658704,-0.1658820853658704,True,1,type_mean,0.0105116667264412,0.009015847914168,2.8059538271968374,0.9418271139458155,"
<think>Given the firm's moderate profitability (profit=0.37) and low beta (0.65) indicating lower systematic risk, combined with the fund's substantial AUM and the stock's very small S&P 500 weight, the expected holding change would likely be modest. The fund's high AUM relative to the stock's volume suggests limited trading impact, and the defensive investor profile typically maintains stable positions rather than large directional bets.</think>
<answer>
{""holding_log_delta"": -0.04}
</answer>","Given the firm's moderate profitability (profit=0.37) and low beta (0.65) indicating lower systematic risk, combined with the fund's substantial AUM and the stock's very small S&P 500 weight, the expected holding change would likely be modest. The fund's high AUM relative to the stock's volume suggests limited trading impact, and the defensive investor profile typically maintains stable positions rather than large directional bets.","{""holding_log_delta"": -0.04}"
23,population,3,0.37739962260037746,0.5382994617005383,0.08429991570008431,CMG,CHIPOTLE MEXICAN GRILL INC,467,NA,2019-01-01 00:00:00,91068,290.808016,0.1258820853658704,-0.04,0.1658820853658704,-0.1658820853658704,True,1,type_mean,0.0105116667264412,0.009015847914168,2.8059538271968374,0.9418271139458155,"
<think>Given the firm's moderate profitability and low beta, combined with the fund's substantial AUM and the stock's very small S&P 500 weight, a modest increase in holding might be expected to align with benchmark tracking while considering the low risk profile. However, the current holding is already significant relative to the stock's market capitalization and the fund's total outflows, suggesting limited room for large increases due to concentration constraints.</think>
<answer>
{""holding_log_delta"": -0.04}
</answer>","Given the firm's moderate profitability and low beta, combined with the fund's substantial AUM and the stock's very small S&P 500 weight, a modest increase in holding might be expected to align with benchmark tracking while considering the low risk profile. However, the current holding is already significant relative to the stock's market capitalization and the fund's total outflows, suggesting limited room for large increases due to concentration constraints.","{""holding_log_delta"": -0.04}"
23,population,4,0.37739964309313706,0.5182995098441254,0.10429984706368328,CMG,CHIPOTLE MEXICAN GRILL INC,467,NA,2019-01-01 00:00:00,91068,290.808016,0.1258820853658704,-0.04,0.1658820853658704,-0.1658820853658704,True,1,type_mean,0.0105116667264412,0.009015847914168,2.8059538271968374,0.9418271139458155,"
<think>Given the firm's moderate profitability and low beta, the stock appears relatively stable but not growth-oriented. The fund's current holding is substantial relative to its AUM and the stock's S&P 500 weight, suggesting a significant existing exposure. With low volatility and a defensive profile, a modest adjustment to align with the benchmark or manage concentration is likely, leading to a small negative normalized log change.</think>
<answer>
{""holding_log_delta"": -0.04}
</answer>","Given the firm's moderate profitability and low beta, the stock appears relatively stable but not growth-oriented. The fund's current holding is substantial relative to its AUM and the stock's S&P 500 weight, suggesting a significant existing exposure. With low volatility and a defensive profile, a modest adjustment to align with the benchmark or manage concentration is likely, leading to a small negative normalized log change.","{""holding_log_delta"": -0.04}"
23,population,5,0.3567131033813703,0.4979955403947782,0.14529035422075215,CMG,CHIPOTLE MEXICAN GRILL INC,467,NA,2019-01-01 00:00:00,91068,290.808016,0.1258820853658704,-0.04,0.1658820853658704,-0.1658820853658704,True,1,type_mean,0.0105116667264412,0.009015847914168,2.8059538271968374,0.9418271139458155,"
<think>Given the firm's moderate profitability (profit=0.37) and low beta (0.65) indicating lower systematic risk, combined with the fund's substantial AUM and the stock's very small S&P 500 weight, the expected holding change would likely be modest. The fund's high AUM relative to the stock's volume suggests limited trading impact, and the low beta implies minimal active risk adjustment, leading to a small normalized log change.</think>
<answer>
{""holding_log_delta"": -0.04}
</answer>","Given the firm's moderate profitability (profit=0.37) and low beta (0.65) indicating lower systematic risk, combined with the fund's substantial AUM and the stock's very small S&P 500 weight, the expected holding change would likely be modest. The fund's high AUM relative to the stock's volume suggests limited trading impact, and the low beta implies minimal active risk adjustment, leading to a small normalized log change.","{""holding_log_delta"": -0.04}"
23,population,6,0.37699962300037704,0.5069994930005071,0.11599988400011602,CMG,CHIPOTLE MEXICAN GRILL INC,467,NA,2019-01-01 00:00:00,91068,290.808016,0.1258820853658704,-0.04,0.1658820853658704,-0.1658820853658704,True,1,type_mean,0.0105116667264412,0.009015847914168,2.8059538271968374,0.9418271139458155,"
<think>Given the firm's moderate profitability and low beta, combined with the fund's substantial AUM and the stock's very small S&P 500 weight, the expected holding change would likely be modest. The low beta suggests lower systematic risk, which may support maintaining or slightly increasing exposure, but the fund's high AUM and the stock's minimal benchmark weight imply limited active allocation impact.</think>
<answer>
{""holding_log_delta"": -0.04}
</answer>","Given the firm's moderate profitability and low beta, combined with the fund's substantial AUM and the stock's very small S&P 500 weight, the expected holding change would likely be modest. The low beta suggests lower systematic risk, which may support maintaining or slightly increasing exposure, but the fund's high AUM and the stock's minimal benchmark weight imply limited active allocation impact.","{""holding_log_delta"": -0.04}"
23,population,7,0.346999653000347,0.516999483000517,0.13599986400013603,CMG,CHIPOTLE MEXICAN GRILL INC,467,NA,2019-01-01 00:00:00,91068,290.808016,0.1258820853658704,-0.04,0.1658820853658704,-0.1658820853658704,True,1,type_mean,0.0105116667264412,0.009015847914168,2.8059538271968374,0.9418271139458155,"
<think>Given the firm's moderate profitability and low beta, combined with the fund's substantial AUM and the stock's very small S&P 500 weight, a modest increase in holding might be expected to align with benchmark tracking, but the low beta and existing position size relative to AUM suggest limited magnitude.</think>
<answer>
{""holding_log_delta"": -0.04}
</answer>","Given the firm's moderate profitability and low beta, combined with the fund's substantial AUM and the stock's very small S&P 500 weight, a modest increase in holding might be expected to align with benchmark tracking, but the low beta and existing position size relative to AUM suggest limited magnitude.","{""holding_log_delta"": -0.04}"
23,population,8,0.38699961300038704,0.49699950300049706,0.11599988400011602,CMG,CHIPOTLE MEXICAN GRILL INC,467,NA,2019-01-01 00:00:00,91068,290.808016,0.1258820853658704,-0.04,0.1658820853658704,-0.1658820853658704,True,1,type_mean,0.0105116667264412,0.009015847914168,2.8059538271968374,0.9418271139458155,"
<think>Given the firm's moderate profitability and low beta, combined with the fund's substantial AUM and the stock's very small S&P 500 weight, the expected holding change would likely be modest. The low beta suggests lower systematic risk, which may support maintaining or slightly increasing exposure, but the fund's high AUM and the stock's negligible benchmark weight imply limited active allocation impact.</think>
<answer>
{""holding_log_delta"": -0.04}
</answer>","Given the firm's moderate profitability and low beta, combined with the fund's substantial AUM and the stock's very small S&P 500 weight, the expected holding change would likely be modest. The low beta suggests lower systematic risk, which may support maintaining or slightly increasing exposure, but the fund's high AUM and the stock's negligible benchmark weight imply limited active allocation impact.","{""holding_log_delta"": -0.04}"
23,population,9,0.37076273758849926,0.523820696108705,0.10541555605010482,CMG,CHIPOTLE MEXICAN GRILL INC,467,NA,2019-01-01 00:00:00,91068,290.808016,0.1258820853658704,-0.04,0.1658820853658704,-0.1658820853658704,True,1,type_mean,0.0105116667264412,0.009015847914168,2.8059538271968374,0.9418271139458155,"
<think>Given the firm's moderate profitability and low beta, the stock appears relatively stable but not growth-oriented. The fund's current holding is substantial relative to its AUM and the stock's S&P 500 weight, suggesting a significant existing exposure. With low volatility and a defensive profile, a modest adjustment to align with the benchmark or manage concentration is likely, leading to a small negative normalized log change.</think>
<answer>
{""holding_log_delta"": -0.04}
</answer>","Given the firm's moderate profitability and low beta, the stock appears relatively stable but not growth-oriented. The fund's current holding is substantial relative to its AUM and the stock's S&P 500 weight, suggesting a significant existing exposure. With low volatility and a defensive profile, a modest adjustment to align with the benchmark or manage concentration is likely, leading to a small negative normalized log change.","{""holding_log_delta"": -0.04}"
23,population,10,0.39699960300039705,0.5279994720005281,0.074999925000075,CMG,CHIPOTLE MEXICAN GRILL INC,467,NA,2019-01-01 00:00:00,91068,290.808016,0.1258820853658704,-0.04,0.1658820853658704,-0.1658820853658704,True,1,type_mean,0.0105116667264412,0.009015847914168,2.8059538271968374,0.9418271139458155,"
<think>Given the firm's moderate profitability (profit=0.37) and low beta (0.65) indicating lower systematic risk, combined with the fund's substantial AUM and the stock's very small S&P 500 weight, the expected holding change would likely be modest. The fund's high AUM relative to the stock's volume suggests limited trading impact, and the defensive investor profile typically maintains stable positions rather than large directional shifts.</think>
<answer>
{""holding_log_delta"": -0.04}
</answer>","Given the firm's moderate profitability (profit=0.37) and low beta (0.65) indicating lower systematic risk, combined with the fund's substantial AUM and the stock's very small S&P 500 weight, the expected holding change would likely be modest. The fund's high AUM relative to the stock's volume suggests limited trading impact, and the defensive investor profile typically maintains stable positions rather than large directional shifts.","{""holding_log_delta"": -0.04}"
23,population,11,0.356999643000357,0.5479994520005481,0.094999905000095,CMG,CHIPOTLE MEXICAN GRILL INC,467,NA,2019-01-01 00:00:00,91068,290.808016,0.1258820853658704,-0.04,0.1658820853658704,-0.1658820853658704,True,1,type_mean,0.0105116667264412,0.009015847914168,2.8059538271968374,0.9418271139458155,"
<think>Given the firm's moderate profitability and low beta, combined with the fund's substantial AUM and the stock's very small S&P 500 weight, a modest increase in holding might be expected to align with benchmark exposure, but the low beta and existing position size relative to AUM suggest limited magnitude.</think>
<answer>
{""holding_log_delta"": -0.04}
</answer>","Given the firm's moderate profitability and low beta, combined with the fund's substantial AUM and the stock's very small S&P 500 weight, a modest increase in holding might be expected to align with benchmark exposure, but the low beta and existing position size relative to AUM suggest limited magnitude.","{""holding_log_delta"": -0.04}"
