generation,stage,candidate_idx,risk_aversion,herd_behavior,profit_driven,ticker,company,id,quarter,date,permno,holding_t,y_true,pred,abs_error,reward,valid,best_k,profile_strength_mode,x_risk_mean,x_herd_mean,x_profit_mean,overall_mean,raw_output,reason,answer_body
8,population,0,0.5933539583892347,0.2505072964736091,0.15613774513715623,ROST,ROSS STORES INC,354,NA,2018-10-01 00:00:00,91556,10356.645099,0.11898119888000565,-0.02,0.13898119888000565,-0.13898119888000565,True,1,type_mean,0.0082565895035254,0.0069532062192367,0.2194993243101532,0.0782363733443051,"
<think>Given the firm's moderate profitability and low beta, the stock appears stable but not highly growth-oriented. The fund's current holding is relatively small compared to its AUM and the stock's S&P 500 weight, suggesting potential for modest adjustment rather than a large directional shift. Considering the low risk profile and the fund's medium activity level, a slight increase or decrease in holding might be expected to align closer to the benchmark weight, but the magnitude would likely be limited by the fund's size and the stock's low volatility.</think>
<answer>
{""holding_log_delta"": -0.02}
</answer>","Given the firm's moderate profitability and low beta, the stock appears stable but not highly growth-oriented. The fund's current holding is relatively small compared to its AUM and the stock's S&P 500 weight, suggesting potential for modest adjustment rather than a large directional shift. Considering the low risk profile and the fund's medium activity level, a slight increase or decrease in holding might be expected to align closer to the benchmark weight, but the magnitude would likely be limited by the fund's size and the stock's low volatility.","{""holding_log_delta"": -0.02}"
8,population,1,0.6029163482885631,0.29095963076612247,0.10612302108404051,ROST,ROSS STORES INC,354,NA,2018-10-01 00:00:00,91556,10356.645099,0.11898119888000565,-0.02,0.13898119888000565,-0.13898119888000565,True,1,type_mean,0.0082565895035254,0.0069532062192367,0.2194993243101532,0.0782363733443051,"
<think>Given the firm's moderate profitability and low beta, the stock appears stable but not highly growth-oriented. The fund's current holding is relatively small compared to its AUM and the stock's S&P 500 weight, suggesting potential for modest adjustment rather than a large directional shift. Considering the low risk profile and the fund's medium activity level, a slight increase or decrease in holding might be expected to align closer to the benchmark weight, but the magnitude would likely be limited by the fund's size and the stock's low volatility.</think>
<answer>
{""holding_log_delta"": -0.02}
</answer>","Given the firm's moderate profitability and low beta, the stock appears stable but not highly growth-oriented. The fund's current holding is relatively small compared to its AUM and the stock's S&P 500 weight, suggesting potential for modest adjustment rather than a large directional shift. Considering the low risk profile and the fund's medium activity level, a slight increase or decrease in holding might be expected to align closer to the benchmark weight, but the magnitude would likely be limited by the fund's size and the stock's low volatility.","{""holding_log_delta"": -0.02}"
8,population,2,0.6133539583898281,0.2705072964738596,0.11613774513731237,ROST,ROSS STORES INC,354,NA,2018-10-01 00:00:00,91556,10356.645099,0.11898119888000565,-0.02,0.13898119888000565,-0.13898119888000565,True,1,type_mean,0.0082565895035254,0.0069532062192367,0.2194993243101532,0.0782363733443051,"
<think>Given the firm's moderate profitability and low beta, the stock appears stable but not highly growth-oriented. The fund's current holding is relatively small compared to its AUM and the stock's S&P 500 weight, suggesting potential for modest adjustment rather than a large directional shift. Considering the low risk profile and the fund's existing exposure scale, a slight increase or decrease in holding might be expected to align closer to the benchmark weight, but the magnitude would likely be limited by the fund's constraints.</think>
<answer>
{""holding_log_delta"": -0.02}
</answer>","Given the firm's moderate profitability and low beta, the stock appears stable but not highly growth-oriented. The fund's current holding is relatively small compared to its AUM and the stock's S&P 500 weight, suggesting potential for modest adjustment rather than a large directional shift. Considering the low risk profile and the fund's existing exposure scale, a slight increase or decrease in holding might be expected to align closer to the benchmark weight, but the magnitude would likely be limited by the fund's constraints.","{""holding_log_delta"": -0.02}"
8,population,3,0.6133539583898281,0.2705072964738596,0.11613774513731237,ROST,ROSS STORES INC,354,NA,2018-10-01 00:00:00,91556,10356.645099,0.11898119888000565,-0.02,0.13898119888000565,-0.13898119888000565,True,1,type_mean,0.0082565895035254,0.0069532062192367,0.2194993243101532,0.0782363733443051,"
<think>Given the firm's moderate profitability and low beta, the stock appears stable but not highly growth-oriented. The fund's current holding is relatively small compared to its AUM and the stock's S&P 500 weight, suggesting potential for modest adjustment rather than a large directional shift. Considering the low risk profile and the fund's existing exposure scale, a slight increase or decrease in holding might be expected to align closer to the benchmark weight, but the magnitude would likely be limited by the fund's constraints.</think>
<answer>
{""holding_log_delta"": -0.02}
</answer>","Given the firm's moderate profitability and low beta, the stock appears stable but not highly growth-oriented. The fund's current holding is relatively small compared to its AUM and the stock's S&P 500 weight, suggesting potential for modest adjustment rather than a large directional shift. Considering the low risk profile and the fund's existing exposure scale, a slight increase or decrease in holding might be expected to align closer to the benchmark weight, but the magnitude would likely be limited by the fund's constraints.","{""holding_log_delta"": -0.02}"
8,population,4,0.6133539583898281,0.2705072964738596,0.11613774513731237,ROST,ROSS STORES INC,354,NA,2018-10-01 00:00:00,91556,10356.645099,0.11898119888000565,-0.02,0.13898119888000565,-0.13898119888000565,True,1,type_mean,0.0082565895035254,0.0069532062192367,0.2194993243101532,0.0782363733443051,"
<think>Given the firm's moderate profitability and low beta, the stock appears stable but not highly growth-oriented. The fund's current holding is relatively small compared to its AUM and the stock's S&P 500 weight, suggesting potential for modest adjustment rather than a large directional shift. Considering the low risk profile and the fund's existing exposure scale, a slight increase or decrease in holding might be expected to align closer to the benchmark weight, but the magnitude would likely be limited by the fund's constraints.</think>
<answer>
{""holding_log_delta"": -0.02}
</answer>","Given the firm's moderate profitability and low beta, the stock appears stable but not highly growth-oriented. The fund's current holding is relatively small compared to its AUM and the stock's S&P 500 weight, suggesting potential for modest adjustment rather than a large directional shift. Considering the low risk profile and the fund's existing exposure scale, a slight increase or decrease in holding might be expected to align closer to the benchmark weight, but the magnitude would likely be limited by the fund's constraints.","{""holding_log_delta"": -0.02}"
8,population,5,0.6133539583898281,0.2705072964738596,0.11613774513731237,ROST,ROSS STORES INC,354,NA,2018-10-01 00:00:00,91556,10356.645099,0.11898119888000565,-0.02,0.13898119888000565,-0.13898119888000565,True,1,type_mean,0.0082565895035254,0.0069532062192367,0.2194993243101532,0.0782363733443051,"
<think>Given the firm's moderate profitability and low beta, the stock appears stable but not highly growth-oriented. The fund's current holding is relatively small compared to its AUM and the stock's S&P 500 weight, suggesting potential for modest adjustment rather than a large directional shift. Considering the low risk profile and the fund's existing exposure scale, a slight increase or decrease in holding might be expected to align closer to the benchmark weight, but the magnitude would likely be limited by the fund's constraints.</think>
<answer>
{""holding_log_delta"": -0.02}
</answer>","Given the firm's moderate profitability and low beta, the stock appears stable but not highly growth-oriented. The fund's current holding is relatively small compared to its AUM and the stock's S&P 500 weight, suggesting potential for modest adjustment rather than a large directional shift. Considering the low risk profile and the fund's existing exposure scale, a slight increase or decrease in holding might be expected to align closer to the benchmark weight, but the magnitude would likely be limited by the fund's constraints.","{""holding_log_delta"": -0.02}"
8,population,6,0.6133539583898281,0.2705072964738596,0.11613774513731237,ROST,ROSS STORES INC,354,NA,2018-10-01 00:00:00,91556,10356.645099,0.11898119888000565,-0.02,0.13898119888000565,-0.13898119888000565,True,1,type_mean,0.0082565895035254,0.0069532062192367,0.2194993243101532,0.0782363733443051,"
<think>Given the firm's moderate profitability and low beta, the stock appears stable but not highly growth-oriented. The fund's current holding is relatively small compared to its AUM and the stock's S&P 500 weight, suggesting potential for modest adjustment rather than a large directional shift. Considering the low risk profile and the fund's existing exposure scale, a slight increase or decrease in holding might be expected to align closer to the benchmark weight, but the magnitude would likely be limited by the fund's constraints.</think>
<answer>
{""holding_log_delta"": -0.02}
</answer>","Given the firm's moderate profitability and low beta, the stock appears stable but not highly growth-oriented. The fund's current holding is relatively small compared to its AUM and the stock's S&P 500 weight, suggesting potential for modest adjustment rather than a large directional shift. Considering the low risk profile and the fund's existing exposure scale, a slight increase or decrease in holding might be expected to align closer to the benchmark weight, but the magnitude would likely be limited by the fund's constraints.","{""holding_log_delta"": -0.02}"
8,population,7,0.6133539583898281,0.2705072964738596,0.11613774513731237,ROST,ROSS STORES INC,354,NA,2018-10-01 00:00:00,91556,10356.645099,0.11898119888000565,-0.02,0.13898119888000565,-0.13898119888000565,True,1,type_mean,0.0082565895035254,0.0069532062192367,0.2194993243101532,0.0782363733443051,"
<think>Given the firm's moderate profitability and low beta, the stock appears stable but not highly growth-oriented. The fund's current holding is relatively small compared to its AUM and the stock's S&P 500 weight, suggesting potential for modest adjustment rather than a large directional shift. Considering the low risk profile and the fund's existing exposure scale, a slight increase or decrease in holding might be expected to align closer to the benchmark weight, but the magnitude would likely be limited by the fund's constraints.</think>
<answer>
{""holding_log_delta"": -0.02}
</answer>","Given the firm's moderate profitability and low beta, the stock appears stable but not highly growth-oriented. The fund's current holding is relatively small compared to its AUM and the stock's S&P 500 weight, suggesting potential for modest adjustment rather than a large directional shift. Considering the low risk profile and the fund's existing exposure scale, a slight increase or decrease in holding might be expected to align closer to the benchmark weight, but the magnitude would likely be limited by the fund's constraints.","{""holding_log_delta"": -0.02}"
8,population,8,0.6133539583898281,0.2705072964738596,0.11613774513731237,ROST,ROSS STORES INC,354,NA,2018-10-01 00:00:00,91556,10356.645099,0.11898119888000565,-0.02,0.13898119888000565,-0.13898119888000565,True,1,type_mean,0.0082565895035254,0.0069532062192367,0.2194993243101532,0.0782363733443051,"
<think>Given the firm's moderate profitability and low beta, the stock appears stable but not highly growth-oriented. The fund's current holding is relatively small compared to its AUM and the stock's S&P 500 weight, suggesting potential for modest adjustment rather than a large directional shift. Considering the low risk profile and the fund's existing exposure scale, a slight increase or decrease in holding might be expected to align closer to the benchmark weight, but the magnitude would likely be limited by the fund's constraints.</think>
<answer>
{""holding_log_delta"": -0.02}
</answer>","Given the firm's moderate profitability and low beta, the stock appears stable but not highly growth-oriented. The fund's current holding is relatively small compared to its AUM and the stock's S&P 500 weight, suggesting potential for modest adjustment rather than a large directional shift. Considering the low risk profile and the fund's existing exposure scale, a slight increase or decrease in holding might be expected to align closer to the benchmark weight, but the magnitude would likely be limited by the fund's constraints.","{""holding_log_delta"": -0.02}"
8,population,9,0.6133539583898281,0.2705072964738596,0.11613774513731237,ROST,ROSS STORES INC,354,NA,2018-10-01 00:00:00,91556,10356.645099,0.11898119888000565,-0.02,0.13898119888000565,-0.13898119888000565,True,1,type_mean,0.0082565895035254,0.0069532062192367,0.2194993243101532,0.0782363733443051,"
<think>Given the firm's moderate profitability and low beta, the stock appears stable but not highly growth-oriented. The fund's current holding is relatively small compared to its AUM and the stock's S&P 500 weight, suggesting potential for modest adjustment rather than a large directional shift. Considering the low risk profile and the fund's existing exposure scale, a slight increase or decrease in holding might be expected to align closer to the benchmark weight, but the magnitude would likely be limited by the fund's constraints.</think>
<answer>
{""holding_log_delta"": -0.02}
</answer>","Given the firm's moderate profitability and low beta, the stock appears stable but not highly growth-oriented. The fund's current holding is relatively small compared to its AUM and the stock's S&P 500 weight, suggesting potential for modest adjustment rather than a large directional shift. Considering the low risk profile and the fund's existing exposure scale, a slight increase or decrease in holding might be expected to align closer to the benchmark weight, but the magnitude would likely be limited by the fund's constraints.","{""holding_log_delta"": -0.02}"
8,population,10,0.6133539583898281,0.2705072964738596,0.11613774513731237,ROST,ROSS STORES INC,354,NA,2018-10-01 00:00:00,91556,10356.645099,0.11898119888000565,-0.02,0.13898119888000565,-0.13898119888000565,True,1,type_mean,0.0082565895035254,0.0069532062192367,0.2194993243101532,0.0782363733443051,"
<think>Given the firm's moderate profitability and low beta, the stock appears stable but not highly growth-oriented. The fund's current holding is relatively small compared to its AUM and the stock's S&P 500 weight, suggesting potential for modest adjustment rather than a large directional shift. Considering the low risk profile and the fund's existing exposure scale, a slight increase or decrease in holding might be expected to align closer to the benchmark weight, but the magnitude would likely be limited by the fund's constraints.</think>
<answer>
{""holding_log_delta"": -0.02}
</answer>","Given the firm's moderate profitability and low beta, the stock appears stable but not highly growth-oriented. The fund's current holding is relatively small compared to its AUM and the stock's S&P 500 weight, suggesting potential for modest adjustment rather than a large directional shift. Considering the low risk profile and the fund's existing exposure scale, a slight increase or decrease in holding might be expected to align closer to the benchmark weight, but the magnitude would likely be limited by the fund's constraints.","{""holding_log_delta"": -0.02}"
8,population,11,0.6133539583898281,0.2705072964738596,0.11613774513731237,ROST,ROSS STORES INC,354,NA,2018-10-01 00:00:00,91556,10356.645099,0.11898119888000565,-0.02,0.13898119888000565,-0.13898119888000565,True,1,type_mean,0.0082565895035254,0.0069532062192367,0.2194993243101532,0.0782363733443051,"
<think>Given the firm's moderate profitability and low beta, the stock appears stable but not highly growth-oriented. The fund's current holding is relatively small compared to its AUM and the stock's S&P 500 weight, suggesting potential for modest adjustment rather than a large directional shift. Considering the low risk profile and the fund's existing exposure scale, a slight increase or decrease in holding might be expected to align closer to the benchmark weight, but the magnitude would likely be limited by the fund's constraints.</think>
<answer>
{""holding_log_delta"": -0.02}
</answer>","Given the firm's moderate profitability and low beta, the stock appears stable but not highly growth-oriented. The fund's current holding is relatively small compared to its AUM and the stock's S&P 500 weight, suggesting potential for modest adjustment rather than a large directional shift. Considering the low risk profile and the fund's existing exposure scale, a slight increase or decrease in holding might be expected to align closer to the benchmark weight, but the magnitude would likely be limited by the fund's constraints.","{""holding_log_delta"": -0.02}"
