generation,stage,candidate_idx,risk_aversion,herd_behavior,profit_driven,ticker,company,id,quarter,date,permno,holding_t,y_true,pred,abs_error,reward,valid,best_k,profile_strength_mode,x_risk_mean,x_herd_mean,x_profit_mean,overall_mean,raw_output,reason,answer_body
43,population,0,0.5533539583892247,0.25050729647358905,0.1961377451371862,BLDR,BUILDERS FIRSTSOURCE INC,185,NA,2016-01-01 00:00:00,90720,714.245825,-0.042536289822060425,-0.05,0.007463710177939578,-0.007463710177939578,True,1,type_mean,0.0082565895035254,0.0069532062192367,0.2194993243101532,0.0782363733443051,"
<think>Given the firm's high beta of 2.26 and substantial market volatility, the stock presents significant risk, which may lead to a reduction in holding to manage portfolio risk exposure. The fund's current holding is relatively small compared to its AUM, allowing for potential adjustment without major liquidity concerns. Considering the low S&P 500 weight and the fund's existing position, a modest decrease in holding might be expected to align with the low benchmark importance while addressing the elevated risk profile.</think>
<answer>
{""holding_log_delta"": -0.05}
</answer>","Given the firm's high beta of 2.26 and substantial market volatility, the stock presents significant risk, which may lead to a reduction in holding to manage portfolio risk exposure. The fund's current holding is relatively small compared to its AUM, allowing for potential adjustment without major liquidity concerns. Considering the low S&P 500 weight and the fund's existing position, a modest decrease in holding might be expected to align with the low benchmark importance while addressing the elevated risk profile.","{""holding_log_delta"": -0.05}"
43,population,1,0.5833539583892248,0.24050729647358912,0.17613774513718625,BLDR,BUILDERS FIRSTSOURCE INC,185,NA,2016-01-01 00:00:00,90720,714.245825,-0.042536289822060425,-0.05,0.007463710177939578,-0.007463710177939578,True,1,type_mean,0.0082565895035254,0.0069532062192367,0.2194993243101532,0.0782363733443051,"
<think>Given the firm's high beta of 2.26 and substantial market volatility, the stock presents significant risk, which may lead to a reduction in holding to manage exposure. The fund's current position is relatively small compared to its AUM, allowing for potential adjustment without major liquidity concerns. Considering the low S&P 500 weight and the fund's existing holding, a modest decrease in the normalized log holding is expected to align with risk management priorities.</think>
<answer>
{""holding_log_delta"": -0.05}
</answer>","Given the firm's high beta of 2.26 and substantial market volatility, the stock presents significant risk, which may lead to a reduction in holding to manage exposure. The fund's current position is relatively small compared to its AUM, allowing for potential adjustment without major liquidity concerns. Considering the low S&P 500 weight and the fund's existing holding, a modest decrease in the normalized log holding is expected to align with risk management priorities.","{""holding_log_delta"": -0.05}"
43,population,2,0.5433539583892247,0.27050729647358907,0.1861377451371862,BLDR,BUILDERS FIRSTSOURCE INC,185,NA,2016-01-01 00:00:00,90720,714.245825,-0.042536289822060425,-0.05,0.007463710177939578,-0.007463710177939578,True,1,type_mean,0.0082565895035254,0.0069532062192367,0.2194993243101532,0.0782363733443051,"
<think>Given the firm's high beta of 2.26 and substantial market volatility, the stock presents significant risk, which may lead to a reduction in holding to manage portfolio risk. The current holding is relatively small compared to AUM, and the stock's very low S&P 500 weight suggests limited benchmark-driven demand, further supporting a modest decrease. Considering the fund's medium activity level and low risk tolerance, a slight negative adjustment is expected, but the magnitude would likely be limited by the existing low position size.</think>
<answer>
{""holding_log_delta"": -0.05}
</answer>","Given the firm's high beta of 2.26 and substantial market volatility, the stock presents significant risk, which may lead to a reduction in holding to manage portfolio risk. The current holding is relatively small compared to AUM, and the stock's very low S&P 500 weight suggests limited benchmark-driven demand, further supporting a modest decrease. Considering the fund's medium activity level and low risk tolerance, a slight negative adjustment is expected, but the magnitude would likely be limited by the existing low position size.","{""holding_log_delta"": -0.05}"
43,population,3,0.5488423822113381,0.22273464290261522,0.22842196478503657,BLDR,BUILDERS FIRSTSOURCE INC,185,NA,2016-01-01 00:00:00,90720,714.245825,-0.042536289822060425,-0.05,0.007463710177939578,-0.007463710177939578,True,1,type_mean,0.0082565895035254,0.0069532062192367,0.2194993243101532,0.0782363733443051,"
<think>Given the firm's high beta of 2.26 and substantial market volatility, the stock presents significant risk, which may lead to a reduction in holding to manage portfolio risk exposure. The fund's current holding is relatively small compared to its AUM, allowing for potential adjustment without major liquidity concerns. Considering the low S&P 500 weight and the fund's existing position, a modest decrease in holding might be expected to align with the low benchmark importance while addressing the elevated risk profile.</think>
<answer>
{""holding_log_delta"": -0.05}
</answer>","Given the firm's high beta of 2.26 and substantial market volatility, the stock presents significant risk, which may lead to a reduction in holding to manage portfolio risk exposure. The fund's current holding is relatively small compared to its AUM, allowing for potential adjustment without major liquidity concerns. Considering the low S&P 500 weight and the fund's existing position, a modest decrease in holding might be expected to align with the low benchmark importance while addressing the elevated risk profile.","{""holding_log_delta"": -0.05}"
43,population,4,0.5333539583892248,0.2605072964735891,0.20613774513718625,BLDR,BUILDERS FIRSTSOURCE INC,185,NA,2016-01-01 00:00:00,90720,714.245825,-0.042536289822060425,-0.05,0.007463710177939578,-0.007463710177939578,True,1,type_mean,0.0082565895035254,0.0069532062192367,0.2194993243101532,0.0782363733443051,"
<think>Given the firm's high beta of 2.26 and substantial market volatility, the stock presents significant risk, which may lead to a reduction in holding to manage exposure. The fund's current position is relatively small compared to its AUM, allowing for potential adjustment without major liquidity concerns. Considering the low S&P 500 weight and the fund's existing holding, a modest decrease in the normalized log holding is expected to align with risk management priorities.</think>
<answer>
{""holding_log_delta"": -0.05}
</answer>","Given the firm's high beta of 2.26 and substantial market volatility, the stock presents significant risk, which may lead to a reduction in holding to manage exposure. The fund's current position is relatively small compared to its AUM, allowing for potential adjustment without major liquidity concerns. Considering the low S&P 500 weight and the fund's existing holding, a modest decrease in the normalized log holding is expected to align with risk management priorities.","{""holding_log_delta"": -0.05}"
43,population,5,0.5733539583892248,0.2505072964735891,0.17613774513718625,BLDR,BUILDERS FIRSTSOURCE INC,185,NA,2016-01-01 00:00:00,90720,714.245825,-0.042536289822060425,-0.05,0.007463710177939578,-0.007463710177939578,True,1,type_mean,0.0082565895035254,0.0069532062192367,0.2194993243101532,0.0782363733443051,"
<think>Given the firm's high beta of 2.26 and substantial market volatility, the stock presents significant risk, which may lead to a reduction in holding to manage portfolio risk. The fund's current position is relatively small compared to its AUM, allowing for potential adjustment without major liquidity concerns. Considering the low S&P 500 weight and the fund's existing exposure, a modest decrease in holding might be expected to align with the low benchmark importance while addressing the elevated risk profile.</think>
<answer>
{""holding_log_delta"": -0.05}
</answer>","Given the firm's high beta of 2.26 and substantial market volatility, the stock presents significant risk, which may lead to a reduction in holding to manage portfolio risk. The fund's current position is relatively small compared to its AUM, allowing for potential adjustment without major liquidity concerns. Considering the low S&P 500 weight and the fund's existing exposure, a modest decrease in holding might be expected to align with the low benchmark importance while addressing the elevated risk profile.","{""holding_log_delta"": -0.05}"
43,population,6,0.5690444024133583,0.20253262270059505,0.2284219647850366,BLDR,BUILDERS FIRSTSOURCE INC,185,NA,2016-01-01 00:00:00,90720,714.245825,-0.042536289822060425,-0.05,0.007463710177939578,-0.007463710177939578,True,1,type_mean,0.0082565895035254,0.0069532062192367,0.2194993243101532,0.0782363733443051,"
<think>Given the firm's high beta of 2.26 and substantial market volatility, the stock presents significant risk, which may lead to a reduction in holding to manage portfolio risk exposure. The fund's current holding is relatively small compared to its AUM, allowing for potential adjustment without major liquidity concerns. Considering the low S&P 500 weight and the fund's existing position, a modest decrease in holding might be expected to align with the low benchmark importance while addressing the elevated risk profile.</think>
<answer>
{""holding_log_delta"": -0.05}
</answer>","Given the firm's high beta of 2.26 and substantial market volatility, the stock presents significant risk, which may lead to a reduction in holding to manage portfolio risk exposure. The fund's current holding is relatively small compared to its AUM, allowing for potential adjustment without major liquidity concerns. Considering the low S&P 500 weight and the fund's existing position, a modest decrease in holding might be expected to align with the low benchmark importance while addressing the elevated risk profile.","{""holding_log_delta"": -0.05}"
43,population,7,0.5833539583892248,0.2405072964735891,0.17613774513718625,BLDR,BUILDERS FIRSTSOURCE INC,185,NA,2016-01-01 00:00:00,90720,714.245825,-0.042536289822060425,-0.05,0.007463710177939578,-0.007463710177939578,True,1,type_mean,0.0082565895035254,0.0069532062192367,0.2194993243101532,0.0782363733443051,"
<think>Given the firm's high beta of 2.26 and substantial market volatility, the stock presents significant risk, which may lead to a reduction in holding to manage exposure. The fund's current position is relatively small compared to its AUM, allowing for potential adjustment without major liquidity concerns. Considering the low S&P 500 weight and the fund's existing holding, a modest decrease in the normalized log holding is expected to align with risk management priorities.</think>
<answer>
{""holding_log_delta"": -0.05}
</answer>","Given the firm's high beta of 2.26 and substantial market volatility, the stock presents significant risk, which may lead to a reduction in holding to manage exposure. The fund's current position is relatively small compared to its AUM, allowing for potential adjustment without major liquidity concerns. Considering the low S&P 500 weight and the fund's existing holding, a modest decrease in the normalized log holding is expected to align with risk management priorities.","{""holding_log_delta"": -0.05}"
43,population,8,0.5333539583892247,0.24050729647358907,0.2261377451371862,BLDR,BUILDERS FIRSTSOURCE INC,185,NA,2016-01-01 00:00:00,90720,714.245825,-0.042536289822060425,-0.05,0.007463710177939578,-0.007463710177939578,True,1,type_mean,0.0082565895035254,0.0069532062192367,0.2194993243101532,0.0782363733443051,"
<think>Given the firm's high beta of 2.26 and substantial market volatility, the stock presents significant risk, which may lead to a reduction in holding to manage portfolio risk. The current holding is relatively small compared to AUM, and the stock's very low S&P 500 weight suggests limited benchmark-driven demand, further supporting a modest decrease. Considering the high beta and the fund's medium turnover constraint, a slight negative adjustment is expected, but likely minimal given the existing low position.</think>
<answer>
{""holding_log_delta"": -0.05}
</answer>","Given the firm's high beta of 2.26 and substantial market volatility, the stock presents significant risk, which may lead to a reduction in holding to manage portfolio risk. The current holding is relatively small compared to AUM, and the stock's very low S&P 500 weight suggests limited benchmark-driven demand, further supporting a modest decrease. Considering the high beta and the fund's medium turnover constraint, a slight negative adjustment is expected, but likely minimal given the existing low position.","{""holding_log_delta"": -0.05}"
43,population,9,0.5333539583892247,0.24050729647358907,0.2261377451371862,BLDR,BUILDERS FIRSTSOURCE INC,185,NA,2016-01-01 00:00:00,90720,714.245825,-0.042536289822060425,-0.05,0.007463710177939578,-0.007463710177939578,True,1,type_mean,0.0082565895035254,0.0069532062192367,0.2194993243101532,0.0782363733443051,"
<think>Given the firm's high beta of 2.26 and substantial market volatility, the stock presents significant risk, which may lead to a reduction in holding to manage portfolio risk. The current holding is relatively small compared to AUM, and the stock's very low S&P 500 weight suggests limited benchmark-driven demand, further supporting a modest decrease. Considering the high beta and the fund's medium turnover constraint, a slight negative adjustment is expected, but likely minimal given the existing low position.</think>
<answer>
{""holding_log_delta"": -0.05}
</answer>","Given the firm's high beta of 2.26 and substantial market volatility, the stock presents significant risk, which may lead to a reduction in holding to manage portfolio risk. The current holding is relatively small compared to AUM, and the stock's very low S&P 500 weight suggests limited benchmark-driven demand, further supporting a modest decrease. Considering the high beta and the fund's medium turnover constraint, a slight negative adjustment is expected, but likely minimal given the existing low position.","{""holding_log_delta"": -0.05}"
43,population,10,0.5633539583892248,0.21050729647358912,0.22613774513718626,BLDR,BUILDERS FIRSTSOURCE INC,185,NA,2016-01-01 00:00:00,90720,714.245825,-0.042536289822060425,-0.05,0.007463710177939578,-0.007463710177939578,True,1,type_mean,0.0082565895035254,0.0069532062192367,0.2194993243101532,0.0782363733443051,"
<think>Given the firm's high beta of 2.26 and substantial market volatility, the stock presents significant risk, which may lead to a reduction in holding to manage portfolio risk exposure. The fund's current holding is relatively small compared to its AUM, allowing for potential adjustment without major liquidity concerns. Considering the low S&P 500 weight and the fund's existing position size, a modest decrease in holding might be expected to align with the low benchmark importance while addressing the elevated risk profile.</think>
<answer>
{""holding_log_delta"": -0.05}
</answer>","Given the firm's high beta of 2.26 and substantial market volatility, the stock presents significant risk, which may lead to a reduction in holding to manage portfolio risk exposure. The fund's current holding is relatively small compared to its AUM, allowing for potential adjustment without major liquidity concerns. Considering the low S&P 500 weight and the fund's existing position size, a modest decrease in holding might be expected to align with the low benchmark importance while addressing the elevated risk profile.","{""holding_log_delta"": -0.05}"
43,population,11,0.5733539583892248,0.21050729647358912,0.21613774513718625,BLDR,BUILDERS FIRSTSOURCE INC,185,NA,2016-01-01 00:00:00,90720,714.245825,-0.042536289822060425,-0.05,0.007463710177939578,-0.007463710177939578,True,1,type_mean,0.0082565895035254,0.0069532062192367,0.2194993243101532,0.0782363733443051,"
<think>Given the firm's high beta of 2.26 and substantial market volatility, the stock presents significant risk, which may lead to a reduction in holding to manage portfolio risk exposure. The fund's current holding is relatively small compared to its AUM, allowing for potential adjustment without major liquidity concerns. Considering the low S&P 500 weight and the fund's existing position size, a modest decrease in holding might be expected to align with the low benchmark importance while addressing the elevated risk profile.</think>
<answer>
{""holding_log_delta"": -0.05}
</answer>","Given the firm's high beta of 2.26 and substantial market volatility, the stock presents significant risk, which may lead to a reduction in holding to manage portfolio risk exposure. The fund's current holding is relatively small compared to its AUM, allowing for potential adjustment without major liquidity concerns. Considering the low S&P 500 weight and the fund's existing position size, a modest decrease in holding might be expected to align with the low benchmark importance while addressing the elevated risk profile.","{""holding_log_delta"": -0.05}"
