generation,stage,candidate_idx,risk_aversion,herd_behavior,profit_driven,ticker,company,id,quarter,date,permno,holding_t,y_true,pred,abs_error,reward,valid,best_k,profile_strength_mode,x_risk_mean,x_herd_mean,x_profit_mean,overall_mean,raw_output,reason,answer_body
62,population,0,0.3478996521003479,0.32699967300032706,0.32509967490032515,,,832,NA,2016-07-01 00:00:00,30681,2692.56319,-0.04044347269253531,-0.04,0.0004434726925353072,-0.0004434726925353072,True,1,type_mean,0.0083004769074155,0.0070097321687576,0.0811969348655934,0.03216904798058883,"
<think>Given OMC's current fundamentals, the firm shows strong profitability (profit=0.71) and positive asset growth (Gat=0.048), which are positive signals. The fund's current holding is modest relative to its AUM, and the stock's low S&P 500 weight suggests limited benchmark pressure. With moderate beta and recent high volatility, the fund might adjust the position to align with the stock's fundamentals and manage risk exposure, potentially leading to a small increase in holding.</think>
<answer>
{""holding_log_delta"": -0.04}
</answer>","Given OMC's current fundamentals, the firm shows strong profitability (profit=0.71) and positive asset growth (Gat=0.048), which are positive signals. The fund's current holding is modest relative to its AUM, and the stock's low S&P 500 weight suggests limited benchmark pressure. With moderate beta and recent high volatility, the fund might adjust the position to align with the stock's fundamentals and manage risk exposure, potentially leading to a small increase in holding.","{""holding_log_delta"": -0.04}"
62,population,1,0.3478996521003479,0.31699968300031706,0.33509966490033516,,,832,NA,2016-07-01 00:00:00,30681,2692.56319,-0.04044347269253531,-0.03,0.010443472692535309,-0.010443472692535309,True,1,type_mean,0.0083004769074155,0.0070097321687576,0.0811969348655934,0.03216904798058883,"
<think>Given OMC's current fundamentals, the firm shows strong profitability (profit=0.71) and positive asset growth (Gat=0.048), which are positive signals. The fund's current holding is modest relative to its AUM, and the stock's low S&P 500 weight suggests limited benchmark pressure. With moderate beta and recent high volatility, a slight increase in holding might be expected to align with the positive fundamentals, but the magnitude would likely be small due to the stock's already elevated price and the fund's overall scale.</think>
<answer>
{""holding_log_delta"": -0.03}
</answer>","Given OMC's current fundamentals, the firm shows strong profitability (profit=0.71) and positive asset growth (Gat=0.048), which are positive signals. The fund's current holding is modest relative to its AUM, and the stock's low S&P 500 weight suggests limited benchmark pressure. With moderate beta and recent high volatility, a slight increase in holding might be expected to align with the positive fundamentals, but the magnitude would likely be small due to the stock's already elevated price and the fund's overall scale.","{""holding_log_delta"": -0.03}"
62,population,2,0.3378996621003379,0.296999703000297,0.3650996349003651,,,832,NA,2016-07-01 00:00:00,30681,2692.56319,-0.04044347269253531,-0.03,0.010443472692535309,-0.010443472692535309,True,1,type_mean,0.0083004769074155,0.0070097321687576,0.0811969348655934,0.03216904798058883,"
<think>Given OMC's current fundamentals, the firm shows strong profitability (profit=0.71) and positive asset growth (Gat=0.048), which are positive signals. The fund's current holding is modest relative to its AUM, and the stock's low S&P 500 weight suggests limited benchmark pressure. With moderate beta and recent high volatility, the fund might adjust the position to manage risk exposure, but the positive fundamentals could support a slight increase or at least minimal change.</think>
<answer>
{""holding_log_delta"": -0.03}
</answer>","Given OMC's current fundamentals, the firm shows strong profitability (profit=0.71) and positive asset growth (Gat=0.048), which are positive signals. The fund's current holding is modest relative to its AUM, and the stock's low S&P 500 weight suggests limited benchmark pressure. With moderate beta and recent high volatility, the fund might adjust the position to manage risk exposure, but the positive fundamentals could support a slight increase or at least minimal change.","{""holding_log_delta"": -0.03}"
62,population,3,0.3478996521003479,0.307999692000308,0.34409965590034414,,,832,NA,2016-07-01 00:00:00,30681,2692.56319,-0.04044347269253531,-0.04,0.0004434726925353072,-0.0004434726925353072,True,1,type_mean,0.0083004769074155,0.0070097321687576,0.0811969348655934,0.03216904798058883,"
<think>Given OMC's current fundamentals, the firm shows strong profitability (profit=0.71) and positive asset growth (Gat=0.048), which are positive signals. The fund's current holding is modest relative to its AUM, and the stock's low S&P 500 weight suggests limited benchmark pressure. With moderate beta and recent high volatility, the fund might adjust the position to align with the stock's fundamentals and manage risk exposure, potentially leading to a small increase in holding.</think>
<answer>
{""holding_log_delta"": -0.04}
</answer>","Given OMC's current fundamentals, the firm shows strong profitability (profit=0.71) and positive asset growth (Gat=0.048), which are positive signals. The fund's current holding is modest relative to its AUM, and the stock's low S&P 500 weight suggests limited benchmark pressure. With moderate beta and recent high volatility, the fund might adjust the position to align with the stock's fundamentals and manage risk exposure, potentially leading to a small increase in holding.","{""holding_log_delta"": -0.04}"
62,population,4,0.3378996621003379,0.31699968300031706,0.34509965490034517,,,832,NA,2016-07-01 00:00:00,30681,2692.56319,-0.04044347269253531,-0.04,0.0004434726925353072,-0.0004434726925353072,True,1,type_mean,0.0083004769074155,0.0070097321687576,0.0811969348655934,0.03216904798058883,"
<think>Given OMC's current fundamentals, the firm shows strong profitability (profit=0.71) and positive asset growth (Gat=0.048), which are positive signals. The fund's current holding is modest relative to its AUM, and the stock's low S&P 500 weight suggests limited benchmark pressure. With moderate beta and recent high volatility, the fund might adjust the position to align with the stock's fundamentals and manage risk exposure, potentially leading to a small increase in holding.</think>
<answer>
{""holding_log_delta"": -0.04}
</answer>","Given OMC's current fundamentals, the firm shows strong profitability (profit=0.71) and positive asset growth (Gat=0.048), which are positive signals. The fund's current holding is modest relative to its AUM, and the stock's low S&P 500 weight suggests limited benchmark pressure. With moderate beta and recent high volatility, the fund might adjust the position to align with the stock's fundamentals and manage risk exposure, potentially leading to a small increase in holding.","{""holding_log_delta"": -0.04}"
62,population,5,0.3478996521003479,0.296999703000297,0.35509964490035517,,,832,NA,2016-07-01 00:00:00,30681,2692.56319,-0.04044347269253531,-0.04,0.0004434726925353072,-0.0004434726925353072,True,1,type_mean,0.0083004769074155,0.0070097321687576,0.0811969348655934,0.03216904798058883,"
<think>Given OMC's current fundamentals, the firm shows strong profitability (profit=0.71) and positive asset growth (Gat=0.048), which are favorable signals. The fund's current holding is modest relative to its AUM, and the stock's low S&P 500 weight suggests limited benchmark pressure. With moderate beta and recent high volatility, a slight increase in holding might be expected to capture growth opportunities while managing risk.</think>
<answer>
{""holding_log_delta"": -0.04}
</answer>","Given OMC's current fundamentals, the firm shows strong profitability (profit=0.71) and positive asset growth (Gat=0.048), which are favorable signals. The fund's current holding is modest relative to its AUM, and the stock's low S&P 500 weight suggests limited benchmark pressure. With moderate beta and recent high volatility, a slight increase in holding might be expected to capture growth opportunities while managing risk.","{""holding_log_delta"": -0.04}"
62,population,6,0.32789967210032794,0.306999693000307,0.3650996349003651,,,832,NA,2016-07-01 00:00:00,30681,2692.56319,-0.04044347269253531,-0.03,0.010443472692535309,-0.010443472692535309,True,1,type_mean,0.0083004769074155,0.0070097321687576,0.0811969348655934,0.03216904798058883,"
<think>Given OMC's current fundamentals, the firm shows strong profitability (profit=0.71) and positive asset growth (Gat=0.048), which are positive signals. The fund's current holding is modest relative to its AUM, and the stock's low S&P 500 weight suggests limited benchmark pressure. With moderate beta and recent high volatility, the fund might adjust the position to manage risk exposure, but the positive fundamentals could support a slight increase or at least minimal change.</think>
<answer>
{""holding_log_delta"": -0.03}
</answer>","Given OMC's current fundamentals, the firm shows strong profitability (profit=0.71) and positive asset growth (Gat=0.048), which are positive signals. The fund's current holding is modest relative to its AUM, and the stock's low S&P 500 weight suggests limited benchmark pressure. With moderate beta and recent high volatility, the fund might adjust the position to manage risk exposure, but the positive fundamentals could support a slight increase or at least minimal change.","{""holding_log_delta"": -0.03}"
62,population,7,0.31789968210031794,0.306999693000307,0.37509962490037513,,,832,NA,2016-07-01 00:00:00,30681,2692.56319,-0.04044347269253531,-0.03,0.010443472692535309,-0.010443472692535309,True,1,type_mean,0.0083004769074155,0.0070097321687576,0.0811969348655934,0.03216904798058883,"
<think>Given OMC's current fundamentals, the firm shows strong profitability (profit=0.71) and positive asset growth (Gat=0.048), which are favorable signals. The fund's current holding is modest relative to its AUM, and the stock's low S&P 500 weight suggests limited benchmark pressure. With moderate beta and recent high volatility, a slight increase in holding might be expected to capture growth opportunities while managing risk.</think>
<answer>
{""holding_log_delta"": -0.03}
</answer>","Given OMC's current fundamentals, the firm shows strong profitability (profit=0.71) and positive asset growth (Gat=0.048), which are favorable signals. The fund's current holding is modest relative to its AUM, and the stock's low S&P 500 weight suggests limited benchmark pressure. With moderate beta and recent high volatility, a slight increase in holding might be expected to capture growth opportunities while managing risk.","{""holding_log_delta"": -0.03}"
62,population,8,0.32789967210032794,0.306999693000307,0.3650996349003651,,,832,NA,2016-07-01 00:00:00,30681,2692.56319,-0.04044347269253531,-0.03,0.010443472692535309,-0.010443472692535309,True,1,type_mean,0.0083004769074155,0.0070097321687576,0.0811969348655934,0.03216904798058883,"
<think>Given OMC's current fundamentals, the firm shows strong profitability (profit=0.71) and positive asset growth (Gat=0.048), which are positive signals. The fund's current holding is modest relative to its AUM, and the stock's low S&P 500 weight suggests limited benchmark pressure. With moderate beta and recent high volatility, the fund might adjust the position to manage risk exposure, but the positive fundamentals could support a slight increase or at least minimal change.</think>
<answer>
{""holding_log_delta"": -0.03}
</answer>","Given OMC's current fundamentals, the firm shows strong profitability (profit=0.71) and positive asset growth (Gat=0.048), which are positive signals. The fund's current holding is modest relative to its AUM, and the stock's low S&P 500 weight suggests limited benchmark pressure. With moderate beta and recent high volatility, the fund might adjust the position to manage risk exposure, but the positive fundamentals could support a slight increase or at least minimal change.","{""holding_log_delta"": -0.03}"
62,population,9,0.32789967210032794,0.306999693000307,0.3650996349003651,,,832,NA,2016-07-01 00:00:00,30681,2692.56319,-0.04044347269253531,-0.03,0.010443472692535309,-0.010443472692535309,True,1,type_mean,0.0083004769074155,0.0070097321687576,0.0811969348655934,0.03216904798058883,"
<think>Given OMC's current fundamentals, the firm shows strong profitability (profit=0.71) and positive asset growth (Gat=0.048), which are positive signals. The fund's current holding is modest relative to its AUM, and the stock's low S&P 500 weight suggests limited benchmark pressure. With moderate beta and recent high volatility, the fund might adjust the position to manage risk exposure, but the positive fundamentals could support a slight increase or at least minimal change.</think>
<answer>
{""holding_log_delta"": -0.03}
</answer>","Given OMC's current fundamentals, the firm shows strong profitability (profit=0.71) and positive asset growth (Gat=0.048), which are positive signals. The fund's current holding is modest relative to its AUM, and the stock's low S&P 500 weight suggests limited benchmark pressure. With moderate beta and recent high volatility, the fund might adjust the position to manage risk exposure, but the positive fundamentals could support a slight increase or at least minimal change.","{""holding_log_delta"": -0.03}"
62,population,10,0.327864503068326,0.3080475456119149,0.3640869513197654,,,832,NA,2016-07-01 00:00:00,30681,2692.56319,-0.04044347269253531,-0.03,0.010443472692535309,-0.010443472692535309,True,1,type_mean,0.0083004769074155,0.0070097321687576,0.0811969348655934,0.03216904798058883,"
<think>Given OMC's current fundamentals, the firm shows strong profitability (profit=0.71) and positive asset growth (Gat=0.048), which are favorable signals. The fund's current holding is modest relative to its AUM, and the stock's low S&P 500 weight suggests limited benchmark pressure. With moderate beta and recent high volatility, a slight increase in holding might be expected to capture growth opportunities while managing risk exposure.</think>
<answer>
{""holding_log_delta"": -0.03}
</answer>","Given OMC's current fundamentals, the firm shows strong profitability (profit=0.71) and positive asset growth (Gat=0.048), which are favorable signals. The fund's current holding is modest relative to its AUM, and the stock's low S&P 500 weight suggests limited benchmark pressure. With moderate beta and recent high volatility, a slight increase in holding might be expected to capture growth opportunities while managing risk exposure.","{""holding_log_delta"": -0.03}"
62,population,11,0.3578996421003579,0.27699972300027703,0.3650996349003651,,,832,NA,2016-07-01 00:00:00,30681,2692.56319,-0.04044347269253531,-0.03,0.010443472692535309,-0.010443472692535309,True,1,type_mean,0.0083004769074155,0.0070097321687576,0.0811969348655934,0.03216904798058883,"
<think>Given OMC's current fundamentals, the firm shows strong profitability (profit=0.71) and positive asset growth (Gat=0.048), which are favorable signals. The fund's current holding is modest relative to its AUM, and the stock's low S&P 500 weight suggests limited benchmark pressure. With moderate beta and recent high volatility, a slight increase in holding might be expected to capture growth opportunities while managing risk.</think>
<answer>
{""holding_log_delta"": -0.03}
</answer>","Given OMC's current fundamentals, the firm shows strong profitability (profit=0.71) and positive asset growth (Gat=0.048), which are favorable signals. The fund's current holding is modest relative to its AUM, and the stock's low S&P 500 weight suggests limited benchmark pressure. With moderate beta and recent high volatility, a slight increase in holding might be expected to capture growth opportunities while managing risk.","{""holding_log_delta"": -0.03}"
