generation,stage,candidate_idx,risk_aversion,herd_behavior,profit_driven,ticker,company,id,quarter,date,permno,holding_t,y_true,pred,abs_error,reward,valid,best_k,profile_strength_mode,x_risk_mean,x_herd_mean,x_profit_mean,overall_mean,raw_output,reason,answer_body
21,population,0,0.5833539583892446,0.2705072964735891,0.1461377451371662,JNJ,JOHNSON & JOHNSON,790,NA,2016-04-01 00:00:00,22111,86176.823342,-0.050964539178190445,-0.04,0.010964539178190444,-0.010964539178190444,True,1,type_mean,0.0082565895035254,0.0069532062192367,0.2194993243101532,0.0782363733443051,"
<think>Given the firm's strong profitability (profit=0.2925) and low beta (0.5186), it appears stable and defensive, which could support a modest increase in holding. However, the fund's current position is already substantial relative to its AUM, and the stock's S&P 500 weight is moderate, suggesting limited additional room for expansion without significant rebalancing pressure.</think>
<answer>
{""holding_log_delta"": -0.04}
</answer>","Given the firm's strong profitability (profit=0.2925) and low beta (0.5186), it appears stable and defensive, which could support a modest increase in holding. However, the fund's current position is already substantial relative to its AUM, and the stock's S&P 500 weight is moderate, suggesting limited additional room for expansion without significant rebalancing pressure.","{""holding_log_delta"": -0.04}"
21,population,1,0.6033539583892247,0.2705072964735891,0.12613774513718623,JNJ,JOHNSON & JOHNSON,790,NA,2016-04-01 00:00:00,22111,86176.823342,-0.050964539178190445,-0.04,0.010964539178190444,-0.010964539178190444,True,1,type_mean,0.0082565895035254,0.0069532062192367,0.2194993243101532,0.0782363733443051,"
<think>Given JNJ's current fundamentals, the firm shows strong profitability (profit=0.29) and low beta (0.52), indicating lower systematic risk than the market. The fund's current holding is substantial relative to its AUM and the stock's S&P 500 weight, suggesting a significant active position. With low beta and positive profitability, the stock may be viewed as a stable, defensive holding, but the fund's large existing exposure might lead to a modest reduction to align closer to the benchmark weight, resulting in a small negative normalized log change.</think>
<answer>
{""holding_log_delta"": -0.04}
</answer>","Given JNJ's current fundamentals, the firm shows strong profitability (profit=0.29) and low beta (0.52), indicating lower systematic risk than the market. The fund's current holding is substantial relative to its AUM and the stock's S&P 500 weight, suggesting a significant active position. With low beta and positive profitability, the stock may be viewed as a stable, defensive holding, but the fund's large existing exposure might lead to a modest reduction to align closer to the benchmark weight, resulting in a small negative normalized log change.","{""holding_log_delta"": -0.04}"
21,population,2,0.6133539583898281,0.2705072964738596,0.11613774513731237,JNJ,JOHNSON & JOHNSON,790,NA,2016-04-01 00:00:00,22111,86176.823342,-0.050964539178190445,-0.02,0.030964539178190444,-0.030964539178190444,True,1,type_mean,0.0082565895035254,0.0069532062192367,0.2194993243101532,0.0782363733443051,"
<think>Given the firm's strong profitability (profit=0.2925) and low beta (0.5186), it appears stable and defensive, which could support a modest increase in holding. However, the fund's current position is already substantial relative to its AUM, and the stock's S&P 500 weight is moderate at 2.16%, suggesting limited additional benchmark-driven demand. The low stock volatility (0.1834) and high trading volume (16.04) may allow for some adjustment without significant liquidity risk, but the existing large holding and low benchmark weight likely constrain any meaningful increase.</think>
<answer>
{""holding_log_delta"": -0.02}
</answer>","Given the firm's strong profitability (profit=0.2925) and low beta (0.5186), it appears stable and defensive, which could support a modest increase in holding. However, the fund's current position is already substantial relative to its AUM, and the stock's S&P 500 weight is moderate at 2.16%, suggesting limited additional benchmark-driven demand. The low stock volatility (0.1834) and high trading volume (16.04) may allow for some adjustment without significant liquidity risk, but the existing large holding and low benchmark weight likely constrain any meaningful increase.","{""holding_log_delta"": -0.02}"
21,population,3,0.6133539583898281,0.2705072964738596,0.11613774513731237,JNJ,JOHNSON & JOHNSON,790,NA,2016-04-01 00:00:00,22111,86176.823342,-0.050964539178190445,-0.02,0.030964539178190444,-0.030964539178190444,True,1,type_mean,0.0082565895035254,0.0069532062192367,0.2194993243101532,0.0782363733443051,"
<think>Given the firm's strong profitability (profit=0.2925) and low beta (0.5186), it appears stable and defensive, which could support a modest increase in holding. However, the fund's current position is already substantial relative to its AUM, and the stock's S&P 500 weight is moderate at 2.16%, suggesting limited additional benchmark-driven demand. The low stock volatility (0.1834) and high trading volume (16.04) may allow for some adjustment without significant liquidity risk, but the existing large holding and low benchmark weight likely constrain any meaningful increase.</think>
<answer>
{""holding_log_delta"": -0.02}
</answer>","Given the firm's strong profitability (profit=0.2925) and low beta (0.5186), it appears stable and defensive, which could support a modest increase in holding. However, the fund's current position is already substantial relative to its AUM, and the stock's S&P 500 weight is moderate at 2.16%, suggesting limited additional benchmark-driven demand. The low stock volatility (0.1834) and high trading volume (16.04) may allow for some adjustment without significant liquidity risk, but the existing large holding and low benchmark weight likely constrain any meaningful increase.","{""holding_log_delta"": -0.02}"
21,population,4,0.6133539583898281,0.2705072964738596,0.11613774513731237,JNJ,JOHNSON & JOHNSON,790,NA,2016-04-01 00:00:00,22111,86176.823342,-0.050964539178190445,-0.02,0.030964539178190444,-0.030964539178190444,True,1,type_mean,0.0082565895035254,0.0069532062192367,0.2194993243101532,0.0782363733443051,"
<think>Given the firm's strong profitability (profit=0.2925) and low beta (0.5186), it appears stable and defensive, which could support a modest increase in holding. However, the fund's current position is already substantial relative to its AUM, and the stock's S&P 500 weight is moderate at 2.16%, suggesting limited additional benchmark-driven demand. The low stock volatility (0.1834) and high trading volume (16.04) may allow for some adjustment without significant liquidity risk, but the existing large holding and low benchmark weight likely constrain any meaningful increase.</think>
<answer>
{""holding_log_delta"": -0.02}
</answer>","Given the firm's strong profitability (profit=0.2925) and low beta (0.5186), it appears stable and defensive, which could support a modest increase in holding. However, the fund's current position is already substantial relative to its AUM, and the stock's S&P 500 weight is moderate at 2.16%, suggesting limited additional benchmark-driven demand. The low stock volatility (0.1834) and high trading volume (16.04) may allow for some adjustment without significant liquidity risk, but the existing large holding and low benchmark weight likely constrain any meaningful increase.","{""holding_log_delta"": -0.02}"
21,population,5,0.6133539583898281,0.2705072964738596,0.11613774513731237,JNJ,JOHNSON & JOHNSON,790,NA,2016-04-01 00:00:00,22111,86176.823342,-0.050964539178190445,-0.02,0.030964539178190444,-0.030964539178190444,True,1,type_mean,0.0082565895035254,0.0069532062192367,0.2194993243101532,0.0782363733443051,"
<think>Given the firm's strong profitability (profit=0.2925) and low beta (0.5186), it appears stable and defensive, which could support a modest increase in holding. However, the fund's current position is already substantial relative to its AUM, and the stock's S&P 500 weight is moderate at 2.16%, suggesting limited additional benchmark-driven demand. The low stock volatility (0.1834) and high trading volume (16.04) may allow for some adjustment without significant liquidity risk, but the existing large holding and low benchmark weight likely constrain any meaningful increase.</think>
<answer>
{""holding_log_delta"": -0.02}
</answer>","Given the firm's strong profitability (profit=0.2925) and low beta (0.5186), it appears stable and defensive, which could support a modest increase in holding. However, the fund's current position is already substantial relative to its AUM, and the stock's S&P 500 weight is moderate at 2.16%, suggesting limited additional benchmark-driven demand. The low stock volatility (0.1834) and high trading volume (16.04) may allow for some adjustment without significant liquidity risk, but the existing large holding and low benchmark weight likely constrain any meaningful increase.","{""holding_log_delta"": -0.02}"
21,population,6,0.6133539583898281,0.2705072964738596,0.11613774513731237,JNJ,JOHNSON & JOHNSON,790,NA,2016-04-01 00:00:00,22111,86176.823342,-0.050964539178190445,-0.02,0.030964539178190444,-0.030964539178190444,True,1,type_mean,0.0082565895035254,0.0069532062192367,0.2194993243101532,0.0782363733443051,"
<think>Given the firm's strong profitability (profit=0.2925) and low beta (0.5186), it appears stable and defensive, which could support a modest increase in holding. However, the fund's current position is already substantial relative to its AUM, and the stock's S&P 500 weight is moderate at 2.16%, suggesting limited additional benchmark-driven demand. The low stock volatility (0.1834) and high trading volume (16.04) may allow for some adjustment without significant liquidity risk, but the existing large holding and low benchmark weight likely constrain any meaningful increase.</think>
<answer>
{""holding_log_delta"": -0.02}
</answer>","Given the firm's strong profitability (profit=0.2925) and low beta (0.5186), it appears stable and defensive, which could support a modest increase in holding. However, the fund's current position is already substantial relative to its AUM, and the stock's S&P 500 weight is moderate at 2.16%, suggesting limited additional benchmark-driven demand. The low stock volatility (0.1834) and high trading volume (16.04) may allow for some adjustment without significant liquidity risk, but the existing large holding and low benchmark weight likely constrain any meaningful increase.","{""holding_log_delta"": -0.02}"
21,population,7,0.6133539583898281,0.2705072964738596,0.11613774513731237,JNJ,JOHNSON & JOHNSON,790,NA,2016-04-01 00:00:00,22111,86176.823342,-0.050964539178190445,-0.02,0.030964539178190444,-0.030964539178190444,True,1,type_mean,0.0082565895035254,0.0069532062192367,0.2194993243101532,0.0782363733443051,"
<think>Given the firm's strong profitability (profit=0.2925) and low beta (0.5186), it appears stable and defensive, which could support a modest increase in holding. However, the fund's current position is already substantial relative to its AUM, and the stock's S&P 500 weight is moderate at 2.16%, suggesting limited additional benchmark-driven demand. The low stock volatility (0.1834) and high trading volume (16.04) may allow for some adjustment without significant liquidity risk, but the existing large holding and low benchmark weight likely constrain any meaningful increase.</think>
<answer>
{""holding_log_delta"": -0.02}
</answer>","Given the firm's strong profitability (profit=0.2925) and low beta (0.5186), it appears stable and defensive, which could support a modest increase in holding. However, the fund's current position is already substantial relative to its AUM, and the stock's S&P 500 weight is moderate at 2.16%, suggesting limited additional benchmark-driven demand. The low stock volatility (0.1834) and high trading volume (16.04) may allow for some adjustment without significant liquidity risk, but the existing large holding and low benchmark weight likely constrain any meaningful increase.","{""holding_log_delta"": -0.02}"
21,population,8,0.6133539583898281,0.2705072964738596,0.11613774513731237,JNJ,JOHNSON & JOHNSON,790,NA,2016-04-01 00:00:00,22111,86176.823342,-0.050964539178190445,-0.02,0.030964539178190444,-0.030964539178190444,True,1,type_mean,0.0082565895035254,0.0069532062192367,0.2194993243101532,0.0782363733443051,"
<think>Given the firm's strong profitability (profit=0.2925) and low beta (0.5186), it appears stable and defensive, which could support a modest increase in holding. However, the fund's current position is already substantial relative to its AUM, and the stock's S&P 500 weight is moderate at 2.16%, suggesting limited additional benchmark-driven demand. The low stock volatility (0.1834) and high trading volume (16.04) may allow for some adjustment without significant liquidity risk, but the existing large holding and low benchmark weight likely constrain any meaningful increase.</think>
<answer>
{""holding_log_delta"": -0.02}
</answer>","Given the firm's strong profitability (profit=0.2925) and low beta (0.5186), it appears stable and defensive, which could support a modest increase in holding. However, the fund's current position is already substantial relative to its AUM, and the stock's S&P 500 weight is moderate at 2.16%, suggesting limited additional benchmark-driven demand. The low stock volatility (0.1834) and high trading volume (16.04) may allow for some adjustment without significant liquidity risk, but the existing large holding and low benchmark weight likely constrain any meaningful increase.","{""holding_log_delta"": -0.02}"
21,population,9,0.6033539583892247,0.2505072964736091,0.1461377451371662,JNJ,JOHNSON & JOHNSON,790,NA,2016-04-01 00:00:00,22111,86176.823342,-0.050964539178190445,-0.02,0.030964539178190444,-0.030964539178190444,True,1,type_mean,0.0082565895035254,0.0069532062192367,0.2194993243101532,0.0782363733443051,"
<think>Given the firm's strong profitability (profit=0.2925) and low beta (0.5186), it appears stable and defensive, which could support a modest increase in holding. However, the fund's current position is already substantial relative to its AUM, and the stock's S&P 500 weight is moderate at 2.16%, suggesting limited additional benchmark-driven demand. The low stock volatility (0.1834) and high trading volume (16.04) may allow for some adjustment without significant liquidity concerns, but the existing large holding and low risk profile likely constrain any large directional move.</think>
<answer>
{""holding_log_delta"": -0.02}
</answer>","Given the firm's strong profitability (profit=0.2925) and low beta (0.5186), it appears stable and defensive, which could support a modest increase in holding. However, the fund's current position is already substantial relative to its AUM, and the stock's S&P 500 weight is moderate at 2.16%, suggesting limited additional benchmark-driven demand. The low stock volatility (0.1834) and high trading volume (16.04) may allow for some adjustment without significant liquidity concerns, but the existing large holding and low risk profile likely constrain any large directional move.","{""holding_log_delta"": -0.02}"
21,population,10,0.5633539583892447,0.2705072964735892,0.16613774513716623,JNJ,JOHNSON & JOHNSON,790,NA,2016-04-01 00:00:00,22111,86176.823342,-0.050964539178190445,-0.02,0.030964539178190444,-0.030964539178190444,True,1,type_mean,0.0082565895035254,0.0069532062192367,0.2194993243101532,0.0782363733443051,"
<think>Given the firm's strong profitability (profit=0.2925) and low beta (0.5186), it appears stable and defensive, which could support a modest increase in holding. However, the fund's current position is already substantial relative to its AUM, and the stock's S&P 500 weight is moderate at 2.16%, suggesting limited additional benchmark-driven demand. The low stock volatility (0.1834) and high trading volume (16.04) may allow for some adjustment without significant liquidity risk, but the existing large holding and the fund's overall scale imply that any change would likely be small.</think>
<answer>
{""holding_log_delta"": -0.02}
</answer>","Given the firm's strong profitability (profit=0.2925) and low beta (0.5186), it appears stable and defensive, which could support a modest increase in holding. However, the fund's current position is already substantial relative to its AUM, and the stock's S&P 500 weight is moderate at 2.16%, suggesting limited additional benchmark-driven demand. The low stock volatility (0.1834) and high trading volume (16.04) may allow for some adjustment without significant liquidity risk, but the existing large holding and the fund's overall scale imply that any change would likely be small.","{""holding_log_delta"": -0.02}"
21,population,11,0.5833539583892446,0.280507296473579,0.13613774513717622,JNJ,JOHNSON & JOHNSON,790,NA,2016-04-01 00:00:00,22111,86176.823342,-0.050964539178190445,-0.01,0.04096453917819044,-0.04096453917819044,True,1,type_mean,0.0082565895035254,0.0069532062192367,0.2194993243101532,0.0782363733443051,"
<think>Given the firm's strong profitability (profit=0.29) and low beta (0.52), it appears stable and defensive, which could support a modest increase in holding. However, the fund's current position is already substantial relative to its AUM, and the stock's S&P 500 weight is moderate, suggesting limited additional room for expansion without significant rebalancing pressure. Therefore, the expected normalized log change is likely to be small, possibly positive but constrained by existing exposure.</think>
<answer>
{""holding_log_delta"": -0.01}
</answer>","Given the firm's strong profitability (profit=0.29) and low beta (0.52), it appears stable and defensive, which could support a modest increase in holding. However, the fund's current position is already substantial relative to its AUM, and the stock's S&P 500 weight is moderate, suggesting limited additional room for expansion without significant rebalancing pressure. Therefore, the expected normalized log change is likely to be small, possibly positive but constrained by existing exposure.","{""holding_log_delta"": -0.01}"
