generation,stage,candidate_idx,risk_aversion,herd_behavior,profit_driven,ticker,company,id,quarter,date,permno,holding_t,y_true,pred,abs_error,reward,valid,best_k,profile_strength_mode,x_risk_mean,x_herd_mean,x_profit_mean,overall_mean,raw_output,reason,answer_body
3,population,0,0.30578401766042573,0.2351085114107923,0.4591064709287821,,,410,NA,2017-01-01 00:00:00,77702,11763.791895,-0.0007005896539660584,-0.03,0.02929941034603394,-0.02929941034603394,True,1,type_mean,0.0083004769074155,0.0070097321687576,0.0811969348655934,0.03216904798058883,"
<think>Given SBUX's high market capitalization relative to book equity and strong profitability, the stock appears fundamentally sound. The fund's current holding is substantial relative to its AUM, and the stock's low beta suggests lower systematic risk. With the fund's large overall exposure and the stock's modest S&P 500 weight, a moderate increase in holding might be expected to align with the firm's growth profile and manage concentration, though the high existing position may limit the magnitude of any adjustment.</think>
<answer>
{""holding_log_delta"": -0.03}
</answer>","Given SBUX's high market capitalization relative to book equity and strong profitability, the stock appears fundamentally sound. The fund's current holding is substantial relative to its AUM, and the stock's low beta suggests lower systematic risk. With the fund's large overall exposure and the stock's modest S&P 500 weight, a moderate increase in holding might be expected to align with the firm's growth profile and manage concentration, though the high existing position may limit the magnitude of any adjustment.","{""holding_log_delta"": -0.03}"
3,population,1,0.28295447293113724,0.2624836746641237,0.45456086230572934,,,410,NA,2017-01-01 00:00:00,77702,11763.791895,-0.0007005896539660584,-0.03,0.02929941034603394,-0.02929941034603394,True,1,type_mean,0.0083004769074155,0.0070097321687576,0.0811969348655934,0.03216904798058883,"
<think>Given SBUX's high market capitalization relative to book equity and strong profitability, the stock appears fundamentally sound. The fund's current holding is substantial relative to its AUM, and the stock's low beta suggests lower systematic risk. With the fund's large overall exposure and the stock's modest S&P 500 weight, a moderate increase in holding might be expected to align with the firm's growth profile and manage concentration, though the high existing position may limit the magnitude of any adjustment.</think>
<answer>
{""holding_log_delta"": -0.03}
</answer>","Given SBUX's high market capitalization relative to book equity and strong profitability, the stock appears fundamentally sound. The fund's current holding is substantial relative to its AUM, and the stock's low beta suggests lower systematic risk. With the fund's large overall exposure and the stock's modest S&P 500 weight, a moderate increase in holding might be expected to align with the firm's growth profile and manage concentration, though the high existing position may limit the magnitude of any adjustment.","{""holding_log_delta"": -0.03}"
3,population,2,0.25578401766073156,0.23510851141102743,0.5091064709292412,,,410,NA,2017-01-01 00:00:00,77702,11763.791895,-0.0007005896539660584,-0.03,0.02929941034603394,-0.02929941034603394,True,1,type_mean,0.0083004769074155,0.0070097321687576,0.0811969348655934,0.03216904798058883,"
<think>Given SBUX's high market capitalization relative to book equity and strong profitability, the firm appears fundamentally sound. The fund's current holding is substantial relative to its AUM, and the stock's low beta suggests lower systematic risk. With the fund's large overall exposure and the stock's modest S&P 500 weight, a moderate increase in holding might be expected to align with the firm's positive fundamentals and the fund's active management style, but the magnitude would likely be tempered by the already significant position size.</think>
<answer>
{""holding_log_delta"": -0.03}
</answer>","Given SBUX's high market capitalization relative to book equity and strong profitability, the firm appears fundamentally sound. The fund's current holding is substantial relative to its AUM, and the stock's low beta suggests lower systematic risk. With the fund's large overall exposure and the stock's modest S&P 500 weight, a moderate increase in holding might be expected to align with the firm's positive fundamentals and the fund's active management style, but the magnitude would likely be tempered by the already significant position size.","{""holding_log_delta"": -0.03}"
3,population,3,0.25578401766073156,0.23510851141102743,0.5091064709292412,,,410,NA,2017-01-01 00:00:00,77702,11763.791895,-0.0007005896539660584,-0.03,0.02929941034603394,-0.02929941034603394,True,1,type_mean,0.0083004769074155,0.0070097321687576,0.0811969348655934,0.03216904798058883,"
<think>Given SBUX's high market capitalization relative to book equity and strong profitability, the firm appears fundamentally sound. The fund's current holding is substantial relative to its AUM, and the stock's low beta suggests lower systematic risk. With the fund's large overall exposure and the stock's modest S&P 500 weight, a moderate increase in holding might be expected to align with the firm's positive fundamentals and the fund's active management style, but the magnitude would likely be tempered by the already significant position size.</think>
<answer>
{""holding_log_delta"": -0.03}
</answer>","Given SBUX's high market capitalization relative to book equity and strong profitability, the firm appears fundamentally sound. The fund's current holding is substantial relative to its AUM, and the stock's low beta suggests lower systematic risk. With the fund's large overall exposure and the stock's modest S&P 500 weight, a moderate increase in holding might be expected to align with the firm's positive fundamentals and the fund's active management style, but the magnitude would likely be tempered by the already significant position size.","{""holding_log_delta"": -0.03}"
3,population,4,0.25578401766073156,0.23510851141102743,0.5091064709292412,,,410,NA,2017-01-01 00:00:00,77702,11763.791895,-0.0007005896539660584,-0.03,0.02929941034603394,-0.02929941034603394,True,1,type_mean,0.0083004769074155,0.0070097321687576,0.0811969348655934,0.03216904798058883,"
<think>Given SBUX's high market capitalization relative to book equity and strong profitability, the firm appears fundamentally sound. The fund's current holding is substantial relative to its AUM, and the stock's low beta suggests lower systematic risk. With the fund's large overall exposure and the stock's modest S&P 500 weight, a moderate increase in holding might be expected to align with the firm's positive fundamentals and the fund's active management style, but the magnitude would likely be tempered by the already significant position size.</think>
<answer>
{""holding_log_delta"": -0.03}
</answer>","Given SBUX's high market capitalization relative to book equity and strong profitability, the firm appears fundamentally sound. The fund's current holding is substantial relative to its AUM, and the stock's low beta suggests lower systematic risk. With the fund's large overall exposure and the stock's modest S&P 500 weight, a moderate increase in holding might be expected to align with the firm's positive fundamentals and the fund's active management style, but the magnitude would likely be tempered by the already significant position size.","{""holding_log_delta"": -0.03}"
3,population,5,0.25578401766073156,0.23510851141102743,0.5091064709292412,,,410,NA,2017-01-01 00:00:00,77702,11763.791895,-0.0007005896539660584,-0.03,0.02929941034603394,-0.02929941034603394,True,1,type_mean,0.0083004769074155,0.0070097321687576,0.0811969348655934,0.03216904798058883,"
<think>Given SBUX's high market capitalization relative to book equity and strong profitability, the firm appears fundamentally sound. The fund's current holding is substantial relative to its AUM, and the stock's low beta suggests lower systematic risk. With the fund's large overall exposure and the stock's modest S&P 500 weight, a moderate increase in holding might be expected to align with the firm's positive fundamentals and the fund's active management style, but the magnitude would likely be tempered by the already significant position size.</think>
<answer>
{""holding_log_delta"": -0.03}
</answer>","Given SBUX's high market capitalization relative to book equity and strong profitability, the firm appears fundamentally sound. The fund's current holding is substantial relative to its AUM, and the stock's low beta suggests lower systematic risk. With the fund's large overall exposure and the stock's modest S&P 500 weight, a moderate increase in holding might be expected to align with the firm's positive fundamentals and the fund's active management style, but the magnitude would likely be tempered by the already significant position size.","{""holding_log_delta"": -0.03}"
3,population,6,0.25578401766073156,0.23510851141102743,0.5091064709292412,,,410,NA,2017-01-01 00:00:00,77702,11763.791895,-0.0007005896539660584,-0.03,0.02929941034603394,-0.02929941034603394,True,1,type_mean,0.0083004769074155,0.0070097321687576,0.0811969348655934,0.03216904798058883,"
<think>Given SBUX's high market capitalization relative to book equity and strong profitability, the firm appears fundamentally sound. The fund's current holding is substantial relative to its AUM, and the stock's low beta suggests lower systematic risk. With the fund's large overall exposure and the stock's modest S&P 500 weight, a moderate increase in holding might be expected to align with the firm's positive fundamentals and the fund's active management style, but the magnitude would likely be tempered by the already significant position size.</think>
<answer>
{""holding_log_delta"": -0.03}
</answer>","Given SBUX's high market capitalization relative to book equity and strong profitability, the firm appears fundamentally sound. The fund's current holding is substantial relative to its AUM, and the stock's low beta suggests lower systematic risk. With the fund's large overall exposure and the stock's modest S&P 500 weight, a moderate increase in holding might be expected to align with the firm's positive fundamentals and the fund's active management style, but the magnitude would likely be tempered by the already significant position size.","{""holding_log_delta"": -0.03}"
3,population,7,0.25578401766073156,0.23510851141102743,0.5091064709292412,,,410,NA,2017-01-01 00:00:00,77702,11763.791895,-0.0007005896539660584,-0.03,0.02929941034603394,-0.02929941034603394,True,1,type_mean,0.0083004769074155,0.0070097321687576,0.0811969348655934,0.03216904798058883,"
<think>Given SBUX's high market capitalization relative to book equity and strong profitability, the firm appears fundamentally sound. The fund's current holding is substantial relative to its AUM, and the stock's low beta suggests lower systematic risk. With the fund's large overall exposure and the stock's modest S&P 500 weight, a moderate increase in holding might be expected to align with the firm's positive fundamentals and the fund's active management style, but the magnitude would likely be tempered by the already significant position size.</think>
<answer>
{""holding_log_delta"": -0.03}
</answer>","Given SBUX's high market capitalization relative to book equity and strong profitability, the firm appears fundamentally sound. The fund's current holding is substantial relative to its AUM, and the stock's low beta suggests lower systematic risk. With the fund's large overall exposure and the stock's modest S&P 500 weight, a moderate increase in holding might be expected to align with the firm's positive fundamentals and the fund's active management style, but the magnitude would likely be tempered by the already significant position size.","{""holding_log_delta"": -0.03}"
3,population,8,0.25578401766073156,0.23510851141102743,0.5091064709292412,,,410,NA,2017-01-01 00:00:00,77702,11763.791895,-0.0007005896539660584,-0.03,0.02929941034603394,-0.02929941034603394,True,1,type_mean,0.0083004769074155,0.0070097321687576,0.0811969348655934,0.03216904798058883,"
<think>Given SBUX's high market capitalization relative to book equity and strong profitability, the firm appears fundamentally sound. The fund's current holding is substantial relative to its AUM, and the stock's low beta suggests lower systematic risk. With the fund's large overall exposure and the stock's modest S&P 500 weight, a moderate increase in holding might be expected to align with the firm's positive fundamentals and the fund's active management style, but the magnitude would likely be tempered by the already significant position size.</think>
<answer>
{""holding_log_delta"": -0.03}
</answer>","Given SBUX's high market capitalization relative to book equity and strong profitability, the firm appears fundamentally sound. The fund's current holding is substantial relative to its AUM, and the stock's low beta suggests lower systematic risk. With the fund's large overall exposure and the stock's modest S&P 500 weight, a moderate increase in holding might be expected to align with the firm's positive fundamentals and the fund's active management style, but the magnitude would likely be tempered by the already significant position size.","{""holding_log_delta"": -0.03}"
3,population,9,0.25578401766073156,0.23510851141102743,0.5091064709292412,,,410,NA,2017-01-01 00:00:00,77702,11763.791895,-0.0007005896539660584,-0.03,0.02929941034603394,-0.02929941034603394,True,1,type_mean,0.0083004769074155,0.0070097321687576,0.0811969348655934,0.03216904798058883,"
<think>Given SBUX's high market capitalization relative to book equity and strong profitability, the firm appears fundamentally sound. The fund's current holding is substantial relative to its AUM, and the stock's low beta suggests lower systematic risk. With the fund's large overall exposure and the stock's modest S&P 500 weight, a moderate increase in holding might be expected to align with the firm's positive fundamentals and the fund's active management style, but the magnitude would likely be tempered by the already significant position size.</think>
<answer>
{""holding_log_delta"": -0.03}
</answer>","Given SBUX's high market capitalization relative to book equity and strong profitability, the firm appears fundamentally sound. The fund's current holding is substantial relative to its AUM, and the stock's low beta suggests lower systematic risk. With the fund's large overall exposure and the stock's modest S&P 500 weight, a moderate increase in holding might be expected to align with the firm's positive fundamentals and the fund's active management style, but the magnitude would likely be tempered by the already significant position size.","{""holding_log_delta"": -0.03}"
3,population,10,0.25578401766073156,0.23510851141102743,0.5091064709292412,,,410,NA,2017-01-01 00:00:00,77702,11763.791895,-0.0007005896539660584,-0.03,0.02929941034603394,-0.02929941034603394,True,1,type_mean,0.0083004769074155,0.0070097321687576,0.0811969348655934,0.03216904798058883,"
<think>Given SBUX's high market capitalization relative to book equity and strong profitability, the firm appears fundamentally sound. The fund's current holding is substantial relative to its AUM, and the stock's low beta suggests lower systematic risk. With the fund's large overall exposure and the stock's modest S&P 500 weight, a moderate increase in holding might be expected to align with the firm's positive fundamentals and the fund's active management style, but the magnitude would likely be tempered by the already significant position size.</think>
<answer>
{""holding_log_delta"": -0.03}
</answer>","Given SBUX's high market capitalization relative to book equity and strong profitability, the firm appears fundamentally sound. The fund's current holding is substantial relative to its AUM, and the stock's low beta suggests lower systematic risk. With the fund's large overall exposure and the stock's modest S&P 500 weight, a moderate increase in holding might be expected to align with the firm's positive fundamentals and the fund's active management style, but the magnitude would likely be tempered by the already significant position size.","{""holding_log_delta"": -0.03}"
3,population,11,0.25578401766073156,0.23510851141102743,0.5091064709292412,,,410,NA,2017-01-01 00:00:00,77702,11763.791895,-0.0007005896539660584,-0.03,0.02929941034603394,-0.02929941034603394,True,1,type_mean,0.0083004769074155,0.0070097321687576,0.0811969348655934,0.03216904798058883,"
<think>Given SBUX's high market capitalization relative to book equity and strong profitability, the firm appears fundamentally sound. The fund's current holding is substantial relative to its AUM, and the stock's low beta suggests lower systematic risk. With the fund's large overall exposure and the stock's modest S&P 500 weight, a moderate increase in holding might be expected to align with the firm's positive fundamentals and the fund's active management style, but the magnitude would likely be tempered by the already significant position size.</think>
<answer>
{""holding_log_delta"": -0.03}
</answer>","Given SBUX's high market capitalization relative to book equity and strong profitability, the firm appears fundamentally sound. The fund's current holding is substantial relative to its AUM, and the stock's low beta suggests lower systematic risk. With the fund's large overall exposure and the stock's modest S&P 500 weight, a moderate increase in holding might be expected to align with the firm's positive fundamentals and the fund's active management style, but the magnitude would likely be tempered by the already significant position size.","{""holding_log_delta"": -0.03}"
