generation,stage,candidate_idx,risk_aversion,herd_behavior,profit_driven,ticker,company,id,quarter,date,permno,holding_t,y_true,pred,abs_error,reward,valid,best_k,profile_strength_mode,x_risk_mean,x_herd_mean,x_profit_mean,overall_mean,raw_output,reason,answer_body
52,population,0,0.34999965000035,0.26999973000027006,0.37999962000038,,,256,NA,2017-10-01 00:00:00,22103,7549.858052,-0.03505967488957281,-0.08,0.04494032511042719,-0.04494032511042719,True,1,type_mean,0.0083004769074155,0.0070097321687576,0.0811969348655934,0.03216904798058883,"
<think>Given the firm's moderate profitability (profit=0.376) and negative asset growth (Gat=-0.129), combined with a beta above 1 indicating higher systematic risk than the market, the fund might reduce its position to manage risk exposure. The current holding is substantial relative to the stock's S&P 500 weight, suggesting potential for a decrease to align with the benchmark or due to the stock's elevated volatility (stock_vol_q_prev=0.087613).</think>
<answer>
{""holding_log_delta"": -0.08}
</answer>","Given the firm's moderate profitability (profit=0.376) and negative asset growth (Gat=-0.129), combined with a beta above 1 indicating higher systematic risk than the market, the fund might reduce its position to manage risk exposure. The current holding is substantial relative to the stock's S&P 500 weight, suggesting potential for a decrease to align with the benchmark or due to the stock's elevated volatility (stock_vol_q_prev=0.087613).","{""holding_log_delta"": -0.08}"
52,population,1,0.327864503068326,0.3080475456119149,0.3640869513197654,,,256,NA,2017-10-01 00:00:00,22103,7549.858052,-0.03505967488957281,-0.05,0.014940325110427193,-0.014940325110427193,True,1,type_mean,0.0083004769074155,0.0070097321687576,0.0811969348655934,0.03216904798058883,"
<think>Given the firm's moderate profitability (profit=0.376) and negative asset growth (Gat=-0.129), combined with its high beta (1.218) indicating above-market volatility, a risk-averse investor might reduce exposure to manage risk. The fund's current holding is substantial relative to its AUM, and the stock's low S&P 500 weight suggests limited benchmark-driven demand. Therefore, a modest decrease in the normalized log holding is expected to align with risk management and active portfolio rebalancing.</think>
<answer>
{""holding_log_delta"": -0.05}
</answer>","Given the firm's moderate profitability (profit=0.376) and negative asset growth (Gat=-0.129), combined with its high beta (1.218) indicating above-market volatility, a risk-averse investor might reduce exposure to manage risk. The fund's current holding is substantial relative to its AUM, and the stock's low S&P 500 weight suggests limited benchmark-driven demand. Therefore, a modest decrease in the normalized log holding is expected to align with risk management and active portfolio rebalancing.","{""holding_log_delta"": -0.05}"
52,population,2,0.31999976960007626,0.3299994824005603,0.3499997480000834,,,256,NA,2017-10-01 00:00:00,22103,7549.858052,-0.03505967488957281,-0.06,0.024940325110427188,-0.024940325110427188,True,1,type_mean,0.0083004769074155,0.0070097321687576,0.0811969348655934,0.03216904798058883,"
<think>Given the firm's moderate profitability (profit=0.376) and negative asset growth (Gat=-0.129), combined with a beta above 1 indicating higher systematic risk than the market, the fund might reduce its position to manage risk exposure. The current holding is substantial relative to the stock's S&P 500 weight, suggesting potential for a decrease to align with the benchmark or due to the stock's elevated volatility (stock_vol_q_prev=0.087613).</think>
<answer>
{""holding_log_delta"": -0.06}
</answer>","Given the firm's moderate profitability (profit=0.376) and negative asset growth (Gat=-0.129), combined with a beta above 1 indicating higher systematic risk than the market, the fund might reduce its position to manage risk exposure. The current holding is substantial relative to the stock's S&P 500 weight, suggesting potential for a decrease to align with the benchmark or due to the stock's elevated volatility (stock_vol_q_prev=0.087613).","{""holding_log_delta"": -0.06}"
52,population,3,0.34343422201797885,0.3232319362311942,0.33333283165017397,,,256,NA,2017-10-01 00:00:00,22103,7549.858052,-0.03505967488957281,-0.08,0.04494032511042719,-0.04494032511042719,True,1,type_mean,0.0083004769074155,0.0070097321687576,0.0811969348655934,0.03216904798058883,"
<think>Given the firm's moderate profitability (profit=0.376) and negative asset growth (Gat=-0.129), combined with a beta above 1 indicating higher systematic risk than the market, the fund might reduce its position to manage risk exposure. The current holding is substantial relative to the stock's S&P 500 weight, suggesting potential for a decrease to align with the benchmark or due to the stock's elevated volatility (stock_vol_q_prev=0.087613). The fund's medium risk tolerance and low turnover constraint support a modest adjustment rather than a large directional shift.</think>
<answer>
{""holding_log_delta"": -0.08}
</answer>","Given the firm's moderate profitability (profit=0.376) and negative asset growth (Gat=-0.129), combined with a beta above 1 indicating higher systematic risk than the market, the fund might reduce its position to manage risk exposure. The current holding is substantial relative to the stock's S&P 500 weight, suggesting potential for a decrease to align with the benchmark or due to the stock's elevated volatility (stock_vol_q_prev=0.087613). The fund's medium risk tolerance and low turnover constraint support a modest adjustment rather than a large directional shift.","{""holding_log_delta"": -0.08}"
52,population,4,0.34999965000035,0.30999969000031,0.33999966000034004,,,256,NA,2017-10-01 00:00:00,22103,7549.858052,-0.03505967488957281,-0.08,0.04494032511042719,-0.04494032511042719,True,1,type_mean,0.0083004769074155,0.0070097321687576,0.0811969348655934,0.03216904798058883,"
<think>Given the firm's moderate profitability (profit=0.376) and negative asset growth (Gat=-0.129), alongside a beta above 1 indicating higher systematic risk than the market, a growth-oriented fund might reduce its position to manage risk exposure. The current holding is substantial relative to the fund's AUM, and the stock's high previous quarter volatility suggests elevated short-term risk, which could prompt a decrease to align with the fund's medium-risk tolerance and low-turnover constraint.</think>
<answer>
{""holding_log_delta"": -0.08}
</answer>","Given the firm's moderate profitability (profit=0.376) and negative asset growth (Gat=-0.129), alongside a beta above 1 indicating higher systematic risk than the market, a growth-oriented fund might reduce its position to manage risk exposure. The current holding is substantial relative to the fund's AUM, and the stock's high previous quarter volatility suggests elevated short-term risk, which could prompt a decrease to align with the fund's medium-risk tolerance and low-turnover constraint.","{""holding_log_delta"": -0.08}"
52,population,5,0.35999964000036,0.27999972000028006,0.35999964000036,,,256,NA,2017-10-01 00:00:00,22103,7549.858052,-0.03505967488957281,-0.06,0.024940325110427188,-0.024940325110427188,True,1,type_mean,0.0083004769074155,0.0070097321687576,0.0811969348655934,0.03216904798058883,"
<think>Given the firm's moderate profitability (profit=0.376) and negative asset growth (Gat=-0.129), combined with a beta above 1 indicating higher systematic risk than the market, the fund might reduce its position to manage risk exposure. The current holding is substantial relative to the stock's S&P 500 weight, suggesting potential for a decrease to align with the benchmark or due to the stock's elevated volatility (stock_vol_q_prev=0.087613).</think>
<answer>
{""holding_log_delta"": -0.06}
</answer>","Given the firm's moderate profitability (profit=0.376) and negative asset growth (Gat=-0.129), combined with a beta above 1 indicating higher systematic risk than the market, the fund might reduce its position to manage risk exposure. The current holding is substantial relative to the stock's S&P 500 weight, suggesting potential for a decrease to align with the benchmark or due to the stock's elevated volatility (stock_vol_q_prev=0.087613).","{""holding_log_delta"": -0.06}"
52,population,6,0.32999967000033004,0.32999967000033004,0.33999966000034004,,,256,NA,2017-10-01 00:00:00,22103,7549.858052,-0.03505967488957281,-0.08,0.04494032511042719,-0.04494032511042719,True,1,type_mean,0.0083004769074155,0.0070097321687576,0.0811969348655934,0.03216904798058883,"
<think>Given the firm's moderate profitability (profit=0.376) and negative asset growth (Gat=-0.129), combined with a beta above 1 indicating higher systematic risk than the market, the fund might reduce its position to manage risk exposure. The current holding is substantial relative to the stock's S&P 500 weight, suggesting potential for a decrease to align with the benchmark or due to the stock's elevated volatility (stock_vol_q_prev=0.087613).</think>
<answer>
{""holding_log_delta"": -0.08}
</answer>","Given the firm's moderate profitability (profit=0.376) and negative asset growth (Gat=-0.129), combined with a beta above 1 indicating higher systematic risk than the market, the fund might reduce its position to manage risk exposure. The current holding is substantial relative to the stock's S&P 500 weight, suggesting potential for a decrease to align with the benchmark or due to the stock's elevated volatility (stock_vol_q_prev=0.087613).","{""holding_log_delta"": -0.08}"
52,population,7,0.3478645050687631,0.31804754749144054,0.3340869535412106,,,256,NA,2017-10-01 00:00:00,22103,7549.858052,-0.03505967488957281,-0.08,0.04494032511042719,-0.04494032511042719,True,1,type_mean,0.0083004769074155,0.0070097321687576,0.0811969348655934,0.03216904798058883,"
<think>Given the firm's moderate profitability (profit=0.376) and negative asset growth (Gat=-0.129), combined with a beta above 1 indicating higher systematic risk than the market, the fund might reduce its position to manage risk exposure. The current holding is substantial relative to the stock's S&P 500 weight, suggesting potential for a decrease to align with the benchmark or manage concentration. Considering the fund's medium risk tolerance and the stock's elevated volatility, a modest reduction in holding is expected.</think>
<answer>
{""holding_log_delta"": -0.08}
</answer>","Given the firm's moderate profitability (profit=0.376) and negative asset growth (Gat=-0.129), combined with a beta above 1 indicating higher systematic risk than the market, the fund might reduce its position to manage risk exposure. The current holding is substantial relative to the stock's S&P 500 weight, suggesting potential for a decrease to align with the benchmark or manage concentration. Considering the fund's medium risk tolerance and the stock's elevated volatility, a modest reduction in holding is expected.","{""holding_log_delta"": -0.08}"
52,population,8,0.36999963000037,0.26999973000027006,0.35999964000036,,,256,NA,2017-10-01 00:00:00,22103,7549.858052,-0.03505967488957281,-0.05,0.014940325110427193,-0.014940325110427193,True,1,type_mean,0.0083004769074155,0.0070097321687576,0.0811969348655934,0.03216904798058883,"
<think>Given the firm's moderate profitability (profit=0.376) and negative asset growth (Gat=-0.129), alongside a beta above 1 indicating higher systematic risk than the market, the fund might reduce its position to manage risk exposure. The current holding is substantial relative to the stock's S&P 500 weight, suggesting potential for a decrease to align with the benchmark or due to the stock's elevated volatility (stock_vol_q_prev=0.087613). Considering the fund's medium risk tolerance and the need to balance active management against benchmark considerations, a modest reduction in the normalized log holding is expected.</think>
<answer>
{""holding_log_delta"": -0.05}
</answer>","Given the firm's moderate profitability (profit=0.376) and negative asset growth (Gat=-0.129), alongside a beta above 1 indicating higher systematic risk than the market, the fund might reduce its position to manage risk exposure. The current holding is substantial relative to the stock's S&P 500 weight, suggesting potential for a decrease to align with the benchmark or due to the stock's elevated volatility (stock_vol_q_prev=0.087613). Considering the fund's medium risk tolerance and the need to balance active management against benchmark considerations, a modest reduction in the normalized log holding is expected.","{""holding_log_delta"": -0.05}"
52,population,9,0.37999962000038,0.25999974000026005,0.35999964000036,,,256,NA,2017-10-01 00:00:00,22103,7549.858052,-0.03505967488957281,-0.06,0.024940325110427188,-0.024940325110427188,True,1,type_mean,0.0083004769074155,0.0070097321687576,0.0811969348655934,0.03216904798058883,"
<think>Given the firm's moderate profitability (profit=0.376) and negative asset growth (Gat=-0.129), combined with a beta above 1 indicating higher systematic risk than the market, the fund might reduce its position to manage risk exposure. The current holding is substantial relative to the stock's S&P 500 weight, suggesting potential for a decrease to align with the benchmark or due to the stock's elevated volatility (stock_vol_q_prev=0.087613).</think>
<answer>
{""holding_log_delta"": -0.06}
</answer>","Given the firm's moderate profitability (profit=0.376) and negative asset growth (Gat=-0.129), combined with a beta above 1 indicating higher systematic risk than the market, the fund might reduce its position to manage risk exposure. The current holding is substantial relative to the stock's S&P 500 weight, suggesting potential for a decrease to align with the benchmark or due to the stock's elevated volatility (stock_vol_q_prev=0.087613).","{""holding_log_delta"": -0.06}"
52,population,10,0.33999966000034004,0.28999971000029,0.36999963000037,,,256,NA,2017-10-01 00:00:00,22103,7549.858052,-0.03505967488957281,-0.06,0.024940325110427188,-0.024940325110427188,True,1,type_mean,0.0083004769074155,0.0070097321687576,0.0811969348655934,0.03216904798058883,"
<think>Given the firm's moderate profitability (profit=0.376) and negative asset growth (Gat=-0.129), combined with a beta above 1 indicating higher systematic risk than the market, the fund might reduce its position to manage risk exposure. The current holding is substantial relative to the fund's AUM, and the stock's high previous quarter volatility (0.0876) suggests elevated short-term risk, which could prompt a decrease to align with the fund's medium-risk tolerance and low-turnover constraint.</think>
<answer>
{""holding_log_delta"": -0.06}
</answer>","Given the firm's moderate profitability (profit=0.376) and negative asset growth (Gat=-0.129), combined with a beta above 1 indicating higher systematic risk than the market, the fund might reduce its position to manage risk exposure. The current holding is substantial relative to the fund's AUM, and the stock's high previous quarter volatility (0.0876) suggests elevated short-term risk, which could prompt a decrease to align with the fund's medium-risk tolerance and low-turnover constraint.","{""holding_log_delta"": -0.06}"
52,population,11,0.34999965000035,0.2999997000003,0.34999965000035,,,256,NA,2017-10-01 00:00:00,22103,7549.858052,-0.03505967488957281,-0.08,0.04494032511042719,-0.04494032511042719,True,1,type_mean,0.0083004769074155,0.0070097321687576,0.0811969348655934,0.03216904798058883,"
<think>Given the firm's moderate profitability (profit=0.376) and negative asset growth (Gat=-0.129), combined with a beta above 1 indicating higher systematic risk than the market, the fund might reduce its position to manage risk exposure. The current holding is substantial relative to the stock's S&P 500 weight, suggesting potential for a decrease to align with the benchmark or due to the stock's elevated volatility (stock_vol_q_prev=0.087613).</think>
<answer>
{""holding_log_delta"": -0.08}
</answer>","Given the firm's moderate profitability (profit=0.376) and negative asset growth (Gat=-0.129), combined with a beta above 1 indicating higher systematic risk than the market, the fund might reduce its position to manage risk exposure. The current holding is substantial relative to the stock's S&P 500 weight, suggesting potential for a decrease to align with the benchmark or due to the stock's elevated volatility (stock_vol_q_prev=0.087613).","{""holding_log_delta"": -0.08}"
