generation,stage,candidate_idx,risk_aversion,herd_behavior,profit_driven,ticker,company,id,quarter,date,permno,holding_t,y_true,pred,abs_error,reward,valid,best_k,profile_strength_mode,x_risk_mean,x_herd_mean,x_profit_mean,overall_mean,raw_output,reason,answer_body
60,population,0,0.3478996521003479,0.31699968300031706,0.33509966490033516,,,486,NA,2017-07-01 00:00:00,90386,1047.509867,0.18245900088865333,-0.04,0.22245900088865334,-0.22245900088865334,True,1,type_mean,0.0083004769074155,0.0070097321687576,0.0811969348655934,0.03216904798058883,"
<think>Given the firm's moderate profitability (profit=0.084) and negative asset growth (Gat=-0.030), combined with a beta above 1 indicating higher systematic risk than the market, the stock presents mixed signals. The fund's current holding is relatively small compared to its AUM, and the stock's low S&P 500 weight suggests limited benchmark-driven demand. Considering the negative asset growth and elevated beta, a modest reduction in the position might be expected to manage risk exposure, leading to a slight negative normalized log change.</think>
<answer>
{""holding_log_delta"": -0.04}
</answer>","Given the firm's moderate profitability (profit=0.084) and negative asset growth (Gat=-0.030), combined with a beta above 1 indicating higher systematic risk than the market, the stock presents mixed signals. The fund's current holding is relatively small compared to its AUM, and the stock's low S&P 500 weight suggests limited benchmark-driven demand. Considering the negative asset growth and elevated beta, a modest reduction in the position might be expected to manage risk exposure, leading to a slight negative normalized log change.","{""holding_log_delta"": -0.04}"
60,population,1,0.3478996521003479,0.32699967300032706,0.32509967490032515,,,486,NA,2017-07-01 00:00:00,90386,1047.509867,0.18245900088865333,-0.03,0.21245900088865333,-0.21245900088865333,True,1,type_mean,0.0083004769074155,0.0070097321687576,0.0811969348655934,0.03216904798058883,"
<think>Given the firm's moderate profitability (profit=0.084) and negative asset growth (Gat=-0.030), combined with a beta above 1 indicating higher systematic risk than the market, the stock presents mixed signals. The fund's current holding is relatively small compared to its AUM, and the stock's low S&P 500 weight suggests limited benchmark-driven demand. Considering the negative asset growth and elevated beta, a modest reduction in the position might be expected to manage risk exposure, leading to a slight negative normalized log change.</think>
<answer>
{""holding_log_delta"": -0.03}
</answer>","Given the firm's moderate profitability (profit=0.084) and negative asset growth (Gat=-0.030), combined with a beta above 1 indicating higher systematic risk than the market, the stock presents mixed signals. The fund's current holding is relatively small compared to its AUM, and the stock's low S&P 500 weight suggests limited benchmark-driven demand. Considering the negative asset growth and elevated beta, a modest reduction in the position might be expected to manage risk exposure, leading to a slight negative normalized log change.","{""holding_log_delta"": -0.03}"
60,population,2,0.3378996621003379,0.31699968300031706,0.34509965490034517,,,486,NA,2017-07-01 00:00:00,90386,1047.509867,0.18245900088865333,-0.04,0.22245900088865334,-0.22245900088865334,True,1,type_mean,0.0083004769074155,0.0070097321687576,0.0811969348655934,0.03216904798058883,"
<think>Given the firm's moderate profitability (profit=0.084) and negative asset growth (Gat=-0.030), combined with a beta above 1 indicating higher systematic risk than the market, the stock presents mixed signals. The fund's current holding is relatively small compared to its AUM, and the stock's low S&P 500 weight suggests limited benchmark-driven demand. Considering the negative asset growth and elevated beta, a modest reduction in the position might be expected to manage risk exposure, leading to a slight negative normalized log change.</think>
<answer>
{""holding_log_delta"": -0.04}
</answer>","Given the firm's moderate profitability (profit=0.084) and negative asset growth (Gat=-0.030), combined with a beta above 1 indicating higher systematic risk than the market, the stock presents mixed signals. The fund's current holding is relatively small compared to its AUM, and the stock's low S&P 500 weight suggests limited benchmark-driven demand. Considering the negative asset growth and elevated beta, a modest reduction in the position might be expected to manage risk exposure, leading to a slight negative normalized log change.","{""holding_log_delta"": -0.04}"
60,population,3,0.3478996521003479,0.296999703000297,0.35509964490035517,,,486,NA,2017-07-01 00:00:00,90386,1047.509867,0.18245900088865333,-0.04,0.22245900088865334,-0.22245900088865334,True,1,type_mean,0.0083004769074155,0.0070097321687576,0.0811969348655934,0.03216904798058883,"
<think>Given the firm's moderate profitability (profit=0.084) and negative asset growth (Gat=-0.03057), combined with a beta above 1 indicating higher systematic risk than the market, the stock presents mixed signals. The fund's current holding is relatively small compared to its AUM, and the stock's low S&P 500 weight suggests limited benchmark-driven demand. Considering the negative asset growth and elevated beta, a modest reduction in the position might be expected to manage risk exposure, leading to a slight negative normalized log change.</think>
<answer>
{""holding_log_delta"": -0.04}
</answer>","Given the firm's moderate profitability (profit=0.084) and negative asset growth (Gat=-0.03057), combined with a beta above 1 indicating higher systematic risk than the market, the stock presents mixed signals. The fund's current holding is relatively small compared to its AUM, and the stock's low S&P 500 weight suggests limited benchmark-driven demand. Considering the negative asset growth and elevated beta, a modest reduction in the position might be expected to manage risk exposure, leading to a slight negative normalized log change.","{""holding_log_delta"": -0.04}"
60,population,4,0.3578996421003579,0.27699972300027703,0.3650996349003651,,,486,NA,2017-07-01 00:00:00,90386,1047.509867,0.18245900088865333,-0.04,0.22245900088865334,-0.22245900088865334,True,1,type_mean,0.0083004769074155,0.0070097321687576,0.0811969348655934,0.03216904798058883,"
<think>Given the firm's moderate profitability (profit=0.084) and negative asset growth (Gat=-0.03057), combined with a beta above 1 indicating higher systematic risk than the market, the stock presents mixed signals. The fund's current holding is relatively small compared to its AUM, and the stock's low S&P 500 weight suggests limited benchmark-driven demand. Considering the negative asset growth and elevated beta, a modest reduction in the position might be expected to manage risk exposure, leading to a slight negative normalized log change.</think>
<answer>
{""holding_log_delta"": -0.04}
</answer>","Given the firm's moderate profitability (profit=0.084) and negative asset growth (Gat=-0.03057), combined with a beta above 1 indicating higher systematic risk than the market, the stock presents mixed signals. The fund's current holding is relatively small compared to its AUM, and the stock's low S&P 500 weight suggests limited benchmark-driven demand. Considering the negative asset growth and elevated beta, a modest reduction in the position might be expected to manage risk exposure, leading to a slight negative normalized log change.","{""holding_log_delta"": -0.04}"
60,population,5,0.3378996621003379,0.296999703000297,0.3650996349003651,,,486,NA,2017-07-01 00:00:00,90386,1047.509867,0.18245900088865333,-0.04,0.22245900088865334,-0.22245900088865334,True,1,type_mean,0.0083004769074155,0.0070097321687576,0.0811969348655934,0.03216904798058883,"
<think>Given the firm's moderate profitability (profit=0.084) and negative asset growth (Gat=-0.030), combined with a beta above 1 indicating higher systematic risk than the market, the stock presents mixed signals. The fund's current holding is relatively small compared to its AUM, and the stock's low S&P 500 weight suggests limited benchmark-driven demand. Considering the negative asset growth and elevated beta, a modest reduction in the position might be expected to manage risk exposure, leading to a slight negative normalized log change.</think>
<answer>
{""holding_log_delta"": -0.04}
</answer>","Given the firm's moderate profitability (profit=0.084) and negative asset growth (Gat=-0.030), combined with a beta above 1 indicating higher systematic risk than the market, the stock presents mixed signals. The fund's current holding is relatively small compared to its AUM, and the stock's low S&P 500 weight suggests limited benchmark-driven demand. Considering the negative asset growth and elevated beta, a modest reduction in the position might be expected to manage risk exposure, leading to a slight negative normalized log change.","{""holding_log_delta"": -0.04}"
60,population,6,0.32789967210032794,0.306999693000307,0.3650996349003651,,,486,NA,2017-07-01 00:00:00,90386,1047.509867,0.18245900088865333,-0.04,0.22245900088865334,-0.22245900088865334,True,1,type_mean,0.0083004769074155,0.0070097321687576,0.0811969348655934,0.03216904798058883,"
<think>Given the firm's moderate profitability (profit=0.084) and negative asset growth (Gat=-0.030), combined with a beta above 1 indicating higher systematic risk than the market, the stock presents mixed signals. The fund's current holding is relatively small compared to its AUM, and the stock's low S&P 500 weight suggests limited benchmark-driven demand. Considering the negative asset growth and elevated beta, a modest reduction in the position might be expected to manage risk exposure, leading to a slight negative normalized log change.</think>
<answer>
{""holding_log_delta"": -0.04}
</answer>","Given the firm's moderate profitability (profit=0.084) and negative asset growth (Gat=-0.030), combined with a beta above 1 indicating higher systematic risk than the market, the stock presents mixed signals. The fund's current holding is relatively small compared to its AUM, and the stock's low S&P 500 weight suggests limited benchmark-driven demand. Considering the negative asset growth and elevated beta, a modest reduction in the position might be expected to manage risk exposure, leading to a slight negative normalized log change.","{""holding_log_delta"": -0.04}"
60,population,7,0.31789968210031794,0.306999693000307,0.37509962490037513,,,486,NA,2017-07-01 00:00:00,90386,1047.509867,0.18245900088865333,-0.04,0.22245900088865334,-0.22245900088865334,True,1,type_mean,0.0083004769074155,0.0070097321687576,0.0811969348655934,0.03216904798058883,"
<think>Given the firm's moderate profitability (profit=0.084) and negative asset growth (Gat=-0.030), combined with a beta above 1 indicating higher systematic risk than the market, the stock presents mixed signals. The fund's current holding is relatively small compared to its AUM, and the stock's low S&P 500 weight suggests limited benchmark-driven demand. Considering the negative asset growth and elevated beta, a modest reduction in the position might be expected to manage risk exposure, leading to a slight negative normalized log change.</think>
<answer>
{""holding_log_delta"": -0.04}
</answer>","Given the firm's moderate profitability (profit=0.084) and negative asset growth (Gat=-0.030), combined with a beta above 1 indicating higher systematic risk than the market, the stock presents mixed signals. The fund's current holding is relatively small compared to its AUM, and the stock's low S&P 500 weight suggests limited benchmark-driven demand. Considering the negative asset growth and elevated beta, a modest reduction in the position might be expected to manage risk exposure, leading to a slight negative normalized log change.","{""holding_log_delta"": -0.04}"
60,population,8,0.32789967210032794,0.306999693000307,0.3650996349003651,,,486,NA,2017-07-01 00:00:00,90386,1047.509867,0.18245900088865333,-0.04,0.22245900088865334,-0.22245900088865334,True,1,type_mean,0.0083004769074155,0.0070097321687576,0.0811969348655934,0.03216904798058883,"
<think>Given the firm's moderate profitability (profit=0.084) and negative asset growth (Gat=-0.030), combined with a beta above 1 indicating higher systematic risk than the market, the stock presents mixed signals. The fund's current holding is relatively small compared to its AUM, and the stock's low S&P 500 weight suggests limited benchmark-driven demand. Considering the negative asset growth and elevated beta, a modest reduction in the position might be expected to manage risk exposure, leading to a slight negative normalized log change.</think>
<answer>
{""holding_log_delta"": -0.04}
</answer>","Given the firm's moderate profitability (profit=0.084) and negative asset growth (Gat=-0.030), combined with a beta above 1 indicating higher systematic risk than the market, the stock presents mixed signals. The fund's current holding is relatively small compared to its AUM, and the stock's low S&P 500 weight suggests limited benchmark-driven demand. Considering the negative asset growth and elevated beta, a modest reduction in the position might be expected to manage risk exposure, leading to a slight negative normalized log change.","{""holding_log_delta"": -0.04}"
60,population,9,0.3478996521003479,0.307999692000308,0.34409965590034414,,,486,NA,2017-07-01 00:00:00,90386,1047.509867,0.18245900088865333,-0.04,0.22245900088865334,-0.22245900088865334,True,1,type_mean,0.0083004769074155,0.0070097321687576,0.0811969348655934,0.03216904798058883,"
<think>Given the firm's moderate profitability (profit=0.084) and negative asset growth (Gat=-0.030), combined with a beta above 1 indicating higher systematic risk than the market, the stock presents mixed signals. The fund's current holding is relatively small compared to its AUM, and the stock's low S&P 500 weight suggests limited benchmark-driven demand. Considering the negative asset growth and elevated beta, a modest reduction in the position might be expected to manage risk exposure, leading to a slight negative normalized log change.</think>
<answer>
{""holding_log_delta"": -0.04}
</answer>","Given the firm's moderate profitability (profit=0.084) and negative asset growth (Gat=-0.030), combined with a beta above 1 indicating higher systematic risk than the market, the stock presents mixed signals. The fund's current holding is relatively small compared to its AUM, and the stock's low S&P 500 weight suggests limited benchmark-driven demand. Considering the negative asset growth and elevated beta, a modest reduction in the position might be expected to manage risk exposure, leading to a slight negative normalized log change.","{""holding_log_delta"": -0.04}"
60,population,10,0.32789967210032794,0.306999693000307,0.3650996349003651,,,486,NA,2017-07-01 00:00:00,90386,1047.509867,0.18245900088865333,-0.04,0.22245900088865334,-0.22245900088865334,True,1,type_mean,0.0083004769074155,0.0070097321687576,0.0811969348655934,0.03216904798058883,"
<think>Given the firm's moderate profitability (profit=0.084) and negative asset growth (Gat=-0.030), combined with a beta above 1 indicating higher systematic risk than the market, the stock presents mixed signals. The fund's current holding is relatively small compared to its AUM, and the stock's low S&P 500 weight suggests limited benchmark-driven demand. Considering the negative asset growth and elevated beta, a modest reduction in the position might be expected to manage risk exposure, leading to a slight negative normalized log change.</think>
<answer>
{""holding_log_delta"": -0.04}
</answer>","Given the firm's moderate profitability (profit=0.084) and negative asset growth (Gat=-0.030), combined with a beta above 1 indicating higher systematic risk than the market, the stock presents mixed signals. The fund's current holding is relatively small compared to its AUM, and the stock's low S&P 500 weight suggests limited benchmark-driven demand. Considering the negative asset growth and elevated beta, a modest reduction in the position might be expected to manage risk exposure, leading to a slight negative normalized log change.","{""holding_log_delta"": -0.04}"
60,population,11,0.327864503068326,0.3080475456119149,0.3640869513197654,,,486,NA,2017-07-01 00:00:00,90386,1047.509867,0.18245900088865333,-0.04,0.22245900088865334,-0.22245900088865334,True,1,type_mean,0.0083004769074155,0.0070097321687576,0.0811969348655934,0.03216904798058883,"
<think>Given the firm's moderate profitability (profit=0.084) and negative asset growth (Gat=-0.030), combined with a beta above 1 indicating higher systematic risk than the market, the stock presents mixed signals. The fund's current holding is relatively small compared to its AUM, and the stock's low S&P 500 weight suggests limited benchmark-driven demand. Considering the negative asset growth and elevated beta, a modest reduction in the position might be expected to manage risk exposure, leading to a slight negative normalized log change.</think>
<answer>
{""holding_log_delta"": -0.04}
</answer>","Given the firm's moderate profitability (profit=0.084) and negative asset growth (Gat=-0.030), combined with a beta above 1 indicating higher systematic risk than the market, the stock presents mixed signals. The fund's current holding is relatively small compared to its AUM, and the stock's low S&P 500 weight suggests limited benchmark-driven demand. Considering the negative asset growth and elevated beta, a modest reduction in the position might be expected to manage risk exposure, leading to a slight negative normalized log change.","{""holding_log_delta"": -0.04}"
