generation,stage,candidate_idx,risk_aversion,herd_behavior,profit_driven,ticker,company,id,quarter,date,permno,holding_t,y_true,pred,abs_error,reward,valid,best_k,profile_strength_mode,x_risk_mean,x_herd_mean,x_profit_mean,overall_mean,raw_output,reason,answer_body
58,population,0,0.3693513561012054,0.5471508120967324,0.08349684948462568,K,KELLOGG CO,221,NA,2016-01-01 00:00:00,26825,819.372095,0.10585518238122991,-0.04,0.1458551823812299,-0.1458551823812299,True,1,type_mean,0.0105116667264412,0.009015847914168,2.8059538271968374,0.9418271139458155,"
<think>Given the firm's moderate profitability and negative asset growth, combined with low beta and a small S&P 500 weight, the stock appears relatively stable but not strongly growth-oriented. The fund's current holding is substantial relative to its AUM and the stock's trading volume, suggesting a significant existing exposure. Considering the investor's defensive profile and low risk tolerance, a modest reduction in holding might be expected to align with the benchmark weight and manage concentration, though the magnitude would likely be limited due to the high turnover constraint.</think>
<answer>
{""holding_log_delta"": -0.04}
</answer>","Given the firm's moderate profitability and negative asset growth, combined with low beta and a small S&P 500 weight, the stock appears relatively stable but not strongly growth-oriented. The fund's current holding is substantial relative to its AUM and the stock's trading volume, suggesting a significant existing exposure. Considering the investor's defensive profile and low risk tolerance, a modest reduction in holding might be expected to align with the benchmark weight and manage concentration, though the magnitude would likely be limited due to the high turnover constraint.","{""holding_log_delta"": -0.04}"
58,population,1,0.357999642000358,0.516999483000517,0.12499987500012501,K,KELLOGG CO,221,NA,2016-01-01 00:00:00,26825,819.372095,0.10585518238122991,-0.04,0.1458551823812299,-0.1458551823812299,True,1,type_mean,0.0105116667264412,0.009015847914168,2.8059538271968374,0.9418271139458155,"
<think>Given the firm's moderate profitability (profit=0.41) and low beta (0.43), it appears stable but not growth-oriented. The fund's current holding is relatively small compared to its AUM, and the stock's low S&P 500 weight suggests limited benchmark-driven pressure. With negative asset growth (Gat=-0.016) and modest volatility, a slight adjustment might be expected, likely a minor increase to align with the benchmark or a small decrease due to the negative growth signal.</think>
<answer>
{""holding_log_delta"": -0.04}
</answer>","Given the firm's moderate profitability (profit=0.41) and low beta (0.43), it appears stable but not growth-oriented. The fund's current holding is relatively small compared to its AUM, and the stock's low S&P 500 weight suggests limited benchmark-driven pressure. With negative asset growth (Gat=-0.016) and modest volatility, a slight adjustment might be expected, likely a minor increase to align with the benchmark or a small decrease due to the negative growth signal.","{""holding_log_delta"": -0.04}"
58,population,2,0.346999653000347,0.517999482000518,0.13499986500013503,K,KELLOGG CO,221,NA,2016-01-01 00:00:00,26825,819.372095,0.10585518238122991,-0.02,0.12585518238122992,-0.12585518238122992,True,1,type_mean,0.0105116667264412,0.009015847914168,2.8059538271968374,0.9418271139458155,"
<think>Given the firm's moderate profitability (profit=0.41) and negative asset growth (Gat=-0.016), combined with a low beta (0.43) indicating lower systematic risk, the stock may be viewed as stable but not growth-oriented. The fund's current holding is relatively small compared to AUM, and the stock's low S&P 500 weight suggests limited benchmark-driven pressure. Considering the low risk profile and defensive investor behavior, a modest adjustment to align with the benchmark or manage concentration is expected, likely resulting in a small positive or neutral change.</think>
<answer>
{""holding_log_delta"": -0.02}
</answer>","Given the firm's moderate profitability (profit=0.41) and negative asset growth (Gat=-0.016), combined with a low beta (0.43) indicating lower systematic risk, the stock may be viewed as stable but not growth-oriented. The fund's current holding is relatively small compared to AUM, and the stock's low S&P 500 weight suggests limited benchmark-driven pressure. Considering the low risk profile and defensive investor behavior, a modest adjustment to align with the benchmark or manage concentration is expected, likely resulting in a small positive or neutral change.","{""holding_log_delta"": -0.02}"
58,population,3,0.36699963300036703,0.5279994720005281,0.10499989500010501,K,KELLOGG CO,221,NA,2016-01-01 00:00:00,26825,819.372095,0.10585518238122991,-0.04,0.1458551823812299,-0.1458551823812299,True,1,type_mean,0.0105116667264412,0.009015847914168,2.8059538271968374,0.9418271139458155,"
<think>Given the firm's moderate profitability and negative asset growth, combined with low beta and a small S&P 500 weight, the stock appears relatively stable but not strongly growth-oriented. The fund's current holding is modest relative to AUM, and with low volatility and volume, a slight adjustment to align with the benchmark weight or minor rebalancing is plausible, likely resulting in a small normalized log change.</think>
<answer>
{""holding_log_delta"": -0.04}
</answer>","Given the firm's moderate profitability and negative asset growth, combined with low beta and a small S&P 500 weight, the stock appears relatively stable but not strongly growth-oriented. The fund's current holding is modest relative to AUM, and with low volatility and volume, a slight adjustment to align with the benchmark weight or minor rebalancing is plausible, likely resulting in a small normalized log change.","{""holding_log_delta"": -0.04}"
58,population,4,0.36699963300036703,0.5279994720005281,0.10499989500010501,K,KELLOGG CO,221,NA,2016-01-01 00:00:00,26825,819.372095,0.10585518238122991,-0.04,0.1458551823812299,-0.1458551823812299,True,1,type_mean,0.0105116667264412,0.009015847914168,2.8059538271968374,0.9418271139458155,"
<think>Given the firm's moderate profitability and negative asset growth, combined with low beta and a small S&P 500 weight, the stock appears relatively stable but not strongly growth-oriented. The fund's current holding is modest relative to AUM, and with low volatility and volume, a slight adjustment to align with the benchmark weight or minor rebalancing is plausible, likely resulting in a small normalized log change.</think>
<answer>
{""holding_log_delta"": -0.04}
</answer>","Given the firm's moderate profitability and negative asset growth, combined with low beta and a small S&P 500 weight, the stock appears relatively stable but not strongly growth-oriented. The fund's current holding is modest relative to AUM, and with low volatility and volume, a slight adjustment to align with the benchmark weight or minor rebalancing is plausible, likely resulting in a small normalized log change.","{""holding_log_delta"": -0.04}"
58,population,5,0.36699963300036703,0.5279994720005281,0.10499989500010501,K,KELLOGG CO,221,NA,2016-01-01 00:00:00,26825,819.372095,0.10585518238122991,-0.04,0.1458551823812299,-0.1458551823812299,True,1,type_mean,0.0105116667264412,0.009015847914168,2.8059538271968374,0.9418271139458155,"
<think>Given the firm's moderate profitability and negative asset growth, combined with low beta and a small S&P 500 weight, the stock appears relatively stable but not strongly growth-oriented. The fund's current holding is modest relative to AUM, and with low volatility and volume, a slight adjustment to align with the benchmark weight or minor rebalancing is plausible, likely resulting in a small normalized log change.</think>
<answer>
{""holding_log_delta"": -0.04}
</answer>","Given the firm's moderate profitability and negative asset growth, combined with low beta and a small S&P 500 weight, the stock appears relatively stable but not strongly growth-oriented. The fund's current holding is modest relative to AUM, and with low volatility and volume, a slight adjustment to align with the benchmark weight or minor rebalancing is plausible, likely resulting in a small normalized log change.","{""holding_log_delta"": -0.04}"
58,population,6,0.36281840311268476,0.5122431307509828,0.12493746663659944,K,KELLOGG CO,221,NA,2016-01-01 00:00:00,26825,819.372095,0.10585518238122991,-0.04,0.1458551823812299,-0.1458551823812299,True,1,type_mean,0.0105116667264412,0.009015847914168,2.8059538271968374,0.9418271139458155,"
<think>Given the firm's moderate profitability and negative asset growth, combined with low beta and a small S&P 500 weight, the stock appears relatively stable but not strongly growth-oriented. The fund's current holding is substantial relative to its AUM, and the stock's recent volatility is moderate. Considering the investor's defensive profile and low risk tolerance, a modest adjustment to align with the benchmark weight while managing concentration might be expected, likely resulting in a small decrease in the normalized log holding.</think>
<answer>
{""holding_log_delta"": -0.04}
</answer>","Given the firm's moderate profitability and negative asset growth, combined with low beta and a small S&P 500 weight, the stock appears relatively stable but not strongly growth-oriented. The fund's current holding is substantial relative to its AUM, and the stock's recent volatility is moderate. Considering the investor's defensive profile and low risk tolerance, a modest adjustment to align with the benchmark weight while managing concentration might be expected, likely resulting in a small decrease in the normalized log holding.","{""holding_log_delta"": -0.04}"
58,population,7,0.37299962700037304,0.521999478000522,0.10499989500010501,K,KELLOGG CO,221,NA,2016-01-01 00:00:00,26825,819.372095,0.10585518238122991,-0.04,0.1458551823812299,-0.1458551823812299,True,1,type_mean,0.0105116667264412,0.009015847914168,2.8059538271968374,0.9418271139458155,"
<think>Given the firm's moderate profitability and negative asset growth, combined with low beta and a small S&P 500 weight, the stock appears relatively stable but not strongly growth-oriented. The fund's current holding is modest relative to AUM, and with low volatility and trading volume, a slight adjustment to align with the benchmark weight or minor risk management might be expected, likely resulting in a small normalized log change.</think>
<answer>
{""holding_log_delta"": -0.04}
</answer>","Given the firm's moderate profitability and negative asset growth, combined with low beta and a small S&P 500 weight, the stock appears relatively stable but not strongly growth-oriented. The fund's current holding is modest relative to AUM, and with low volatility and trading volume, a slight adjustment to align with the benchmark weight or minor risk management might be expected, likely resulting in a small normalized log change.","{""holding_log_delta"": -0.04}"
58,population,8,0.37894247194879244,0.497075350045608,0.12398117815738856,K,KELLOGG CO,221,NA,2016-01-01 00:00:00,26825,819.372095,0.10585518238122991,-0.04,0.1458551823812299,-0.1458551823812299,True,1,type_mean,0.0105116667264412,0.009015847914168,2.8059538271968374,0.9418271139458155,"
<think>Given the firm's moderate profitability and negative asset growth, combined with low beta and a small S&P 500 weight, the stock appears relatively stable but not strongly growth-oriented. The fund's current holding is substantial relative to its AUM and the stock's market importance, suggesting a significant existing exposure. With low risk tolerance and a defensive investment style, a modest reduction in holding might be expected to align with the benchmark while managing concentration, though the negative asset growth could temper any increase.</think>
<answer>
{""holding_log_delta"": -0.04}
</answer>","Given the firm's moderate profitability and negative asset growth, combined with low beta and a small S&P 500 weight, the stock appears relatively stable but not strongly growth-oriented. The fund's current holding is substantial relative to its AUM and the stock's market importance, suggesting a significant existing exposure. With low risk tolerance and a defensive investment style, a modest reduction in holding might be expected to align with the benchmark while managing concentration, though the negative asset growth could temper any increase.","{""holding_log_delta"": -0.04}"
58,population,9,0.359180362604194,0.5072547182181792,0.13356391867522388,K,KELLOGG CO,221,NA,2016-01-01 00:00:00,26825,819.372095,0.10585518238122991,-0.04,0.1458551823812299,-0.1458551823812299,True,1,type_mean,0.0105116667264412,0.009015847914168,2.8059538271968374,0.9418271139458155,"
<think>Given the firm's moderate profitability and negative asset growth, combined with low beta and a small S&P 500 weight, the stock appears relatively stable but not strongly growth-oriented. The fund's current holding is substantial relative to its AUM and the stock's market importance, suggesting a significant existing exposure. Considering the low risk profile and defensive investment style, a modest adjustment to align with the benchmark weight while managing concentration might be expected, likely resulting in a small decrease in holding.</think>
<answer>
{""holding_log_delta"": -0.04}
</answer>","Given the firm's moderate profitability and negative asset growth, combined with low beta and a small S&P 500 weight, the stock appears relatively stable but not strongly growth-oriented. The fund's current holding is substantial relative to its AUM and the stock's market importance, suggesting a significant existing exposure. Considering the low risk profile and defensive investment style, a modest adjustment to align with the benchmark weight while managing concentration might be expected, likely resulting in a small decrease in holding.","{""holding_log_delta"": -0.04}"
58,population,10,0.358999641000359,0.516999483000517,0.123999876000124,K,KELLOGG CO,221,NA,2016-01-01 00:00:00,26825,819.372095,0.10585518238122991,-0.04,0.1458551823812299,-0.1458551823812299,True,1,type_mean,0.0105116667264412,0.009015847914168,2.8059538271968374,0.9418271139458155,"
<think>Given the firm's moderate profitability and negative asset growth, combined with low beta and a small S&P 500 weight, the stock appears relatively stable but not strongly growth-oriented. The fund's current holding is substantial relative to its AUM and the stock's trading volume, suggesting a significant existing exposure. Considering the low risk profile and defensive investment style, a modest adjustment to align with the benchmark weight or manage concentration might be expected, likely resulting in a small negative normalized log change.</think>
<answer>
{""holding_log_delta"": -0.04}
</answer>","Given the firm's moderate profitability and negative asset growth, combined with low beta and a small S&P 500 weight, the stock appears relatively stable but not strongly growth-oriented. The fund's current holding is substantial relative to its AUM and the stock's trading volume, suggesting a significant existing exposure. Considering the low risk profile and defensive investment style, a modest adjustment to align with the benchmark weight or manage concentration might be expected, likely resulting in a small negative normalized log change.","{""holding_log_delta"": -0.04}"
58,population,11,0.37899962100037904,0.5269994730005271,0.093999906000094,K,KELLOGG CO,221,NA,2016-01-01 00:00:00,26825,819.372095,0.10585518238122991,-0.04,0.1458551823812299,-0.1458551823812299,True,1,type_mean,0.0105116667264412,0.009015847914168,2.8059538271968374,0.9418271139458155,"
<think>Given the firm's moderate profitability and negative asset growth, combined with low beta and a small S&P 500 weight, the stock appears relatively stable but not strongly growth-oriented. The fund's current holding is modest relative to AUM, and with low volatility and volume, a slight adjustment to align with the benchmark weight or minor rebalancing is plausible, likely resulting in a small normalized log change.</think>
<answer>
{""holding_log_delta"": -0.04}
</answer>","Given the firm's moderate profitability and negative asset growth, combined with low beta and a small S&P 500 weight, the stock appears relatively stable but not strongly growth-oriented. The fund's current holding is modest relative to AUM, and with low volatility and volume, a slight adjustment to align with the benchmark weight or minor rebalancing is plausible, likely resulting in a small normalized log change.","{""holding_log_delta"": -0.04}"
