generation,stage,candidate_idx,risk_aversion,herd_behavior,profit_driven,ticker,company,id,quarter,date,permno,holding_t,y_true,pred,abs_error,reward,valid,best_k,profile_strength_mode,x_risk_mean,x_herd_mean,x_profit_mean,overall_mean,raw_output,reason,answer_body
20,population,0,0.36699963300036703,0.537999462000538,0.094999905000095,CSX,C S X CORP,450,NA,2016-01-01 00:00:00,62148,255.896393,0.1616314676499942,-0.04,0.2016314676499942,-0.2016314676499942,True,1,type_mean,0.0105116667264412,0.009015847914168,2.8059538271968374,0.9418271139458155,"
<think>Given the firm's moderate profitability (profit=0.21) and positive asset growth (Gat=0.042), along with its above-market beta (1.27) indicating higher systematic risk, the stock presents mixed signals. The fund's current holding is relatively small compared to AUM, and the stock's low S&P 500 weight suggests limited benchmark-driven pressure. Considering the fund's defensive profile and low risk tolerance, any increase in holding would likely be modest to manage risk exposure, while the elevated beta may temper aggressive increases.</think>
<answer>
{""holding_log_delta"": -0.04}
</answer>","Given the firm's moderate profitability (profit=0.21) and positive asset growth (Gat=0.042), along with its above-market beta (1.27) indicating higher systematic risk, the stock presents mixed signals. The fund's current holding is relatively small compared to AUM, and the stock's low S&P 500 weight suggests limited benchmark-driven pressure. Considering the fund's defensive profile and low risk tolerance, any increase in holding would likely be modest to manage risk exposure, while the elevated beta may temper aggressive increases.","{""holding_log_delta"": -0.04}"
20,population,1,0.37699962300037704,0.5579994420005581,0.06499993500006501,CSX,C S X CORP,450,NA,2016-01-01 00:00:00,62148,255.896393,0.1616314676499942,-0.04,0.2016314676499942,-0.2016314676499942,True,1,type_mean,0.0105116667264412,0.009015847914168,2.8059538271968374,0.9418271139458155,"
<think>Given the firm's moderate profitability and growth, along with its beta above 1 indicating higher systematic risk than the market, the fund might adjust its holding cautiously due to the elevated risk profile. The current position is relatively small compared to AUM, and the stock's low S&P 500 weight suggests limited benchmark-driven pressure. Considering the fund's defensive style and low risk tolerance, a modest reduction or minimal change in holding is likely to manage risk exposure.</think>
<answer>
{""holding_log_delta"": -0.04}
</answer>","Given the firm's moderate profitability and growth, along with its beta above 1 indicating higher systematic risk than the market, the fund might adjust its holding cautiously due to the elevated risk profile. The current position is relatively small compared to AUM, and the stock's low S&P 500 weight suggests limited benchmark-driven pressure. Considering the fund's defensive style and low risk tolerance, a modest reduction or minimal change in holding is likely to manage risk exposure.","{""holding_log_delta"": -0.04}"
20,population,2,0.38739961260038747,0.5282994717005284,0.08429991570008431,CSX,C S X CORP,450,NA,2016-01-01 00:00:00,62148,255.896393,0.1616314676499942,-0.04,0.2016314676499942,-0.2016314676499942,True,1,type_mean,0.0105116667264412,0.009015847914168,2.8059538271968374,0.9418271139458155,"
<think>Given the firm's moderate profitability (profit=0.21) and positive asset growth (Gat=0.042), along with its above-market beta (1.27) indicating higher systematic risk, the stock presents mixed signals. The fund's current holding is relatively small compared to AUM, and the stock's low S&P 500 weight suggests limited benchmark-driven pressure. Considering the fund's defensive profile and low risk tolerance, any increase in holding would likely be modest to manage risk exposure, while the elevated beta may temper aggressive increases.</think>
<answer>
{""holding_log_delta"": -0.04}
</answer>","Given the firm's moderate profitability (profit=0.21) and positive asset growth (Gat=0.042), along with its above-market beta (1.27) indicating higher systematic risk, the stock presents mixed signals. The fund's current holding is relatively small compared to AUM, and the stock's low S&P 500 weight suggests limited benchmark-driven pressure. Considering the fund's defensive profile and low risk tolerance, any increase in holding would likely be modest to manage risk exposure, while the elevated beta may temper aggressive increases.","{""holding_log_delta"": -0.04}"
20,population,3,0.37714863971172535,0.5685046283838259,0.054345731510178935,CSX,C S X CORP,450,NA,2016-01-01 00:00:00,62148,255.896393,0.1616314676499942,-0.04,0.2016314676499942,-0.2016314676499942,True,1,type_mean,0.0105116667264412,0.009015847914168,2.8059538271968374,0.9418271139458155,"
<think>Given the firm's moderate profitability (profit=0.21) and positive asset growth (Gat=0.042), along with its above-market beta (1.27) indicating higher systematic risk, the stock presents mixed signals. The fund's current holding is relatively small compared to AUM, and the stock's low S&P 500 weight suggests limited benchmark-driven pressure. Considering the fund's defensive profile and low risk tolerance, any increase in holding would likely be modest to manage risk exposure, while the elevated beta may temper aggressive increases.</think>
<answer>
{""holding_log_delta"": -0.04}
</answer>","Given the firm's moderate profitability (profit=0.21) and positive asset growth (Gat=0.042), along with its above-market beta (1.27) indicating higher systematic risk, the stock presents mixed signals. The fund's current holding is relatively small compared to AUM, and the stock's low S&P 500 weight suggests limited benchmark-driven pressure. Considering the fund's defensive profile and low risk tolerance, any increase in holding would likely be modest to manage risk exposure, while the elevated beta may temper aggressive increases.","{""holding_log_delta"": -0.04}"
20,population,4,0.37714863971172535,0.5685046283838259,0.054345731510178935,CSX,C S X CORP,450,NA,2016-01-01 00:00:00,62148,255.896393,0.1616314676499942,-0.04,0.2016314676499942,-0.2016314676499942,True,1,type_mean,0.0105116667264412,0.009015847914168,2.8059538271968374,0.9418271139458155,"
<think>Given the firm's moderate profitability (profit=0.21) and positive asset growth (Gat=0.042), along with its above-market beta (1.27) indicating higher systematic risk, the stock presents mixed signals. The fund's current holding is relatively small compared to AUM, and the stock's low S&P 500 weight suggests limited benchmark-driven pressure. Considering the fund's defensive profile and low risk tolerance, any increase in holding would likely be modest to manage risk exposure, while the elevated beta may temper aggressive increases.</think>
<answer>
{""holding_log_delta"": -0.04}
</answer>","Given the firm's moderate profitability (profit=0.21) and positive asset growth (Gat=0.042), along with its above-market beta (1.27) indicating higher systematic risk, the stock presents mixed signals. The fund's current holding is relatively small compared to AUM, and the stock's low S&P 500 weight suggests limited benchmark-driven pressure. Considering the fund's defensive profile and low risk tolerance, any increase in holding would likely be modest to manage risk exposure, while the elevated beta may temper aggressive increases.","{""holding_log_delta"": -0.04}"
20,population,5,0.37739962260037746,0.5382994617005383,0.08429991570008431,CSX,C S X CORP,450,NA,2016-01-01 00:00:00,62148,255.896393,0.1616314676499942,-0.04,0.2016314676499942,-0.2016314676499942,True,1,type_mean,0.0105116667264412,0.009015847914168,2.8059538271968374,0.9418271139458155,"
<think>Given the firm's moderate profitability (profit=0.21) and positive asset growth (Gat=0.042), along with its above-market beta (1.27) indicating higher systematic risk, the stock presents mixed signals. The fund's current holding is relatively small compared to AUM, and the stock's low S&P 500 weight suggests limited benchmark-driven pressure. Considering the fund's defensive profile and low risk tolerance, any increase in holding would likely be modest to manage risk exposure, while the elevated beta may temper aggressive increases.</think>
<answer>
{""holding_log_delta"": -0.04}
</answer>","Given the firm's moderate profitability (profit=0.21) and positive asset growth (Gat=0.042), along with its above-market beta (1.27) indicating higher systematic risk, the stock presents mixed signals. The fund's current holding is relatively small compared to AUM, and the stock's low S&P 500 weight suggests limited benchmark-driven pressure. Considering the fund's defensive profile and low risk tolerance, any increase in holding would likely be modest to manage risk exposure, while the elevated beta may temper aggressive increases.","{""holding_log_delta"": -0.04}"
20,population,6,0.37739964309313706,0.5182995098441254,0.10429984706368328,CSX,C S X CORP,450,NA,2016-01-01 00:00:00,62148,255.896393,0.1616314676499942,-0.04,0.2016314676499942,-0.2016314676499942,True,1,type_mean,0.0105116667264412,0.009015847914168,2.8059538271968374,0.9418271139458155,"
<think>Given the firm's moderate profitability (profit=0.21) and positive asset growth (Gat=0.042), along with its above-market beta (1.27) indicating higher systematic risk, the stock presents mixed signals. The fund's current holding is relatively small compared to AUM, and the stock's low S&P 500 weight suggests limited benchmark-driven pressure. Considering the fund's defensive profile and low risk tolerance, any increase in holding would likely be modest to manage risk exposure, while the elevated beta may temper aggressive increases.</think>
<answer>
{""holding_log_delta"": -0.04}
</answer>","Given the firm's moderate profitability (profit=0.21) and positive asset growth (Gat=0.042), along with its above-market beta (1.27) indicating higher systematic risk, the stock presents mixed signals. The fund's current holding is relatively small compared to AUM, and the stock's low S&P 500 weight suggests limited benchmark-driven pressure. Considering the fund's defensive profile and low risk tolerance, any increase in holding would likely be modest to manage risk exposure, while the elevated beta may temper aggressive increases.","{""holding_log_delta"": -0.04}"
20,population,7,0.3567131033813703,0.4979955403947782,0.14529035422075215,CSX,C S X CORP,450,NA,2016-01-01 00:00:00,62148,255.896393,0.1616314676499942,-0.04,0.2016314676499942,-0.2016314676499942,True,1,type_mean,0.0105116667264412,0.009015847914168,2.8059538271968374,0.9418271139458155,"
<think>Given the firm's moderate profitability (profit=0.21) and positive asset growth (Gat=0.042), along with its above-market beta (1.27) indicating higher systematic risk, the stock presents mixed signals. The fund's current holding is relatively small compared to AUM, and the stock's low S&P 500 weight suggests limited benchmark-driven pressure. Considering the fund's defensive profile and low risk tolerance, any increase in holding would likely be modest to manage risk exposure, while the elevated beta may temper aggressive increases.</think>
<answer>
{""holding_log_delta"": -0.04}
</answer>","Given the firm's moderate profitability (profit=0.21) and positive asset growth (Gat=0.042), along with its above-market beta (1.27) indicating higher systematic risk, the stock presents mixed signals. The fund's current holding is relatively small compared to AUM, and the stock's low S&P 500 weight suggests limited benchmark-driven pressure. Considering the fund's defensive profile and low risk tolerance, any increase in holding would likely be modest to manage risk exposure, while the elevated beta may temper aggressive increases.","{""holding_log_delta"": -0.04}"
20,population,8,0.37699962300037704,0.5069994930005071,0.11599988400011602,CSX,C S X CORP,450,NA,2016-01-01 00:00:00,62148,255.896393,0.1616314676499942,-0.04,0.2016314676499942,-0.2016314676499942,True,1,type_mean,0.0105116667264412,0.009015847914168,2.8059538271968374,0.9418271139458155,"
<think>Given the firm's moderate profitability (profit=0.21) and positive asset growth (Gat=0.042), along with its above-market beta (1.27) indicating higher systematic risk, the stock presents mixed signals for active allocation. The fund's current holding is relatively small compared to AUM, and the stock's low S&P 500 weight suggests limited benchmark-driven demand. Considering the high beta and moderate fundamentals, a modest increase in holding might be expected to align with the benchmark while managing risk exposure, but the magnitude would likely be tempered by the fund's low turnover constraint and the stock's elevated volatility.</think>
<answer>
{""holding_log_delta"": -0.04}
</answer>","Given the firm's moderate profitability (profit=0.21) and positive asset growth (Gat=0.042), along with its above-market beta (1.27) indicating higher systematic risk, the stock presents mixed signals for active allocation. The fund's current holding is relatively small compared to AUM, and the stock's low S&P 500 weight suggests limited benchmark-driven demand. Considering the high beta and moderate fundamentals, a modest increase in holding might be expected to align with the benchmark while managing risk exposure, but the magnitude would likely be tempered by the fund's low turnover constraint and the stock's elevated volatility.","{""holding_log_delta"": -0.04}"
20,population,9,0.356999643000357,0.5269994730005271,0.11599988400011602,CSX,C S X CORP,450,NA,2016-01-01 00:00:00,62148,255.896393,0.1616314676499942,-0.04,0.2016314676499942,-0.2016314676499942,True,1,type_mean,0.0105116667264412,0.009015847914168,2.8059538271968374,0.9418271139458155,"
<think>Given the firm's moderate profitability and growth, along with its beta above 1 indicating higher systematic risk, the fund might adjust its holding cautiously due to the high stock volatility and the fund's low risk tolerance. The current position is relatively small compared to AUM, and the stock's low S&P 500 weight suggests limited benchmark-driven pressure, so any change would likely be modest in magnitude.</think>
<answer>
{""holding_log_delta"": -0.04}
</answer>","Given the firm's moderate profitability and growth, along with its beta above 1 indicating higher systematic risk, the fund might adjust its holding cautiously due to the high stock volatility and the fund's low risk tolerance. The current position is relatively small compared to AUM, and the stock's low S&P 500 weight suggests limited benchmark-driven pressure, so any change would likely be modest in magnitude.","{""holding_log_delta"": -0.04}"
20,population,10,0.346999653000347,0.516999483000517,0.13599986400013603,CSX,C S X CORP,450,NA,2016-01-01 00:00:00,62148,255.896393,0.1616314676499942,-0.04,0.2016314676499942,-0.2016314676499942,True,1,type_mean,0.0105116667264412,0.009015847914168,2.8059538271968374,0.9418271139458155,"
<think>Given the firm's moderate profitability (profit=0.21) and positive asset growth (Gat=0.042), along with its above-market beta (1.27) indicating higher systematic risk, the stock presents mixed signals. The fund's current holding is relatively small compared to AUM, and the stock's low S&P 500 weight suggests limited benchmark-driven pressure. Considering the fund's defensive profile and low risk tolerance, any increase in holding would likely be modest to manage risk exposure, while the elevated beta may temper aggressive increases.</think>
<answer>
{""holding_log_delta"": -0.04}
</answer>","Given the firm's moderate profitability (profit=0.21) and positive asset growth (Gat=0.042), along with its above-market beta (1.27) indicating higher systematic risk, the stock presents mixed signals. The fund's current holding is relatively small compared to AUM, and the stock's low S&P 500 weight suggests limited benchmark-driven pressure. Considering the fund's defensive profile and low risk tolerance, any increase in holding would likely be modest to manage risk exposure, while the elevated beta may temper aggressive increases.","{""holding_log_delta"": -0.04}"
20,population,11,0.38699961300038704,0.49699950300049706,0.11599988400011602,CSX,C S X CORP,450,NA,2016-01-01 00:00:00,62148,255.896393,0.1616314676499942,-0.04,0.2016314676499942,-0.2016314676499942,True,1,type_mean,0.0105116667264412,0.009015847914168,2.8059538271968374,0.9418271139458155,"
<think>Given the firm's moderate profitability (profit=0.21) and positive asset growth (Gat=0.042), along with its above-market beta (1.27) indicating higher systematic risk, the stock presents mixed signals. The fund's current holding is relatively small compared to AUM, and the stock's low S&P 500 weight suggests limited benchmark-driven pressure. Considering the fund's defensive profile and low risk tolerance, any increase in holding would likely be modest to manage risk exposure, while the elevated beta may temper aggressive increases.</think>
<answer>
{""holding_log_delta"": -0.04}
</answer>","Given the firm's moderate profitability (profit=0.21) and positive asset growth (Gat=0.042), along with its above-market beta (1.27) indicating higher systematic risk, the stock presents mixed signals. The fund's current holding is relatively small compared to AUM, and the stock's low S&P 500 weight suggests limited benchmark-driven pressure. Considering the fund's defensive profile and low risk tolerance, any increase in holding would likely be modest to manage risk exposure, while the elevated beta may temper aggressive increases.","{""holding_log_delta"": -0.04}"
