generation,stage,candidate_idx,risk_aversion,herd_behavior,profit_driven,ticker,company,id,quarter,date,permno,holding_t,y_true,pred,abs_error,reward,valid,best_k,profile_strength_mode,x_risk_mean,x_herd_mean,x_profit_mean,overall_mean,raw_output,reason,answer_body
40,population,0,0.37699962300037704,0.537999462000538,0.08499991500008501,HIG,I T T HARTFORD GROUP INC,56,NA,2019-10-01 00:00:00,82775,357.278987,-0.5352520897584241,-0.04,0.4952520897584241,-0.4952520897584241,True,1,type_mean,0.0105116667264412,0.009015847914168,2.8059538271968374,0.9418271139458155,"
<think>Given the firm's moderate profitability (profit=0.149) and low beta (0.611), it appears stable but not growth-oriented. The fund's current holding is relatively small compared to its AUM, and the stock's very low S&P 500 weight suggests limited benchmark-driven pressure. With low volatility and average trading volume, no strong catalysts for significant active management are evident, so any adjustment would likely be minor and driven by rebalancing against the benchmark rather than fundamental shifts.</think>
<answer>
{""holding_log_delta"": -0.04}
</answer>","Given the firm's moderate profitability (profit=0.149) and low beta (0.611), it appears stable but not growth-oriented. The fund's current holding is relatively small compared to its AUM, and the stock's very low S&P 500 weight suggests limited benchmark-driven pressure. With low volatility and average trading volume, no strong catalysts for significant active management are evident, so any adjustment would likely be minor and driven by rebalancing against the benchmark rather than fundamental shifts.","{""holding_log_delta"": -0.04}"
40,population,1,0.346999653000347,0.517999482000518,0.13499986500013503,HIG,I T T HARTFORD GROUP INC,56,NA,2019-10-01 00:00:00,82775,357.278987,-0.5352520897584241,-0.04,0.4952520897584241,-0.4952520897584241,True,1,type_mean,0.0105116667264412,0.009015847914168,2.8059538271968374,0.9418271139458155,"
<think>Given the firm's moderate profitability (profit=0.149) and low beta (0.61), it appears stable but not growth-oriented. The fund's current holding is relatively small compared to its AUM, and the stock's very low S&P 500 weight suggests limited benchmark-driven pressure. With low volatility and average trading volume, a modest adjustment to align with the benchmark or manage risk exposure is plausible, likely resulting in a small normalized log change.</think>
<answer>
{""holding_log_delta"": -0.04}
</answer>","Given the firm's moderate profitability (profit=0.149) and low beta (0.61), it appears stable but not growth-oriented. The fund's current holding is relatively small compared to its AUM, and the stock's very low S&P 500 weight suggests limited benchmark-driven pressure. With low volatility and average trading volume, a modest adjustment to align with the benchmark or manage risk exposure is plausible, likely resulting in a small normalized log change.","{""holding_log_delta"": -0.04}"
40,population,2,0.36699963300036703,0.5279994720005281,0.10499989500010501,HIG,I T T HARTFORD GROUP INC,56,NA,2019-10-01 00:00:00,82775,357.278987,-0.5352520897584241,-0.04,0.4952520897584241,-0.4952520897584241,True,1,type_mean,0.0105116667264412,0.009015847914168,2.8059538271968374,0.9418271139458155,"
<think>Given the firm's moderate profitability (profit=0.149) and low beta (0.611), it appears stable but not growth-oriented. The fund's current holding is relatively small compared to its AUM, and the stock's very low S&P 500 weight suggests limited benchmark-driven pressure. With low volatility and average trading volume, no strong catalysts for significant active management are evident, so any adjustment would likely be minor and driven by rebalancing against the benchmark.</think>
<answer>
{""holding_log_delta"": -0.04}
</answer>","Given the firm's moderate profitability (profit=0.149) and low beta (0.611), it appears stable but not growth-oriented. The fund's current holding is relatively small compared to its AUM, and the stock's very low S&P 500 weight suggests limited benchmark-driven pressure. With low volatility and average trading volume, no strong catalysts for significant active management are evident, so any adjustment would likely be minor and driven by rebalancing against the benchmark.","{""holding_log_delta"": -0.04}"
40,population,3,0.346999653000347,0.516999483000517,0.13599986400013603,HIG,I T T HARTFORD GROUP INC,56,NA,2019-10-01 00:00:00,82775,357.278987,-0.5352520897584241,-0.04,0.4952520897584241,-0.4952520897584241,True,1,type_mean,0.0105116667264412,0.009015847914168,2.8059538271968374,0.9418271139458155,"
<think>Given the firm's moderate profitability (profit=0.149) and low beta (0.611), it appears stable but not growth-oriented. The fund's current holding is relatively small compared to its AUM, and the stock's very low S&P 500 weight suggests limited benchmark-driven pressure. With low volatility and average trading volume, a modest adjustment to align with the benchmark or manage risk exposure is plausible, likely resulting in a small normalized log change.</think>
<answer>
{""holding_log_delta"": -0.04}
</answer>","Given the firm's moderate profitability (profit=0.149) and low beta (0.611), it appears stable but not growth-oriented. The fund's current holding is relatively small compared to its AUM, and the stock's very low S&P 500 weight suggests limited benchmark-driven pressure. With low volatility and average trading volume, a modest adjustment to align with the benchmark or manage risk exposure is plausible, likely resulting in a small normalized log change.","{""holding_log_delta"": -0.04}"
40,population,4,0.375999624000376,0.517999482000518,0.10599989400010601,HIG,I T T HARTFORD GROUP INC,56,NA,2019-10-01 00:00:00,82775,357.278987,-0.5352520897584241,-0.02,0.5152520897584241,-0.5152520897584241,True,1,type_mean,0.0105116667264412,0.009015847914168,2.8059538271968374,0.9418271139458155,"
<think>Given the firm's moderate profitability (profit=0.149) and low beta (0.611), it appears stable but not growth-oriented. The fund's current holding is relatively small compared to AUM, and the stock's very low S&P 500 weight suggests limited benchmark-driven pressure. With low volatility and average trading volume, a modest adjustment to align with the benchmark or manage risk exposure is expected, likely resulting in a small positive or neutral change.</think>
<answer>
{""holding_log_delta"": -0.02}
</answer>","Given the firm's moderate profitability (profit=0.149) and low beta (0.611), it appears stable but not growth-oriented. The fund's current holding is relatively small compared to AUM, and the stock's very low S&P 500 weight suggests limited benchmark-driven pressure. With low volatility and average trading volume, a modest adjustment to align with the benchmark or manage risk exposure is expected, likely resulting in a small positive or neutral change.","{""holding_log_delta"": -0.02}"
40,population,5,0.38699961300038704,0.517999482000518,0.094999905000095,HIG,I T T HARTFORD GROUP INC,56,NA,2019-10-01 00:00:00,82775,357.278987,-0.5352520897584241,-0.02,0.5152520897584241,-0.5152520897584241,True,1,type_mean,0.0105116667264412,0.009015847914168,2.8059538271968374,0.9418271139458155,"
<think>Given the firm's moderate profitability (profit=0.149) and low beta (0.611), it appears stable but not growth-oriented. The fund's current holding is relatively small compared to its AUM, and the stock's very low S&P 500 weight suggests limited benchmark-driven pressure. With low volatility and average trading volume, a modest adjustment to align with the benchmark or manage risk exposure is plausible, likely resulting in a small positive or neutral change.</think>
<answer>
{""holding_log_delta"": -0.02}
</answer>","Given the firm's moderate profitability (profit=0.149) and low beta (0.611), it appears stable but not growth-oriented. The fund's current holding is relatively small compared to its AUM, and the stock's very low S&P 500 weight suggests limited benchmark-driven pressure. With low volatility and average trading volume, a modest adjustment to align with the benchmark or manage risk exposure is plausible, likely resulting in a small positive or neutral change.","{""holding_log_delta"": -0.02}"
40,population,6,0.37699962300037704,0.5079994920005081,0.11499988500011502,HIG,I T T HARTFORD GROUP INC,56,NA,2019-10-01 00:00:00,82775,357.278987,-0.5352520897584241,-0.01,0.5252520897584241,-0.5252520897584241,True,1,type_mean,0.0105116667264412,0.009015847914168,2.8059538271968374,0.9418271139458155,"
<think>Given the firm's moderate profitability (profit=0.149) and low beta (0.611), it appears stable but not growth-oriented. The fund's current holding is relatively small compared to its AUM, and the stock's very low S&P 500 weight suggests limited benchmark-driven pressure. With low volatility and average trading volume, a modest adjustment to align with the benchmark or manage risk exposure is expected, likely resulting in a small positive or neutral change.</think>
<answer>
{""holding_log_delta"": -0.01}
</answer>","Given the firm's moderate profitability (profit=0.149) and low beta (0.611), it appears stable but not growth-oriented. The fund's current holding is relatively small compared to its AUM, and the stock's very low S&P 500 weight suggests limited benchmark-driven pressure. With low volatility and average trading volume, a modest adjustment to align with the benchmark or manage risk exposure is expected, likely resulting in a small positive or neutral change.","{""holding_log_delta"": -0.01}"
40,population,7,0.37699962300037704,0.5079994920005081,0.11499988500011502,HIG,I T T HARTFORD GROUP INC,56,NA,2019-10-01 00:00:00,82775,357.278987,-0.5352520897584241,-0.01,0.5252520897584241,-0.5252520897584241,True,1,type_mean,0.0105116667264412,0.009015847914168,2.8059538271968374,0.9418271139458155,"
<think>Given the firm's moderate profitability (profit=0.149) and low beta (0.611), it appears stable but not growth-oriented. The fund's current holding is relatively small compared to its AUM, and the stock's very low S&P 500 weight suggests limited benchmark-driven pressure. With low volatility and average trading volume, a modest adjustment to align with the benchmark or manage risk exposure is expected, likely resulting in a small positive or neutral change.</think>
<answer>
{""holding_log_delta"": -0.01}
</answer>","Given the firm's moderate profitability (profit=0.149) and low beta (0.611), it appears stable but not growth-oriented. The fund's current holding is relatively small compared to its AUM, and the stock's very low S&P 500 weight suggests limited benchmark-driven pressure. With low volatility and average trading volume, a modest adjustment to align with the benchmark or manage risk exposure is expected, likely resulting in a small positive or neutral change.","{""holding_log_delta"": -0.01}"
40,population,8,0.37699962300037704,0.5579994420005581,0.06499993500006501,HIG,I T T HARTFORD GROUP INC,56,NA,2019-10-01 00:00:00,82775,357.278987,-0.5352520897584241,-0.04,0.4952520897584241,-0.4952520897584241,True,1,type_mean,0.0105116667264412,0.009015847914168,2.8059538271968374,0.9418271139458155,"
<think>Given the firm's moderate profitability (profit=0.149) and low beta (0.611), it appears stable but not growth-oriented. The fund's current holding is relatively small compared to its AUM, and the stock's very low S&P 500 weight suggests limited benchmark-driven pressure. With low volatility and average trading volume, a modest adjustment to align with the benchmark or manage risk exposure is expected, likely resulting in a small positive or neutral change.</think>
<answer>
{""holding_log_delta"": -0.04}
</answer>","Given the firm's moderate profitability (profit=0.149) and low beta (0.611), it appears stable but not growth-oriented. The fund's current holding is relatively small compared to its AUM, and the stock's very low S&P 500 weight suggests limited benchmark-driven pressure. With low volatility and average trading volume, a modest adjustment to align with the benchmark or manage risk exposure is expected, likely resulting in a small positive or neutral change.","{""holding_log_delta"": -0.04}"
40,population,9,0.36699963300036703,0.49799950200049803,0.13499986500013503,HIG,I T T HARTFORD GROUP INC,56,NA,2019-10-01 00:00:00,82775,357.278987,-0.5352520897584241,-0.04,0.4952520897584241,-0.4952520897584241,True,1,type_mean,0.0105116667264412,0.009015847914168,2.8059538271968374,0.9418271139458155,"
<think>Given the firm's moderate profitability (profit=0.149) and low beta (0.61), it appears stable but not growth-oriented. The fund's current holding is relatively small compared to its AUM, and the stock's very low S&P 500 weight suggests limited benchmark-driven demand. With low volatility and average trading volume, no strong catalysts for significant active management are evident, so any adjustment would likely be minor and driven by tracking error considerations rather than fundamental shifts.</think>
<answer>
{""holding_log_delta"": -0.04}
</answer>","Given the firm's moderate profitability (profit=0.149) and low beta (0.61), it appears stable but not growth-oriented. The fund's current holding is relatively small compared to its AUM, and the stock's very low S&P 500 weight suggests limited benchmark-driven demand. With low volatility and average trading volume, no strong catalysts for significant active management are evident, so any adjustment would likely be minor and driven by tracking error considerations rather than fundamental shifts.","{""holding_log_delta"": -0.04}"
40,population,10,0.36699963300036703,0.5079994920005081,0.12499987500012501,HIG,I T T HARTFORD GROUP INC,56,NA,2019-10-01 00:00:00,82775,357.278987,-0.5352520897584241,-0.02,0.5152520897584241,-0.5152520897584241,True,1,type_mean,0.0105116667264412,0.009015847914168,2.8059538271968374,0.9418271139458155,"
<think>Given the firm's moderate profitability (profit=0.149) and low beta (0.61), it appears stable but not growth-oriented. The fund's current holding is relatively small compared to its AUM, and the stock's very low S&P 500 weight suggests limited benchmark-driven pressure. With low volatility and average trading volume, a modest adjustment to align with the benchmark or manage risk exposure is expected, likely resulting in a small positive or neutral change.</think>
<answer>
{""holding_log_delta"": -0.02}
</answer>","Given the firm's moderate profitability (profit=0.149) and low beta (0.61), it appears stable but not growth-oriented. The fund's current holding is relatively small compared to its AUM, and the stock's very low S&P 500 weight suggests limited benchmark-driven pressure. With low volatility and average trading volume, a modest adjustment to align with the benchmark or manage risk exposure is expected, likely resulting in a small positive or neutral change.","{""holding_log_delta"": -0.02}"
40,population,11,0.36699963300036703,0.5279994720005281,0.10499989500010501,HIG,I T T HARTFORD GROUP INC,56,NA,2019-10-01 00:00:00,82775,357.278987,-0.5352520897584241,-0.04,0.4952520897584241,-0.4952520897584241,True,1,type_mean,0.0105116667264412,0.009015847914168,2.8059538271968374,0.9418271139458155,"
<think>Given the firm's moderate profitability (profit=0.149) and low beta (0.611), it appears stable but not growth-oriented. The fund's current holding is relatively small compared to its AUM, and the stock's very low S&P 500 weight suggests limited benchmark-driven pressure. With low volatility and average trading volume, no strong catalysts for significant active management are evident, so any adjustment would likely be minor and driven by rebalancing against the benchmark.</think>
<answer>
{""holding_log_delta"": -0.04}
</answer>","Given the firm's moderate profitability (profit=0.149) and low beta (0.611), it appears stable but not growth-oriented. The fund's current holding is relatively small compared to its AUM, and the stock's very low S&P 500 weight suggests limited benchmark-driven pressure. With low volatility and average trading volume, no strong catalysts for significant active management are evident, so any adjustment would likely be minor and driven by rebalancing against the benchmark.","{""holding_log_delta"": -0.04}"
