generation,stage,candidate_idx,risk_aversion,herd_behavior,profit_driven,ticker,company,id,quarter,date,permno,holding_t,y_true,pred,abs_error,reward,valid,best_k,profile_strength_mode,x_risk_mean,x_herd_mean,x_profit_mean,overall_mean,raw_output,reason,answer_body
75,population,0,0.357999642000358,0.516999483000517,0.12499987500012501,CSX,C S X CORP,896,NA,2017-01-01 00:00:00,62148,684.386887,0.2851086699039106,-0.1,0.38510866990391057,-0.38510866990391057,True,1,type_mean,0.0105116667264412,0.009015847914168,2.8059538271968374,0.9418271139458155,"
<think>Given the firm's moderate profitability and low asset growth, combined with a beta above 1 indicating higher systematic risk than the market, the fund may reduce its position to align with its low-risk profile and benchmark weight. The current holding is substantial relative to the fund's AUM and the stock's S&P 500 weight, suggesting potential for a normalization towards a more modest exposure.</think>
<answer>
{""holding_log_delta"": -0.1}
</answer>","Given the firm's moderate profitability and low asset growth, combined with a beta above 1 indicating higher systematic risk than the market, the fund may reduce its position to align with its low-risk profile and benchmark weight. The current holding is substantial relative to the fund's AUM and the stock's S&P 500 weight, suggesting potential for a normalization towards a more modest exposure.","{""holding_log_delta"": -0.1}"
75,population,1,0.37999962000038,0.49999950000050003,0.11999988000012,CSX,C S X CORP,896,NA,2017-01-01 00:00:00,62148,684.386887,0.2851086699039106,-0.04,0.3251086699039106,-0.3251086699039106,True,1,type_mean,0.0105116667264412,0.009015847914168,2.8059538271968374,0.9418271139458155,"
<think>Given the firm's moderate profitability and low asset growth, combined with a beta above 1 indicating higher systematic risk than the market, the stock presents mixed fundamentals. The fund's current holding is substantial relative to its AUM and the stock's S&P 500 weight, suggesting a significant active position. Considering the high beta and the fund's low risk tolerance, a reduction in exposure might be expected to manage risk, leading to a negative normalized log change.</think>
<answer>
{""holding_log_delta"": -0.04}
</answer>","Given the firm's moderate profitability and low asset growth, combined with a beta above 1 indicating higher systematic risk than the market, the stock presents mixed fundamentals. The fund's current holding is substantial relative to its AUM and the stock's S&P 500 weight, suggesting a significant active position. Considering the high beta and the fund's low risk tolerance, a reduction in exposure might be expected to manage risk, leading to a negative normalized log change.","{""holding_log_delta"": -0.04}"
75,population,2,0.36699963300036703,0.505999494000506,0.12699987300012702,CSX,C S X CORP,896,NA,2017-01-01 00:00:00,62148,684.386887,0.2851086699039106,-0.1,0.38510866990391057,-0.38510866990391057,True,1,type_mean,0.0105116667264412,0.009015847914168,2.8059538271968374,0.9418271139458155,"
<think>Given the firm's moderate profitability and low asset growth, combined with its beta above 1 indicating higher systematic risk than the market, the fund might reduce exposure to align with its low-risk profile and benchmark weight. The current holding is substantial relative to AUM and the stock's small S&P 500 weight, suggesting potential for a normalization toward a more modest position.</think>
<answer>
{""holding_log_delta"": -0.1}
</answer>","Given the firm's moderate profitability and low asset growth, combined with its beta above 1 indicating higher systematic risk than the market, the fund might reduce exposure to align with its low-risk profile and benchmark weight. The current holding is substantial relative to AUM and the stock's small S&P 500 weight, suggesting potential for a normalization toward a more modest position.","{""holding_log_delta"": -0.1}"
75,population,3,0.33999966000034004,0.47999952000048,0.17999982000018,CSX,C S X CORP,896,NA,2017-01-01 00:00:00,62148,684.386887,0.2851086699039106,-0.04,0.3251086699039106,-0.3251086699039106,True,1,type_mean,0.0105116667264412,0.009015847914168,2.8059538271968374,0.9418271139458155,"
<think>Given the firm's moderate profitability and low asset growth, combined with a beta above 1 indicating higher systematic risk, the stock may be viewed as having average fundamental quality but elevated volatility. The fund's current holding is substantial relative to its AUM and the stock's S&P 500 weight, suggesting a meaningful active position. Considering the high benchmark weight and the fund's defensive profile with low risk tolerance, a modest reduction in holding might be expected to manage concentration and align closer with the benchmark, though the magnitude would likely be limited due to the fund's low turnover constraint.</think>
<answer>
{""holding_log_delta"": -0.04}
</answer>","Given the firm's moderate profitability and low asset growth, combined with a beta above 1 indicating higher systematic risk, the stock may be viewed as having average fundamental quality but elevated volatility. The fund's current holding is substantial relative to its AUM and the stock's S&P 500 weight, suggesting a meaningful active position. Considering the high benchmark weight and the fund's defensive profile with low risk tolerance, a modest reduction in holding might be expected to manage concentration and align closer with the benchmark, though the magnitude would likely be limited due to the fund's low turnover constraint.","{""holding_log_delta"": -0.04}"
75,population,4,0.32999967000033004,0.46999953000047,0.19999980000020004,CSX,C S X CORP,896,NA,2017-01-01 00:00:00,62148,684.386887,0.2851086699039106,-0.04,0.3251086699039106,-0.3251086699039106,True,1,type_mean,0.0105116667264412,0.009015847914168,2.8059538271968374,0.9418271139458155,"
<think>Given the firm's moderate profitability (profit=0.185) and low asset growth (Gat=0.019), combined with its beta above 1 indicating higher systematic risk than the market, the stock presents mixed fundamentals without strong catalysts for significant active allocation changes. The fund's current holding is substantial relative to AUM, and the stock's low S&P 500 weight suggests limited benchmark-driven demand. Considering the fund's defensive profile and low risk tolerance, any adjustment would likely be modest, possibly a slight reduction to manage concentration or volatility exposure.</think>
<answer>
{""holding_log_delta"": -0.04}
</answer>","Given the firm's moderate profitability (profit=0.185) and low asset growth (Gat=0.019), combined with its beta above 1 indicating higher systematic risk than the market, the stock presents mixed fundamentals without strong catalysts for significant active allocation changes. The fund's current holding is substantial relative to AUM, and the stock's low S&P 500 weight suggests limited benchmark-driven demand. Considering the fund's defensive profile and low risk tolerance, any adjustment would likely be modest, possibly a slight reduction to manage concentration or volatility exposure.","{""holding_log_delta"": -0.04}"
75,population,5,0.3535350392819424,0.474747052750037,0.17171689786790836,CSX,C S X CORP,896,NA,2017-01-01 00:00:00,62148,684.386887,0.2851086699039106,-0.04,0.3251086699039106,-0.3251086699039106,True,1,type_mean,0.0105116667264412,0.009015847914168,2.8059538271968374,0.9418271139458155,"
<think>Given the firm's moderate profitability (profit=0.185) and low asset growth (Gat=0.019), combined with a beta above 1 indicating higher systematic risk than the market, the stock presents mixed fundamentals without strong catalysts for significant active allocation changes. The fund's current holding is substantial relative to its AUM and the stock's S&P 500 weight, suggesting limited room for large directional shifts due to the high turnover constraint. Therefore, any adjustment would likely be modest in magnitude, potentially a slight reduction to manage risk given the elevated beta and mixed signals.</think>
<answer>
{""holding_log_delta"": -0.04}
</answer>","Given the firm's moderate profitability (profit=0.185) and low asset growth (Gat=0.019), combined with a beta above 1 indicating higher systematic risk than the market, the stock presents mixed fundamentals without strong catalysts for significant active allocation changes. The fund's current holding is substantial relative to its AUM and the stock's S&P 500 weight, suggesting limited room for large directional shifts due to the high turnover constraint. Therefore, any adjustment would likely be modest in magnitude, potentially a slight reduction to manage risk given the elevated beta and mixed signals.","{""holding_log_delta"": -0.04}"
75,population,6,0.36999967440024206,0.459999595200301,0.16999973040033683,CSX,C S X CORP,896,NA,2017-01-01 00:00:00,62148,684.386887,0.2851086699039106,-0.04,0.3251086699039106,-0.3251086699039106,True,1,type_mean,0.0105116667264412,0.009015847914168,2.8059538271968374,0.9418271139458155,"
<think>Given the firm's moderate profitability (profit=0.185) and low asset growth (Gat=0.019), combined with its beta above 1 indicating higher systematic risk than the market, the stock presents mixed fundamentals without strong catalysts for significant active allocation changes. The fund's current holding is substantial relative to AUM, and the stock's low S&P 500 weight suggests limited benchmark-driven demand. Considering the high portfolio turnover constraint and the defensive investor profile, any adjustment would likely be modest, possibly a slight reduction to manage risk exposure given the elevated beta.</think>
<answer>
{""holding_log_delta"": -0.04}
</answer>","Given the firm's moderate profitability (profit=0.185) and low asset growth (Gat=0.019), combined with its beta above 1 indicating higher systematic risk than the market, the stock presents mixed fundamentals without strong catalysts for significant active allocation changes. The fund's current holding is substantial relative to AUM, and the stock's low S&P 500 weight suggests limited benchmark-driven demand. Considering the high portfolio turnover constraint and the defensive investor profile, any adjustment would likely be modest, possibly a slight reduction to manage risk exposure given the elevated beta.","{""holding_log_delta"": -0.04}"
75,population,7,0.33999966000034004,0.44999955000045005,0.20999979000021002,CSX,C S X CORP,896,NA,2017-01-01 00:00:00,62148,684.386887,0.2851086699039106,-0.1,0.38510866990391057,-0.38510866990391057,True,1,type_mean,0.0105116667264412,0.009015847914168,2.8059538271968374,0.9418271139458155,"
<think>Given the firm's moderate profitability and low asset growth, combined with a beta above 1 indicating higher systematic risk than the market, the fund may reduce its position to align with its low-risk profile and benchmark weight. The current holding is substantial relative to the fund's AUM and the stock's S&P 500 weight, suggesting potential for a normalization towards a more modest exposure.</think>
<answer>
{""holding_log_delta"": -0.1}
</answer>","Given the firm's moderate profitability and low asset growth, combined with a beta above 1 indicating higher systematic risk than the market, the fund may reduce its position to align with its low-risk profile and benchmark weight. The current holding is substantial relative to the fund's AUM and the stock's S&P 500 weight, suggesting potential for a normalization towards a more modest exposure.","{""holding_log_delta"": -0.1}"
75,population,8,0.34999965000035,0.43999956000044005,0.20999979000021002,CSX,C S X CORP,896,NA,2017-01-01 00:00:00,62148,684.386887,0.2851086699039106,-0.04,0.3251086699039106,-0.3251086699039106,True,1,type_mean,0.0105116667264412,0.009015847914168,2.8059538271968374,0.9418271139458155,"
<think>Given the firm's moderate profitability (profit=0.185) and low asset growth (Gat=0.019), combined with a beta above 1 indicating higher systematic risk than the market, the stock presents mixed fundamentals without strong catalysts for significant active allocation changes. The fund's current holding is substantial relative to its AUM and the stock's S&P 500 weight, suggesting limited room for large directional shifts due to the high turnover constraint. Therefore, any adjustment would likely be modest in magnitude, possibly a slight reduction to manage risk given the elevated beta and mixed signals.</think>
<answer>
{""holding_log_delta"": -0.04}
</answer>","Given the firm's moderate profitability (profit=0.185) and low asset growth (Gat=0.019), combined with a beta above 1 indicating higher systematic risk than the market, the stock presents mixed fundamentals without strong catalysts for significant active allocation changes. The fund's current holding is substantial relative to its AUM and the stock's S&P 500 weight, suggesting limited room for large directional shifts due to the high turnover constraint. Therefore, any adjustment would likely be modest in magnitude, possibly a slight reduction to manage risk given the elevated beta and mixed signals.","{""holding_log_delta"": -0.04}"
75,population,9,0.31999968000032003,0.45999954000046006,0.21999978000022002,CSX,C S X CORP,896,NA,2017-01-01 00:00:00,62148,684.386887,0.2851086699039106,-0.04,0.3251086699039106,-0.3251086699039106,True,1,type_mean,0.0105116667264412,0.009015847914168,2.8059538271968374,0.9418271139458155,"
<think>Given the firm's moderate profitability (profit=0.185) and low asset growth (Gat=0.019), combined with its beta above 1 indicating higher systematic risk than the market, the stock presents mixed fundamentals without strong catalysts for significant active allocation changes. The fund's current holding is substantial relative to AUM, and the stock's low S&P 500 weight suggests limited benchmark-driven demand. Considering the fund's defensive profile and low risk tolerance, any adjustment would likely be modest, possibly a slight reduction to manage concentration or volatility exposure.</think>
<answer>
{""holding_log_delta"": -0.04}
</answer>","Given the firm's moderate profitability (profit=0.185) and low asset growth (Gat=0.019), combined with its beta above 1 indicating higher systematic risk than the market, the stock presents mixed fundamentals without strong catalysts for significant active allocation changes. The fund's current holding is substantial relative to AUM, and the stock's low S&P 500 weight suggests limited benchmark-driven demand. Considering the fund's defensive profile and low risk tolerance, any adjustment would likely be modest, possibly a slight reduction to manage concentration or volatility exposure.","{""holding_log_delta"": -0.04}"
75,population,10,0.361999638000362,0.500999499000501,0.13699986300013703,CSX,C S X CORP,896,NA,2017-01-01 00:00:00,62148,684.386887,0.2851086699039106,-0.1,0.38510866990391057,-0.38510866990391057,True,1,type_mean,0.0105116667264412,0.009015847914168,2.8059538271968374,0.9418271139458155,"
<think>Given the firm's moderate profitability and low asset growth, combined with a beta above 1 indicating higher systematic risk, the fund might reduce exposure due to its low-risk profile and high turnover constraint. The current holding is substantial relative to AUM, and the stock's high volatility and recent volume suggest elevated market risk, which aligns with the fund's defensive strategy.</think>
<answer>
{""holding_log_delta"": -0.1}
</answer>","Given the firm's moderate profitability and low asset growth, combined with a beta above 1 indicating higher systematic risk, the fund might reduce exposure due to its low-risk profile and high turnover constraint. The current holding is substantial relative to AUM, and the stock's high volatility and recent volume suggest elevated market risk, which aligns with the fund's defensive strategy.","{""holding_log_delta"": -0.1}"
75,population,11,0.36999963000037,0.50999949000051,0.11999988000012,CSX,C S X CORP,896,NA,2017-01-01 00:00:00,62148,684.386887,0.2851086699039106,-0.08,0.3651086699039106,-0.3651086699039106,True,1,type_mean,0.0105116667264412,0.009015847914168,2.8059538271968374,0.9418271139458155,"
<think>Given the firm's moderate profitability and low asset growth, combined with a beta above 1 indicating higher systematic risk than the market, the stock presents mixed fundamentals. The fund's current holding is substantial relative to its AUM and the stock's S&P 500 weight, suggesting a significant active position. Considering the high beta and the fund's low risk tolerance, a reduction in exposure might be expected to manage risk, leading to a negative normalized log change.</think>
<answer>
{""holding_log_delta"": -0.08}
</answer>","Given the firm's moderate profitability and low asset growth, combined with a beta above 1 indicating higher systematic risk than the market, the stock presents mixed fundamentals. The fund's current holding is substantial relative to its AUM and the stock's S&P 500 weight, suggesting a significant active position. Considering the high beta and the fund's low risk tolerance, a reduction in exposure might be expected to manage risk, leading to a negative normalized log change.","{""holding_log_delta"": -0.08}"
