generation,stage,candidate_idx,risk_aversion,herd_behavior,profit_driven,ticker,company,id,quarter,date,permno,holding_t,y_true,pred,abs_error,reward,valid,best_k,profile_strength_mode,x_risk_mean,x_herd_mean,x_profit_mean,overall_mean,raw_output,reason,answer_body
95,population,0,0.33999966000034004,0.47999952000048,0.17999982000018,PCAR,PACCAR INC,928,NA,2017-01-01 00:00:00,60506,259.235681,0.3889328189551196,-0.04,0.4289328189551196,-0.4289328189551196,True,1,type_mean,0.0105116667264412,0.009015847914168,2.8059538271968374,0.9418271139458155,"
<think>Given the firm's moderate profitability and negative asset growth, combined with a beta above 1 indicating higher systematic risk, the stock may be viewed as having mixed fundamentals. The fund's current holding is relatively small compared to its AUM and the stock's S&P 500 weight, suggesting limited active exposure. Considering the low risk tolerance and defensive investment style typical of insurance companies, a modest adjustment to align with benchmark weight or manage risk exposure is likely, leading to a small normalized log change.</think>
<answer>
{""holding_log_delta"": -0.04}
</answer>","Given the firm's moderate profitability and negative asset growth, combined with a beta above 1 indicating higher systematic risk, the stock may be viewed as having mixed fundamentals. The fund's current holding is relatively small compared to its AUM and the stock's S&P 500 weight, suggesting limited active exposure. Considering the low risk tolerance and defensive investment style typical of insurance companies, a modest adjustment to align with benchmark weight or manage risk exposure is likely, leading to a small normalized log change.","{""holding_log_delta"": -0.04}"
95,population,1,0.34999965000035,0.42999957000043004,0.21999978000022002,PCAR,PACCAR INC,928,NA,2017-01-01 00:00:00,60506,259.235681,0.3889328189551196,-0.04,0.4289328189551196,-0.4289328189551196,True,1,type_mean,0.0105116667264412,0.009015847914168,2.8059538271968374,0.9418271139458155,"
<think>Given the firm's moderate profitability and negative asset growth, combined with a beta above 1 indicating higher systematic risk, the stock may be viewed as having mixed fundamentals. The fund's current holding is relatively small compared to its AUM and the stock's S&P 500 weight, suggesting limited active exposure. Considering the low risk tolerance and defensive investment style typical of insurance companies, a modest adjustment to align with benchmark weight or manage risk exposure is likely, leading to a small normalized log change.</think>
<answer>
{""holding_log_delta"": -0.04}
</answer>","Given the firm's moderate profitability and negative asset growth, combined with a beta above 1 indicating higher systematic risk, the stock may be viewed as having mixed fundamentals. The fund's current holding is relatively small compared to its AUM and the stock's S&P 500 weight, suggesting limited active exposure. Considering the low risk tolerance and defensive investment style typical of insurance companies, a modest adjustment to align with benchmark weight or manage risk exposure is likely, leading to a small normalized log change.","{""holding_log_delta"": -0.04}"
95,population,2,0.31999968000032003,0.43999956000044005,0.23999976000024,PCAR,PACCAR INC,928,NA,2017-01-01 00:00:00,60506,259.235681,0.3889328189551196,-0.04,0.4289328189551196,-0.4289328189551196,True,1,type_mean,0.0105116667264412,0.009015847914168,2.8059538271968374,0.9418271139458155,"
<think>Given the firm's moderate profitability and negative asset growth, combined with a beta above 1 indicating higher systematic risk, the stock may be viewed as having mixed fundamentals. The fund's current holding is relatively small compared to its AUM and the stock's S&P 500 weight, suggesting limited active exposure. Considering the low risk tolerance and defensive investment style typical of insurance companies, a modest adjustment to align with benchmark weight or manage risk exposure is likely, leading to a small normalized log change.</think>
<answer>
{""holding_log_delta"": -0.04}
</answer>","Given the firm's moderate profitability and negative asset growth, combined with a beta above 1 indicating higher systematic risk, the stock may be viewed as having mixed fundamentals. The fund's current holding is relatively small compared to its AUM and the stock's S&P 500 weight, suggesting limited active exposure. Considering the low risk tolerance and defensive investment style typical of insurance companies, a modest adjustment to align with benchmark weight or manage risk exposure is likely, leading to a small normalized log change.","{""holding_log_delta"": -0.04}"
95,population,3,0.3199997472001325,0.4199996682001739,0.2599995846004836,PCAR,PACCAR INC,928,NA,2017-01-01 00:00:00,60506,259.235681,0.3889328189551196,-0.04,0.4289328189551196,-0.4289328189551196,True,1,type_mean,0.0105116667264412,0.009015847914168,2.8059538271968374,0.9418271139458155,"
<think>Given the firm's moderate profitability and negative asset growth, combined with a beta above 1 indicating higher systematic risk, the stock may be viewed as having mixed fundamentals. The fund's current holding is relatively small compared to its AUM and the stock's S&P 500 weight, suggesting limited active exposure. Considering the low risk tolerance and defensive investment style typical of insurance companies, a modest adjustment to align with benchmark weight or manage risk exposure is likely, leading to a small normalized log change.</think>
<answer>
{""holding_log_delta"": -0.04}
</answer>","Given the firm's moderate profitability and negative asset growth, combined with a beta above 1 indicating higher systematic risk, the stock may be viewed as having mixed fundamentals. The fund's current holding is relatively small compared to its AUM and the stock's S&P 500 weight, suggesting limited active exposure. Considering the low risk tolerance and defensive investment style typical of insurance companies, a modest adjustment to align with benchmark weight or manage risk exposure is likely, leading to a small normalized log change.","{""holding_log_delta"": -0.04}"
95,population,4,0.34999965000035,0.46999953000047,0.17999982000018,PCAR,PACCAR INC,928,NA,2017-01-01 00:00:00,60506,259.235681,0.3889328189551196,-0.04,0.4289328189551196,-0.4289328189551196,True,1,type_mean,0.0105116667264412,0.009015847914168,2.8059538271968374,0.9418271139458155,"
<think>Given the firm's moderate profitability and negative asset growth, combined with a beta above 1 indicating higher systematic risk than the market, the stock presents mixed signals. The fund's current holding is relatively small compared to its AUM and the stock's S&P 500 weight, suggesting limited active exposure. Considering the low risk tolerance and defensive investment style typical of insurance companies, a modest reduction in position size might be expected to manage risk exposure, leading to a slight negative normalized log change.</think>
<answer>
{""holding_log_delta"": -0.04}
</answer>","Given the firm's moderate profitability and negative asset growth, combined with a beta above 1 indicating higher systematic risk than the market, the stock presents mixed signals. The fund's current holding is relatively small compared to its AUM and the stock's S&P 500 weight, suggesting limited active exposure. Considering the low risk tolerance and defensive investment style typical of insurance companies, a modest reduction in position size might be expected to manage risk exposure, leading to a slight negative normalized log change.","{""holding_log_delta"": -0.04}"
95,population,5,0.34999965000035,0.46999953000047,0.17999982000018,PCAR,PACCAR INC,928,NA,2017-01-01 00:00:00,60506,259.235681,0.3889328189551196,-0.04,0.4289328189551196,-0.4289328189551196,True,1,type_mean,0.0105116667264412,0.009015847914168,2.8059538271968374,0.9418271139458155,"
<think>Given the firm's moderate profitability and negative asset growth, combined with a beta above 1 indicating higher systematic risk than the market, the stock presents mixed signals. The fund's current holding is relatively small compared to its AUM and the stock's S&P 500 weight, suggesting limited active exposure. Considering the low risk tolerance and defensive investment style typical of insurance companies, a modest reduction in position size might be expected to manage risk exposure, leading to a slight negative normalized log change.</think>
<answer>
{""holding_log_delta"": -0.04}
</answer>","Given the firm's moderate profitability and negative asset growth, combined with a beta above 1 indicating higher systematic risk than the market, the stock presents mixed signals. The fund's current holding is relatively small compared to its AUM and the stock's S&P 500 weight, suggesting limited active exposure. Considering the low risk tolerance and defensive investment style typical of insurance companies, a modest reduction in position size might be expected to manage risk exposure, leading to a slight negative normalized log change.","{""holding_log_delta"": -0.04}"
95,population,6,0.34999965000035,0.46999953000047,0.17999982000018,PCAR,PACCAR INC,928,NA,2017-01-01 00:00:00,60506,259.235681,0.3889328189551196,-0.04,0.4289328189551196,-0.4289328189551196,True,1,type_mean,0.0105116667264412,0.009015847914168,2.8059538271968374,0.9418271139458155,"
<think>Given the firm's moderate profitability and negative asset growth, combined with a beta above 1 indicating higher systematic risk than the market, the stock presents mixed signals. The fund's current holding is relatively small compared to its AUM and the stock's S&P 500 weight, suggesting limited active exposure. Considering the low risk tolerance and defensive investment style typical of insurance companies, a modest reduction in position size might be expected to manage risk exposure, leading to a slight negative normalized log change.</think>
<answer>
{""holding_log_delta"": -0.04}
</answer>","Given the firm's moderate profitability and negative asset growth, combined with a beta above 1 indicating higher systematic risk than the market, the stock presents mixed signals. The fund's current holding is relatively small compared to its AUM and the stock's S&P 500 weight, suggesting limited active exposure. Considering the low risk tolerance and defensive investment style typical of insurance companies, a modest reduction in position size might be expected to manage risk exposure, leading to a slight negative normalized log change.","{""holding_log_delta"": -0.04}"
95,population,7,0.33999970080022246,0.4899995688003206,0.16999973040033683,PCAR,PACCAR INC,928,NA,2017-01-01 00:00:00,60506,259.235681,0.3889328189551196,-0.04,0.4289328189551196,-0.4289328189551196,True,1,type_mean,0.0105116667264412,0.009015847914168,2.8059538271968374,0.9418271139458155,"
<think>Given the firm's moderate profitability and negative asset growth, combined with a beta above 1 indicating higher systematic risk, the stock may be viewed as relatively risky compared to its benchmark weight. The fund's current holding is substantial relative to AUM, and with high stock volatility and volume, a reduction in position size might be expected to manage risk exposure, leading to a negative normalized log change.</think>
<answer>
{""holding_log_delta"": -0.04}
</answer>","Given the firm's moderate profitability and negative asset growth, combined with a beta above 1 indicating higher systematic risk, the stock may be viewed as relatively risky compared to its benchmark weight. The fund's current holding is substantial relative to AUM, and with high stock volatility and volume, a reduction in position size might be expected to manage risk exposure, leading to a negative normalized log change.","{""holding_log_delta"": -0.04}"
95,population,8,0.33663341005794806,0.47524716714063253,0.18811843270315443,PCAR,PACCAR INC,928,NA,2017-01-01 00:00:00,60506,259.235681,0.3889328189551196,-0.04,0.4289328189551196,-0.4289328189551196,True,1,type_mean,0.0105116667264412,0.009015847914168,2.8059538271968374,0.9418271139458155,"
<think>Given the firm's moderate profitability and negative asset growth, combined with a beta above 1 indicating higher systematic risk, the stock may be viewed as relatively risky compared to its benchmark weight. The fund's current holding is substantial relative to AUM, and with high stock volatility and volume, a reduction in position size might be expected to manage risk exposure, leading to a negative normalized log change.</think>
<answer>
{""holding_log_delta"": -0.04}
</answer>","Given the firm's moderate profitability and negative asset growth, combined with a beta above 1 indicating higher systematic risk, the stock may be viewed as relatively risky compared to its benchmark weight. The fund's current holding is substantial relative to AUM, and with high stock volatility and volume, a reduction in position size might be expected to manage risk exposure, leading to a negative normalized log change.","{""holding_log_delta"": -0.04}"
95,population,9,0.30999969000031,0.47999952000048,0.20999979000021002,PCAR,PACCAR INC,928,NA,2017-01-01 00:00:00,60506,259.235681,0.3889328189551196,-0.04,0.4289328189551196,-0.4289328189551196,True,1,type_mean,0.0105116667264412,0.009015847914168,2.8059538271968374,0.9418271139458155,"
<think>Given the firm's moderate profitability and negative asset growth, combined with a beta above 1 indicating higher systematic risk, the stock may be viewed as having mixed fundamentals. The fund's current holding is relatively small compared to its AUM and the stock's S&P 500 weight, suggesting limited active exposure. Considering the low risk tolerance and defensive investment style typical of insurance companies, a modest adjustment to align with benchmark weight or manage risk exposure is likely, leading to a small normalized log change.</think>
<answer>
{""holding_log_delta"": -0.04}
</answer>","Given the firm's moderate profitability and negative asset growth, combined with a beta above 1 indicating higher systematic risk, the stock may be viewed as having mixed fundamentals. The fund's current holding is relatively small compared to its AUM and the stock's S&P 500 weight, suggesting limited active exposure. Considering the low risk tolerance and defensive investment style typical of insurance companies, a modest adjustment to align with benchmark weight or manage risk exposure is likely, leading to a small normalized log change.","{""holding_log_delta"": -0.04}"
95,population,10,0.3267325697478768,0.48514792549779606,0.1881185146556311,PCAR,PACCAR INC,928,NA,2017-01-01 00:00:00,60506,259.235681,0.3889328189551196,-0.04,0.4289328189551196,-0.4289328189551196,True,1,type_mean,0.0105116667264412,0.009015847914168,2.8059538271968374,0.9418271139458155,"
<think>Given the firm's moderate profitability and negative asset growth, combined with a beta above 1 indicating higher systematic risk, the stock may be viewed as relatively risky despite its positive profit margin. The fund's current holding is substantial relative to AUM, and the stock's low S&P 500 weight suggests limited benchmark-driven demand. Considering the high portfolio concentration constraint and the fund's defensive style, a reduction in holding to manage risk exposure is likely, leading to a negative expected normalized log change.</think>
<answer>
{""holding_log_delta"": -0.04}
</answer>","Given the firm's moderate profitability and negative asset growth, combined with a beta above 1 indicating higher systematic risk, the stock may be viewed as relatively risky despite its positive profit margin. The fund's current holding is substantial relative to AUM, and the stock's low S&P 500 weight suggests limited benchmark-driven demand. Considering the high portfolio concentration constraint and the fund's defensive style, a reduction in holding to manage risk exposure is likely, leading to a negative expected normalized log change.","{""holding_log_delta"": -0.04}"
95,population,11,0.34653439270671127,0.46534618449186943,0.18811843270315448,PCAR,PACCAR INC,928,NA,2017-01-01 00:00:00,60506,259.235681,0.3889328189551196,-0.07,0.4589328189551196,-0.4589328189551196,True,1,type_mean,0.0105116667264412,0.009015847914168,2.8059538271968374,0.9418271139458155,"
<think>Given the firm's moderate profitability and negative asset growth, combined with a beta above 1 indicating higher systematic risk, the stock may be viewed as relatively risky compared to its benchmark weight. The fund's current holding is substantial relative to AUM, and with high stock volatility and volume, a reduction in position size might be expected to manage risk exposure, leading to a negative normalized log change.</think>
<answer>
{""holding_log_delta"": -0.07}
</answer>","Given the firm's moderate profitability and negative asset growth, combined with a beta above 1 indicating higher systematic risk, the stock may be viewed as relatively risky compared to its benchmark weight. The fund's current holding is substantial relative to AUM, and with high stock volatility and volume, a reduction in position size might be expected to manage risk exposure, leading to a negative normalized log change.","{""holding_log_delta"": -0.07}"
