generation,stage,candidate_idx,risk_aversion,herd_behavior,profit_driven,ticker,company,id,quarter,date,permno,holding_t,y_true,pred,abs_error,reward,valid,best_k,profile_strength_mode,x_risk_mean,x_herd_mean,x_profit_mean,overall_mean,raw_output,reason,answer_body
36,population,0,0.5833539583892248,0.24050729647358912,0.17613774513718625,NOC,NORTHROP GRUMMAN CORP,596,NA,2019-04-01 00:00:00,24766,18546.658236,0.17580997422632363,-0.02,0.19580997422632362,-0.19580997422632362,True,1,type_mean,0.0082565895035254,0.0069532062192367,0.2194993243101532,0.0782363733443051,"
<think>Given NOC's current fundamentals, the firm shows strong profitability (profit=0.488) and positive asset growth (Gat=0.075), while its beta is below 1, suggesting lower systematic risk than the market. The fund's current holding is relatively small compared to AUM, and the stock's low S&P 500 weight indicates limited benchmark pressure. With moderate profitability and low risk, combined with the fund's capacity to increase exposure without significant benchmark deviation, a modest increase in holding is expected.</think>
<answer>
{""holding_log_delta"": -0.02}
</answer>","Given NOC's current fundamentals, the firm shows strong profitability (profit=0.488) and positive asset growth (Gat=0.075), while its beta is below 1, suggesting lower systematic risk than the market. The fund's current holding is relatively small compared to AUM, and the stock's low S&P 500 weight indicates limited benchmark pressure. With moderate profitability and low risk, combined with the fund's capacity to increase exposure without significant benchmark deviation, a modest increase in holding is expected.","{""holding_log_delta"": -0.02}"
36,population,1,0.5333539583892247,0.24050729647358907,0.2261377451371862,NOC,NORTHROP GRUMMAN CORP,596,NA,2019-04-01 00:00:00,24766,18546.658236,0.17580997422632363,-0.01,0.18580997422632364,-0.18580997422632364,True,1,type_mean,0.0082565895035254,0.0069532062192367,0.2194993243101532,0.0782363733443051,"
<think>Given NOC's current fundamentals, the firm shows strong profitability (profit=0.488) and positive asset growth (Gat=0.075), while its beta is below 1, suggesting lower systematic risk than the market. The fund's current holding is relatively small compared to AUM, and the stock's low S&P 500 weight indicates limited benchmark pressure. With moderate profitability and low risk, combined with the fund's capacity to increase exposure without significant benchmark deviation, a modest increase in holding is expected.</think>
<answer>
{""holding_log_delta"": -0.01}
</answer>","Given NOC's current fundamentals, the firm shows strong profitability (profit=0.488) and positive asset growth (Gat=0.075), while its beta is below 1, suggesting lower systematic risk than the market. The fund's current holding is relatively small compared to AUM, and the stock's low S&P 500 weight indicates limited benchmark pressure. With moderate profitability and low risk, combined with the fund's capacity to increase exposure without significant benchmark deviation, a modest increase in holding is expected.","{""holding_log_delta"": -0.01}"
36,population,2,0.5633539583892248,0.21050729647358912,0.22613774513718626,NOC,NORTHROP GRUMMAN CORP,596,NA,2019-04-01 00:00:00,24766,18546.658236,0.17580997422632363,-0.02,0.19580997422632362,-0.19580997422632362,True,1,type_mean,0.0082565895035254,0.0069532062192367,0.2194993243101532,0.0782363733443051,"
<think>Given NOC's current fundamentals, the firm shows strong profitability (profit=0.488) and positive asset growth (Gat=0.075), while its beta is below 1, indicating lower systematic risk than the market. The fund's current holding is relatively small compared to AUM, and the stock's low S&P 500 weight suggests limited benchmark-driven pressure. With moderate risk and positive growth signals, a modest increase in holding might be expected to align with the firm's favorable profile, but the low benchmark weight and existing small position may limit the magnitude.</think>
<answer>
{""holding_log_delta"": -0.02}
</answer>","Given NOC's current fundamentals, the firm shows strong profitability (profit=0.488) and positive asset growth (Gat=0.075), while its beta is below 1, indicating lower systematic risk than the market. The fund's current holding is relatively small compared to AUM, and the stock's low S&P 500 weight suggests limited benchmark-driven pressure. With moderate risk and positive growth signals, a modest increase in holding might be expected to align with the firm's favorable profile, but the low benchmark weight and existing small position may limit the magnitude.","{""holding_log_delta"": -0.02}"
36,population,3,0.5333539583892247,0.24050729647358907,0.2261377451371862,NOC,NORTHROP GRUMMAN CORP,596,NA,2019-04-01 00:00:00,24766,18546.658236,0.17580997422632363,-0.01,0.18580997422632364,-0.18580997422632364,True,1,type_mean,0.0082565895035254,0.0069532062192367,0.2194993243101532,0.0782363733443051,"
<think>Given NOC's current fundamentals, the firm shows strong profitability (profit=0.488) and positive asset growth (Gat=0.075), while its beta is below 1, suggesting lower systematic risk than the market. The fund's current holding is relatively small compared to AUM, and the stock's low S&P 500 weight indicates limited benchmark pressure. With moderate profitability and low risk, combined with the fund's capacity to increase exposure without significant benchmark deviation, a modest increase in holding is expected.</think>
<answer>
{""holding_log_delta"": -0.01}
</answer>","Given NOC's current fundamentals, the firm shows strong profitability (profit=0.488) and positive asset growth (Gat=0.075), while its beta is below 1, suggesting lower systematic risk than the market. The fund's current holding is relatively small compared to AUM, and the stock's low S&P 500 weight indicates limited benchmark pressure. With moderate profitability and low risk, combined with the fund's capacity to increase exposure without significant benchmark deviation, a modest increase in holding is expected.","{""holding_log_delta"": -0.01}"
36,population,4,0.5333539583892248,0.2605072964735891,0.20613774513718625,NOC,NORTHROP GRUMMAN CORP,596,NA,2019-04-01 00:00:00,24766,18546.658236,0.17580997422632363,-0.02,0.19580997422632362,-0.19580997422632362,True,1,type_mean,0.0082565895035254,0.0069532062192367,0.2194993243101532,0.0782363733443051,"
<think>Given the firm's high market capitalization relative to book equity and positive profitability, along with a beta below 1 indicating lower systematic risk than the market, the stock appears fundamentally sound. The fund's current holding is substantial relative to its AUM and the stock's S&P 500 weight, suggesting a meaningful existing exposure. Considering the low beta and the fund's medium-term horizon, a modest increase in holding might be expected to align closer with the benchmark weight, but the high existing position and low volatility may limit the magnitude of any adjustment.</think>
<answer>
{""holding_log_delta"": -0.02}
</answer>","Given the firm's high market capitalization relative to book equity and positive profitability, along with a beta below 1 indicating lower systematic risk than the market, the stock appears fundamentally sound. The fund's current holding is substantial relative to its AUM and the stock's S&P 500 weight, suggesting a meaningful existing exposure. Considering the low beta and the fund's medium-term horizon, a modest increase in holding might be expected to align closer with the benchmark weight, but the high existing position and low volatility may limit the magnitude of any adjustment.","{""holding_log_delta"": -0.02}"
36,population,5,0.5733539583892248,0.21050729647358912,0.21613774513718625,NOC,NORTHROP GRUMMAN CORP,596,NA,2019-04-01 00:00:00,24766,18546.658236,0.17580997422632363,-0.02,0.19580997422632362,-0.19580997422632362,True,1,type_mean,0.0082565895035254,0.0069532062192367,0.2194993243101532,0.0782363733443051,"
<think>Given NOC's current fundamentals, the firm shows strong profitability (profit=0.488) and positive asset growth (Gat=0.075), while its beta is below 1, suggesting lower systematic risk than the market. The fund's current holding is relatively small compared to AUM, and the stock's low S&P 500 weight indicates limited benchmark-driven pressure. With moderate profitability and low risk, combined with the fund's capacity to increase exposure without significant benchmark deviation, a modest increase in holding is expected.</think>
<answer>
{""holding_log_delta"": -0.02}
</answer>","Given NOC's current fundamentals, the firm shows strong profitability (profit=0.488) and positive asset growth (Gat=0.075), while its beta is below 1, suggesting lower systematic risk than the market. The fund's current holding is relatively small compared to AUM, and the stock's low S&P 500 weight indicates limited benchmark-driven pressure. With moderate profitability and low risk, combined with the fund's capacity to increase exposure without significant benchmark deviation, a modest increase in holding is expected.","{""holding_log_delta"": -0.02}"
36,population,6,0.6133539583898281,0.2705072964738596,0.11613774513731237,NOC,NORTHROP GRUMMAN CORP,596,NA,2019-04-01 00:00:00,24766,18546.658236,0.17580997422632363,-0.02,0.19580997422632362,-0.19580997422632362,True,1,type_mean,0.0082565895035254,0.0069532062192367,0.2194993243101532,0.0782363733443051,"
<think>Given the firm's moderate profitability (profit=0.488) and positive asset growth (Gat=0.075), along with a low beta (0.749) indicating lower systematic risk, the stock appears fundamentally sound but not exceptionally strong. The fund's current holding is relatively small compared to its AUM and the stock's S&P 500 weight, suggesting potential for increased allocation to align with benchmark exposure. However, the low beta and moderate growth may limit the magnitude of increase due to the fund's low-risk profile.</think>
<answer>
{""holding_log_delta"": -0.02}
</answer>","Given the firm's moderate profitability (profit=0.488) and positive asset growth (Gat=0.075), along with a low beta (0.749) indicating lower systematic risk, the stock appears fundamentally sound but not exceptionally strong. The fund's current holding is relatively small compared to its AUM and the stock's S&P 500 weight, suggesting potential for increased allocation to align with benchmark exposure. However, the low beta and moderate growth may limit the magnitude of increase due to the fund's low-risk profile.","{""holding_log_delta"": -0.02}"
36,population,7,0.6133539583898281,0.2705072964738596,0.11613774513731237,NOC,NORTHROP GRUMMAN CORP,596,NA,2019-04-01 00:00:00,24766,18546.658236,0.17580997422632363,-0.02,0.19580997422632362,-0.19580997422632362,True,1,type_mean,0.0082565895035254,0.0069532062192367,0.2194993243101532,0.0782363733443051,"
<think>Given the firm's moderate profitability (profit=0.488) and positive asset growth (Gat=0.075), along with a low beta (0.749) indicating lower systematic risk, the stock appears fundamentally sound but not exceptionally strong. The fund's current holding is relatively small compared to its AUM and the stock's S&P 500 weight, suggesting potential for increased allocation to align with benchmark exposure. However, the low beta and moderate growth may limit the magnitude of increase due to the fund's low-risk profile.</think>
<answer>
{""holding_log_delta"": -0.02}
</answer>","Given the firm's moderate profitability (profit=0.488) and positive asset growth (Gat=0.075), along with a low beta (0.749) indicating lower systematic risk, the stock appears fundamentally sound but not exceptionally strong. The fund's current holding is relatively small compared to its AUM and the stock's S&P 500 weight, suggesting potential for increased allocation to align with benchmark exposure. However, the low beta and moderate growth may limit the magnitude of increase due to the fund's low-risk profile.","{""holding_log_delta"": -0.02}"
36,population,8,0.6133539583898281,0.2705072964738596,0.11613774513731237,NOC,NORTHROP GRUMMAN CORP,596,NA,2019-04-01 00:00:00,24766,18546.658236,0.17580997422632363,-0.02,0.19580997422632362,-0.19580997422632362,True,1,type_mean,0.0082565895035254,0.0069532062192367,0.2194993243101532,0.0782363733443051,"
<think>Given the firm's moderate profitability (profit=0.488) and positive asset growth (Gat=0.075), along with a low beta (0.749) indicating lower systematic risk, the stock appears fundamentally sound but not exceptionally strong. The fund's current holding is relatively small compared to its AUM and the stock's S&P 500 weight, suggesting potential for increased allocation to align with benchmark exposure. However, the low beta and moderate growth may limit the magnitude of increase due to the fund's low-risk profile.</think>
<answer>
{""holding_log_delta"": -0.02}
</answer>","Given the firm's moderate profitability (profit=0.488) and positive asset growth (Gat=0.075), along with a low beta (0.749) indicating lower systematic risk, the stock appears fundamentally sound but not exceptionally strong. The fund's current holding is relatively small compared to its AUM and the stock's S&P 500 weight, suggesting potential for increased allocation to align with benchmark exposure. However, the low beta and moderate growth may limit the magnitude of increase due to the fund's low-risk profile.","{""holding_log_delta"": -0.02}"
36,population,9,0.6133539583898281,0.2705072964738596,0.11613774513731237,NOC,NORTHROP GRUMMAN CORP,596,NA,2019-04-01 00:00:00,24766,18546.658236,0.17580997422632363,-0.02,0.19580997422632362,-0.19580997422632362,True,1,type_mean,0.0082565895035254,0.0069532062192367,0.2194993243101532,0.0782363733443051,"
<think>Given the firm's moderate profitability (profit=0.488) and positive asset growth (Gat=0.075), along with a low beta (0.749) indicating lower systematic risk, the stock appears fundamentally sound but not exceptionally strong. The fund's current holding is relatively small compared to its AUM and the stock's S&P 500 weight, suggesting potential for increased allocation to align with benchmark exposure. However, the low beta and moderate growth may limit the magnitude of increase due to the fund's low-risk profile.</think>
<answer>
{""holding_log_delta"": -0.02}
</answer>","Given the firm's moderate profitability (profit=0.488) and positive asset growth (Gat=0.075), along with a low beta (0.749) indicating lower systematic risk, the stock appears fundamentally sound but not exceptionally strong. The fund's current holding is relatively small compared to its AUM and the stock's S&P 500 weight, suggesting potential for increased allocation to align with benchmark exposure. However, the low beta and moderate growth may limit the magnitude of increase due to the fund's low-risk profile.","{""holding_log_delta"": -0.02}"
36,population,10,0.6133539583898281,0.2705072964738596,0.11613774513731237,NOC,NORTHROP GRUMMAN CORP,596,NA,2019-04-01 00:00:00,24766,18546.658236,0.17580997422632363,-0.02,0.19580997422632362,-0.19580997422632362,True,1,type_mean,0.0082565895035254,0.0069532062192367,0.2194993243101532,0.0782363733443051,"
<think>Given the firm's moderate profitability (profit=0.488) and positive asset growth (Gat=0.075), along with a low beta (0.749) indicating lower systematic risk, the stock appears fundamentally sound but not exceptionally strong. The fund's current holding is relatively small compared to its AUM and the stock's S&P 500 weight, suggesting potential for increased allocation to align with benchmark exposure. However, the low beta and moderate growth may limit the magnitude of increase due to the fund's low-risk profile.</think>
<answer>
{""holding_log_delta"": -0.02}
</answer>","Given the firm's moderate profitability (profit=0.488) and positive asset growth (Gat=0.075), along with a low beta (0.749) indicating lower systematic risk, the stock appears fundamentally sound but not exceptionally strong. The fund's current holding is relatively small compared to its AUM and the stock's S&P 500 weight, suggesting potential for increased allocation to align with benchmark exposure. However, the low beta and moderate growth may limit the magnitude of increase due to the fund's low-risk profile.","{""holding_log_delta"": -0.02}"
36,population,11,0.6133539583898281,0.2705072964738596,0.11613774513731237,NOC,NORTHROP GRUMMAN CORP,596,NA,2019-04-01 00:00:00,24766,18546.658236,0.17580997422632363,-0.02,0.19580997422632362,-0.19580997422632362,True,1,type_mean,0.0082565895035254,0.0069532062192367,0.2194993243101532,0.0782363733443051,"
<think>Given the firm's moderate profitability (profit=0.488) and positive asset growth (Gat=0.075), along with a low beta (0.749) indicating lower systematic risk, the stock appears fundamentally sound but not exceptionally strong. The fund's current holding is relatively small compared to its AUM and the stock's S&P 500 weight, suggesting potential for increased allocation to align with benchmark exposure. However, the low beta and moderate growth may limit the magnitude of increase due to the fund's low-risk profile.</think>
<answer>
{""holding_log_delta"": -0.02}
</answer>","Given the firm's moderate profitability (profit=0.488) and positive asset growth (Gat=0.075), along with a low beta (0.749) indicating lower systematic risk, the stock appears fundamentally sound but not exceptionally strong. The fund's current holding is relatively small compared to its AUM and the stock's S&P 500 weight, suggesting potential for increased allocation to align with benchmark exposure. However, the low beta and moderate growth may limit the magnitude of increase due to the fund's low-risk profile.","{""holding_log_delta"": -0.02}"
