generation,stage,candidate_idx,risk_aversion,herd_behavior,profit_driven,ticker,company,id,quarter,date,permno,holding_t,y_true,pred,abs_error,reward,valid,best_k,profile_strength_mode,x_risk_mean,x_herd_mean,x_profit_mean,overall_mean,raw_output,reason,answer_body
52,population,0,0.37299962700037304,0.521999478000522,0.10499989500010501,ICE,INTERCONTINENTALEXCHANGE INC,18,NA,2017-01-01 00:00:00,90993,347.765725,0.14178048764524656,-0.01,0.15178048764524657,-0.15178048764524657,True,1,type_mean,0.0105116667264412,0.009015847914168,2.8059538271968374,0.9418271139458155,"
<think>Given ICE's current fundamentals, the company has a moderate market capitalization relative to book equity, positive profitability, and a beta below 1 indicating lower systematic risk than the market. The fund's current holding is substantial relative to its AUM and the stock's S&P 500 weight, suggesting a significant active position. Considering the low beta and positive profitability, alongside the fund's defensive profile and low risk tolerance, a modest increase in holding might be expected to align with the benchmark while managing concentration, though the high existing position may limit the magnitude of change.</think>
<answer>
{""holding_log_delta"": -0.01}
</answer>","Given ICE's current fundamentals, the company has a moderate market capitalization relative to book equity, positive profitability, and a beta below 1 indicating lower systematic risk than the market. The fund's current holding is substantial relative to its AUM and the stock's S&P 500 weight, suggesting a significant active position. Considering the low beta and positive profitability, alongside the fund's defensive profile and low risk tolerance, a modest increase in holding might be expected to align with the benchmark while managing concentration, though the high existing position may limit the magnitude of change.","{""holding_log_delta"": -0.01}"
52,population,1,0.357999642000358,0.516999483000517,0.12499987500012501,ICE,INTERCONTINENTALEXCHANGE INC,18,NA,2017-01-01 00:00:00,90993,347.765725,0.14178048764524656,-0.04,0.18178048764524657,-0.18178048764524657,True,1,type_mean,0.0105116667264412,0.009015847914168,2.8059538271968374,0.9418271139458155,"
<think>Given ICE's moderate profitability (profit=0.139) and low beta (0.776), the stock appears stable but not aggressively growth-oriented. The fund's current holding is substantial relative to its AUM, and the stock's low beta suggests lower systematic risk, which aligns with the insurer's defensive style. Considering the fund's high AUM and the stock's small S&P 500 weight, a modest adjustment to align with benchmark exposure while managing concentration might be expected, likely resulting in a small negative normalized log change.</think>
<answer>
{""holding_log_delta"": -0.04}
</answer>","Given ICE's moderate profitability (profit=0.139) and low beta (0.776), the stock appears stable but not aggressively growth-oriented. The fund's current holding is substantial relative to its AUM, and the stock's low beta suggests lower systematic risk, which aligns with the insurer's defensive style. Considering the fund's high AUM and the stock's small S&P 500 weight, a modest adjustment to align with benchmark exposure while managing concentration might be expected, likely resulting in a small negative normalized log change.","{""holding_log_delta"": -0.04}"
52,population,2,0.346999653000347,0.517999482000518,0.13499986500013503,ICE,INTERCONTINENTALEXCHANGE INC,18,NA,2017-01-01 00:00:00,90993,347.765725,0.14178048764524656,-0.04,0.18178048764524657,-0.18178048764524657,True,1,type_mean,0.0105116667264412,0.009015847914168,2.8059538271968374,0.9418271139458155,"
<think>Given ICE's moderate profitability (profit=0.139) and low beta (0.776), the stock appears stable but not aggressively growth-oriented. The fund's current holding is substantial relative to AUM, and the stock's low beta suggests lower systematic risk, which aligns with the insurer's defensive style. Considering the fund's high AUM and the stock's small S&P 500 weight, a modest adjustment to align with benchmark exposure while managing concentration might be expected, likely resulting in a small negative normalized log change.</think>
<answer>
{""holding_log_delta"": -0.04}
</answer>","Given ICE's moderate profitability (profit=0.139) and low beta (0.776), the stock appears stable but not aggressively growth-oriented. The fund's current holding is substantial relative to AUM, and the stock's low beta suggests lower systematic risk, which aligns with the insurer's defensive style. Considering the fund's high AUM and the stock's small S&P 500 weight, a modest adjustment to align with benchmark exposure while managing concentration might be expected, likely resulting in a small negative normalized log change.","{""holding_log_delta"": -0.04}"
52,population,3,0.3693513561012054,0.5471508120967324,0.08349684948462568,ICE,INTERCONTINENTALEXCHANGE INC,18,NA,2017-01-01 00:00:00,90993,347.765725,0.14178048764524656,-0.02,0.16178048764524655,-0.16178048764524655,True,1,type_mean,0.0105116667264412,0.009015847914168,2.8059538271968374,0.9418271139458155,"
<think>Given ICE's current fundamentals, the company has a moderate market capitalization relative to book equity, positive profitability, and a beta below 1 indicating lower systematic risk than the market. The fund's current holding is substantial relative to its AUM and the stock's S&P 500 weight, suggesting a significant active position. Considering the low beta and positive profitability, alongside the fund's defensive profile and low risk tolerance, a modest increase in holding might be expected to align with the benchmark while managing concentration, though the high existing position may limit the magnitude of adjustment.</think>
<answer>
{""holding_log_delta"": -0.02}
</answer>","Given ICE's current fundamentals, the company has a moderate market capitalization relative to book equity, positive profitability, and a beta below 1 indicating lower systematic risk than the market. The fund's current holding is substantial relative to its AUM and the stock's S&P 500 weight, suggesting a significant active position. Considering the low beta and positive profitability, alongside the fund's defensive profile and low risk tolerance, a modest increase in holding might be expected to align with the benchmark while managing concentration, though the high existing position may limit the magnitude of adjustment.","{""holding_log_delta"": -0.02}"
52,population,4,0.375999624000376,0.5069994930005071,0.11699988300011702,ICE,INTERCONTINENTALEXCHANGE INC,18,NA,2017-01-01 00:00:00,90993,347.765725,0.14178048764524656,-0.03,0.17178048764524656,-0.17178048764524656,True,1,type_mean,0.0105116667264412,0.009015847914168,2.8059538271968374,0.9418271139458155,"
<think>Given ICE's moderate profitability (profit=0.139) and low beta (0.776), the stock appears stable but not aggressively growth-oriented. The fund's current holding is substantial relative to its AUM and the stock's S&P 500 weight, suggesting a significant existing exposure. With low volatility (stock_vol_q_prev=0.132) and high trading volume (stock_ln_volume_q_prev=14.82), the stock is liquid and potentially a core position, but the high existing holding might limit further increases due to concentration constraints.</think>
<answer>
{""holding_log_delta"": -0.03}
</answer>","Given ICE's moderate profitability (profit=0.139) and low beta (0.776), the stock appears stable but not aggressively growth-oriented. The fund's current holding is substantial relative to its AUM and the stock's S&P 500 weight, suggesting a significant existing exposure. With low volatility (stock_vol_q_prev=0.132) and high trading volume (stock_ln_volume_q_prev=14.82), the stock is liquid and potentially a core position, but the high existing holding might limit further increases due to concentration constraints.","{""holding_log_delta"": -0.03}"
52,population,5,0.37699962300037704,0.5579994420005581,0.06499993500006501,ICE,INTERCONTINENTALEXCHANGE INC,18,NA,2017-01-01 00:00:00,90993,347.765725,0.14178048764524656,-0.04,0.18178048764524657,-0.18178048764524657,True,1,type_mean,0.0105116667264412,0.009015847914168,2.8059538271968374,0.9418271139458155,"
<think>Given ICE's current fundamentals, the company has a moderate market capitalization relative to book equity and positive profitability, but its beta is below 1, suggesting lower systematic risk than the market. The fund's current holding is substantial relative to AUM, and the stock's low S&P 500 weight indicates limited benchmark-driven pressure. Considering the fund's defensive profile and low risk tolerance, any adjustment would likely be modest, possibly a slight reduction to align with the benchmark or manage concentration, given the already significant position.</think>
<answer>
{""holding_log_delta"": -0.04}
</answer>","Given ICE's current fundamentals, the company has a moderate market capitalization relative to book equity and positive profitability, but its beta is below 1, suggesting lower systematic risk than the market. The fund's current holding is substantial relative to AUM, and the stock's low S&P 500 weight indicates limited benchmark-driven pressure. Considering the fund's defensive profile and low risk tolerance, any adjustment would likely be modest, possibly a slight reduction to align with the benchmark or manage concentration, given the already significant position.","{""holding_log_delta"": -0.04}"
52,population,6,0.37699962300037704,0.5579994420005581,0.06499993500006501,ICE,INTERCONTINENTALEXCHANGE INC,18,NA,2017-01-01 00:00:00,90993,347.765725,0.14178048764524656,-0.04,0.18178048764524657,-0.18178048764524657,True,1,type_mean,0.0105116667264412,0.009015847914168,2.8059538271968374,0.9418271139458155,"
<think>Given ICE's current fundamentals, the company has a moderate market capitalization relative to book equity and positive profitability, but its beta is below 1, suggesting lower systematic risk than the market. The fund's current holding is substantial relative to AUM, and the stock's low S&P 500 weight indicates limited benchmark-driven pressure. Considering the fund's defensive profile and low risk tolerance, any adjustment would likely be modest, possibly a slight reduction to align with the benchmark or manage concentration, given the already significant position.</think>
<answer>
{""holding_log_delta"": -0.04}
</answer>","Given ICE's current fundamentals, the company has a moderate market capitalization relative to book equity and positive profitability, but its beta is below 1, suggesting lower systematic risk than the market. The fund's current holding is substantial relative to AUM, and the stock's low S&P 500 weight indicates limited benchmark-driven pressure. Considering the fund's defensive profile and low risk tolerance, any adjustment would likely be modest, possibly a slight reduction to align with the benchmark or manage concentration, given the already significant position.","{""holding_log_delta"": -0.04}"
52,population,7,0.36699963300036703,0.5279994720005281,0.10499989500010501,ICE,INTERCONTINENTALEXCHANGE INC,18,NA,2017-01-01 00:00:00,90993,347.765725,0.14178048764524656,-0.04,0.18178048764524657,-0.18178048764524657,True,1,type_mean,0.0105116667264412,0.009015847914168,2.8059538271968374,0.9418271139458155,"
<think>Given ICE's current fundamentals, the company has a moderate market capitalization relative to book equity and positive profitability, but its beta is below 1, suggesting lower systematic risk than the market. The fund's current holding is substantial relative to AUM, and the stock's low S&P 500 weight indicates limited benchmark-driven pressure. Considering the fund's defensive profile and low risk tolerance, any adjustment would likely be modest, possibly a slight reduction to align with the benchmark or manage concentration, given the already significant position.</think>
<answer>
{""holding_log_delta"": -0.04}
</answer>","Given ICE's current fundamentals, the company has a moderate market capitalization relative to book equity and positive profitability, but its beta is below 1, suggesting lower systematic risk than the market. The fund's current holding is substantial relative to AUM, and the stock's low S&P 500 weight indicates limited benchmark-driven pressure. Considering the fund's defensive profile and low risk tolerance, any adjustment would likely be modest, possibly a slight reduction to align with the benchmark or manage concentration, given the already significant position.","{""holding_log_delta"": -0.04}"
52,population,8,0.36699963300036703,0.5279994720005281,0.10499989500010501,ICE,INTERCONTINENTALEXCHANGE INC,18,NA,2017-01-01 00:00:00,90993,347.765725,0.14178048764524656,-0.04,0.18178048764524657,-0.18178048764524657,True,1,type_mean,0.0105116667264412,0.009015847914168,2.8059538271968374,0.9418271139458155,"
<think>Given ICE's current fundamentals, the company has a moderate market capitalization relative to book equity and positive profitability, but its beta is below 1, suggesting lower systematic risk than the market. The fund's current holding is substantial relative to AUM, and the stock's low S&P 500 weight indicates limited benchmark-driven pressure. Considering the fund's defensive profile and low risk tolerance, any adjustment would likely be modest, possibly a slight reduction to align with the benchmark or manage concentration, given the already significant position.</think>
<answer>
{""holding_log_delta"": -0.04}
</answer>","Given ICE's current fundamentals, the company has a moderate market capitalization relative to book equity and positive profitability, but its beta is below 1, suggesting lower systematic risk than the market. The fund's current holding is substantial relative to AUM, and the stock's low S&P 500 weight indicates limited benchmark-driven pressure. Considering the fund's defensive profile and low risk tolerance, any adjustment would likely be modest, possibly a slight reduction to align with the benchmark or manage concentration, given the already significant position.","{""holding_log_delta"": -0.04}"
52,population,9,0.36699963300036703,0.5279994720005281,0.10499989500010501,ICE,INTERCONTINENTALEXCHANGE INC,18,NA,2017-01-01 00:00:00,90993,347.765725,0.14178048764524656,-0.04,0.18178048764524657,-0.18178048764524657,True,1,type_mean,0.0105116667264412,0.009015847914168,2.8059538271968374,0.9418271139458155,"
<think>Given ICE's current fundamentals, the company has a moderate market capitalization relative to book equity and positive profitability, but its beta is below 1, suggesting lower systematic risk than the market. The fund's current holding is substantial relative to AUM, and the stock's low S&P 500 weight indicates limited benchmark-driven pressure. Considering the fund's defensive profile and low risk tolerance, any adjustment would likely be modest, possibly a slight reduction to align with the benchmark or manage concentration, given the already significant position.</think>
<answer>
{""holding_log_delta"": -0.04}
</answer>","Given ICE's current fundamentals, the company has a moderate market capitalization relative to book equity and positive profitability, but its beta is below 1, suggesting lower systematic risk than the market. The fund's current holding is substantial relative to AUM, and the stock's low S&P 500 weight indicates limited benchmark-driven pressure. Considering the fund's defensive profile and low risk tolerance, any adjustment would likely be modest, possibly a slight reduction to align with the benchmark or manage concentration, given the already significant position.","{""holding_log_delta"": -0.04}"
52,population,10,0.36281840311268476,0.5122431307509828,0.12493746663659944,ICE,INTERCONTINENTALEXCHANGE INC,18,NA,2017-01-01 00:00:00,90993,347.765725,0.14178048764524656,-0.04,0.18178048764524657,-0.18178048764524657,True,1,type_mean,0.0105116667264412,0.009015847914168,2.8059538271968374,0.9418271139458155,"
<think>Given ICE's current fundamentals, the company has a moderate market capitalization relative to book equity, positive profitability, and a beta below 1 indicating lower systematic risk than the market. The fund's current holding is substantial relative to its AUM and the stock's S&P 500 weight, suggesting a significant active position. Considering the low beta and positive profitability, alongside the fund's defensive profile and low risk tolerance, a modest increase in holding might be expected to align with the benchmark while managing concentration, though the high existing position may limit the magnitude of adjustment.</think>
<answer>
{""holding_log_delta"": -0.04}
</answer>","Given ICE's current fundamentals, the company has a moderate market capitalization relative to book equity, positive profitability, and a beta below 1 indicating lower systematic risk than the market. The fund's current holding is substantial relative to its AUM and the stock's S&P 500 weight, suggesting a significant active position. Considering the low beta and positive profitability, alongside the fund's defensive profile and low risk tolerance, a modest increase in holding might be expected to align with the benchmark while managing concentration, though the high existing position may limit the magnitude of adjustment.","{""holding_log_delta"": -0.04}"
52,population,11,0.375999624000376,0.516999483000517,0.10699989300010701,ICE,INTERCONTINENTALEXCHANGE INC,18,NA,2017-01-01 00:00:00,90993,347.765725,0.14178048764524656,-0.04,0.18178048764524657,-0.18178048764524657,True,1,type_mean,0.0105116667264412,0.009015847914168,2.8059538271968374,0.9418271139458155,"
<think>Given ICE's moderate profitability (profit=0.139) and low beta (0.776), the stock appears stable but not aggressively growth-oriented. The fund's current holding is substantial relative to AUM, and the stock's low beta suggests lower systematic risk, which aligns with the insurer's defensive style. Considering the fund's high AUM and the stock's small S&P 500 weight, a modest adjustment to align with benchmark exposure while managing concentration might be expected, likely resulting in a small negative normalized log change.</think>
<answer>
{""holding_log_delta"": -0.04}
</answer>","Given ICE's moderate profitability (profit=0.139) and low beta (0.776), the stock appears stable but not aggressively growth-oriented. The fund's current holding is substantial relative to AUM, and the stock's low beta suggests lower systematic risk, which aligns with the insurer's defensive style. Considering the fund's high AUM and the stock's small S&P 500 weight, a modest adjustment to align with benchmark exposure while managing concentration might be expected, likely resulting in a small negative normalized log change.","{""holding_log_delta"": -0.04}"
