generation,stage,candidate_idx,risk_aversion,herd_behavior,profit_driven,ticker,company,id,quarter,date,permno,holding_t,y_true,pred,abs_error,reward,valid,best_k,profile_strength_mode,x_risk_mean,x_herd_mean,x_profit_mean,overall_mean,raw_output,reason,answer_body
71,population,0,0.3478996521003479,0.32699967300032706,0.32509967490032515,,,991,NA,2018-10-01 00:00:00,76095,1050.121278,0.17489434870956058,-0.03,0.20489434870956058,-0.20489434870956058,True,1,type_mean,0.0083004769074155,0.0070097321687576,0.0811969348655934,0.03216904798058883,"
<think>Given the firm's moderate profitability (profit=0.30) and negative asset growth (Gat=-0.135), alongside a low beta (0.663) suggesting lower systematic risk, the stock may not present strong fundamental growth signals. The fund's current holding is relatively small compared to its AUM, and the stock's very low S&P 500 weight indicates limited benchmark-driven demand. Considering the mixed fundamentals and the fund's active, growth-oriented profile, a modest adjustment in line with the weak growth signals and low benchmark weight is expected, likely resulting in a slight decrease or minimal change in the normalized log holding.</think>
<answer>
{""holding_log_delta"": -0.03}
</answer>","Given the firm's moderate profitability (profit=0.30) and negative asset growth (Gat=-0.135), alongside a low beta (0.663) suggesting lower systematic risk, the stock may not present strong fundamental growth signals. The fund's current holding is relatively small compared to its AUM, and the stock's very low S&P 500 weight indicates limited benchmark-driven demand. Considering the mixed fundamentals and the fund's active, growth-oriented profile, a modest adjustment in line with the weak growth signals and low benchmark weight is expected, likely resulting in a slight decrease or minimal change in the normalized log holding.","{""holding_log_delta"": -0.03}"
71,population,1,0.32789967210032794,0.30689969310030696,0.36519963480036527,,,991,NA,2018-10-01 00:00:00,76095,1050.121278,0.17489434870956058,-0.03,0.20489434870956058,-0.20489434870956058,True,1,type_mean,0.0083004769074155,0.0070097321687576,0.0811969348655934,0.03216904798058883,"
<think>Given the firm's moderate profitability (profit=0.30) and negative asset growth (Gat=-0.135), alongside a low beta (0.663) suggesting lower systematic risk, the stock may not present strong growth signals. The fund's current holding is relatively small compared to its AUM, and the stock's very low S&P 500 weight indicates limited benchmark-driven demand. Considering the mixed fundamental signals and the fund's active, growth-oriented profile, a modest adjustment in line with the weak asset growth and low volatility might be expected, likely resulting in a slight decrease or minimal change in the normalized log holding.</think>
<answer>
{""holding_log_delta"": -0.03}
</answer>","Given the firm's moderate profitability (profit=0.30) and negative asset growth (Gat=-0.135), alongside a low beta (0.663) suggesting lower systematic risk, the stock may not present strong growth signals. The fund's current holding is relatively small compared to its AUM, and the stock's very low S&P 500 weight indicates limited benchmark-driven demand. Considering the mixed fundamental signals and the fund's active, growth-oriented profile, a modest adjustment in line with the weak asset growth and low volatility might be expected, likely resulting in a slight decrease or minimal change in the normalized log holding.","{""holding_log_delta"": -0.03}"
71,population,2,0.327864503068326,0.3080475456119149,0.3640869513197654,,,991,NA,2018-10-01 00:00:00,76095,1050.121278,0.17489434870956058,-0.01,0.1848943487095606,-0.1848943487095606,True,1,type_mean,0.0083004769074155,0.0070097321687576,0.0811969348655934,0.03216904798058883,"
<think>Given the firm's moderate profitability (profit=0.30) and negative asset growth (Gat=-0.135), alongside a low beta (0.663) suggesting lower systematic risk, the stock may not present strong fundamental growth signals. The fund's current holding is relatively small compared to its AUM, and the stock's very low S&P 500 weight indicates limited market importance. Considering these factors, a modest adjustment in line with the weak growth signals and low benchmark weight is expected, likely resulting in a slight decrease or minimal change in the normalized log holding.</think>
<answer>
{""holding_log_delta"": -0.01}
</answer>","Given the firm's moderate profitability (profit=0.30) and negative asset growth (Gat=-0.135), alongside a low beta (0.663) suggesting lower systematic risk, the stock may not present strong fundamental growth signals. The fund's current holding is relatively small compared to its AUM, and the stock's very low S&P 500 weight indicates limited market importance. Considering these factors, a modest adjustment in line with the weak growth signals and low benchmark weight is expected, likely resulting in a slight decrease or minimal change in the normalized log holding.","{""holding_log_delta"": -0.01}"
71,population,3,0.34999965000035,0.32999967000033004,0.31999968000032003,,,991,NA,2018-10-01 00:00:00,76095,1050.121278,0.17489434870956058,-0.04,0.2148943487095606,-0.2148943487095606,True,1,type_mean,0.0083004769074155,0.0070097321687576,0.0811969348655934,0.03216904798058883,"
<think>Given the firm's moderate profitability (profit=0.30) and negative asset growth (Gat=-0.135), alongside a beta below 1 indicating lower systematic risk than the market, the stock may be viewed as a defensive holding. The fund's current holding is relatively small compared to its AUM, and the stock's low S&P 500 weight suggests limited benchmark-driven pressure. Considering the negative asset growth and the fund's capacity to manage concentration, a modest increase in holding might be expected to align with the firm's defensive profile, but the magnitude would likely be tempered by the negative asset trend.</think>
<answer>
{""holding_log_delta"": -0.04}
</answer>","Given the firm's moderate profitability (profit=0.30) and negative asset growth (Gat=-0.135), alongside a beta below 1 indicating lower systematic risk than the market, the stock may be viewed as a defensive holding. The fund's current holding is relatively small compared to its AUM, and the stock's low S&P 500 weight suggests limited benchmark-driven pressure. Considering the negative asset growth and the fund's capacity to manage concentration, a modest increase in holding might be expected to align with the firm's defensive profile, but the magnitude would likely be tempered by the negative asset trend.","{""holding_log_delta"": -0.04}"
71,population,4,0.3578996421003579,0.307999692000308,0.33409966590033413,,,991,NA,2018-10-01 00:00:00,76095,1050.121278,0.17489434870956058,-0.05,0.2248943487095606,-0.2248943487095606,True,1,type_mean,0.0083004769074155,0.0070097321687576,0.0811969348655934,0.03216904798058883,"
<think>Given the firm's moderate profitability (profit=0.30) and negative asset growth (Gat=-0.135), alongside a low beta (0.663) suggesting lower systematic risk, the stock may not present strong growth signals. The fund's current holding is substantial relative to its AUM, and the stock's very small S&P 500 weight implies limited benchmark-driven demand. Considering the mixed fundamental signals and the fund's existing large position, a modest reduction in holding might be expected to manage concentration and align with the benchmark's minimal allocation.</think>
<answer>
{""holding_log_delta"": -0.05}
</answer>","Given the firm's moderate profitability (profit=0.30) and negative asset growth (Gat=-0.135), alongside a low beta (0.663) suggesting lower systematic risk, the stock may not present strong growth signals. The fund's current holding is substantial relative to its AUM, and the stock's very small S&P 500 weight implies limited benchmark-driven demand. Considering the mixed fundamental signals and the fund's existing large position, a modest reduction in holding might be expected to manage concentration and align with the benchmark's minimal allocation.","{""holding_log_delta"": -0.05}"
71,population,5,0.3378996621003379,0.31699968300031706,0.34509965490034517,,,991,NA,2018-10-01 00:00:00,76095,1050.121278,0.17489434870956058,-0.04,0.2148943487095606,-0.2148943487095606,True,1,type_mean,0.0083004769074155,0.0070097321687576,0.0811969348655934,0.03216904798058883,"
<think>Given the firm's moderate profitability (profit=0.30) and negative asset growth (Gat=-0.135), alongside a beta below 1 indicating lower systematic risk than the market, the stock may be viewed as a defensive holding. The fund's current holding is relatively small compared to its AUM, and the stock's low S&P 500 weight suggests limited benchmark-driven pressure. Considering the mixed fundamental signals and the fund's capacity to manage exposure, a modest adjustment in line with the stock's low volatility and beta might be expected, likely resulting in a minimal normalized log change.</think>
<answer>
{""holding_log_delta"": -0.04}
</answer>","Given the firm's moderate profitability (profit=0.30) and negative asset growth (Gat=-0.135), alongside a beta below 1 indicating lower systematic risk than the market, the stock may be viewed as a defensive holding. The fund's current holding is relatively small compared to its AUM, and the stock's low S&P 500 weight suggests limited benchmark-driven pressure. Considering the mixed fundamental signals and the fund's capacity to manage exposure, a modest adjustment in line with the stock's low volatility and beta might be expected, likely resulting in a minimal normalized log change.","{""holding_log_delta"": -0.04}"
71,population,6,0.3378996621003379,0.31699968300031706,0.34509965490034517,,,991,NA,2018-10-01 00:00:00,76095,1050.121278,0.17489434870956058,-0.04,0.2148943487095606,-0.2148943487095606,True,1,type_mean,0.0083004769074155,0.0070097321687576,0.0811969348655934,0.03216904798058883,"
<think>Given the firm's moderate profitability (profit=0.30) and negative asset growth (Gat=-0.135), alongside a beta below 1 indicating lower systematic risk than the market, the stock may be viewed as a defensive holding. The fund's current holding is relatively small compared to its AUM, and the stock's low S&P 500 weight suggests limited benchmark-driven pressure. Considering the mixed fundamental signals and the fund's capacity to manage exposure, a modest adjustment in line with the stock's low volatility and beta might be expected, likely resulting in a minimal normalized log change.</think>
<answer>
{""holding_log_delta"": -0.04}
</answer>","Given the firm's moderate profitability (profit=0.30) and negative asset growth (Gat=-0.135), alongside a beta below 1 indicating lower systematic risk than the market, the stock may be viewed as a defensive holding. The fund's current holding is relatively small compared to its AUM, and the stock's low S&P 500 weight suggests limited benchmark-driven pressure. Considering the mixed fundamental signals and the fund's capacity to manage exposure, a modest adjustment in line with the stock's low volatility and beta might be expected, likely resulting in a minimal normalized log change.","{""holding_log_delta"": -0.04}"
71,population,7,0.33793356528505536,0.28692849920178276,0.3751369354138268,,,991,NA,2018-10-01 00:00:00,76095,1050.121278,0.17489434870956058,-0.03,0.20489434870956058,-0.20489434870956058,True,1,type_mean,0.0083004769074155,0.0070097321687576,0.0811969348655934,0.03216904798058883,"
<think>Given the firm's moderate profitability (profit=0.30) and negative asset growth (Gat=-0.135), alongside a low beta (0.663) suggesting lower systematic risk, the stock may not present strong fundamental growth signals. The fund's current holding is relatively small compared to its AUM, and the stock's very low S&P 500 weight indicates limited benchmark-driven demand. Considering the mixed fundamentals and the fund's active, growth-oriented profile, a modest adjustment in line with the weak growth signals and low benchmark weight is expected, likely resulting in a slight decrease or minimal change in the normalized log holding.</think>
<answer>
{""holding_log_delta"": -0.03}
</answer>","Given the firm's moderate profitability (profit=0.30) and negative asset growth (Gat=-0.135), alongside a low beta (0.663) suggesting lower systematic risk, the stock may not present strong fundamental growth signals. The fund's current holding is relatively small compared to its AUM, and the stock's very low S&P 500 weight indicates limited benchmark-driven demand. Considering the mixed fundamentals and the fund's active, growth-oriented profile, a modest adjustment in line with the weak growth signals and low benchmark weight is expected, likely resulting in a slight decrease or minimal change in the normalized log holding.","{""holding_log_delta"": -0.03}"
71,population,8,0.31789968210031794,0.306999693000307,0.37509962490037513,,,991,NA,2018-10-01 00:00:00,76095,1050.121278,0.17489434870956058,-0.02,0.19489434870956057,-0.19489434870956057,True,1,type_mean,0.0083004769074155,0.0070097321687576,0.0811969348655934,0.03216904798058883,"
<think>Given the firm's moderate profitability (profit=0.30) and negative asset growth (Gat=-0.135), alongside a low beta (0.663) suggesting lower systematic risk, the stock may not present strong growth signals. The fund's current holding is relatively small compared to its AUM, and the stock's very low S&P 500 weight indicates limited benchmark-driven demand. Considering the mixed fundamental signals and the fund's active, growth-oriented profile, a modest adjustment in line with the weak asset growth and low volatility might be expected, likely resulting in a slight decrease or minimal change in the normalized log holding.</think>
<answer>
{""holding_log_delta"": -0.02}
</answer>","Given the firm's moderate profitability (profit=0.30) and negative asset growth (Gat=-0.135), alongside a low beta (0.663) suggesting lower systematic risk, the stock may not present strong growth signals. The fund's current holding is relatively small compared to its AUM, and the stock's very low S&P 500 weight indicates limited benchmark-driven demand. Considering the mixed fundamental signals and the fund's active, growth-oriented profile, a modest adjustment in line with the weak asset growth and low volatility might be expected, likely resulting in a slight decrease or minimal change in the normalized log holding.","{""holding_log_delta"": -0.02}"
71,population,9,0.33999966000034004,0.30999969000031,0.34999965000035,,,991,NA,2018-10-01 00:00:00,76095,1050.121278,0.17489434870956058,-0.01,0.1848943487095606,-0.1848943487095606,True,1,type_mean,0.0083004769074155,0.0070097321687576,0.0811969348655934,0.03216904798058883,"
<think>Given the firm's moderate profitability (profit=0.30) and negative asset growth (Gat=-0.135), alongside a beta below 1 indicating lower systematic risk than the market, the stock may be viewed as a defensive holding. The fund's current holding is relatively small compared to its AUM, and the stock's low S&P 500 weight suggests limited benchmark-driven pressure. With average volatility and trading volume, a modest increase in holding might be expected to align with the firm's stable but not rapidly growing profile, though the negative asset growth could temper the magnitude.</think>
<answer>
{""holding_log_delta"": -0.01}
</answer>","Given the firm's moderate profitability (profit=0.30) and negative asset growth (Gat=-0.135), alongside a beta below 1 indicating lower systematic risk than the market, the stock may be viewed as a defensive holding. The fund's current holding is relatively small compared to its AUM, and the stock's low S&P 500 weight suggests limited benchmark-driven pressure. With average volatility and trading volume, a modest increase in holding might be expected to align with the firm's stable but not rapidly growing profile, though the negative asset growth could temper the magnitude.","{""holding_log_delta"": -0.01}"
71,population,10,0.3378996621003379,0.31599968400031603,0.34609965390034614,,,991,NA,2018-10-01 00:00:00,76095,1050.121278,0.17489434870956058,-0.05,0.2248943487095606,-0.2248943487095606,True,1,type_mean,0.0083004769074155,0.0070097321687576,0.0811969348655934,0.03216904798058883,"
<think>Given the firm's moderate profitability (profit=0.30) and negative asset growth (Gat=-0.135), alongside a low beta (0.663) suggesting lower systematic risk, the stock may not present strong growth signals. The fund's current holding is substantial relative to its AUM, and the stock's very small S&P 500 weight implies limited benchmark-driven demand. Considering the mixed fundamental signals and the fund's existing large position, a modest reduction in holding might be expected to manage concentration and align with the benchmark's minimal allocation.</think>
<answer>
{""holding_log_delta"": -0.05}
</answer>","Given the firm's moderate profitability (profit=0.30) and negative asset growth (Gat=-0.135), alongside a low beta (0.663) suggesting lower systematic risk, the stock may not present strong growth signals. The fund's current holding is substantial relative to its AUM, and the stock's very small S&P 500 weight implies limited benchmark-driven demand. Considering the mixed fundamental signals and the fund's existing large position, a modest reduction in holding might be expected to manage concentration and align with the benchmark's minimal allocation.","{""holding_log_delta"": -0.05}"
71,population,11,0.3279324653140661,0.3069303861082247,0.36513614847869935,,,991,NA,2018-10-01 00:00:00,76095,1050.121278,0.17489434870956058,-0.03,0.20489434870956058,-0.20489434870956058,True,1,type_mean,0.0083004769074155,0.0070097321687576,0.0811969348655934,0.03216904798058883,"
<think>Given the firm's moderate profitability (profit=0.30) and negative asset growth (Gat=-0.135), alongside a beta below 1 indicating lower systematic risk than the market, the stock may be viewed as a defensive holding. The fund's current holding is relatively small compared to its AUM, and the stock's low S&P 500 weight suggests limited benchmark-driven pressure. With average volatility and trading volume, a modest increase in holding might be expected to align with the firm's stable but not rapidly growing profile, though the negative asset growth could temper the magnitude.</think>
<answer>
{""holding_log_delta"": -0.03}
</answer>","Given the firm's moderate profitability (profit=0.30) and negative asset growth (Gat=-0.135), alongside a beta below 1 indicating lower systematic risk than the market, the stock may be viewed as a defensive holding. The fund's current holding is relatively small compared to its AUM, and the stock's low S&P 500 weight suggests limited benchmark-driven pressure. With average volatility and trading volume, a modest increase in holding might be expected to align with the firm's stable but not rapidly growing profile, though the negative asset growth could temper the magnitude.","{""holding_log_delta"": -0.03}"
