generation,stage,candidate_idx,risk_aversion,herd_behavior,profit_driven,ticker,company,id,quarter,date,permno,holding_t,y_true,pred,abs_error,reward,valid,best_k,profile_strength_mode,x_risk_mean,x_herd_mean,x_profit_mean,overall_mean,raw_output,reason,answer_body
31,population,0,0.356999643000357,0.5479994520005481,0.094999905000095,JBHT,HUNT J B TRANSPORT SERVICES INC,940,NA,2016-01-01 00:00:00,42877,73.562157,-0.2349547878703399,-0.02,0.21495478787033992,-0.21495478787033992,True,1,type_mean,0.0105116667264412,0.009015847914168,2.8059538271968374,0.9418271139458155,"
<think>Given the firm's moderate profitability (profit=0.53) and low beta (0.95), the stock appears stable but not growth-oriented. The fund's current holding is relatively small compared to AUM, and the stock's very low S&P 500 weight suggests limited benchmark-driven demand. With low volatility and average trading volume, a modest adjustment to align with the benchmark or manage risk exposure is expected, likely resulting in a small positive or neutral change.</think>
<answer>
{""holding_log_delta"": -0.02}
</answer>","Given the firm's moderate profitability (profit=0.53) and low beta (0.95), the stock appears stable but not growth-oriented. The fund's current holding is relatively small compared to AUM, and the stock's very low S&P 500 weight suggests limited benchmark-driven demand. With low volatility and average trading volume, a modest adjustment to align with the benchmark or manage risk exposure is expected, likely resulting in a small positive or neutral change.","{""holding_log_delta"": -0.02}"
31,population,1,0.36699963300036703,0.577999422000578,0.054999945000055006,JBHT,HUNT J B TRANSPORT SERVICES INC,940,NA,2016-01-01 00:00:00,42877,73.562157,-0.2349547878703399,-0.04,0.1949547878703399,-0.1949547878703399,True,1,type_mean,0.0105116667264412,0.009015847914168,2.8059538271968374,0.9418271139458155,"
<think>Given the firm's moderate profitability (profit=0.53) and low beta (0.95), the stock appears stable but not growth-oriented. The fund's current holding is relatively small compared to AUM, and the stock's very low S&P 500 weight suggests limited benchmark-driven pressure. With low volatility and positive Gat (growth in total assets), a modest increase in holding might be expected to align with the benchmark while managing risk given the low beta.</think>
<answer>
{""holding_log_delta"": -0.04}
</answer>","Given the firm's moderate profitability (profit=0.53) and low beta (0.95), the stock appears stable but not growth-oriented. The fund's current holding is relatively small compared to AUM, and the stock's very low S&P 500 weight suggests limited benchmark-driven pressure. With low volatility and positive Gat (growth in total assets), a modest increase in holding might be expected to align with the benchmark while managing risk given the low beta.","{""holding_log_delta"": -0.04}"
31,population,2,0.37739962260037746,0.5382994617005383,0.08429991570008431,JBHT,HUNT J B TRANSPORT SERVICES INC,940,NA,2016-01-01 00:00:00,42877,73.562157,-0.2349547878703399,-0.04,0.1949547878703399,-0.1949547878703399,True,1,type_mean,0.0105116667264412,0.009015847914168,2.8059538271968374,0.9418271139458155,"
<think>Given the firm's moderate profitability (profit=0.53) and low beta (0.95), the stock appears stable but not growth-oriented. The fund's current holding is relatively small compared to AUM, and the stock's very low S&P 500 weight suggests limited benchmark-driven pressure. With low volatility and positive Gat (growth in total assets), a modest increase in holding might be expected to align with the benchmark while managing risk given the low beta.</think>
<answer>
{""holding_log_delta"": -0.04}
</answer>","Given the firm's moderate profitability (profit=0.53) and low beta (0.95), the stock appears stable but not growth-oriented. The fund's current holding is relatively small compared to AUM, and the stock's very low S&P 500 weight suggests limited benchmark-driven pressure. With low volatility and positive Gat (growth in total assets), a modest increase in holding might be expected to align with the benchmark while managing risk given the low beta.","{""holding_log_delta"": -0.04}"
31,population,3,0.37699962300037704,0.5069994930005071,0.11599988400011602,JBHT,HUNT J B TRANSPORT SERVICES INC,940,NA,2016-01-01 00:00:00,42877,73.562157,-0.2349547878703399,-0.04,0.1949547878703399,-0.1949547878703399,True,1,type_mean,0.0105116667264412,0.009015847914168,2.8059538271968374,0.9418271139458155,"
<think>Given the firm's moderate profitability (profit=0.53) and low beta (0.95), the stock appears stable but not growth-oriented. The fund's current holding is relatively small compared to AUM, and the stock's very low S&P 500 weight suggests limited benchmark-driven demand. With low volatility and average trading volume, a modest adjustment to align with the benchmark or manage risk exposure is expected, likely resulting in a small positive or neutral change.</think>
<answer>
{""holding_log_delta"": -0.04}
</answer>","Given the firm's moderate profitability (profit=0.53) and low beta (0.95), the stock appears stable but not growth-oriented. The fund's current holding is relatively small compared to AUM, and the stock's very low S&P 500 weight suggests limited benchmark-driven demand. With low volatility and average trading volume, a modest adjustment to align with the benchmark or manage risk exposure is expected, likely resulting in a small positive or neutral change.","{""holding_log_delta"": -0.04}"
31,population,4,0.37699962300037704,0.5079994920005081,0.11499988500011502,JBHT,HUNT J B TRANSPORT SERVICES INC,940,NA,2016-01-01 00:00:00,42877,73.562157,-0.2349547878703399,-0.04,0.1949547878703399,-0.1949547878703399,True,1,type_mean,0.0105116667264412,0.009015847914168,2.8059538271968374,0.9418271139458155,"
<think>Given the firm's moderate profitability (profit=0.53) and low beta (0.95), the stock appears stable but not growth-oriented. The fund's current holding is relatively small compared to AUM, and the stock's very low S&P 500 weight suggests limited benchmark-driven pressure. With low volatility and positive Gat (growth in total assets), a modest increase in holding might be expected to align with the benchmark while managing risk given the low beta.</think>
<answer>
{""holding_log_delta"": -0.04}
</answer>","Given the firm's moderate profitability (profit=0.53) and low beta (0.95), the stock appears stable but not growth-oriented. The fund's current holding is relatively small compared to AUM, and the stock's very low S&P 500 weight suggests limited benchmark-driven pressure. With low volatility and positive Gat (growth in total assets), a modest increase in holding might be expected to align with the benchmark while managing risk given the low beta.","{""holding_log_delta"": -0.04}"
31,population,5,0.36699963300036703,0.537999462000538,0.094999905000095,JBHT,HUNT J B TRANSPORT SERVICES INC,940,NA,2016-01-01 00:00:00,42877,73.562157,-0.2349547878703399,-0.04,0.1949547878703399,-0.1949547878703399,True,1,type_mean,0.0105116667264412,0.009015847914168,2.8059538271968374,0.9418271139458155,"
<think>Given the firm's moderate profitability (profit=0.53) and low beta (0.95), the stock appears stable but not growth-oriented. The fund's current holding is relatively small compared to AUM, and the stock's very low S&P 500 weight suggests limited benchmark-driven pressure. With low volatility and average trading volume, a modest adjustment to align with the benchmark or manage risk exposure is expected, likely resulting in a small positive or neutral change.</think>
<answer>
{""holding_log_delta"": -0.04}
</answer>","Given the firm's moderate profitability (profit=0.53) and low beta (0.95), the stock appears stable but not growth-oriented. The fund's current holding is relatively small compared to AUM, and the stock's very low S&P 500 weight suggests limited benchmark-driven pressure. With low volatility and average trading volume, a modest adjustment to align with the benchmark or manage risk exposure is expected, likely resulting in a small positive or neutral change.","{""holding_log_delta"": -0.04}"
31,population,6,0.346999653000347,0.517999482000518,0.13499986500013503,JBHT,HUNT J B TRANSPORT SERVICES INC,940,NA,2016-01-01 00:00:00,42877,73.562157,-0.2349547878703399,-0.01,0.2249547878703399,-0.2249547878703399,True,1,type_mean,0.0105116667264412,0.009015847914168,2.8059538271968374,0.9418271139458155,"
<think>Given the firm's moderate profitability (profit=0.53) and low beta (0.95), the stock appears stable but not growth-oriented. The fund's current holding is relatively small compared to AUM, and the stock's very low S&P 500 weight suggests limited benchmark-driven pressure. With low volatility and average trading volume, a modest adjustment to align with the benchmark or manage risk exposure is expected, likely resulting in a small positive or neutral change.</think>
<answer>
{""holding_log_delta"": -0.01}
</answer>","Given the firm's moderate profitability (profit=0.53) and low beta (0.95), the stock appears stable but not growth-oriented. The fund's current holding is relatively small compared to AUM, and the stock's very low S&P 500 weight suggests limited benchmark-driven pressure. With low volatility and average trading volume, a modest adjustment to align with the benchmark or manage risk exposure is expected, likely resulting in a small positive or neutral change.","{""holding_log_delta"": -0.01}"
31,population,7,0.36699965318530753,0.5279995010404425,0.10499984577519497,JBHT,HUNT J B TRANSPORT SERVICES INC,940,NA,2016-01-01 00:00:00,42877,73.562157,-0.2349547878703399,-0.04,0.1949547878703399,-0.1949547878703399,True,1,type_mean,0.0105116667264412,0.009015847914168,2.8059538271968374,0.9418271139458155,"
<think>Given the firm's moderate profitability (profit=0.53) and low beta (0.95), the stock appears stable but not growth-oriented. The fund's current holding is relatively small compared to AUM, and the stock's very low S&P 500 weight suggests limited benchmark-driven demand. With low volatility and average trading volume, a modest adjustment to align with the benchmark or manage risk exposure is expected, likely resulting in a small positive or neutral change.</think>
<answer>
{""holding_log_delta"": -0.04}
</answer>","Given the firm's moderate profitability (profit=0.53) and low beta (0.95), the stock appears stable but not growth-oriented. The fund's current holding is relatively small compared to AUM, and the stock's very low S&P 500 weight suggests limited benchmark-driven demand. With low volatility and average trading volume, a modest adjustment to align with the benchmark or manage risk exposure is expected, likely resulting in a small positive or neutral change.","{""holding_log_delta"": -0.04}"
31,population,8,0.35699966263529914,0.5379994915904508,0.10499984577519497,JBHT,HUNT J B TRANSPORT SERVICES INC,940,NA,2016-01-01 00:00:00,42877,73.562157,-0.2349547878703399,-0.04,0.1949547878703399,-0.1949547878703399,True,1,type_mean,0.0105116667264412,0.009015847914168,2.8059538271968374,0.9418271139458155,"
<think>Given the firm's moderate profitability (profit=0.53) and low beta (0.95), the stock appears stable but not growth-oriented. The fund's current holding is relatively small compared to AUM, and the stock's very low S&P 500 weight suggests limited benchmark-driven pressure. With low volatility and positive Gat (growth in total assets), a modest increase in holding might be expected to align with the benchmark while managing risk given the low beta.</think>
<answer>
{""holding_log_delta"": -0.04}
</answer>","Given the firm's moderate profitability (profit=0.53) and low beta (0.95), the stock appears stable but not growth-oriented. The fund's current holding is relatively small compared to AUM, and the stock's very low S&P 500 weight suggests limited benchmark-driven pressure. With low volatility and positive Gat (growth in total assets), a modest increase in holding might be expected to align with the benchmark while managing risk given the low beta.","{""holding_log_delta"": -0.04}"
31,population,9,0.36699963300036703,0.5479994520005481,0.08499991500008501,JBHT,HUNT J B TRANSPORT SERVICES INC,940,NA,2016-01-01 00:00:00,42877,73.562157,-0.2349547878703399,-0.02,0.21495478787033992,-0.21495478787033992,True,1,type_mean,0.0105116667264412,0.009015847914168,2.8059538271968374,0.9418271139458155,"
<think>Given the firm's moderate profitability (profit=0.53) and low beta (0.95), the stock appears stable but not growth-oriented. The fund's current holding is relatively small compared to AUM, and the stock's very low S&P 500 weight suggests limited benchmark-driven demand. With low volatility and average trading volume, a modest adjustment to align with the benchmark or manage risk exposure is expected, likely resulting in a small positive or neutral change.</think>
<answer>
{""holding_log_delta"": -0.02}
</answer>","Given the firm's moderate profitability (profit=0.53) and low beta (0.95), the stock appears stable but not growth-oriented. The fund's current holding is relatively small compared to AUM, and the stock's very low S&P 500 weight suggests limited benchmark-driven demand. With low volatility and average trading volume, a modest adjustment to align with the benchmark or manage risk exposure is expected, likely resulting in a small positive or neutral change.","{""holding_log_delta"": -0.02}"
31,population,10,0.37699962300037704,0.5579994420005581,0.06499993500006501,JBHT,HUNT J B TRANSPORT SERVICES INC,940,NA,2016-01-01 00:00:00,42877,73.562157,-0.2349547878703399,-0.04,0.1949547878703399,-0.1949547878703399,True,1,type_mean,0.0105116667264412,0.009015847914168,2.8059538271968374,0.9418271139458155,"
<think>Given the firm's moderate profitability (profit=0.53) and low beta (0.95), the stock appears stable but not growth-oriented. The fund's current holding is relatively small compared to AUM, and the stock's very low S&P 500 weight suggests limited benchmark-driven pressure. With low volatility and positive Gat (growth in total assets), a modest increase in holding might be expected to align with the benchmark while managing risk given the low beta.</think>
<answer>
{""holding_log_delta"": -0.04}
</answer>","Given the firm's moderate profitability (profit=0.53) and low beta (0.95), the stock appears stable but not growth-oriented. The fund's current holding is relatively small compared to AUM, and the stock's very low S&P 500 weight suggests limited benchmark-driven pressure. With low volatility and positive Gat (growth in total assets), a modest increase in holding might be expected to align with the benchmark while managing risk given the low beta.","{""holding_log_delta"": -0.04}"
31,population,11,0.346999653000347,0.516999483000517,0.13599986400013603,JBHT,HUNT J B TRANSPORT SERVICES INC,940,NA,2016-01-01 00:00:00,42877,73.562157,-0.2349547878703399,-0.01,0.2249547878703399,-0.2249547878703399,True,1,type_mean,0.0105116667264412,0.009015847914168,2.8059538271968374,0.9418271139458155,"
<think>Given the firm's moderate profitability (profit=0.53) and low beta (0.95), the stock appears stable but not growth-oriented. The fund's current holding is relatively small compared to AUM, and the stock's very low S&P 500 weight suggests limited benchmark-driven demand. With low volatility and average trading volume, a modest adjustment to align with the benchmark or manage risk exposure is expected, likely resulting in a small positive or neutral change.</think>
<answer>
{""holding_log_delta"": -0.01}
</answer>","Given the firm's moderate profitability (profit=0.53) and low beta (0.95), the stock appears stable but not growth-oriented. The fund's current holding is relatively small compared to AUM, and the stock's very low S&P 500 weight suggests limited benchmark-driven demand. With low volatility and average trading volume, a modest adjustment to align with the benchmark or manage risk exposure is expected, likely resulting in a small positive or neutral change.","{""holding_log_delta"": -0.01}"
