generation,stage,candidate_idx,risk_aversion,herd_behavior,profit_driven,ticker,company,id,quarter,date,permno,holding_t,y_true,pred,abs_error,reward,valid,best_k,profile_strength_mode,x_risk_mean,x_herd_mean,x_profit_mean,overall_mean,raw_output,reason,answer_body
81,population,0,0.32789967210032794,0.306999693000307,0.3650996349003651,,,231,NA,2019-07-01 00:00:00,11674,2978.801421,0.049207477670125975,-0.04,0.08920747767012598,-0.08920747767012598,True,1,type_mean,0.0083004769074155,0.0070097321687576,0.0811969348655934,0.03216904798058883,"
<think>Given the firm's high profitability (profit=0.173) and positive asset growth (Gat=0.074), alongside a low beta (0.163) suggesting lower systematic risk, the stock appears fundamentally strong. The fund's current holding is modest relative to its AUM and the stock's S&P 500 weight, indicating room for potential increase. Considering the positive fundamentals and the fund's active growth orientation, a slight increase in holding might be expected to align with the stock's favorable profile.</think>
<answer>
{""holding_log_delta"": -0.04}
</answer>","Given the firm's high profitability (profit=0.173) and positive asset growth (Gat=0.074), alongside a low beta (0.163) suggesting lower systematic risk, the stock appears fundamentally strong. The fund's current holding is modest relative to its AUM and the stock's S&P 500 weight, indicating room for potential increase. Considering the positive fundamentals and the fund's active growth orientation, a slight increase in holding might be expected to align with the stock's favorable profile.","{""holding_log_delta"": -0.04}"
81,population,1,0.3578996421003579,0.307999692000308,0.33409966590033413,,,231,NA,2019-07-01 00:00:00,11674,2978.801421,0.049207477670125975,-0.04,0.08920747767012598,-0.08920747767012598,True,1,type_mean,0.0083004769074155,0.0070097321687576,0.0811969348655934,0.03216904798058883,"
<think>Given the firm's high profitability (profit=0.173) and positive asset growth (Gat=0.0738), alongside its low beta (0.163) indicating lower systematic risk, the stock appears fundamentally strong. The fund's current holding is modest relative to AUM, and the stock's low S&P 500 weight suggests it is not a major benchmark component, allowing for potential allocation increases without significant benchmark pressure. Considering the positive fundamentals and the fund's capacity to adjust positions, a moderate increase in holding is expected.</think>
<answer>
{""holding_log_delta"": -0.04}
</answer>","Given the firm's high profitability (profit=0.173) and positive asset growth (Gat=0.0738), alongside its low beta (0.163) indicating lower systematic risk, the stock appears fundamentally strong. The fund's current holding is modest relative to AUM, and the stock's low S&P 500 weight suggests it is not a major benchmark component, allowing for potential allocation increases without significant benchmark pressure. Considering the positive fundamentals and the fund's capacity to adjust positions, a moderate increase in holding is expected.","{""holding_log_delta"": -0.04}"
81,population,2,0.3378996621003379,0.31799968200031803,0.34409965590034414,,,231,NA,2019-07-01 00:00:00,11674,2978.801421,0.049207477670125975,-0.04,0.08920747767012598,-0.08920747767012598,True,1,type_mean,0.0083004769074155,0.0070097321687576,0.0811969348655934,0.03216904798058883,"
<think>Given the firm's high profitability (profit=0.173) and positive asset growth (Gat=0.074), alongside a low beta (0.163) suggesting lower systematic risk, the stock appears fundamentally strong. The fund's current holding is modest relative to its AUM and the stock's S&P 500 weight, indicating room for potential increase. Considering the positive fundamentals and the fund's active growth orientation, a slight increase in holding might be expected to align with the stock's favorable profile.</think>
<answer>
{""holding_log_delta"": -0.04}
</answer>","Given the firm's high profitability (profit=0.173) and positive asset growth (Gat=0.074), alongside a low beta (0.163) suggesting lower systematic risk, the stock appears fundamentally strong. The fund's current holding is modest relative to its AUM and the stock's S&P 500 weight, indicating room for potential increase. Considering the positive fundamentals and the fund's active growth orientation, a slight increase in holding might be expected to align with the stock's favorable profile.","{""holding_log_delta"": -0.04}"
81,population,3,0.32789967210032794,0.31699968300031706,0.35509964490035517,,,231,NA,2019-07-01 00:00:00,11674,2978.801421,0.049207477670125975,-0.04,0.08920747767012598,-0.08920747767012598,True,1,type_mean,0.0083004769074155,0.0070097321687576,0.0811969348655934,0.03216904798058883,"
<think>Given the firm's high profitability (profit=0.173) and positive asset growth (Gat=0.0738), alongside a low beta (0.163) suggesting lower systematic risk, the stock appears fundamentally strong. The fund's current holding is modest relative to its AUM and the stock's S&P 500 weight, indicating room for potential increase. Considering the positive fundamentals and the fund's active growth orientation, a slight increase in holding might be expected to align with the stock's favorable profile.</think>
<answer>
{""holding_log_delta"": -0.04}
</answer>","Given the firm's high profitability (profit=0.173) and positive asset growth (Gat=0.0738), alongside a low beta (0.163) suggesting lower systematic risk, the stock appears fundamentally strong. The fund's current holding is modest relative to its AUM and the stock's S&P 500 weight, indicating room for potential increase. Considering the positive fundamentals and the fund's active growth orientation, a slight increase in holding might be expected to align with the stock's favorable profile.","{""holding_log_delta"": -0.04}"
81,population,4,0.3279324653140661,0.3069303861082247,0.36513614847869935,,,231,NA,2019-07-01 00:00:00,11674,2978.801421,0.049207477670125975,-0.03,0.07920747767012598,-0.07920747767012598,True,1,type_mean,0.0083004769074155,0.0070097321687576,0.0811969348655934,0.03216904798058883,"
<think>Given DTE's high profitability (profit=0.173) and positive asset growth (Gat=0.074), alongside its low beta (0.163) indicating lower systematic risk, the fund might increase its holding to capture growth opportunities while managing risk exposure. The current holding is relatively small compared to AUM and the stock's S&P 500 weight, suggesting potential for a meaningful increase to align with the firm's strong fundamentals and the benchmark.</think>
<answer>
{""holding_log_delta"": -0.03}
</answer>","Given DTE's high profitability (profit=0.173) and positive asset growth (Gat=0.074), alongside its low beta (0.163) indicating lower systematic risk, the fund might increase its holding to capture growth opportunities while managing risk exposure. The current holding is relatively small compared to AUM and the stock's S&P 500 weight, suggesting potential for a meaningful increase to align with the firm's strong fundamentals and the benchmark.","{""holding_log_delta"": -0.03}"
81,population,5,0.31789968210031794,0.306999693000307,0.37509962490037513,,,231,NA,2019-07-01 00:00:00,11674,2978.801421,0.049207477670125975,-0.04,0.08920747767012598,-0.08920747767012598,True,1,type_mean,0.0083004769074155,0.0070097321687576,0.0811969348655934,0.03216904798058883,"
<think>Given the firm's high profitability (profit=0.173) and positive asset growth (Gat=0.0738), alongside its low beta (0.163) indicating lower systematic risk, the stock appears fundamentally strong. The fund's current holding is modest relative to AUM, and the stock's low S&P 500 weight suggests it is not a major benchmark component. With positive fundamentals and low risk, combined with the fund's capacity to increase exposure given its substantial AUM, a moderate increase in holding is expected.</think>
<answer>
{""holding_log_delta"": -0.04}
</answer>","Given the firm's high profitability (profit=0.173) and positive asset growth (Gat=0.0738), alongside its low beta (0.163) indicating lower systematic risk, the stock appears fundamentally strong. The fund's current holding is modest relative to AUM, and the stock's low S&P 500 weight suggests it is not a major benchmark component. With positive fundamentals and low risk, combined with the fund's capacity to increase exposure given its substantial AUM, a moderate increase in holding is expected.","{""holding_log_delta"": -0.04}"
81,population,6,0.3478996521003479,0.32699967300032706,0.32509967490032515,,,231,NA,2019-07-01 00:00:00,11674,2978.801421,0.049207477670125975,-0.03,0.07920747767012598,-0.07920747767012598,True,1,type_mean,0.0083004769074155,0.0070097321687576,0.0811969348655934,0.03216904798058883,"
<think>Given DTE's high profitability (profit=0.173) and positive asset growth (Gat=0.074), alongside its low beta (0.163) indicating lower systematic risk, the stock appears fundamentally strong. The fund's current holding is modest relative to AUM, and the stock's low S&P 500 weight suggests it is not a major benchmark component. With favorable fundamentals and low risk, a growth-oriented investor might increase exposure, leading to a positive normalized log change.</think>
<answer>
{""holding_log_delta"": -0.03}
</answer>","Given DTE's high profitability (profit=0.173) and positive asset growth (Gat=0.074), alongside its low beta (0.163) indicating lower systematic risk, the stock appears fundamentally strong. The fund's current holding is modest relative to AUM, and the stock's low S&P 500 weight suggests it is not a major benchmark component. With favorable fundamentals and low risk, a growth-oriented investor might increase exposure, leading to a positive normalized log change.","{""holding_log_delta"": -0.03}"
81,population,7,0.3428996571003429,0.32199967800032203,0.33509966490033516,,,231,NA,2019-07-01 00:00:00,11674,2978.801421,0.049207477670125975,-0.03,0.07920747767012598,-0.07920747767012598,True,1,type_mean,0.0083004769074155,0.0070097321687576,0.0811969348655934,0.03216904798058883,"
<think>Given the firm's high profitability (profit=0.173) and positive asset growth (Gat=0.0738), alongside its low beta (0.163) indicating lower systematic risk, the stock appears fundamentally strong. The fund's current holding is modest relative to AUM, and the stock's low S&P 500 weight suggests it is not a major benchmark component, allowing for potential allocation increases without significant benchmark pressure. Considering the positive fundamentals and the fund's capacity to adjust positions, a moderate increase in holding might be expected.</think>
<answer>
{""holding_log_delta"": -0.03}
</answer>","Given the firm's high profitability (profit=0.173) and positive asset growth (Gat=0.0738), alongside its low beta (0.163) indicating lower systematic risk, the stock appears fundamentally strong. The fund's current holding is modest relative to AUM, and the stock's low S&P 500 weight suggests it is not a major benchmark component, allowing for potential allocation increases without significant benchmark pressure. Considering the positive fundamentals and the fund's capacity to adjust positions, a moderate increase in holding might be expected.","{""holding_log_delta"": -0.03}"
81,population,8,0.3478996521003479,0.296999703000297,0.35509964490035517,,,231,NA,2019-07-01 00:00:00,11674,2978.801421,0.049207477670125975,-0.03,0.07920747767012598,-0.07920747767012598,True,1,type_mean,0.0083004769074155,0.0070097321687576,0.0811969348655934,0.03216904798058883,"
<think>Given DTE's high profitability (profit=0.173) and positive asset growth (Gat=0.074), alongside its low beta (0.163) indicating lower systematic risk, the stock appears fundamentally strong. The fund's current holding is modest relative to AUM and the stock's S&P 500 weight, suggesting room for increase without excessive concentration. Considering the positive fundamentals and the fund's active growth orientation, a slight increase in holding is expected, but likely not dramatic given the already positive signals.</think>
<answer>
{""holding_log_delta"": -0.03}
</answer>","Given DTE's high profitability (profit=0.173) and positive asset growth (Gat=0.074), alongside its low beta (0.163) indicating lower systematic risk, the stock appears fundamentally strong. The fund's current holding is modest relative to AUM and the stock's S&P 500 weight, suggesting room for increase without excessive concentration. Considering the positive fundamentals and the fund's active growth orientation, a slight increase in holding is expected, but likely not dramatic given the already positive signals.","{""holding_log_delta"": -0.03}"
81,population,9,0.35289964710035293,0.31799968200031803,0.32909967090032916,,,231,NA,2019-07-01 00:00:00,11674,2978.801421,0.049207477670125975,-0.03,0.07920747767012598,-0.07920747767012598,True,1,type_mean,0.0083004769074155,0.0070097321687576,0.0811969348655934,0.03216904798058883,"
<think>Given the firm's high profitability (profit=0.173) and positive asset growth (Gat=0.0738), alongside a low beta (0.163) suggesting lower systematic risk, the stock appears fundamentally strong. The fund's current holding is modest relative to its AUM and the stock's S&P 500 weight, indicating room for potential increase. Considering the positive fundamentals and the fund's active growth orientation, a slight increase in holding might be expected to align with the stock's favorable profile.</think>
<answer>
{""holding_log_delta"": -0.03}
</answer>","Given the firm's high profitability (profit=0.173) and positive asset growth (Gat=0.0738), alongside a low beta (0.163) suggesting lower systematic risk, the stock appears fundamentally strong. The fund's current holding is modest relative to its AUM and the stock's S&P 500 weight, indicating room for potential increase. Considering the positive fundamentals and the fund's active growth orientation, a slight increase in holding might be expected to align with the stock's favorable profile.","{""holding_log_delta"": -0.03}"
81,population,10,0.3578996421003579,0.31799968200031803,0.3240996759003241,,,231,NA,2019-07-01 00:00:00,11674,2978.801421,0.049207477670125975,-0.04,0.08920747767012598,-0.08920747767012598,True,1,type_mean,0.0083004769074155,0.0070097321687576,0.0811969348655934,0.03216904798058883,"
<think>Given DTE's high profitability (profit=0.173) and positive asset growth (Gat=0.074), alongside its low beta (0.163) indicating lower systematic risk, the stock appears fundamentally strong. The fund's current holding is modest relative to AUM, and the stock's low S&P 500 weight suggests it is not a major benchmark component. With favorable fundamentals and low risk, a growth-oriented investor might increase exposure, leading to a positive normalized log change.</think>
<answer>
{""holding_log_delta"": -0.04}
</answer>","Given DTE's high profitability (profit=0.173) and positive asset growth (Gat=0.074), alongside its low beta (0.163) indicating lower systematic risk, the stock appears fundamentally strong. The fund's current holding is modest relative to AUM, and the stock's low S&P 500 weight suggests it is not a major benchmark component. With favorable fundamentals and low risk, a growth-oriented investor might increase exposure, leading to a positive normalized log change.","{""holding_log_delta"": -0.04}"
81,population,11,0.3578996421003579,0.31799968200031803,0.3240996759003241,,,231,NA,2019-07-01 00:00:00,11674,2978.801421,0.049207477670125975,-0.04,0.08920747767012598,-0.08920747767012598,True,1,type_mean,0.0083004769074155,0.0070097321687576,0.0811969348655934,0.03216904798058883,"
<think>Given DTE's high profitability (profit=0.173) and positive asset growth (Gat=0.074), alongside its low beta (0.163) indicating lower systematic risk, the stock appears fundamentally strong. The fund's current holding is modest relative to AUM, and the stock's low S&P 500 weight suggests it is not a major benchmark component. With favorable fundamentals and low risk, a growth-oriented investor might increase exposure, leading to a positive normalized log change.</think>
<answer>
{""holding_log_delta"": -0.04}
</answer>","Given DTE's high profitability (profit=0.173) and positive asset growth (Gat=0.074), alongside its low beta (0.163) indicating lower systematic risk, the stock appears fundamentally strong. The fund's current holding is modest relative to AUM, and the stock's low S&P 500 weight suggests it is not a major benchmark component. With favorable fundamentals and low risk, a growth-oriented investor might increase exposure, leading to a positive normalized log change.","{""holding_log_delta"": -0.04}"
