generation,stage,candidate_idx,risk_aversion,herd_behavior,profit_driven,ticker,company,id,quarter,date,permno,holding_t,y_true,pred,abs_error,reward,valid,best_k,profile_strength_mode,x_risk_mean,x_herd_mean,x_profit_mean,overall_mean,raw_output,reason,answer_body
34,population,0,0.5633539583892646,0.2705072964735891,0.16613774513714621,FSLR,FIRST SOLAR INC,924,NA,2016-07-01 00:00:00,91611,1323.467521,-0.2697927470558869,-0.04,0.2297927470558869,-0.2297927470558869,True,1,type_mean,0.0082565895035254,0.0069532062192367,0.2194993243101532,0.0782363733443051,"
<think>Given the firm's high beta of 1.712, indicating above-market volatility, and its current holding being a relatively small portion of AUM, the fund may adjust the position to manage risk exposure. The stock's low S&P 500 weight suggests limited benchmark-driven pressure, but the high beta could prompt a modest reduction or neutral adjustment rather than a significant increase.</think>
<answer>
{""holding_log_delta"": -0.04}
</answer>","Given the firm's high beta of 1.712, indicating above-market volatility, and its current holding being a relatively small portion of AUM, the fund may adjust the position to manage risk exposure. The stock's low S&P 500 weight suggests limited benchmark-driven pressure, but the high beta could prompt a modest reduction or neutral adjustment rather than a significant increase.","{""holding_log_delta"": -0.04}"
34,population,1,0.5833539583892248,0.24050729647358912,0.17613774513718625,FSLR,FIRST SOLAR INC,924,NA,2016-07-01 00:00:00,91611,1323.467521,-0.2697927470558869,-0.08,0.1897927470558869,-0.1897927470558869,True,1,type_mean,0.0082565895035254,0.0069532062192367,0.2194993243101532,0.0782363733443051,"
<think>Given the firm's high beta of 1.712038, the stock is significantly more volatile than the market, which typically leads to increased tracking error and higher risk for a fund manager. The current holding is substantial relative to the fund's AUM and the stock's S&P 500 weight, suggesting the position may be overweight compared to the benchmark. With the fund facing high turnover constraints and a low risk tolerance, a reduction in the position to align closer with the benchmark weight and manage risk exposure would be expected.</think>
<answer>
{""holding_log_delta"": -0.08}
</answer>","Given the firm's high beta of 1.712038, the stock is significantly more volatile than the market, which typically leads to increased tracking error and higher risk for a fund manager. The current holding is substantial relative to the fund's AUM and the stock's S&P 500 weight, suggesting the position may be overweight compared to the benchmark. With the fund facing high turnover constraints and a low risk tolerance, a reduction in the position to align closer with the benchmark weight and manage risk exposure would be expected.","{""holding_log_delta"": -0.08}"
34,population,2,0.602999397000603,0.25999974000026005,0.13699986300013703,FSLR,FIRST SOLAR INC,924,NA,2016-07-01 00:00:00,91611,1323.467521,-0.2697927470558869,-0.04,0.2297927470558869,-0.2297927470558869,True,1,type_mean,0.0082565895035254,0.0069532062192367,0.2194993243101532,0.0782363733443051,"
<think>Given the firm's high beta of 1.712, indicating above-market volatility, and its current holding being a relatively small portion of AUM, the fund may adjust the position to manage risk exposure, potentially reducing the holding slightly or maintaining it at a modest level to align with the benchmark weight of 0.000258. The positive profitability and growth metrics support some stability, but the high beta and existing low position size suggest a cautious approach.</think>
<answer>
{""holding_log_delta"": -0.04}
</answer>","Given the firm's high beta of 1.712, indicating above-market volatility, and its current holding being a relatively small portion of AUM, the fund may adjust the position to manage risk exposure, potentially reducing the holding slightly or maintaining it at a modest level to align with the benchmark weight of 0.000258. The positive profitability and growth metrics support some stability, but the high beta and existing low position size suggest a cautious approach.","{""holding_log_delta"": -0.04}"
34,population,3,0.582999417000583,0.27499972500027503,0.141999858000142,FSLR,FIRST SOLAR INC,924,NA,2016-07-01 00:00:00,91611,1323.467521,-0.2697927470558869,-0.04,0.2297927470558869,-0.2297927470558869,True,1,type_mean,0.0082565895035254,0.0069532062192367,0.2194993243101532,0.0782363733443051,"
<think>Given the firm's high beta of 1.712, indicating above-market volatility, and its current holding being a small fraction of AUM, the fund may adjust the position to manage risk exposure relative to the benchmark weight of 0.000258. The positive profitability and growth in assets (Gat) suggest fundamental strength, but the high beta and existing low position size imply a modest increase is likely to align with the benchmark while controlling for risk.</think>
<answer>
{""holding_log_delta"": -0.04}
</answer>","Given the firm's high beta of 1.712, indicating above-market volatility, and its current holding being a small fraction of AUM, the fund may adjust the position to manage risk exposure relative to the benchmark weight of 0.000258. The positive profitability and growth in assets (Gat) suggest fundamental strength, but the high beta and existing low position size imply a modest increase is likely to align with the benchmark while controlling for risk.","{""holding_log_delta"": -0.04}"
34,population,4,0.5233539583892647,0.26050729647358917,0.21613774513714626,FSLR,FIRST SOLAR INC,924,NA,2016-07-01 00:00:00,91611,1323.467521,-0.2697927470558869,-0.02,0.24979274705588692,-0.24979274705588692,True,1,type_mean,0.0082565895035254,0.0069532062192367,0.2194993243101532,0.0782363733443051,"
<think>Given the firm's high beta of 1.712, indicating above-market volatility, and its current holding being a relatively small portion of AUM, the fund may adjust the position to manage risk exposure, potentially reducing the holding slightly or maintaining it at a modest level to align with the benchmark weight of 0.000258. The positive profitability and growth in assets (Gat) could support a slight increase, but the high beta and the fund's low risk tolerance might temper any significant upward adjustment.</think>
<answer>
{""holding_log_delta"": -0.02}
</answer>","Given the firm's high beta of 1.712, indicating above-market volatility, and its current holding being a relatively small portion of AUM, the fund may adjust the position to manage risk exposure, potentially reducing the holding slightly or maintaining it at a modest level to align with the benchmark weight of 0.000258. The positive profitability and growth in assets (Gat) could support a slight increase, but the high beta and the fund's low risk tolerance might temper any significant upward adjustment.","{""holding_log_delta"": -0.02}"
34,population,5,0.6133539583898281,0.2705072964738596,0.11613774513731237,FSLR,FIRST SOLAR INC,924,NA,2016-07-01 00:00:00,91611,1323.467521,-0.2697927470558869,-0.08,0.1897927470558869,-0.1897927470558869,True,1,type_mean,0.0082565895035254,0.0069532062192367,0.2194993243101532,0.0782363733443051,"
<think>Given the firm's high beta of 1.712038, the stock is significantly more volatile than the market, which typically leads to increased tracking error and higher risk for a fund manager. The current holding is substantial relative to the fund's AUM and the stock's S&P 500 weight, suggesting the position may be overweight compared to the benchmark. With the fund facing high turnover constraints and a low risk tolerance, a reduction in the position to align closer with the benchmark weight and manage risk exposure is likely.</think>
<answer>
{""holding_log_delta"": -0.08}
</answer>","Given the firm's high beta of 1.712038, the stock is significantly more volatile than the market, which typically leads to increased tracking error and higher risk for a fund manager. The current holding is substantial relative to the fund's AUM and the stock's S&P 500 weight, suggesting the position may be overweight compared to the benchmark. With the fund facing high turnover constraints and a low risk tolerance, a reduction in the position to align closer with the benchmark weight and manage risk exposure is likely.","{""holding_log_delta"": -0.08}"
34,population,6,0.6133539583898281,0.2705072964738596,0.11613774513731237,FSLR,FIRST SOLAR INC,924,NA,2016-07-01 00:00:00,91611,1323.467521,-0.2697927470558869,-0.08,0.1897927470558869,-0.1897927470558869,True,1,type_mean,0.0082565895035254,0.0069532062192367,0.2194993243101532,0.0782363733443051,"
<think>Given the firm's high beta of 1.712038, the stock is significantly more volatile than the market, which typically leads to increased tracking error and higher risk for a fund manager. The current holding is substantial relative to the fund's AUM and the stock's S&P 500 weight, suggesting the position may be overweight compared to the benchmark. With the fund facing high turnover constraints and a low risk tolerance, a reduction in the position to align closer with the benchmark weight and manage risk exposure is likely.</think>
<answer>
{""holding_log_delta"": -0.08}
</answer>","Given the firm's high beta of 1.712038, the stock is significantly more volatile than the market, which typically leads to increased tracking error and higher risk for a fund manager. The current holding is substantial relative to the fund's AUM and the stock's S&P 500 weight, suggesting the position may be overweight compared to the benchmark. With the fund facing high turnover constraints and a low risk tolerance, a reduction in the position to align closer with the benchmark weight and manage risk exposure is likely.","{""holding_log_delta"": -0.08}"
34,population,7,0.6133539583898281,0.2705072964738596,0.11613774513731237,FSLR,FIRST SOLAR INC,924,NA,2016-07-01 00:00:00,91611,1323.467521,-0.2697927470558869,-0.08,0.1897927470558869,-0.1897927470558869,True,1,type_mean,0.0082565895035254,0.0069532062192367,0.2194993243101532,0.0782363733443051,"
<think>Given the firm's high beta of 1.712038, the stock is significantly more volatile than the market, which typically leads to increased tracking error and higher risk for a fund manager. The current holding is substantial relative to the fund's AUM and the stock's S&P 500 weight, suggesting the position may be overweight compared to the benchmark. With the fund facing high turnover constraints and a low risk tolerance, a reduction in the position to align closer with the benchmark weight and manage risk exposure is likely.</think>
<answer>
{""holding_log_delta"": -0.08}
</answer>","Given the firm's high beta of 1.712038, the stock is significantly more volatile than the market, which typically leads to increased tracking error and higher risk for a fund manager. The current holding is substantial relative to the fund's AUM and the stock's S&P 500 weight, suggesting the position may be overweight compared to the benchmark. With the fund facing high turnover constraints and a low risk tolerance, a reduction in the position to align closer with the benchmark weight and manage risk exposure is likely.","{""holding_log_delta"": -0.08}"
34,population,8,0.6133539583898281,0.2705072964738596,0.11613774513731237,FSLR,FIRST SOLAR INC,924,NA,2016-07-01 00:00:00,91611,1323.467521,-0.2697927470558869,-0.08,0.1897927470558869,-0.1897927470558869,True,1,type_mean,0.0082565895035254,0.0069532062192367,0.2194993243101532,0.0782363733443051,"
<think>Given the firm's high beta of 1.712038, the stock is significantly more volatile than the market, which typically leads to increased tracking error and higher risk for a fund manager. The current holding is substantial relative to the fund's AUM and the stock's S&P 500 weight, suggesting the position may be overweight compared to the benchmark. With the fund facing high turnover constraints and a low risk tolerance, a reduction in the position to align closer with the benchmark weight and manage risk exposure is likely.</think>
<answer>
{""holding_log_delta"": -0.08}
</answer>","Given the firm's high beta of 1.712038, the stock is significantly more volatile than the market, which typically leads to increased tracking error and higher risk for a fund manager. The current holding is substantial relative to the fund's AUM and the stock's S&P 500 weight, suggesting the position may be overweight compared to the benchmark. With the fund facing high turnover constraints and a low risk tolerance, a reduction in the position to align closer with the benchmark weight and manage risk exposure is likely.","{""holding_log_delta"": -0.08}"
34,population,9,0.6133539583898281,0.2705072964738596,0.11613774513731237,FSLR,FIRST SOLAR INC,924,NA,2016-07-01 00:00:00,91611,1323.467521,-0.2697927470558869,-0.08,0.1897927470558869,-0.1897927470558869,True,1,type_mean,0.0082565895035254,0.0069532062192367,0.2194993243101532,0.0782363733443051,"
<think>Given the firm's high beta of 1.712038, the stock is significantly more volatile than the market, which typically leads to increased tracking error and higher risk for a fund manager. The current holding is substantial relative to the fund's AUM and the stock's S&P 500 weight, suggesting the position may be overweight compared to the benchmark. With the fund facing high turnover constraints and a low risk tolerance, a reduction in the position to align closer with the benchmark weight and manage risk exposure is likely.</think>
<answer>
{""holding_log_delta"": -0.08}
</answer>","Given the firm's high beta of 1.712038, the stock is significantly more volatile than the market, which typically leads to increased tracking error and higher risk for a fund manager. The current holding is substantial relative to the fund's AUM and the stock's S&P 500 weight, suggesting the position may be overweight compared to the benchmark. With the fund facing high turnover constraints and a low risk tolerance, a reduction in the position to align closer with the benchmark weight and manage risk exposure is likely.","{""holding_log_delta"": -0.08}"
34,population,10,0.6133539583898281,0.2705072964738596,0.11613774513731237,FSLR,FIRST SOLAR INC,924,NA,2016-07-01 00:00:00,91611,1323.467521,-0.2697927470558869,-0.08,0.1897927470558869,-0.1897927470558869,True,1,type_mean,0.0082565895035254,0.0069532062192367,0.2194993243101532,0.0782363733443051,"
<think>Given the firm's high beta of 1.712038, the stock is significantly more volatile than the market, which typically leads to increased tracking error and higher risk for a fund manager. The current holding is substantial relative to the fund's AUM and the stock's S&P 500 weight, suggesting the position may be overweight compared to the benchmark. With the fund facing high turnover constraints and a low risk tolerance, a reduction in the position to align closer with the benchmark weight and manage risk exposure is likely.</think>
<answer>
{""holding_log_delta"": -0.08}
</answer>","Given the firm's high beta of 1.712038, the stock is significantly more volatile than the market, which typically leads to increased tracking error and higher risk for a fund manager. The current holding is substantial relative to the fund's AUM and the stock's S&P 500 weight, suggesting the position may be overweight compared to the benchmark. With the fund facing high turnover constraints and a low risk tolerance, a reduction in the position to align closer with the benchmark weight and manage risk exposure is likely.","{""holding_log_delta"": -0.08}"
34,population,11,0.6133539583898281,0.2705072964738596,0.11613774513731237,FSLR,FIRST SOLAR INC,924,NA,2016-07-01 00:00:00,91611,1323.467521,-0.2697927470558869,-0.08,0.1897927470558869,-0.1897927470558869,True,1,type_mean,0.0082565895035254,0.0069532062192367,0.2194993243101532,0.0782363733443051,"
<think>Given the firm's high beta of 1.712038, the stock is significantly more volatile than the market, which typically leads to increased tracking error and higher risk for a fund manager. The current holding is substantial relative to the fund's AUM and the stock's S&P 500 weight, suggesting the position may be overweight compared to the benchmark. With the fund facing high turnover constraints and a low risk tolerance, a reduction in the position to align closer with the benchmark weight and manage risk exposure is likely.</think>
<answer>
{""holding_log_delta"": -0.08}
</answer>","Given the firm's high beta of 1.712038, the stock is significantly more volatile than the market, which typically leads to increased tracking error and higher risk for a fund manager. The current holding is substantial relative to the fund's AUM and the stock's S&P 500 weight, suggesting the position may be overweight compared to the benchmark. With the fund facing high turnover constraints and a low risk tolerance, a reduction in the position to align closer with the benchmark weight and manage risk exposure is likely.","{""holding_log_delta"": -0.08}"
