generation,stage,candidate_idx,risk_aversion,herd_behavior,profit_driven,ticker,company,id,quarter,date,permno,holding_t,y_true,pred,abs_error,reward,valid,best_k,profile_strength_mode,x_risk_mean,x_herd_mean,x_profit_mean,overall_mean,raw_output,reason,answer_body
78,population,0,0.33999966000034004,0.47999952000048,0.17999982000018,BLDR,BUILDERS FIRSTSOURCE INC,76,NA,2017-04-01 00:00:00,90720,13.104866,-0.3737539747205097,-0.1,0.27375397472050966,-0.27375397472050966,True,1,type_mean,0.0105116667264412,0.009015847914168,2.8059538271968374,0.9418271139458155,"
<think>Given the firm's high beta of 2.25 and substantial stock volatility, the stock presents significant risk relative to its current holding weight. The fund's AUM is large compared to the stock's small S&P 500 weight, suggesting potential for meaningful portfolio impact. Considering the fund's defensive profile and low risk tolerance, a reduction in exposure to manage risk exposure is likely, leading to a negative normalized log change.</think>
<answer>
{""holding_log_delta"": -0.1}
</answer>","Given the firm's high beta of 2.25 and substantial stock volatility, the stock presents significant risk relative to its current holding weight. The fund's AUM is large compared to the stock's small S&P 500 weight, suggesting potential for meaningful portfolio impact. Considering the fund's defensive profile and low risk tolerance, a reduction in exposure to manage risk exposure is likely, leading to a negative normalized log change.","{""holding_log_delta"": -0.1}"
78,population,1,0.32999967000033004,0.46999953000047,0.19999980000020004,BLDR,BUILDERS FIRSTSOURCE INC,76,NA,2017-04-01 00:00:00,90720,13.104866,-0.3737539747205097,-0.1,0.27375397472050966,-0.27375397472050966,True,1,type_mean,0.0105116667264412,0.009015847914168,2.8059538271968374,0.9418271139458155,"
<think>Given the firm's high beta of 2.25 and substantial stock volatility, the stock presents significant risk relative to its current holding weight. The fund's AUM is large compared to the stock's small S&P 500 weight, suggesting potential for meaningful active positioning. Considering the high risk profile and the fund's defensive nature with low risk tolerance, a reduction in exposure to manage risk is likely, leading to a negative normalized log change.</think>
<answer>
{""holding_log_delta"": -0.1}
</answer>","Given the firm's high beta of 2.25 and substantial stock volatility, the stock presents significant risk relative to its current holding weight. The fund's AUM is large compared to the stock's small S&P 500 weight, suggesting potential for meaningful active positioning. Considering the high risk profile and the fund's defensive nature with low risk tolerance, a reduction in exposure to manage risk is likely, leading to a negative normalized log change.","{""holding_log_delta"": -0.1}"
78,population,2,0.36999967440024206,0.459999595200301,0.16999973040033683,BLDR,BUILDERS FIRSTSOURCE INC,76,NA,2017-04-01 00:00:00,90720,13.104866,-0.3737539747205097,-0.04,0.3337539747205097,-0.3337539747205097,True,1,type_mean,0.0105116667264412,0.009015847914168,2.8059538271968374,0.9418271139458155,"
<think>Given the firm's high beta of 2.25 and substantial stock volatility, the stock presents significant risk relative to its current holding weight. The fund's AUM is large compared to the stock's small S&P 500 weight, suggesting potential for meaningful active positioning. Considering the high risk profile and the fund's defensive style with low risk tolerance, a reduction in exposure to manage risk is likely, leading to a negative normalized log change.</think>
<answer>
{""holding_log_delta"": -0.04}
</answer>","Given the firm's high beta of 2.25 and substantial stock volatility, the stock presents significant risk relative to its current holding weight. The fund's AUM is large compared to the stock's small S&P 500 weight, suggesting potential for meaningful active positioning. Considering the high risk profile and the fund's defensive style with low risk tolerance, a reduction in exposure to manage risk is likely, leading to a negative normalized log change.","{""holding_log_delta"": -0.04}"
78,population,3,0.36999963000037,0.50999949000051,0.11999988000012,BLDR,BUILDERS FIRSTSOURCE INC,76,NA,2017-04-01 00:00:00,90720,13.104866,-0.3737539747205097,-0.1,0.27375397472050966,-0.27375397472050966,True,1,type_mean,0.0105116667264412,0.009015847914168,2.8059538271968374,0.9418271139458155,"
<think>Given the firm's high beta of 2.25 and substantial stock volatility, the stock presents significant risk relative to its current holding weight. The fund's AUM is large compared to the stock's small S&P 500 weight, suggesting potential for meaningful portfolio impact. Considering the fund's defensive profile and low risk tolerance, a reduction in exposure to manage risk exposure is likely, leading to a negative normalized log change.</think>
<answer>
{""holding_log_delta"": -0.1}
</answer>","Given the firm's high beta of 2.25 and substantial stock volatility, the stock presents significant risk relative to its current holding weight. The fund's AUM is large compared to the stock's small S&P 500 weight, suggesting potential for meaningful portfolio impact. Considering the fund's defensive profile and low risk tolerance, a reduction in exposure to manage risk exposure is likely, leading to a negative normalized log change.","{""holding_log_delta"": -0.1}"
78,population,4,0.37999985559981925,0.449999329000476,0.16999981540008474,BLDR,BUILDERS FIRSTSOURCE INC,76,NA,2017-04-01 00:00:00,90720,13.104866,-0.3737539747205097,-0.07,0.3037539747205097,-0.3037539747205097,True,1,type_mean,0.0105116667264412,0.009015847914168,2.8059538271968374,0.9418271139458155,"
<think>Given the firm's high beta of 2.25 and substantial stock volatility, the stock presents significant risk relative to its current holding weight. The fund's current position is modest relative to AUM, but the high beta suggests potential for outsized returns or losses, which may lead to a cautious adjustment. Considering the fund's low risk tolerance and defensive investment style, a likely response would be a small reduction in exposure to manage risk, resulting in a negative but moderate normalized log change.</think>
<answer>
{""holding_log_delta"": -0.07}
</answer>","Given the firm's high beta of 2.25 and substantial stock volatility, the stock presents significant risk relative to its current holding weight. The fund's current position is modest relative to AUM, but the high beta suggests potential for outsized returns or losses, which may lead to a cautious adjustment. Considering the fund's low risk tolerance and defensive investment style, a likely response would be a small reduction in exposure to manage risk, resulting in a negative but moderate normalized log change.","{""holding_log_delta"": -0.07}"
78,population,5,0.33999970080022246,0.4899995688003206,0.16999973040033683,BLDR,BUILDERS FIRSTSOURCE INC,76,NA,2017-04-01 00:00:00,90720,13.104866,-0.3737539747205097,-0.1,0.27375397472050966,-0.27375397472050966,True,1,type_mean,0.0105116667264412,0.009015847914168,2.8059538271968374,0.9418271139458155,"
<think>Given the firm's high beta of 2.25 and substantial stock volatility, the stock presents significant risk relative to its current holding weight. The fund's AUM is large compared to the stock's small S&P 500 weight, suggesting potential for meaningful active positioning. Considering the fund's defensive profile and low risk tolerance, a reduction in exposure to manage risk exposure is likely, leading to a negative normalized log change.</think>
<answer>
{""holding_log_delta"": -0.1}
</answer>","Given the firm's high beta of 2.25 and substantial stock volatility, the stock presents significant risk relative to its current holding weight. The fund's AUM is large compared to the stock's small S&P 500 weight, suggesting potential for meaningful active positioning. Considering the fund's defensive profile and low risk tolerance, a reduction in exposure to manage risk exposure is likely, leading to a negative normalized log change.","{""holding_log_delta"": -0.1}"
78,population,6,0.357999642000358,0.516999483000517,0.12499987500012501,BLDR,BUILDERS FIRSTSOURCE INC,76,NA,2017-04-01 00:00:00,90720,13.104866,-0.3737539747205097,-0.1,0.27375397472050966,-0.27375397472050966,True,1,type_mean,0.0105116667264412,0.009015847914168,2.8059538271968374,0.9418271139458155,"
<think>Given the firm's high beta of 2.25 and substantial stock volatility, the stock presents significant risk relative to its current holding weight. The fund's AUM is large compared to the outAUM, suggesting room for adjustment, but the stock's very low S&P 500 weight indicates limited benchmark-driven demand. Considering the high risk profile and the fund's defensive nature with low risk tolerance, a reduction in holding to manage risk exposure is likely, leading to a negative normalized log change.</think>
<answer>
{""holding_log_delta"": -0.1}
</answer>","Given the firm's high beta of 2.25 and substantial stock volatility, the stock presents significant risk relative to its current holding weight. The fund's AUM is large compared to the outAUM, suggesting room for adjustment, but the stock's very low S&P 500 weight indicates limited benchmark-driven demand. Considering the high risk profile and the fund's defensive nature with low risk tolerance, a reduction in holding to manage risk exposure is likely, leading to a negative normalized log change.","{""holding_log_delta"": -0.1}"
78,population,7,0.34999965000035,0.46999953000047,0.17999982000018,BLDR,BUILDERS FIRSTSOURCE INC,76,NA,2017-04-01 00:00:00,90720,13.104866,-0.3737539747205097,-0.07,0.3037539747205097,-0.3037539747205097,True,1,type_mean,0.0105116667264412,0.009015847914168,2.8059538271968374,0.9418271139458155,"
<think>Given the firm's high beta of 2.25 and substantial stock volatility, the stock presents significant risk relative to its current holding weight. The fund's AUM is large compared to the stock's small S&P 500 weight, suggesting potential for meaningful active positioning. Considering the high risk profile and the fund's defensive style with low risk tolerance, a reduction in exposure to manage risk is likely, leading to a negative expected holding change.</think>
<answer>
{""holding_log_delta"": -0.07}
</answer>","Given the firm's high beta of 2.25 and substantial stock volatility, the stock presents significant risk relative to its current holding weight. The fund's AUM is large compared to the stock's small S&P 500 weight, suggesting potential for meaningful active positioning. Considering the high risk profile and the fund's defensive style with low risk tolerance, a reduction in exposure to manage risk is likely, leading to a negative expected holding change.","{""holding_log_delta"": -0.07}"
78,population,8,0.33999966000034004,0.47999952000048,0.17999982000018,BLDR,BUILDERS FIRSTSOURCE INC,76,NA,2017-04-01 00:00:00,90720,13.104866,-0.3737539747205097,-0.1,0.27375397472050966,-0.27375397472050966,True,1,type_mean,0.0105116667264412,0.009015847914168,2.8059538271968374,0.9418271139458155,"
<think>Given the firm's high beta of 2.25 and substantial stock volatility, the stock presents significant risk relative to its current holding weight. The fund's AUM is large compared to the stock's small S&P 500 weight, suggesting potential for meaningful portfolio impact. Considering the fund's defensive profile and low risk tolerance, a reduction in exposure to manage risk exposure is likely, leading to a negative normalized log change.</think>
<answer>
{""holding_log_delta"": -0.1}
</answer>","Given the firm's high beta of 2.25 and substantial stock volatility, the stock presents significant risk relative to its current holding weight. The fund's AUM is large compared to the stock's small S&P 500 weight, suggesting potential for meaningful portfolio impact. Considering the fund's defensive profile and low risk tolerance, a reduction in exposure to manage risk exposure is likely, leading to a negative normalized log change.","{""holding_log_delta"": -0.1}"
78,population,9,0.33999966000034004,0.46999953000047,0.18999981000019,BLDR,BUILDERS FIRSTSOURCE INC,76,NA,2017-04-01 00:00:00,90720,13.104866,-0.3737539747205097,-0.07,0.3037539747205097,-0.3037539747205097,True,1,type_mean,0.0105116667264412,0.009015847914168,2.8059538271968374,0.9418271139458155,"
<think>Given the firm's high beta of 2.25 and substantial stock volatility, the stock presents significant risk relative to its current holding weight. The fund's AUM is large compared to the stock's small S&P 500 weight, suggesting potential for meaningful active positioning. Considering the high risk profile and the fund's defensive nature with low risk tolerance, a reduction in exposure to manage risk is likely, leading to a negative normalized log change.</think>
<answer>
{""holding_log_delta"": -0.07}
</answer>","Given the firm's high beta of 2.25 and substantial stock volatility, the stock presents significant risk relative to its current holding weight. The fund's AUM is large compared to the stock's small S&P 500 weight, suggesting potential for meaningful active positioning. Considering the high risk profile and the fund's defensive nature with low risk tolerance, a reduction in exposure to manage risk is likely, leading to a negative normalized log change.","{""holding_log_delta"": -0.07}"
78,population,10,0.35999964000036,0.46999953000047,0.16999983000017002,BLDR,BUILDERS FIRSTSOURCE INC,76,NA,2017-04-01 00:00:00,90720,13.104866,-0.3737539747205097,-0.04,0.3337539747205097,-0.3337539747205097,True,1,type_mean,0.0105116667264412,0.009015847914168,2.8059538271968374,0.9418271139458155,"
<think>Given the firm's high beta of 2.25 and substantial stock volatility, the stock presents significant risk relative to its current holding weight. The fund's AUM is large compared to the outAUM, suggesting room for adjustment, but the stock's very low S&P 500 weight indicates limited benchmark-driven pressure. Considering the high risk profile and the fund's defensive nature with low risk tolerance, a reduction in holding to manage risk exposure is likely, leading to a negative normalized log change.</think>
<answer>
{""holding_log_delta"": -0.04}
</answer>","Given the firm's high beta of 2.25 and substantial stock volatility, the stock presents significant risk relative to its current holding weight. The fund's AUM is large compared to the outAUM, suggesting room for adjustment, but the stock's very low S&P 500 weight indicates limited benchmark-driven pressure. Considering the high risk profile and the fund's defensive nature with low risk tolerance, a reduction in holding to manage risk exposure is likely, leading to a negative normalized log change.","{""holding_log_delta"": -0.04}"
78,population,11,0.3535350392819424,0.474747052750037,0.17171689786790836,BLDR,BUILDERS FIRSTSOURCE INC,76,NA,2017-04-01 00:00:00,90720,13.104866,-0.3737539747205097,-0.04,0.3337539747205097,-0.3337539747205097,True,1,type_mean,0.0105116667264412,0.009015847914168,2.8059538271968374,0.9418271139458155,"
<think>Given the firm's high beta of 2.25 and substantial negative profit margin, the stock appears risky with poor profitability. The fund's current holding is relatively small compared to its AUM, and the stock's very low S&P 500 weight suggests limited benchmark importance. Considering the high risk profile and weak fundamentals, a defensive investor would likely reduce exposure, leading to a negative expected holding change.</think>
<answer>
{""holding_log_delta"": -0.04}
</answer>","Given the firm's high beta of 2.25 and substantial negative profit margin, the stock appears risky with poor profitability. The fund's current holding is relatively small compared to its AUM, and the stock's very low S&P 500 weight suggests limited benchmark importance. Considering the high risk profile and weak fundamentals, a defensive investor would likely reduce exposure, leading to a negative expected holding change.","{""holding_log_delta"": -0.04}"
