generation,stage,candidate_idx,risk_aversion,herd_behavior,profit_driven,ticker,company,id,quarter,date,permno,holding_t,y_true,pred,abs_error,reward,valid,best_k,profile_strength_mode,x_risk_mean,x_herd_mean,x_profit_mean,overall_mean,raw_output,reason,answer_body
53,population,0,0.327864503068326,0.3080475456119149,0.3640869513197654,,,266,NA,2019-07-01 00:00:00,61621,4467.795132,0.035828894877887034,-0.03,0.06582889487788704,-0.06582889487788704,True,1,type_mean,0.0083004769074155,0.0070097321687576,0.0811969348655934,0.03216904798058883,"
<think>Given PAYX's strong profitability (profit=0.536) and asset growth (Gat=0.415), alongside its low beta (0.832) indicating lower systematic risk, the fund might increase its holding to capture growth opportunities while managing risk exposure. The current holding is relatively small compared to AUM and the stock's S&P 500 weight, suggesting potential for a positive adjustment to align with the firm's growth profile and the benchmark.</think>
<answer>
{""holding_log_delta"": -0.03}
</answer>","Given PAYX's strong profitability (profit=0.536) and asset growth (Gat=0.415), alongside its low beta (0.832) indicating lower systematic risk, the fund might increase its holding to capture growth opportunities while managing risk exposure. The current holding is relatively small compared to AUM and the stock's S&P 500 weight, suggesting potential for a positive adjustment to align with the firm's growth profile and the benchmark.","{""holding_log_delta"": -0.03}"
53,population,1,0.36999963000037,0.26999973000027006,0.35999964000036,,,266,NA,2019-07-01 00:00:00,61621,4467.795132,0.035828894877887034,-0.03,0.06582889487788704,-0.06582889487788704,True,1,type_mean,0.0083004769074155,0.0070097321687576,0.0811969348655934,0.03216904798058883,"
<think>Given PAYX's strong profitability (profit=0.536) and asset growth (Gat=0.415), alongside its low beta (0.832) indicating lower systematic risk, the fund might increase its holding to capture growth opportunities while managing risk exposure. The current holding is relatively small compared to AUM and the stock's S&P 500 weight, suggesting potential for a positive adjustment to align with the firm's growth profile and the benchmark.</think>
<answer>
{""holding_log_delta"": -0.03}
</answer>","Given PAYX's strong profitability (profit=0.536) and asset growth (Gat=0.415), alongside its low beta (0.832) indicating lower systematic risk, the fund might increase its holding to capture growth opportunities while managing risk exposure. The current holding is relatively small compared to AUM and the stock's S&P 500 weight, suggesting potential for a positive adjustment to align with the firm's growth profile and the benchmark.","{""holding_log_delta"": -0.03}"
53,population,2,0.31999976960007626,0.3299994824005603,0.3499997480000834,,,266,NA,2019-07-01 00:00:00,61621,4467.795132,0.035828894877887034,-0.04,0.07582889487788703,-0.07582889487788703,True,1,type_mean,0.0083004769074155,0.0070097321687576,0.0811969348655934,0.03216904798058883,"
<think>Given PAYX's strong profitability (profit=0.536) and asset growth (Gat=0.415), alongside its low beta (0.832) indicating lower systematic risk, the fund might increase its holding to capture growth opportunities while managing risk exposure. The current holding is relatively small compared to AUM and the stock's S&P 500 weight, suggesting potential for a positive adjustment to align with the firm's growth profile and the benchmark.</think>
<answer>
{""holding_log_delta"": -0.04}
</answer>","Given PAYX's strong profitability (profit=0.536) and asset growth (Gat=0.415), alongside its low beta (0.832) indicating lower systematic risk, the fund might increase its holding to capture growth opportunities while managing risk exposure. The current holding is relatively small compared to AUM and the stock's S&P 500 weight, suggesting potential for a positive adjustment to align with the firm's growth profile and the benchmark.","{""holding_log_delta"": -0.04}"
53,population,3,0.35999964000036,0.27999972000028006,0.35999964000036,,,266,NA,2019-07-01 00:00:00,61621,4467.795132,0.035828894877887034,-0.03,0.06582889487788704,-0.06582889487788704,True,1,type_mean,0.0083004769074155,0.0070097321687576,0.0811969348655934,0.03216904798058883,"
<think>Given PAYX's strong profitability (profit=0.536) and asset growth (Gat=0.415), alongside its low beta (0.832) indicating lower systematic risk, the fund might increase its holding to capture growth opportunities while managing risk exposure. The current holding is relatively small compared to AUM and the stock's S&P 500 weight, suggesting potential for a positive adjustment to align with the firm's growth profile and the benchmark.</think>
<answer>
{""holding_log_delta"": -0.03}
</answer>","Given PAYX's strong profitability (profit=0.536) and asset growth (Gat=0.415), alongside its low beta (0.832) indicating lower systematic risk, the fund might increase its holding to capture growth opportunities while managing risk exposure. The current holding is relatively small compared to AUM and the stock's S&P 500 weight, suggesting potential for a positive adjustment to align with the firm's growth profile and the benchmark.","{""holding_log_delta"": -0.03}"
53,population,4,0.37999962000038,0.25999974000026005,0.35999964000036,,,266,NA,2019-07-01 00:00:00,61621,4467.795132,0.035828894877887034,-0.03,0.06582889487788704,-0.06582889487788704,True,1,type_mean,0.0083004769074155,0.0070097321687576,0.0811969348655934,0.03216904798058883,"
<think>Given PAYX's strong profitability (profit=0.536) and asset growth (Gat=0.415), alongside its low beta (0.832) indicating lower systematic risk, the fund might increase its holding to capture growth opportunities while managing risk exposure. The current holding is relatively small compared to AUM and the stock's S&P 500 weight, suggesting potential for a positive adjustment to align with the firm's growth profile and the benchmark.</think>
<answer>
{""holding_log_delta"": -0.03}
</answer>","Given PAYX's strong profitability (profit=0.536) and asset growth (Gat=0.415), alongside its low beta (0.832) indicating lower systematic risk, the fund might increase its holding to capture growth opportunities while managing risk exposure. The current holding is relatively small compared to AUM and the stock's S&P 500 weight, suggesting potential for a positive adjustment to align with the firm's growth profile and the benchmark.","{""holding_log_delta"": -0.03}"
53,population,5,0.33999966000034004,0.28999971000029,0.36999963000037,,,266,NA,2019-07-01 00:00:00,61621,4467.795132,0.035828894877887034,-0.04,0.07582889487788703,-0.07582889487788703,True,1,type_mean,0.0083004769074155,0.0070097321687576,0.0811969348655934,0.03216904798058883,"
<think>Given PAYX's strong profitability (profit=0.536) and asset growth (Gat=0.415), alongside its low beta (0.832) indicating lower systematic risk, the fund might increase its holding to capture growth opportunities while managing risk exposure. The current holding is relatively small compared to AUM and the stock's S&P 500 weight, suggesting potential for a positive adjustment to align with the firm's growth profile and the benchmark.</think>
<answer>
{""holding_log_delta"": -0.04}
</answer>","Given PAYX's strong profitability (profit=0.536) and asset growth (Gat=0.415), alongside its low beta (0.832) indicating lower systematic risk, the fund might increase its holding to capture growth opportunities while managing risk exposure. The current holding is relatively small compared to AUM and the stock's S&P 500 weight, suggesting potential for a positive adjustment to align with the firm's growth profile and the benchmark.","{""holding_log_delta"": -0.04}"
53,population,6,0.34999965000035,0.26999973000027006,0.37999962000038,,,266,NA,2019-07-01 00:00:00,61621,4467.795132,0.035828894877887034,-0.03,0.06582889487788704,-0.06582889487788704,True,1,type_mean,0.0083004769074155,0.0070097321687576,0.0811969348655934,0.03216904798058883,"
<think>Given PAYX's strong profitability (profit=0.536) and asset growth (Gat=0.415), alongside its low beta (0.832) indicating lower systematic risk, the fund might increase its holding to capture growth opportunities while managing risk exposure. The current holding is relatively small compared to AUM and the stock's S&P 500 weight, suggesting potential for a positive adjustment to align with the firm's growth profile and the benchmark.</think>
<answer>
{""holding_log_delta"": -0.03}
</answer>","Given PAYX's strong profitability (profit=0.536) and asset growth (Gat=0.415), alongside its low beta (0.832) indicating lower systematic risk, the fund might increase its holding to capture growth opportunities while managing risk exposure. The current holding is relatively small compared to AUM and the stock's S&P 500 weight, suggesting potential for a positive adjustment to align with the firm's growth profile and the benchmark.","{""holding_log_delta"": -0.03}"
53,population,7,0.34343422201797885,0.3232319362311942,0.33333283165017397,,,266,NA,2019-07-01 00:00:00,61621,4467.795132,0.035828894877887034,-0.03,0.06582889487788704,-0.06582889487788704,True,1,type_mean,0.0083004769074155,0.0070097321687576,0.0811969348655934,0.03216904798058883,"
<think>Given PAYX's strong profitability (profit=0.536) and moderate asset growth (Gat=0.415), alongside its low beta (0.832) indicating lower systematic risk, the fund might increase its holding to capture the positive fundamentals. The current position is relatively small compared to AUM and the stock's S&P 500 weight, suggesting room for expansion. However, the high stock volatility (0.166) and elevated trading volume (14.35) could temper the magnitude of the increase due to higher risk exposure.</think>
<answer>
{""holding_log_delta"": -0.03}
</answer>","Given PAYX's strong profitability (profit=0.536) and moderate asset growth (Gat=0.415), alongside its low beta (0.832) indicating lower systematic risk, the fund might increase its holding to capture the positive fundamentals. The current position is relatively small compared to AUM and the stock's S&P 500 weight, suggesting room for expansion. However, the high stock volatility (0.166) and elevated trading volume (14.35) could temper the magnitude of the increase due to higher risk exposure.","{""holding_log_delta"": -0.03}"
53,population,8,0.34999965000035,0.30999969000031,0.33999966000034004,,,266,NA,2019-07-01 00:00:00,61621,4467.795132,0.035828894877887034,-0.02,0.05582889487788703,-0.05582889487788703,True,1,type_mean,0.0083004769074155,0.0070097321687576,0.0811969348655934,0.03216904798058883,"
<think>Given PAYX's strong profitability (profit=0.536) and asset growth (Gat=0.415), alongside its low beta (0.832) indicating lower systematic risk, the fund might increase its holding to capture growth opportunities while managing risk exposure. The current position is modest relative to AUM and the stock's S&P 500 weight, suggesting room for expansion. However, the high stock volatility (0.166) and large trading volume (14.35) may temper the magnitude of the increase due to liquidity concerns.</think>
<answer>
{""holding_log_delta"": -0.02}
</answer>","Given PAYX's strong profitability (profit=0.536) and asset growth (Gat=0.415), alongside its low beta (0.832) indicating lower systematic risk, the fund might increase its holding to capture growth opportunities while managing risk exposure. The current position is modest relative to AUM and the stock's S&P 500 weight, suggesting room for expansion. However, the high stock volatility (0.166) and large trading volume (14.35) may temper the magnitude of the increase due to liquidity concerns.","{""holding_log_delta"": -0.02}"
53,population,9,0.32999967000033004,0.32999967000033004,0.33999966000034004,,,266,NA,2019-07-01 00:00:00,61621,4467.795132,0.035828894877887034,-0.03,0.06582889487788704,-0.06582889487788704,True,1,type_mean,0.0083004769074155,0.0070097321687576,0.0811969348655934,0.03216904798058883,"
<think>Given PAYX's strong profitability (profit=0.536) and asset growth (Gat=0.415), alongside its low beta (0.832) indicating lower systematic risk, the fund might increase its holding to capture growth opportunities while managing risk exposure. The current holding is relatively small compared to AUM and the stock's S&P 500 weight, suggesting potential for a positive adjustment to align with the firm's growth profile and the benchmark.</think>
<answer>
{""holding_log_delta"": -0.03}
</answer>","Given PAYX's strong profitability (profit=0.536) and asset growth (Gat=0.415), alongside its low beta (0.832) indicating lower systematic risk, the fund might increase its holding to capture growth opportunities while managing risk exposure. The current holding is relatively small compared to AUM and the stock's S&P 500 weight, suggesting potential for a positive adjustment to align with the firm's growth profile and the benchmark.","{""holding_log_delta"": -0.03}"
53,population,10,0.3478645050687631,0.31804754749144054,0.3340869535412106,,,266,NA,2019-07-01 00:00:00,61621,4467.795132,0.035828894877887034,-0.03,0.06582889487788704,-0.06582889487788704,True,1,type_mean,0.0083004769074155,0.0070097321687576,0.0811969348655934,0.03216904798058883,"
<think>Given PAYX's strong profitability (profit=0.536) and asset growth (Gat=0.415), alongside its low beta (0.832) indicating lower systematic risk, the fund might increase its holding to capture growth opportunities while managing risk exposure. The current holding is relatively small compared to AUM and the stock's S&P 500 weight, suggesting potential for a positive adjustment to align with the firm's growth profile and the benchmark.</think>
<answer>
{""holding_log_delta"": -0.03}
</answer>","Given PAYX's strong profitability (profit=0.536) and asset growth (Gat=0.415), alongside its low beta (0.832) indicating lower systematic risk, the fund might increase its holding to capture growth opportunities while managing risk exposure. The current holding is relatively small compared to AUM and the stock's S&P 500 weight, suggesting potential for a positive adjustment to align with the firm's growth profile and the benchmark.","{""holding_log_delta"": -0.03}"
53,population,11,0.34999965000035,0.2999997000003,0.34999965000035,,,266,NA,2019-07-01 00:00:00,61621,4467.795132,0.035828894877887034,-0.03,0.06582889487788704,-0.06582889487788704,True,1,type_mean,0.0083004769074155,0.0070097321687576,0.0811969348655934,0.03216904798058883,"
<think>Given PAYX's strong profitability (profit=0.536) and asset growth (Gat=0.415), alongside its low beta (0.832) indicating lower systematic risk, the fund might increase its holding to capture growth opportunities while managing risk exposure. The current holding is relatively small compared to AUM and the stock's S&P 500 weight, suggesting potential for a positive adjustment to align with the firm's growth profile and the benchmark.</think>
<answer>
{""holding_log_delta"": -0.03}
</answer>","Given PAYX's strong profitability (profit=0.536) and asset growth (Gat=0.415), alongside its low beta (0.832) indicating lower systematic risk, the fund might increase its holding to capture growth opportunities while managing risk exposure. The current holding is relatively small compared to AUM and the stock's S&P 500 weight, suggesting potential for a positive adjustment to align with the firm's growth profile and the benchmark.","{""holding_log_delta"": -0.03}"
