generation,stage,candidate_idx,risk_aversion,herd_behavior,profit_driven,ticker,company,id,quarter,date,permno,holding_t,y_true,pred,abs_error,reward,valid,best_k,profile_strength_mode,x_risk_mean,x_herd_mean,x_profit_mean,overall_mean,raw_output,reason,answer_body
69,population,0,0.33633599966366395,0.5165159994834839,0.14714699985285298,AES,A E S CORP,1,NA,2019-10-01 00:00:00,76712,151.193093,-0.34010609848057993,-0.04,0.30010609848057995,-0.30010609848057995,True,1,type_mean,0.0105116667264412,0.009015847914168,2.8059538271968374,0.9418271139458155,"
<think>Given AES's current fundamentals, the company has moderate profitability (profit=0.486) and low asset growth (Gat=0.019), while its beta is slightly above 1, indicating average market risk. The fund's current holding is relatively small compared to AUM, and the stock's S&P 500 weight is very low, suggesting limited benchmark-driven pressure. With low growth and average risk, combined with the fund's high AUM and existing low position, a modest increase in holding might be expected to align with the benchmark weight, but the magnitude would likely be small due to the fund's defensive posture and low turnover constraint.</think>
<answer>
{""holding_log_delta"": -0.04}
</answer>","Given AES's current fundamentals, the company has moderate profitability (profit=0.486) and low asset growth (Gat=0.019), while its beta is slightly above 1, indicating average market risk. The fund's current holding is relatively small compared to AUM, and the stock's S&P 500 weight is very low, suggesting limited benchmark-driven pressure. With low growth and average risk, combined with the fund's high AUM and existing low position, a modest increase in holding might be expected to align with the benchmark weight, but the magnitude would likely be small due to the fund's defensive posture and low turnover constraint.","{""holding_log_delta"": -0.04}"
69,population,1,0.38999961000039,0.47999952000048,0.12999987000013002,AES,A E S CORP,1,NA,2019-10-01 00:00:00,76712,151.193093,-0.34010609848057993,-0.04,0.30010609848057995,-0.30010609848057995,True,1,type_mean,0.0105116667264412,0.009015847914168,2.8059538271968374,0.9418271139458155,"
<think>Given AES's current fundamentals, the company has moderate profitability (profit=0.486) and low asset growth (Gat=0.019), while its beta is slightly above 1, indicating average market risk. The fund's current holding is relatively small compared to AUM, and the stock's S&P 500 weight is very low, suggesting limited benchmark-driven pressure. With low growth and average risk, combined with the fund's high AUM and existing low position, a modest increase in holding might be expected to align with the benchmark weight, but the magnitude would likely be small due to the fund's defensive style and low turnover constraint.</think>
<answer>
{""holding_log_delta"": -0.04}
</answer>","Given AES's current fundamentals, the company has moderate profitability (profit=0.486) and low asset growth (Gat=0.019), while its beta is slightly above 1, indicating average market risk. The fund's current holding is relatively small compared to AUM, and the stock's S&P 500 weight is very low, suggesting limited benchmark-driven pressure. With low growth and average risk, combined with the fund's high AUM and existing low position, a modest increase in holding might be expected to align with the benchmark weight, but the magnitude would likely be small due to the fund's defensive style and low turnover constraint.","{""holding_log_delta"": -0.04}"
69,population,2,0.36999963000037,0.50999949000051,0.11999988000012,AES,A E S CORP,1,NA,2019-10-01 00:00:00,76712,151.193093,-0.34010609848057993,-0.04,0.30010609848057995,-0.30010609848057995,True,1,type_mean,0.0105116667264412,0.009015847914168,2.8059538271968374,0.9418271139458155,"
<think>Given AES's current fundamentals, the firm has moderate profitability and low asset growth, while its beta is slightly above 1, indicating average market risk. The fund's current holding is relatively small compared to AUM, and the stock's S&P 500 weight is very low, suggesting limited benchmark-driven pressure. With low growth and average risk, combined with the fund's high turnover constraint and defensive profile, a modest adjustment to align with the benchmark or manage risk is expected, likely resulting in a small negative normalized log change.</think>
<answer>
{""holding_log_delta"": -0.04}
</answer>","Given AES's current fundamentals, the firm has moderate profitability and low asset growth, while its beta is slightly above 1, indicating average market risk. The fund's current holding is relatively small compared to AUM, and the stock's S&P 500 weight is very low, suggesting limited benchmark-driven pressure. With low growth and average risk, combined with the fund's high turnover constraint and defensive profile, a modest adjustment to align with the benchmark or manage risk is expected, likely resulting in a small negative normalized log change.","{""holding_log_delta"": -0.04}"
69,population,3,0.346999653000347,0.521999478000522,0.13099986900013103,AES,A E S CORP,1,NA,2019-10-01 00:00:00,76712,151.193093,-0.34010609848057993,-0.02,0.3201060984805799,-0.3201060984805799,True,1,type_mean,0.0105116667264412,0.009015847914168,2.8059538271968374,0.9418271139458155,"
<think>Given AES's current fundamentals, the company has moderate profitability (profit=0.486) and low asset growth (Gat=0.019), while its beta is slightly above 1, indicating average market risk. The fund's current holding is relatively small compared to AUM, and the stock's S&P 500 weight is very low, suggesting limited benchmark-driven pressure. With low growth and average risk, combined with the fund's high AUM and existing low position, a modest increase in holding might be expected to align with the benchmark weight, but the magnitude would likely be small due to the fund's low turnover constraint.</think>
<answer>
{""holding_log_delta"": -0.02}
</answer>","Given AES's current fundamentals, the company has moderate profitability (profit=0.486) and low asset growth (Gat=0.019), while its beta is slightly above 1, indicating average market risk. The fund's current holding is relatively small compared to AUM, and the stock's S&P 500 weight is very low, suggesting limited benchmark-driven pressure. With low growth and average risk, combined with the fund's high AUM and existing low position, a modest increase in holding might be expected to align with the benchmark weight, but the magnitude would likely be small due to the fund's low turnover constraint.","{""holding_log_delta"": -0.02}"
69,population,4,0.34999965000035,0.48999951000049,0.15999984000016002,AES,A E S CORP,1,NA,2019-10-01 00:00:00,76712,151.193093,-0.34010609848057993,-0.04,0.30010609848057995,-0.30010609848057995,True,1,type_mean,0.0105116667264412,0.009015847914168,2.8059538271968374,0.9418271139458155,"
<think>Given AES's current fundamentals, the company has moderate profitability and low asset growth, with a beta close to 1 indicating average market risk. The fund's current holding is relatively small compared to its AUM and the stock's S&P 500 weight, suggesting limited active exposure. Considering the low growth and average risk profile, combined with the fund's defensive and low-turnover investment style, a modest adjustment in holding is expected, likely a slight increase to align with the benchmark weight or a minor reduction due to the stock's low volatility and modest fundamentals.</think>
<answer>
{""holding_log_delta"": -0.04}
</answer>","Given AES's current fundamentals, the company has moderate profitability and low asset growth, with a beta close to 1 indicating average market risk. The fund's current holding is relatively small compared to its AUM and the stock's S&P 500 weight, suggesting limited active exposure. Considering the low growth and average risk profile, combined with the fund's defensive and low-turnover investment style, a modest adjustment in holding is expected, likely a slight increase to align with the benchmark weight or a minor reduction due to the stock's low volatility and modest fundamentals.","{""holding_log_delta"": -0.04}"
69,population,5,0.346999653000347,0.5069994930005071,0.145999854000146,AES,A E S CORP,1,NA,2019-10-01 00:00:00,76712,151.193093,-0.34010609848057993,-0.04,0.30010609848057995,-0.30010609848057995,True,1,type_mean,0.0105116667264412,0.009015847914168,2.8059538271968374,0.9418271139458155,"
<think>Given AES's current fundamentals, the company has moderate profitability (profit=0.486) and low asset growth (Gat=0.019), while its beta is slightly above 1, indicating average market risk. The fund's current holding is relatively small compared to AUM, and the stock's S&P 500 weight is very low, suggesting limited benchmark-driven pressure. With low growth and average risk, combined with the fund's high AUM and existing low position, a modest increase in holding might be expected to align with the benchmark weight, but the magnitude would likely be small due to the fund's defensive style and low turnover constraint.</think>
<answer>
{""holding_log_delta"": -0.04}
</answer>","Given AES's current fundamentals, the company has moderate profitability (profit=0.486) and low asset growth (Gat=0.019), while its beta is slightly above 1, indicating average market risk. The fund's current holding is relatively small compared to AUM, and the stock's S&P 500 weight is very low, suggesting limited benchmark-driven pressure. With low growth and average risk, combined with the fund's high AUM and existing low position, a modest increase in holding might be expected to align with the benchmark weight, but the magnitude would likely be small due to the fund's defensive style and low turnover constraint.","{""holding_log_delta"": -0.04}"
69,population,6,0.35635599964364395,0.506505999493494,0.137136999862863,AES,A E S CORP,1,NA,2019-10-01 00:00:00,76712,151.193093,-0.34010609848057993,-0.04,0.30010609848057995,-0.30010609848057995,True,1,type_mean,0.0105116667264412,0.009015847914168,2.8059538271968374,0.9418271139458155,"
<think>Given AES's current fundamentals, the company has moderate profitability (profit=0.486) and low asset growth (Gat=0.019), while its beta is slightly above 1, indicating average market risk. The fund's current holding is relatively small compared to AUM, and the stock's S&P 500 weight is very low, suggesting limited benchmark-driven pressure. With low growth and average risk, combined with the fund's high AUM and existing low position, a modest increase in holding might be expected to align with the benchmark weight, but the magnitude would likely be small due to the fund's defensive posture and low turnover constraint.</think>
<answer>
{""holding_log_delta"": -0.04}
</answer>","Given AES's current fundamentals, the company has moderate profitability (profit=0.486) and low asset growth (Gat=0.019), while its beta is slightly above 1, indicating average market risk. The fund's current holding is relatively small compared to AUM, and the stock's S&P 500 weight is very low, suggesting limited benchmark-driven pressure. With low growth and average risk, combined with the fund's high AUM and existing low position, a modest increase in holding might be expected to align with the benchmark weight, but the magnitude would likely be small due to the fund's defensive posture and low turnover constraint.","{""holding_log_delta"": -0.04}"
69,population,7,0.357999642000358,0.516999483000517,0.12499987500012501,AES,A E S CORP,1,NA,2019-10-01 00:00:00,76712,151.193093,-0.34010609848057993,-0.04,0.30010609848057995,-0.30010609848057995,True,1,type_mean,0.0105116667264412,0.009015847914168,2.8059538271968374,0.9418271139458155,"
<think>Given AES's current fundamentals, the firm has moderate profitability (profit=0.486) and low asset growth (Gat=0.019), while its beta is slightly above 1, indicating average market risk. The fund's current holding is relatively small compared to AUM, and the stock's S&P 500 weight is very low, suggesting limited benchmark-driven pressure. With low growth and average risk, combined with the fund's high AUM and existing low position, a modest increase in holding might be expected to align with the benchmark weight, but the magnitude would likely be small due to the fund's defensive posture and low turnover constraint.</think>
<answer>
{""holding_log_delta"": -0.04}
</answer>","Given AES's current fundamentals, the firm has moderate profitability (profit=0.486) and low asset growth (Gat=0.019), while its beta is slightly above 1, indicating average market risk. The fund's current holding is relatively small compared to AUM, and the stock's S&P 500 weight is very low, suggesting limited benchmark-driven pressure. With low growth and average risk, combined with the fund's high AUM and existing low position, a modest increase in holding might be expected to align with the benchmark weight, but the magnitude would likely be small due to the fund's defensive posture and low turnover constraint.","{""holding_log_delta"": -0.04}"
69,population,8,0.351999648000352,0.5119994880005121,0.13599986400013603,AES,A E S CORP,1,NA,2019-10-01 00:00:00,76712,151.193093,-0.34010609848057993,-0.04,0.30010609848057995,-0.30010609848057995,True,1,type_mean,0.0105116667264412,0.009015847914168,2.8059538271968374,0.9418271139458155,"
<think>Given AES's current fundamentals, the company has moderate profitability and low asset growth, with a beta close to 1 indicating average market risk. The fund's current holding is relatively small compared to its AUM and the stock's S&P 500 weight, suggesting limited active exposure. Considering the low growth and average risk profile, combined with the fund's defensive and low-turnover investment style, a modest adjustment in holding is expected, likely a slight increase to align with the benchmark weight or a minor reduction due to the stock's low volatility and minimal active signal.</think>
<answer>
{""holding_log_delta"": -0.04}
</answer>","Given AES's current fundamentals, the company has moderate profitability and low asset growth, with a beta close to 1 indicating average market risk. The fund's current holding is relatively small compared to its AUM and the stock's S&P 500 weight, suggesting limited active exposure. Considering the low growth and average risk profile, combined with the fund's defensive and low-turnover investment style, a modest adjustment in holding is expected, likely a slight increase to align with the benchmark weight or a minor reduction due to the stock's low volatility and minimal active signal.","{""holding_log_delta"": -0.04}"
69,population,9,0.346345999653654,0.516515999483484,0.137136999862863,AES,A E S CORP,1,NA,2019-10-01 00:00:00,76712,151.193093,-0.34010609848057993,-0.04,0.30010609848057995,-0.30010609848057995,True,1,type_mean,0.0105116667264412,0.009015847914168,2.8059538271968374,0.9418271139458155,"
<think>Given AES's current fundamentals, the company has moderate profitability and low asset growth, with a beta close to 1 indicating average market risk. The fund's current holding is relatively small compared to its AUM and the stock's S&P 500 weight, suggesting limited active exposure. Considering the low growth and average risk profile, combined with the fund's defensive and low-turnover investment style, a modest adjustment in holding is expected, likely a slight increase to align with the benchmark weight or a minor reduction due to the stock's low volatility and minimal active signal.</think>
<answer>
{""holding_log_delta"": -0.04}
</answer>","Given AES's current fundamentals, the company has moderate profitability and low asset growth, with a beta close to 1 indicating average market risk. The fund's current holding is relatively small compared to its AUM and the stock's S&P 500 weight, suggesting limited active exposure. Considering the low growth and average risk profile, combined with the fund's defensive and low-turnover investment style, a modest adjustment in holding is expected, likely a slight increase to align with the benchmark weight or a minor reduction due to the stock's low volatility and minimal active signal.","{""holding_log_delta"": -0.04}"
69,population,10,0.34999965000035,0.47999952000048,0.16999983000017002,AES,A E S CORP,1,NA,2019-10-01 00:00:00,76712,151.193093,-0.34010609848057993,-0.02,0.3201060984805799,-0.3201060984805799,True,1,type_mean,0.0105116667264412,0.009015847914168,2.8059538271968374,0.9418271139458155,"
<think>Given AES's current fundamentals, the company has moderate profitability (profit=0.486) and low asset growth (Gat=0.019), while its beta is slightly above 1, indicating average market risk. The fund's current holding is relatively small compared to AUM, and the stock's S&P 500 weight is very low, suggesting limited benchmark-driven pressure. With low growth and average risk, combined with the fund's high AUM and existing low position, a modest increase in holding might be expected to align with the benchmark weight, but the magnitude would likely be small due to the fund's defensive posture and low turnover constraint.</think>
<answer>
{""holding_log_delta"": -0.02}
</answer>","Given AES's current fundamentals, the company has moderate profitability (profit=0.486) and low asset growth (Gat=0.019), while its beta is slightly above 1, indicating average market risk. The fund's current holding is relatively small compared to AUM, and the stock's S&P 500 weight is very low, suggesting limited benchmark-driven pressure. With low growth and average risk, combined with the fund's high AUM and existing low position, a modest increase in holding might be expected to align with the benchmark weight, but the magnitude would likely be small due to the fund's defensive posture and low turnover constraint.","{""holding_log_delta"": -0.02}"
69,population,11,0.358999641000359,0.516999483000517,0.123999876000124,AES,A E S CORP,1,NA,2019-10-01 00:00:00,76712,151.193093,-0.34010609848057993,-0.04,0.30010609848057995,-0.30010609848057995,True,1,type_mean,0.0105116667264412,0.009015847914168,2.8059538271968374,0.9418271139458155,"
<think>Given AES's current fundamentals, the company has moderate profitability (profit=0.486) and low asset growth (Gat=0.019), while its beta is slightly above 1, indicating average market risk. The fund's current holding is relatively small compared to AUM, and the stock's S&P 500 weight is very low, suggesting limited benchmark-driven pressure. With low growth and average risk, combined with the fund's high AUM and existing low position, a modest increase in holding might be expected to align with the benchmark weight, but the magnitude would likely be small due to the fund's defensive style and low turnover constraint.</think>
<answer>
{""holding_log_delta"": -0.04}
</answer>","Given AES's current fundamentals, the company has moderate profitability (profit=0.486) and low asset growth (Gat=0.019), while its beta is slightly above 1, indicating average market risk. The fund's current holding is relatively small compared to AUM, and the stock's S&P 500 weight is very low, suggesting limited benchmark-driven pressure. With low growth and average risk, combined with the fund's high AUM and existing low position, a modest increase in holding might be expected to align with the benchmark weight, but the magnitude would likely be small due to the fund's defensive style and low turnover constraint.","{""holding_log_delta"": -0.04}"
