generation,stage,candidate_idx,risk_aversion,herd_behavior,profit_driven,ticker,company,id,quarter,date,permno,holding_t,y_true,pred,abs_error,reward,valid,best_k,profile_strength_mode,x_risk_mean,x_herd_mean,x_profit_mean,overall_mean,raw_output,reason,answer_body
30,population,0,0.5633539583892646,0.2705072964735891,0.16613774513714621,TSLA,TESLA INC,630,NA,2018-07-01 00:00:00,93436,12884.329345,0.20084668247467333,-0.04,0.24084668247467333,-0.24084668247467333,True,1,type_mean,0.0082565895035254,0.0069532062192367,0.2194993243101532,0.0782363733443051,"
<think>Given Tesla's negative profitability and high stock volatility, the fund is likely to reduce its position to manage risk, especially considering the low benchmark weight and the fund's substantial AUM relative to the holding. The current holding is already a significant portion of the fund's out-of-AUM, so any reduction would be modest to maintain some exposure while aligning with the low-risk profile.</think>
<answer>
{""holding_log_delta"": -0.04}
</answer>","Given Tesla's negative profitability and high stock volatility, the fund is likely to reduce its position to manage risk, especially considering the low benchmark weight and the fund's substantial AUM relative to the holding. The current holding is already a significant portion of the fund's out-of-AUM, so any reduction would be modest to maintain some exposure while aligning with the low-risk profile.","{""holding_log_delta"": -0.04}"
30,population,1,0.5833539583892248,0.24050729647358912,0.17613774513718625,TSLA,TESLA INC,630,NA,2018-07-01 00:00:00,93436,12884.329345,0.20084668247467333,-0.04,0.24084668247467333,-0.24084668247467333,True,1,type_mean,0.0082565895035254,0.0069532062192367,0.2194993243101532,0.0782363733443051,"
<think>Given Tesla's negative profitability and high stock volatility, the fund is likely to reduce its position to manage risk, especially considering the low benchmark weight and the fund's substantial AUM relative to the holding. The current holding is already a significant portion of the fund's out-of-AUM, so any reduction would be modest to maintain some exposure while aligning with the low-risk profile.</think>
<answer>
{""holding_log_delta"": -0.04}
</answer>","Given Tesla's negative profitability and high stock volatility, the fund is likely to reduce its position to manage risk, especially considering the low benchmark weight and the fund's substantial AUM relative to the holding. The current holding is already a significant portion of the fund's out-of-AUM, so any reduction would be modest to maintain some exposure while aligning with the low-risk profile.","{""holding_log_delta"": -0.04}"
30,population,2,0.6133539583898281,0.2705072964738596,0.11613774513731237,TSLA,TESLA INC,630,NA,2018-07-01 00:00:00,93436,12884.329345,0.20084668247467333,-0.04,0.24084668247467333,-0.24084668247467333,True,1,type_mean,0.0082565895035254,0.0069532062192367,0.2194993243101532,0.0782363733443051,"
<think>Given Tesla's negative profitability and high stock volatility, the fund is likely to reduce its position to manage risk, especially considering the low benchmark weight and the fund's substantial AUM relative to the holding. The current holding is already a significant portion of the fund's out-of-AUM, so any reduction would be modest to maintain some exposure while aligning with the low-risk profile.</think>
<answer>
{""holding_log_delta"": -0.04}
</answer>","Given Tesla's negative profitability and high stock volatility, the fund is likely to reduce its position to manage risk, especially considering the low benchmark weight and the fund's substantial AUM relative to the holding. The current holding is already a significant portion of the fund's out-of-AUM, so any reduction would be modest to maintain some exposure while aligning with the low-risk profile.","{""holding_log_delta"": -0.04}"
30,population,3,0.6133539583898281,0.2705072964738596,0.11613774513731237,TSLA,TESLA INC,630,NA,2018-07-01 00:00:00,93436,12884.329345,0.20084668247467333,-0.04,0.24084668247467333,-0.24084668247467333,True,1,type_mean,0.0082565895035254,0.0069532062192367,0.2194993243101532,0.0782363733443051,"
<think>Given Tesla's negative profitability and high stock volatility, the fund is likely to reduce its position to manage risk, especially considering the low benchmark weight and the fund's substantial AUM relative to the holding. The current holding is already a significant portion of the fund's out-of-AUM, so any reduction would be modest to maintain some exposure while aligning with the low-risk profile.</think>
<answer>
{""holding_log_delta"": -0.04}
</answer>","Given Tesla's negative profitability and high stock volatility, the fund is likely to reduce its position to manage risk, especially considering the low benchmark weight and the fund's substantial AUM relative to the holding. The current holding is already a significant portion of the fund's out-of-AUM, so any reduction would be modest to maintain some exposure while aligning with the low-risk profile.","{""holding_log_delta"": -0.04}"
30,population,4,0.6133539583898281,0.2705072964738596,0.11613774513731237,TSLA,TESLA INC,630,NA,2018-07-01 00:00:00,93436,12884.329345,0.20084668247467333,-0.04,0.24084668247467333,-0.24084668247467333,True,1,type_mean,0.0082565895035254,0.0069532062192367,0.2194993243101532,0.0782363733443051,"
<think>Given Tesla's negative profitability and high stock volatility, the fund is likely to reduce its position to manage risk, especially considering the low benchmark weight and the fund's substantial AUM relative to the holding. The current holding is already a significant portion of the fund's out-of-AUM, so any reduction would be modest to maintain some exposure while aligning with the low-risk profile.</think>
<answer>
{""holding_log_delta"": -0.04}
</answer>","Given Tesla's negative profitability and high stock volatility, the fund is likely to reduce its position to manage risk, especially considering the low benchmark weight and the fund's substantial AUM relative to the holding. The current holding is already a significant portion of the fund's out-of-AUM, so any reduction would be modest to maintain some exposure while aligning with the low-risk profile.","{""holding_log_delta"": -0.04}"
30,population,5,0.6133539583898281,0.2705072964738596,0.11613774513731237,TSLA,TESLA INC,630,NA,2018-07-01 00:00:00,93436,12884.329345,0.20084668247467333,-0.04,0.24084668247467333,-0.24084668247467333,True,1,type_mean,0.0082565895035254,0.0069532062192367,0.2194993243101532,0.0782363733443051,"
<think>Given Tesla's negative profitability and high stock volatility, the fund is likely to reduce its position to manage risk, especially considering the low benchmark weight and the fund's substantial AUM relative to the holding. The current holding is already a significant portion of the fund's out-of-AUM, so any reduction would be modest to maintain some exposure while aligning with the low-risk profile.</think>
<answer>
{""holding_log_delta"": -0.04}
</answer>","Given Tesla's negative profitability and high stock volatility, the fund is likely to reduce its position to manage risk, especially considering the low benchmark weight and the fund's substantial AUM relative to the holding. The current holding is already a significant portion of the fund's out-of-AUM, so any reduction would be modest to maintain some exposure while aligning with the low-risk profile.","{""holding_log_delta"": -0.04}"
30,population,6,0.6133539583898281,0.2705072964738596,0.11613774513731237,TSLA,TESLA INC,630,NA,2018-07-01 00:00:00,93436,12884.329345,0.20084668247467333,-0.04,0.24084668247467333,-0.24084668247467333,True,1,type_mean,0.0082565895035254,0.0069532062192367,0.2194993243101532,0.0782363733443051,"
<think>Given Tesla's negative profitability and high stock volatility, the fund is likely to reduce its position to manage risk, especially considering the low benchmark weight and the fund's substantial AUM relative to the holding. The current holding is already a significant portion of the fund's out-of-AUM, so any reduction would be modest to maintain some exposure while aligning with the low-risk profile.</think>
<answer>
{""holding_log_delta"": -0.04}
</answer>","Given Tesla's negative profitability and high stock volatility, the fund is likely to reduce its position to manage risk, especially considering the low benchmark weight and the fund's substantial AUM relative to the holding. The current holding is already a significant portion of the fund's out-of-AUM, so any reduction would be modest to maintain some exposure while aligning with the low-risk profile.","{""holding_log_delta"": -0.04}"
30,population,7,0.6133539583898281,0.2705072964738596,0.11613774513731237,TSLA,TESLA INC,630,NA,2018-07-01 00:00:00,93436,12884.329345,0.20084668247467333,-0.04,0.24084668247467333,-0.24084668247467333,True,1,type_mean,0.0082565895035254,0.0069532062192367,0.2194993243101532,0.0782363733443051,"
<think>Given Tesla's negative profitability and high stock volatility, the fund is likely to reduce its position to manage risk, especially considering the low benchmark weight and the fund's substantial AUM relative to the holding. The current holding is already a significant portion of the fund's out-of-AUM, so any reduction would be modest to maintain some exposure while aligning with the low-risk profile.</think>
<answer>
{""holding_log_delta"": -0.04}
</answer>","Given Tesla's negative profitability and high stock volatility, the fund is likely to reduce its position to manage risk, especially considering the low benchmark weight and the fund's substantial AUM relative to the holding. The current holding is already a significant portion of the fund's out-of-AUM, so any reduction would be modest to maintain some exposure while aligning with the low-risk profile.","{""holding_log_delta"": -0.04}"
30,population,8,0.6133539583898281,0.2705072964738596,0.11613774513731237,TSLA,TESLA INC,630,NA,2018-07-01 00:00:00,93436,12884.329345,0.20084668247467333,-0.04,0.24084668247467333,-0.24084668247467333,True,1,type_mean,0.0082565895035254,0.0069532062192367,0.2194993243101532,0.0782363733443051,"
<think>Given Tesla's negative profitability and high stock volatility, the fund is likely to reduce its position to manage risk, especially considering the low benchmark weight and the fund's substantial AUM relative to the holding. The current holding is already a significant portion of the fund's out-of-AUM, so any reduction would be modest to maintain some exposure while aligning with the low-risk profile.</think>
<answer>
{""holding_log_delta"": -0.04}
</answer>","Given Tesla's negative profitability and high stock volatility, the fund is likely to reduce its position to manage risk, especially considering the low benchmark weight and the fund's substantial AUM relative to the holding. The current holding is already a significant portion of the fund's out-of-AUM, so any reduction would be modest to maintain some exposure while aligning with the low-risk profile.","{""holding_log_delta"": -0.04}"
30,population,9,0.5429994570005431,0.27099972900027103,0.185999814000186,TSLA,TESLA INC,630,NA,2018-07-01 00:00:00,93436,12884.329345,0.20084668247467333,-0.05,0.25084668247467334,-0.25084668247467334,True,1,type_mean,0.0082565895035254,0.0069532062192367,0.2194993243101532,0.0782363733443051,"
<think>Given Tesla's negative profitability and high stock volatility, the fund is likely to reduce its position to manage risk, especially considering the fund's substantial AUM relative to the stock's S&P 500 weight. The current holding is already significant relative to the stock's liquidity, suggesting a potential decrease to align with lower expected returns and higher risk.</think>
<answer>
{""holding_log_delta"": -0.05}
</answer>","Given Tesla's negative profitability and high stock volatility, the fund is likely to reduce its position to manage risk, especially considering the fund's substantial AUM relative to the stock's S&P 500 weight. The current holding is already significant relative to the stock's liquidity, suggesting a potential decrease to align with lower expected returns and higher risk.","{""holding_log_delta"": -0.05}"
30,population,10,0.5233539583892647,0.26050729647358917,0.21613774513714623,TSLA,TESLA INC,630,NA,2018-07-01 00:00:00,93436,12884.329345,0.20084668247467333,-0.04,0.24084668247467333,-0.24084668247467333,True,1,type_mean,0.0082565895035254,0.0069532062192367,0.2194993243101532,0.0782363733443051,"
<think>Given Tesla's negative profitability and high stock volatility, the fund is likely to reduce its position to manage risk, especially considering the low benchmark weight and the fund's substantial AUM relative to the holding. The current holding is already a significant portion of the fund's out-of-AUM, so any reduction would be modest to maintain some exposure while aligning with the low-risk profile.</think>
<answer>
{""holding_log_delta"": -0.04}
</answer>","Given Tesla's negative profitability and high stock volatility, the fund is likely to reduce its position to manage risk, especially considering the low benchmark weight and the fund's substantial AUM relative to the holding. The current holding is already a significant portion of the fund's out-of-AUM, so any reduction would be modest to maintain some exposure while aligning with the low-risk profile.","{""holding_log_delta"": -0.04}"
30,population,11,0.5233539583892647,0.26050729647358917,0.21613774513714626,TSLA,TESLA INC,630,NA,2018-07-01 00:00:00,93436,12884.329345,0.20084668247467333,-0.04,0.24084668247467333,-0.24084668247467333,True,1,type_mean,0.0082565895035254,0.0069532062192367,0.2194993243101532,0.0782363733443051,"
<think>Given Tesla's negative profitability and high stock volatility, the fund is likely to reduce its position to manage risk, especially considering the low benchmark weight and the fund's substantial AUM relative to the holding. The current holding is already a significant portion of the fund's out-of-AUM, so any reduction would be modest to maintain some exposure while aligning with the low-risk profile.</think>
<answer>
{""holding_log_delta"": -0.04}
</answer>","Given Tesla's negative profitability and high stock volatility, the fund is likely to reduce its position to manage risk, especially considering the low benchmark weight and the fund's substantial AUM relative to the holding. The current holding is already a significant portion of the fund's out-of-AUM, so any reduction would be modest to maintain some exposure while aligning with the low-risk profile.","{""holding_log_delta"": -0.04}"
