generation,stage,candidate_idx,risk_aversion,herd_behavior,profit_driven,ticker,company,id,quarter,date,permno,holding_t,y_true,pred,abs_error,reward,valid,best_k,profile_strength_mode,x_risk_mean,x_herd_mean,x_profit_mean,overall_mean,raw_output,reason,answer_body
74,population,0,0.327864503068326,0.3080475456119149,0.3640869513197654,,,358,NA,2017-04-01 00:00:00,46674,2628.329244,0.06678767052609866,-0.03,0.09678767052609866,-0.09678767052609866,True,1,type_mean,0.0083004769074155,0.0070097321687576,0.0811969348655934,0.03216904798058883,"
<think>Given GPC's strong profitability (profit=0.377) and positive asset growth (Gat=0.084), alongside its low beta (0.982) indicating lower systematic risk, the fund might increase its holding to capture growth opportunities while managing risk exposure. The current holding is relatively small compared to AUM and the stock's S&P 500 weight, suggesting potential for a modest increase to align with the benchmark and the firm's positive fundamentals.</think>
<answer>
{""holding_log_delta"": -0.03}
</answer>","Given GPC's strong profitability (profit=0.377) and positive asset growth (Gat=0.084), alongside its low beta (0.982) indicating lower systematic risk, the fund might increase its holding to capture growth opportunities while managing risk exposure. The current holding is relatively small compared to AUM and the stock's S&P 500 weight, suggesting potential for a modest increase to align with the benchmark and the firm's positive fundamentals.","{""holding_log_delta"": -0.03}"
74,population,1,0.32789967210032794,0.30689969310030696,0.36519963480036527,,,358,NA,2017-04-01 00:00:00,46674,2628.329244,0.06678767052609866,-0.03,0.09678767052609866,-0.09678767052609866,True,1,type_mean,0.0083004769074155,0.0070097321687576,0.0811969348655934,0.03216904798058883,"
<think>Given the firm's strong profitability (profit=0.377) and positive asset growth (Gat=0.084), alongside its low beta (0.982) indicating lower systematic risk, the stock appears fundamentally sound. The fund's current holding is modest relative to AUM and the stock's S&P 500 weight, suggesting room for increase without excessive concentration. Considering the positive fundamentals and the fund's active growth orientation, a slight increase in holding is expected, but likely not substantial given the already positive position.</think>
<answer>
{""holding_log_delta"": -0.03}
</answer>","Given the firm's strong profitability (profit=0.377) and positive asset growth (Gat=0.084), alongside its low beta (0.982) indicating lower systematic risk, the stock appears fundamentally sound. The fund's current holding is modest relative to AUM and the stock's S&P 500 weight, suggesting room for increase without excessive concentration. Considering the positive fundamentals and the fund's active growth orientation, a slight increase in holding is expected, but likely not substantial given the already positive position.","{""holding_log_delta"": -0.03}"
74,population,2,0.3478996521003479,0.32799967200032804,0.3240996759003241,,,358,NA,2017-04-01 00:00:00,46674,2628.329244,0.06678767052609866,-0.04,0.10678767052609867,-0.10678767052609867,True,1,type_mean,0.0083004769074155,0.0070097321687576,0.0811969348655934,0.03216904798058883,"
<think>Given the firm's strong profitability (profit=0.377) and positive asset growth (Gat=0.084), alongside its low beta (0.982) indicating lower systematic risk, the stock appears fundamentally sound. The fund's current holding is modest relative to AUM and the stock's S&P 500 weight, suggesting room for increase without excessive concentration. Considering the positive fundamentals and the fund's active growth orientation, a slight increase in holding is expected, but likely not substantial given the already positive position.</think>
<answer>
{""holding_log_delta"": -0.04}
</answer>","Given the firm's strong profitability (profit=0.377) and positive asset growth (Gat=0.084), alongside its low beta (0.982) indicating lower systematic risk, the stock appears fundamentally sound. The fund's current holding is modest relative to AUM and the stock's S&P 500 weight, suggesting room for increase without excessive concentration. Considering the positive fundamentals and the fund's active growth orientation, a slight increase in holding is expected, but likely not substantial given the already positive position.","{""holding_log_delta"": -0.04}"
74,population,3,0.3478996521003479,0.31799968200031803,0.33409966590033413,,,358,NA,2017-04-01 00:00:00,46674,2628.329244,0.06678767052609866,-0.03,0.09678767052609866,-0.09678767052609866,True,1,type_mean,0.0083004769074155,0.0070097321687576,0.0811969348655934,0.03216904798058883,"
<think>Given the firm's strong profitability (profit=0.377) and positive asset growth (Gat=0.084), alongside its low beta (0.982) indicating lower systematic risk, the stock appears fundamentally sound. The fund's current holding is modest relative to AUM and the stock's S&P 500 weight, suggesting room for increase without excessive concentration. Considering the positive fundamentals and the fund's active growth orientation, a slight increase in holding is expected, but likely not substantial given the already positive position.</think>
<answer>
{""holding_log_delta"": -0.03}
</answer>","Given the firm's strong profitability (profit=0.377) and positive asset growth (Gat=0.084), alongside its low beta (0.982) indicating lower systematic risk, the stock appears fundamentally sound. The fund's current holding is modest relative to AUM and the stock's S&P 500 weight, suggesting room for increase without excessive concentration. Considering the positive fundamentals and the fund's active growth orientation, a slight increase in holding is expected, but likely not substantial given the already positive position.","{""holding_log_delta"": -0.03}"
74,population,4,0.33793356528505536,0.28692849920178276,0.3751369354138268,,,358,NA,2017-04-01 00:00:00,46674,2628.329244,0.06678767052609866,-0.04,0.10678767052609867,-0.10678767052609867,True,1,type_mean,0.0083004769074155,0.0070097321687576,0.0811969348655934,0.03216904798058883,"
<think>Given the firm's strong profitability (profit=0.377) and positive asset growth (Gat=0.084), alongside its low beta (0.982) indicating lower systematic risk, the stock appears fundamentally sound. The fund's current holding is modest relative to AUM and the stock's S&P 500 weight, suggesting room for increase without excessive concentration. Considering the positive fundamentals and the fund's active growth orientation, a slight increase in holding is expected, though likely modest due to the already positive position.</think>
<answer>
{""holding_log_delta"": -0.04}
</answer>","Given the firm's strong profitability (profit=0.377) and positive asset growth (Gat=0.084), alongside its low beta (0.982) indicating lower systematic risk, the stock appears fundamentally sound. The fund's current holding is modest relative to AUM and the stock's S&P 500 weight, suggesting room for increase without excessive concentration. Considering the positive fundamentals and the fund's active growth orientation, a slight increase in holding is expected, though likely modest due to the already positive position.","{""holding_log_delta"": -0.04}"
74,population,5,0.3378996621003379,0.31699968300031706,0.34509965490034517,,,358,NA,2017-04-01 00:00:00,46674,2628.329244,0.06678767052609866,-0.04,0.10678767052609867,-0.10678767052609867,True,1,type_mean,0.0083004769074155,0.0070097321687576,0.0811969348655934,0.03216904798058883,"
<think>Given the firm's strong profitability (profit=0.377) and positive asset growth (Gat=0.084), alongside its low beta (0.982) indicating lower systematic risk, the stock appears fundamentally sound. The fund's current holding is modest relative to AUM and the stock's S&P 500 weight, suggesting room for increase without excessive concentration. Considering the positive fundamentals and the fund's active growth orientation, a slight increase in holding is expected, but likely not substantial given the already positive position.</think>
<answer>
{""holding_log_delta"": -0.04}
</answer>","Given the firm's strong profitability (profit=0.377) and positive asset growth (Gat=0.084), alongside its low beta (0.982) indicating lower systematic risk, the stock appears fundamentally sound. The fund's current holding is modest relative to AUM and the stock's S&P 500 weight, suggesting room for increase without excessive concentration. Considering the positive fundamentals and the fund's active growth orientation, a slight increase in holding is expected, but likely not substantial given the already positive position.","{""holding_log_delta"": -0.04}"
74,population,6,0.32789967210032794,0.33799966200033804,0.33409966590033413,,,358,NA,2017-04-01 00:00:00,46674,2628.329244,0.06678767052609866,-0.04,0.10678767052609867,-0.10678767052609867,True,1,type_mean,0.0083004769074155,0.0070097321687576,0.0811969348655934,0.03216904798058883,"
<think>Given the firm's strong profitability (profit=0.377) and positive asset growth (Gat=0.084), alongside its low beta (0.982) indicating lower systematic risk, the stock appears fundamentally sound. The fund's current holding is modest relative to AUM and the stock's S&P 500 weight, suggesting room for increase without excessive concentration. Considering the positive fundamentals and the fund's active growth orientation, a slight increase in holding is expected, but likely not substantial given the already positive position.</think>
<answer>
{""holding_log_delta"": -0.04}
</answer>","Given the firm's strong profitability (profit=0.377) and positive asset growth (Gat=0.084), alongside its low beta (0.982) indicating lower systematic risk, the stock appears fundamentally sound. The fund's current holding is modest relative to AUM and the stock's S&P 500 weight, suggesting room for increase without excessive concentration. Considering the positive fundamentals and the fund's active growth orientation, a slight increase in holding is expected, but likely not substantial given the already positive position.","{""holding_log_delta"": -0.04}"
74,population,7,0.31789968210031794,0.306999693000307,0.37509962490037513,,,358,NA,2017-04-01 00:00:00,46674,2628.329244,0.06678767052609866,-0.04,0.10678767052609867,-0.10678767052609867,True,1,type_mean,0.0083004769074155,0.0070097321687576,0.0811969348655934,0.03216904798058883,"
<think>Given the firm's strong profitability (profit=0.377) and positive asset growth (Gat=0.084), alongside its low beta (0.982) indicating lower systematic risk, the stock appears fundamentally sound. The fund's current holding is modest relative to AUM and the stock's S&P 500 weight, suggesting room for increase without excessive concentration. Considering the positive fundamentals and the fund's active growth orientation, a slight increase in holding is expected, though likely not dramatic given the already positive but not extreme signals.</think>
<answer>
{""holding_log_delta"": -0.04}
</answer>","Given the firm's strong profitability (profit=0.377) and positive asset growth (Gat=0.084), alongside its low beta (0.982) indicating lower systematic risk, the stock appears fundamentally sound. The fund's current holding is modest relative to AUM and the stock's S&P 500 weight, suggesting room for increase without excessive concentration. Considering the positive fundamentals and the fund's active growth orientation, a slight increase in holding is expected, though likely not dramatic given the already positive but not extreme signals.","{""holding_log_delta"": -0.04}"
74,population,8,0.3279324653140661,0.3069303861082247,0.36513614847869935,,,358,NA,2017-04-01 00:00:00,46674,2628.329244,0.06678767052609866,-0.03,0.09678767052609866,-0.09678767052609866,True,1,type_mean,0.0083004769074155,0.0070097321687576,0.0811969348655934,0.03216904798058883,"
<think>Given the firm's strong profitability (profit=0.377) and positive asset growth (Gat=0.084), alongside its low beta (0.982) indicating lower systematic risk, the stock appears fundamentally sound. The fund's current holding is modest relative to AUM and the stock's S&P 500 weight, suggesting room for increase without excessive concentration. Considering the positive fundamentals and the fund's active growth orientation, a slight increase in holding is expected, though likely modest due to the already positive position.</think>
<answer>
{""holding_log_delta"": -0.03}
</answer>","Given the firm's strong profitability (profit=0.377) and positive asset growth (Gat=0.084), alongside its low beta (0.982) indicating lower systematic risk, the stock appears fundamentally sound. The fund's current holding is modest relative to AUM and the stock's S&P 500 weight, suggesting room for increase without excessive concentration. Considering the positive fundamentals and the fund's active growth orientation, a slight increase in holding is expected, though likely modest due to the already positive position.","{""holding_log_delta"": -0.03}"
74,population,9,0.32789967210032794,0.32799967200032804,0.34409965590034414,,,358,NA,2017-04-01 00:00:00,46674,2628.329244,0.06678767052609866,-0.04,0.10678767052609867,-0.10678767052609867,True,1,type_mean,0.0083004769074155,0.0070097321687576,0.0811969348655934,0.03216904798058883,"
<think>Given the firm's strong profitability (profit=0.377) and positive asset growth (Gat=0.084), alongside its low beta (0.982) indicating lower systematic risk, the stock appears fundamentally sound. The fund's current holding is modest relative to AUM and the stock's S&P 500 weight, suggesting room for increase without excessive concentration. Considering the positive fundamentals and the fund's active growth orientation, a slight increase in holding is expected, though likely modest due to the already positive position.</think>
<answer>
{""holding_log_delta"": -0.04}
</answer>","Given the firm's strong profitability (profit=0.377) and positive asset growth (Gat=0.084), alongside its low beta (0.982) indicating lower systematic risk, the stock appears fundamentally sound. The fund's current holding is modest relative to AUM and the stock's S&P 500 weight, suggesting room for increase without excessive concentration. Considering the positive fundamentals and the fund's active growth orientation, a slight increase in holding is expected, though likely modest due to the already positive position.","{""holding_log_delta"": -0.04}"
74,population,10,0.3578996421003579,0.31799968200031803,0.3240996759003241,,,358,NA,2017-04-01 00:00:00,46674,2628.329244,0.06678767052609866,-0.04,0.10678767052609867,-0.10678767052609867,True,1,type_mean,0.0083004769074155,0.0070097321687576,0.0811969348655934,0.03216904798058883,"
<think>Given the firm's strong profitability (profit=0.377) and positive asset growth (Gat=0.084), alongside its low beta (0.982) indicating lower systematic risk, the stock appears fundamentally sound. The fund's current holding is modest relative to AUM and the stock's S&P 500 weight, suggesting room for increase without excessive concentration. Considering the positive fundamentals and the fund's active growth orientation, a slight increase in holding is expected, but likely not substantial given the already positive position.</think>
<answer>
{""holding_log_delta"": -0.04}
</answer>","Given the firm's strong profitability (profit=0.377) and positive asset growth (Gat=0.084), alongside its low beta (0.982) indicating lower systematic risk, the stock appears fundamentally sound. The fund's current holding is modest relative to AUM and the stock's S&P 500 weight, suggesting room for increase without excessive concentration. Considering the positive fundamentals and the fund's active growth orientation, a slight increase in holding is expected, but likely not substantial given the already positive position.","{""holding_log_delta"": -0.04}"
74,population,11,0.3578996421003579,0.307999692000308,0.33409966590033413,,,358,NA,2017-04-01 00:00:00,46674,2628.329244,0.06678767052609866,-0.03,0.09678767052609866,-0.09678767052609866,True,1,type_mean,0.0083004769074155,0.0070097321687576,0.0811969348655934,0.03216904798058883,"
<think>Given the firm's strong profitability (profit=0.377) and positive asset growth (Gat=0.084), alongside its low beta (0.982) indicating lower systematic risk, the stock appears fundamentally sound. The fund's current holding is modest relative to AUM and the stock's S&P 500 weight, suggesting room for increase without excessive concentration. Considering the positive fundamentals and the fund's active growth orientation, a slight increase in holding is expected, but likely not substantial given the already positive position.</think>
<answer>
{""holding_log_delta"": -0.03}
</answer>","Given the firm's strong profitability (profit=0.377) and positive asset growth (Gat=0.084), alongside its low beta (0.982) indicating lower systematic risk, the stock appears fundamentally sound. The fund's current holding is modest relative to AUM and the stock's S&P 500 weight, suggesting room for increase without excessive concentration. Considering the positive fundamentals and the fund's active growth orientation, a slight increase in holding is expected, but likely not substantial given the already positive position.","{""holding_log_delta"": -0.03}"
