generation,stage,candidate_idx,risk_aversion,herd_behavior,profit_driven,ticker,company,id,quarter,date,permno,holding_t,y_true,pred,abs_error,reward,valid,best_k,profile_strength_mode,x_risk_mean,x_herd_mean,x_profit_mean,overall_mean,raw_output,reason,answer_body
8,population,0,0.294999705000295,0.244999755000245,0.45999954000046006,,,257,NA,2017-04-01 00:00:00,91926,9086.613996,-0.1163477487435264,-0.04,0.0763477487435264,-0.0763477487435264,True,1,type_mean,0.0083004769074155,0.0070097321687576,0.0811969348655934,0.03216904798058883,"
<think>Given DAL's current fundamentals, the company shows a moderate profitability (profit=0.689) but negative asset growth (Gat=-0.035887), which may temper growth expectations. The stock's high beta (1.094809) suggests above-market volatility, and its low S&P 500 weight (0.002224) indicates limited benchmark importance. Considering the fund's substantial AUM and the stock's elevated volatility, a modest reduction in holding might be expected to manage risk exposure, though the positive profitability could provide some support against a large decrease.</think>
<answer>
{""holding_log_delta"": -0.04}
</answer>","Given DAL's current fundamentals, the company shows a moderate profitability (profit=0.689) but negative asset growth (Gat=-0.035887), which may temper growth expectations. The stock's high beta (1.094809) suggests above-market volatility, and its low S&P 500 weight (0.002224) indicates limited benchmark importance. Considering the fund's substantial AUM and the stock's elevated volatility, a modest reduction in holding might be expected to manage risk exposure, though the positive profitability could provide some support against a large decrease.","{""holding_log_delta"": -0.04}"
8,population,1,0.28295447293113724,0.2624836746641237,0.45456086230572934,,,257,NA,2017-04-01 00:00:00,91926,9086.613996,-0.1163477487435264,-0.08,0.03634774874352639,-0.03634774874352639,True,1,type_mean,0.0083004769074155,0.0070097321687576,0.0811969348655934,0.03216904798058883,"
<think>Given DAL's current fundamentals, the company shows a moderate profitability margin but negative asset growth, which could signal operational challenges or competitive pressures. The fund's current holding is substantial relative to its AUM, and the stock's low S&P 500 weight suggests limited benchmark-driven demand. Considering the negative asset growth and the fund's large existing position, a reduction in holding might be expected to manage concentration risk and align with the negative fundamental signals.</think>
<answer>
{""holding_log_delta"": -0.08}
</answer>","Given DAL's current fundamentals, the company shows a moderate profitability margin but negative asset growth, which could signal operational challenges or competitive pressures. The fund's current holding is substantial relative to its AUM, and the stock's low S&P 500 weight suggests limited benchmark-driven demand. Considering the negative asset growth and the fund's large existing position, a reduction in holding might be expected to manage concentration risk and align with the negative fundamental signals.","{""holding_log_delta"": -0.08}"
8,population,2,0.25578401766073156,0.23510851141102743,0.5091064709292412,,,257,NA,2017-04-01 00:00:00,91926,9086.613996,-0.1163477487435264,-0.04,0.0763477487435264,-0.0763477487435264,True,1,type_mean,0.0083004769074155,0.0070097321687576,0.0811969348655934,0.03216904798058883,"
<think>Given DAL's current fundamentals, the company shows a moderate profitability (profit=0.689) but negative asset growth (Gat=-0.035887), which may temper growth expectations. The stock's high beta (1.094809) suggests above-market volatility, and its low S&P 500 weight (0.002224) indicates limited benchmark importance. Considering the fund's substantial AUM and the stock's elevated volatility, a modest reduction in holding might be expected to manage risk exposure, though the positive profitability could provide some support against a large decrease.</think>
<answer>
{""holding_log_delta"": -0.04}
</answer>","Given DAL's current fundamentals, the company shows a moderate profitability (profit=0.689) but negative asset growth (Gat=-0.035887), which may temper growth expectations. The stock's high beta (1.094809) suggests above-market volatility, and its low S&P 500 weight (0.002224) indicates limited benchmark importance. Considering the fund's substantial AUM and the stock's elevated volatility, a modest reduction in holding might be expected to manage risk exposure, though the positive profitability could provide some support against a large decrease.","{""holding_log_delta"": -0.04}"
8,population,3,0.25578401766073156,0.23510851141102743,0.5091064709292412,,,257,NA,2017-04-01 00:00:00,91926,9086.613996,-0.1163477487435264,-0.04,0.0763477487435264,-0.0763477487435264,True,1,type_mean,0.0083004769074155,0.0070097321687576,0.0811969348655934,0.03216904798058883,"
<think>Given DAL's current fundamentals, the company shows a moderate profitability (profit=0.689) but negative asset growth (Gat=-0.035887), which may temper growth expectations. The stock's high beta (1.094809) suggests above-market volatility, and its low S&P 500 weight (0.002224) indicates limited benchmark importance. Considering the fund's substantial AUM and the stock's elevated volatility, a modest reduction in holding might be expected to manage risk exposure, though the positive profitability could provide some support against a large decrease.</think>
<answer>
{""holding_log_delta"": -0.04}
</answer>","Given DAL's current fundamentals, the company shows a moderate profitability (profit=0.689) but negative asset growth (Gat=-0.035887), which may temper growth expectations. The stock's high beta (1.094809) suggests above-market volatility, and its low S&P 500 weight (0.002224) indicates limited benchmark importance. Considering the fund's substantial AUM and the stock's elevated volatility, a modest reduction in holding might be expected to manage risk exposure, though the positive profitability could provide some support against a large decrease.","{""holding_log_delta"": -0.04}"
8,population,4,0.25578401766073156,0.23510851141102743,0.5091064709292412,,,257,NA,2017-04-01 00:00:00,91926,9086.613996,-0.1163477487435264,-0.04,0.0763477487435264,-0.0763477487435264,True,1,type_mean,0.0083004769074155,0.0070097321687576,0.0811969348655934,0.03216904798058883,"
<think>Given DAL's current fundamentals, the company shows a moderate profitability (profit=0.689) but negative asset growth (Gat=-0.035887), which may temper growth expectations. The stock's high beta (1.094809) suggests above-market volatility, and its low S&P 500 weight (0.002224) indicates limited benchmark importance. Considering the fund's substantial AUM and the stock's elevated volatility, a modest reduction in holding might be expected to manage risk exposure, though the positive profitability could provide some support against a large decrease.</think>
<answer>
{""holding_log_delta"": -0.04}
</answer>","Given DAL's current fundamentals, the company shows a moderate profitability (profit=0.689) but negative asset growth (Gat=-0.035887), which may temper growth expectations. The stock's high beta (1.094809) suggests above-market volatility, and its low S&P 500 weight (0.002224) indicates limited benchmark importance. Considering the fund's substantial AUM and the stock's elevated volatility, a modest reduction in holding might be expected to manage risk exposure, though the positive profitability could provide some support against a large decrease.","{""holding_log_delta"": -0.04}"
8,population,5,0.25578401766073156,0.23510851141102743,0.5091064709292412,,,257,NA,2017-04-01 00:00:00,91926,9086.613996,-0.1163477487435264,-0.04,0.0763477487435264,-0.0763477487435264,True,1,type_mean,0.0083004769074155,0.0070097321687576,0.0811969348655934,0.03216904798058883,"
<think>Given DAL's current fundamentals, the company shows a moderate profitability (profit=0.689) but negative asset growth (Gat=-0.035887), which may temper growth expectations. The stock's high beta (1.094809) suggests above-market volatility, and its low S&P 500 weight (0.002224) indicates limited benchmark importance. Considering the fund's substantial AUM and the stock's elevated volatility, a modest reduction in holding might be expected to manage risk exposure, though the positive profitability could provide some support against a large decrease.</think>
<answer>
{""holding_log_delta"": -0.04}
</answer>","Given DAL's current fundamentals, the company shows a moderate profitability (profit=0.689) but negative asset growth (Gat=-0.035887), which may temper growth expectations. The stock's high beta (1.094809) suggests above-market volatility, and its low S&P 500 weight (0.002224) indicates limited benchmark importance. Considering the fund's substantial AUM and the stock's elevated volatility, a modest reduction in holding might be expected to manage risk exposure, though the positive profitability could provide some support against a large decrease.","{""holding_log_delta"": -0.04}"
8,population,6,0.25578401766073156,0.23510851141102743,0.5091064709292412,,,257,NA,2017-04-01 00:00:00,91926,9086.613996,-0.1163477487435264,-0.04,0.0763477487435264,-0.0763477487435264,True,1,type_mean,0.0083004769074155,0.0070097321687576,0.0811969348655934,0.03216904798058883,"
<think>Given DAL's current fundamentals, the company shows a moderate profitability (profit=0.689) but negative asset growth (Gat=-0.035887), which may temper growth expectations. The stock's high beta (1.094809) suggests above-market volatility, and its low S&P 500 weight (0.002224) indicates limited benchmark importance. Considering the fund's substantial AUM and the stock's elevated volatility, a modest reduction in holding might be expected to manage risk exposure, though the positive profitability could provide some support against a large decrease.</think>
<answer>
{""holding_log_delta"": -0.04}
</answer>","Given DAL's current fundamentals, the company shows a moderate profitability (profit=0.689) but negative asset growth (Gat=-0.035887), which may temper growth expectations. The stock's high beta (1.094809) suggests above-market volatility, and its low S&P 500 weight (0.002224) indicates limited benchmark importance. Considering the fund's substantial AUM and the stock's elevated volatility, a modest reduction in holding might be expected to manage risk exposure, though the positive profitability could provide some support against a large decrease.","{""holding_log_delta"": -0.04}"
8,population,7,0.25578401766073156,0.23510851141102743,0.5091064709292412,,,257,NA,2017-04-01 00:00:00,91926,9086.613996,-0.1163477487435264,-0.04,0.0763477487435264,-0.0763477487435264,True,1,type_mean,0.0083004769074155,0.0070097321687576,0.0811969348655934,0.03216904798058883,"
<think>Given DAL's current fundamentals, the company shows a moderate profitability (profit=0.689) but negative asset growth (Gat=-0.035887), which may temper growth expectations. The stock's high beta (1.094809) suggests above-market volatility, and its low S&P 500 weight (0.002224) indicates limited benchmark importance. Considering the fund's substantial AUM and the stock's elevated volatility, a modest reduction in holding might be expected to manage risk exposure, though the positive profitability could provide some support against a large decrease.</think>
<answer>
{""holding_log_delta"": -0.04}
</answer>","Given DAL's current fundamentals, the company shows a moderate profitability (profit=0.689) but negative asset growth (Gat=-0.035887), which may temper growth expectations. The stock's high beta (1.094809) suggests above-market volatility, and its low S&P 500 weight (0.002224) indicates limited benchmark importance. Considering the fund's substantial AUM and the stock's elevated volatility, a modest reduction in holding might be expected to manage risk exposure, though the positive profitability could provide some support against a large decrease.","{""holding_log_delta"": -0.04}"
8,population,8,0.25578401766073156,0.23510851141102743,0.5091064709292412,,,257,NA,2017-04-01 00:00:00,91926,9086.613996,-0.1163477487435264,-0.04,0.0763477487435264,-0.0763477487435264,True,1,type_mean,0.0083004769074155,0.0070097321687576,0.0811969348655934,0.03216904798058883,"
<think>Given DAL's current fundamentals, the company shows a moderate profitability (profit=0.689) but negative asset growth (Gat=-0.035887), which may temper growth expectations. The stock's high beta (1.094809) suggests above-market volatility, and its low S&P 500 weight (0.002224) indicates limited benchmark importance. Considering the fund's substantial AUM and the stock's elevated volatility, a modest reduction in holding might be expected to manage risk exposure, though the positive profitability could provide some support against a large decrease.</think>
<answer>
{""holding_log_delta"": -0.04}
</answer>","Given DAL's current fundamentals, the company shows a moderate profitability (profit=0.689) but negative asset growth (Gat=-0.035887), which may temper growth expectations. The stock's high beta (1.094809) suggests above-market volatility, and its low S&P 500 weight (0.002224) indicates limited benchmark importance. Considering the fund's substantial AUM and the stock's elevated volatility, a modest reduction in holding might be expected to manage risk exposure, though the positive profitability could provide some support against a large decrease.","{""holding_log_delta"": -0.04}"
8,population,9,0.25578401766073156,0.23510851141102743,0.5091064709292412,,,257,NA,2017-04-01 00:00:00,91926,9086.613996,-0.1163477487435264,-0.04,0.0763477487435264,-0.0763477487435264,True,1,type_mean,0.0083004769074155,0.0070097321687576,0.0811969348655934,0.03216904798058883,"
<think>Given DAL's current fundamentals, the company shows a moderate profitability (profit=0.689) but negative asset growth (Gat=-0.035887), which may temper growth expectations. The stock's high beta (1.094809) suggests above-market volatility, and its low S&P 500 weight (0.002224) indicates limited benchmark importance. Considering the fund's substantial AUM and the stock's elevated volatility, a modest reduction in holding might be expected to manage risk exposure, though the positive profitability could provide some support against a large decrease.</think>
<answer>
{""holding_log_delta"": -0.04}
</answer>","Given DAL's current fundamentals, the company shows a moderate profitability (profit=0.689) but negative asset growth (Gat=-0.035887), which may temper growth expectations. The stock's high beta (1.094809) suggests above-market volatility, and its low S&P 500 weight (0.002224) indicates limited benchmark importance. Considering the fund's substantial AUM and the stock's elevated volatility, a modest reduction in holding might be expected to manage risk exposure, though the positive profitability could provide some support against a large decrease.","{""holding_log_delta"": -0.04}"
8,population,10,0.25578401766073156,0.23510851141102743,0.5091064709292412,,,257,NA,2017-04-01 00:00:00,91926,9086.613996,-0.1163477487435264,-0.04,0.0763477487435264,-0.0763477487435264,True,1,type_mean,0.0083004769074155,0.0070097321687576,0.0811969348655934,0.03216904798058883,"
<think>Given DAL's current fundamentals, the company shows a moderate profitability (profit=0.689) but negative asset growth (Gat=-0.035887), which may temper growth expectations. The stock's high beta (1.094809) suggests above-market volatility, and its low S&P 500 weight (0.002224) indicates limited benchmark importance. Considering the fund's substantial AUM and the stock's elevated volatility, a modest reduction in holding might be expected to manage risk exposure, though the positive profitability could provide some support against a large decrease.</think>
<answer>
{""holding_log_delta"": -0.04}
</answer>","Given DAL's current fundamentals, the company shows a moderate profitability (profit=0.689) but negative asset growth (Gat=-0.035887), which may temper growth expectations. The stock's high beta (1.094809) suggests above-market volatility, and its low S&P 500 weight (0.002224) indicates limited benchmark importance. Considering the fund's substantial AUM and the stock's elevated volatility, a modest reduction in holding might be expected to manage risk exposure, though the positive profitability could provide some support against a large decrease.","{""holding_log_delta"": -0.04}"
8,population,11,0.25578401766073156,0.23510851141102743,0.5091064709292412,,,257,NA,2017-04-01 00:00:00,91926,9086.613996,-0.1163477487435264,-0.04,0.0763477487435264,-0.0763477487435264,True,1,type_mean,0.0083004769074155,0.0070097321687576,0.0811969348655934,0.03216904798058883,"
<think>Given DAL's current fundamentals, the company shows a moderate profitability (profit=0.689) but negative asset growth (Gat=-0.035887), which may temper growth expectations. The stock's high beta (1.094809) suggests above-market volatility, and its low S&P 500 weight (0.002224) indicates limited benchmark importance. Considering the fund's substantial AUM and the stock's elevated volatility, a modest reduction in holding might be expected to manage risk exposure, though the positive profitability could provide some support against a large decrease.</think>
<answer>
{""holding_log_delta"": -0.04}
</answer>","Given DAL's current fundamentals, the company shows a moderate profitability (profit=0.689) but negative asset growth (Gat=-0.035887), which may temper growth expectations. The stock's high beta (1.094809) suggests above-market volatility, and its low S&P 500 weight (0.002224) indicates limited benchmark importance. Considering the fund's substantial AUM and the stock's elevated volatility, a modest reduction in holding might be expected to manage risk exposure, though the positive profitability could provide some support against a large decrease.","{""holding_log_delta"": -0.04}"
