generation,stage,candidate_idx,risk_aversion,herd_behavior,profit_driven,ticker,company,id,quarter,date,permno,holding_t,y_true,pred,abs_error,reward,valid,best_k,profile_strength_mode,x_risk_mean,x_herd_mean,x_profit_mean,overall_mean,raw_output,reason,answer_body
5,population,0,0.30578401766042573,0.2351085114107923,0.4591064709287821,,,470,NA,2018-07-01 00:00:00,88352,8310.505742,-0.20612583743505797,-0.01,0.19612583743505796,-0.19612583743505796,True,1,type_mean,0.0083004769074155,0.0070097321687576,0.0811969348655934,0.03216904798058883,"
<think>Given ISRG's high market capitalization relative to book equity and strong profitability, the stock appears fundamentally robust. The fund's current holding is substantial relative to its AUM, and the stock's low beta suggests lower systematic risk, which might support maintaining or slightly increasing exposure. Considering the positive fundamentals and the fund's active growth orientation, a modest increase in the normalized log holding is expected.</think>
<answer>
{""holding_log_delta"": -0.01}
</answer>","Given ISRG's high market capitalization relative to book equity and strong profitability, the stock appears fundamentally robust. The fund's current holding is substantial relative to its AUM, and the stock's low beta suggests lower systematic risk, which might support maintaining or slightly increasing exposure. Considering the positive fundamentals and the fund's active growth orientation, a modest increase in the normalized log holding is expected.","{""holding_log_delta"": -0.01}"
5,population,1,0.28295447293113724,0.2624836746641237,0.45456086230572934,,,470,NA,2018-07-01 00:00:00,88352,8310.505742,-0.20612583743505797,-0.01,0.19612583743505796,-0.19612583743505796,True,1,type_mean,0.0083004769074155,0.0070097321687576,0.0811969348655934,0.03216904798058883,"
<think>Given ISRG's high market capitalization relative to book equity and strong profitability, the stock appears fundamentally robust. The fund's current holding is substantial relative to its AUM, and the stock's low beta suggests lower systematic risk, which might support maintaining or slightly increasing exposure. Considering the positive fundamentals and the fund's active growth orientation, a modest increase in the normalized log holding is expected, though constrained by the already significant position.</think>
<answer>
{""holding_log_delta"": -0.01}
</answer>","Given ISRG's high market capitalization relative to book equity and strong profitability, the stock appears fundamentally robust. The fund's current holding is substantial relative to its AUM, and the stock's low beta suggests lower systematic risk, which might support maintaining or slightly increasing exposure. Considering the positive fundamentals and the fund's active growth orientation, a modest increase in the normalized log holding is expected, though constrained by the already significant position.","{""holding_log_delta"": -0.01}"
5,population,2,0.25578401766073156,0.23510851141102743,0.5091064709292412,,,470,NA,2018-07-01 00:00:00,88352,8310.505742,-0.20612583743505797,-0.03,0.17612583743505797,-0.17612583743505797,True,1,type_mean,0.0083004769074155,0.0070097321687576,0.0811969348655934,0.03216904798058883,"
<think>Given ISRG's high market capitalization relative to book equity and strong profitability, the stock appears fundamentally robust. The fund's current holding is substantial relative to its AUM, and the stock's low beta suggests lower systematic risk, which might support maintaining or slightly increasing exposure. Considering the positive fundamentals and the fund's active growth orientation, a modest increase in the normalized log holding is expected, though constrained by the already significant position.</think>
<answer>
{""holding_log_delta"": -0.03}
</answer>","Given ISRG's high market capitalization relative to book equity and strong profitability, the stock appears fundamentally robust. The fund's current holding is substantial relative to its AUM, and the stock's low beta suggests lower systematic risk, which might support maintaining or slightly increasing exposure. Considering the positive fundamentals and the fund's active growth orientation, a modest increase in the normalized log holding is expected, though constrained by the already significant position.","{""holding_log_delta"": -0.03}"
5,population,3,0.25578401766073156,0.23510851141102743,0.5091064709292412,,,470,NA,2018-07-01 00:00:00,88352,8310.505742,-0.20612583743505797,-0.03,0.17612583743505797,-0.17612583743505797,True,1,type_mean,0.0083004769074155,0.0070097321687576,0.0811969348655934,0.03216904798058883,"
<think>Given ISRG's high market capitalization relative to book equity and strong profitability, the stock appears fundamentally robust. The fund's current holding is substantial relative to its AUM, and the stock's low beta suggests lower systematic risk, which might support maintaining or slightly increasing exposure. Considering the positive fundamentals and the fund's active growth orientation, a modest increase in the normalized log holding is expected, though constrained by the already significant position.</think>
<answer>
{""holding_log_delta"": -0.03}
</answer>","Given ISRG's high market capitalization relative to book equity and strong profitability, the stock appears fundamentally robust. The fund's current holding is substantial relative to its AUM, and the stock's low beta suggests lower systematic risk, which might support maintaining or slightly increasing exposure. Considering the positive fundamentals and the fund's active growth orientation, a modest increase in the normalized log holding is expected, though constrained by the already significant position.","{""holding_log_delta"": -0.03}"
5,population,4,0.25578401766073156,0.23510851141102743,0.5091064709292412,,,470,NA,2018-07-01 00:00:00,88352,8310.505742,-0.20612583743505797,-0.03,0.17612583743505797,-0.17612583743505797,True,1,type_mean,0.0083004769074155,0.0070097321687576,0.0811969348655934,0.03216904798058883,"
<think>Given ISRG's high market capitalization relative to book equity and strong profitability, the stock appears fundamentally robust. The fund's current holding is substantial relative to its AUM, and the stock's low beta suggests lower systematic risk, which might support maintaining or slightly increasing exposure. Considering the positive fundamentals and the fund's active growth orientation, a modest increase in the normalized log holding is expected, though constrained by the already significant position.</think>
<answer>
{""holding_log_delta"": -0.03}
</answer>","Given ISRG's high market capitalization relative to book equity and strong profitability, the stock appears fundamentally robust. The fund's current holding is substantial relative to its AUM, and the stock's low beta suggests lower systematic risk, which might support maintaining or slightly increasing exposure. Considering the positive fundamentals and the fund's active growth orientation, a modest increase in the normalized log holding is expected, though constrained by the already significant position.","{""holding_log_delta"": -0.03}"
5,population,5,0.25578401766073156,0.23510851141102743,0.5091064709292412,,,470,NA,2018-07-01 00:00:00,88352,8310.505742,-0.20612583743505797,-0.03,0.17612583743505797,-0.17612583743505797,True,1,type_mean,0.0083004769074155,0.0070097321687576,0.0811969348655934,0.03216904798058883,"
<think>Given ISRG's high market capitalization relative to book equity and strong profitability, the stock appears fundamentally robust. The fund's current holding is substantial relative to its AUM, and the stock's low beta suggests lower systematic risk, which might support maintaining or slightly increasing exposure. Considering the positive fundamentals and the fund's active growth orientation, a modest increase in the normalized log holding is expected, though constrained by the already significant position.</think>
<answer>
{""holding_log_delta"": -0.03}
</answer>","Given ISRG's high market capitalization relative to book equity and strong profitability, the stock appears fundamentally robust. The fund's current holding is substantial relative to its AUM, and the stock's low beta suggests lower systematic risk, which might support maintaining or slightly increasing exposure. Considering the positive fundamentals and the fund's active growth orientation, a modest increase in the normalized log holding is expected, though constrained by the already significant position.","{""holding_log_delta"": -0.03}"
5,population,6,0.25578401766073156,0.23510851141102743,0.5091064709292412,,,470,NA,2018-07-01 00:00:00,88352,8310.505742,-0.20612583743505797,-0.03,0.17612583743505797,-0.17612583743505797,True,1,type_mean,0.0083004769074155,0.0070097321687576,0.0811969348655934,0.03216904798058883,"
<think>Given ISRG's high market capitalization relative to book equity and strong profitability, the stock appears fundamentally robust. The fund's current holding is substantial relative to its AUM, and the stock's low beta suggests lower systematic risk, which might support maintaining or slightly increasing exposure. Considering the positive fundamentals and the fund's active growth orientation, a modest increase in the normalized log holding is expected, though constrained by the already significant position.</think>
<answer>
{""holding_log_delta"": -0.03}
</answer>","Given ISRG's high market capitalization relative to book equity and strong profitability, the stock appears fundamentally robust. The fund's current holding is substantial relative to its AUM, and the stock's low beta suggests lower systematic risk, which might support maintaining or slightly increasing exposure. Considering the positive fundamentals and the fund's active growth orientation, a modest increase in the normalized log holding is expected, though constrained by the already significant position.","{""holding_log_delta"": -0.03}"
5,population,7,0.25578401766073156,0.23510851141102743,0.5091064709292412,,,470,NA,2018-07-01 00:00:00,88352,8310.505742,-0.20612583743505797,-0.03,0.17612583743505797,-0.17612583743505797,True,1,type_mean,0.0083004769074155,0.0070097321687576,0.0811969348655934,0.03216904798058883,"
<think>Given ISRG's high market capitalization relative to book equity and strong profitability, the stock appears fundamentally robust. The fund's current holding is substantial relative to its AUM, and the stock's low beta suggests lower systematic risk, which might support maintaining or slightly increasing exposure. Considering the positive fundamentals and the fund's active growth orientation, a modest increase in the normalized log holding is expected, though constrained by the already significant position.</think>
<answer>
{""holding_log_delta"": -0.03}
</answer>","Given ISRG's high market capitalization relative to book equity and strong profitability, the stock appears fundamentally robust. The fund's current holding is substantial relative to its AUM, and the stock's low beta suggests lower systematic risk, which might support maintaining or slightly increasing exposure. Considering the positive fundamentals and the fund's active growth orientation, a modest increase in the normalized log holding is expected, though constrained by the already significant position.","{""holding_log_delta"": -0.03}"
5,population,8,0.25578401766073156,0.23510851141102743,0.5091064709292412,,,470,NA,2018-07-01 00:00:00,88352,8310.505742,-0.20612583743505797,-0.03,0.17612583743505797,-0.17612583743505797,True,1,type_mean,0.0083004769074155,0.0070097321687576,0.0811969348655934,0.03216904798058883,"
<think>Given ISRG's high market capitalization relative to book equity and strong profitability, the stock appears fundamentally robust. The fund's current holding is substantial relative to its AUM, and the stock's low beta suggests lower systematic risk, which might support maintaining or slightly increasing exposure. Considering the positive fundamentals and the fund's active growth orientation, a modest increase in the normalized log holding is expected, though constrained by the already significant position.</think>
<answer>
{""holding_log_delta"": -0.03}
</answer>","Given ISRG's high market capitalization relative to book equity and strong profitability, the stock appears fundamentally robust. The fund's current holding is substantial relative to its AUM, and the stock's low beta suggests lower systematic risk, which might support maintaining or slightly increasing exposure. Considering the positive fundamentals and the fund's active growth orientation, a modest increase in the normalized log holding is expected, though constrained by the already significant position.","{""holding_log_delta"": -0.03}"
5,population,9,0.25578401766073156,0.23510851141102743,0.5091064709292412,,,470,NA,2018-07-01 00:00:00,88352,8310.505742,-0.20612583743505797,-0.03,0.17612583743505797,-0.17612583743505797,True,1,type_mean,0.0083004769074155,0.0070097321687576,0.0811969348655934,0.03216904798058883,"
<think>Given ISRG's high market capitalization relative to book equity and strong profitability, the stock appears fundamentally robust. The fund's current holding is substantial relative to its AUM, and the stock's low beta suggests lower systematic risk, which might support maintaining or slightly increasing exposure. Considering the positive fundamentals and the fund's active growth orientation, a modest increase in the normalized log holding is expected, though constrained by the already significant position.</think>
<answer>
{""holding_log_delta"": -0.03}
</answer>","Given ISRG's high market capitalization relative to book equity and strong profitability, the stock appears fundamentally robust. The fund's current holding is substantial relative to its AUM, and the stock's low beta suggests lower systematic risk, which might support maintaining or slightly increasing exposure. Considering the positive fundamentals and the fund's active growth orientation, a modest increase in the normalized log holding is expected, though constrained by the already significant position.","{""holding_log_delta"": -0.03}"
5,population,10,0.25578401766073156,0.23510851141102743,0.5091064709292412,,,470,NA,2018-07-01 00:00:00,88352,8310.505742,-0.20612583743505797,-0.03,0.17612583743505797,-0.17612583743505797,True,1,type_mean,0.0083004769074155,0.0070097321687576,0.0811969348655934,0.03216904798058883,"
<think>Given ISRG's high market capitalization relative to book equity and strong profitability, the stock appears fundamentally robust. The fund's current holding is substantial relative to its AUM, and the stock's low beta suggests lower systematic risk, which might support maintaining or slightly increasing exposure. Considering the positive fundamentals and the fund's active growth orientation, a modest increase in the normalized log holding is expected, though constrained by the already significant position.</think>
<answer>
{""holding_log_delta"": -0.03}
</answer>","Given ISRG's high market capitalization relative to book equity and strong profitability, the stock appears fundamentally robust. The fund's current holding is substantial relative to its AUM, and the stock's low beta suggests lower systematic risk, which might support maintaining or slightly increasing exposure. Considering the positive fundamentals and the fund's active growth orientation, a modest increase in the normalized log holding is expected, though constrained by the already significant position.","{""holding_log_delta"": -0.03}"
5,population,11,0.25578401766073156,0.23510851141102743,0.5091064709292412,,,470,NA,2018-07-01 00:00:00,88352,8310.505742,-0.20612583743505797,-0.03,0.17612583743505797,-0.17612583743505797,True,1,type_mean,0.0083004769074155,0.0070097321687576,0.0811969348655934,0.03216904798058883,"
<think>Given ISRG's high market capitalization relative to book equity and strong profitability, the stock appears fundamentally robust. The fund's current holding is substantial relative to its AUM, and the stock's low beta suggests lower systematic risk, which might support maintaining or slightly increasing exposure. Considering the positive fundamentals and the fund's active growth orientation, a modest increase in the normalized log holding is expected, though constrained by the already significant position.</think>
<answer>
{""holding_log_delta"": -0.03}
</answer>","Given ISRG's high market capitalization relative to book equity and strong profitability, the stock appears fundamentally robust. The fund's current holding is substantial relative to its AUM, and the stock's low beta suggests lower systematic risk, which might support maintaining or slightly increasing exposure. Considering the positive fundamentals and the fund's active growth orientation, a modest increase in the normalized log holding is expected, though constrained by the already significant position.","{""holding_log_delta"": -0.03}"
