generation,stage,candidate_idx,risk_aversion,herd_behavior,profit_driven,ticker,company,id,quarter,date,permno,holding_t,y_true,pred,abs_error,reward,valid,best_k,profile_strength_mode,x_risk_mean,x_herd_mean,x_profit_mean,overall_mean,raw_output,reason,answer_body
40,population,0,0.5833539583892248,0.24050729647358912,0.17613774513718625,AEP,AMERICAN ELECTRIC POWER CO INC,56,NA,2019-04-01 00:00:00,24109,13288.772183,0.07206572663520029,-0.02,0.0920657266352003,-0.0920657266352003,True,1,type_mean,0.0082565895035254,0.0069532062192367,0.2194993243101532,0.0782363733443051,"
<think>Given the firm's moderate profitability (profit=0.153) and low beta (0.105), it appears stable but not growth-oriented, which might support a modest increase in holding for diversification. The fund's current position is relatively small compared to its AUM, allowing for potential scaling up without significant liquidity strain. Considering the stock's low volatility (0.139) and the fund's ability to manage concentration, a slight positive adjustment could be expected, though likely limited by the low beta and existing low holding.</think>
<answer>
{""holding_log_delta"": -0.02}
</answer>","Given the firm's moderate profitability (profit=0.153) and low beta (0.105), it appears stable but not growth-oriented, which might support a modest increase in holding for diversification. The fund's current position is relatively small compared to its AUM, allowing for potential scaling up without significant liquidity strain. Considering the stock's low volatility (0.139) and the fund's ability to manage concentration, a slight positive adjustment could be expected, though likely limited by the low beta and existing low holding.","{""holding_log_delta"": -0.02}"
40,population,1,0.5433539583892247,0.27050729647358907,0.1861377451371862,AEP,AMERICAN ELECTRIC POWER CO INC,56,NA,2019-04-01 00:00:00,24109,13288.772183,0.07206572663520029,-0.02,0.0920657266352003,-0.0920657266352003,True,1,type_mean,0.0082565895035254,0.0069532062192367,0.2194993243101532,0.0782363733443051,"
<think>Given the firm's moderate profitability (profit=0.153) and low beta (0.105), it appears stable but not growth-oriented, which might support a modest increase in holding for diversification. The fund's current position is relatively small compared to its AUM, allowing for potential expansion without significant concentration risk. However, the stock's low S&P 500 weight (0.00198) suggests limited benchmark-driven demand, tempering the magnitude of any expected increase.</think>
<answer>
{""holding_log_delta"": -0.02}
</answer>","Given the firm's moderate profitability (profit=0.153) and low beta (0.105), it appears stable but not growth-oriented, which might support a modest increase in holding for diversification. The fund's current position is relatively small compared to its AUM, allowing for potential expansion without significant concentration risk. However, the stock's low S&P 500 weight (0.00198) suggests limited benchmark-driven demand, tempering the magnitude of any expected increase.","{""holding_log_delta"": -0.02}"
40,population,2,0.5488423822113381,0.22273464290261522,0.22842196478503657,AEP,AMERICAN ELECTRIC POWER CO INC,56,NA,2019-04-01 00:00:00,24109,13288.772183,0.07206572663520029,-0.02,0.0920657266352003,-0.0920657266352003,True,1,type_mean,0.0082565895035254,0.0069532062192367,0.2194993243101532,0.0782363733443051,"
<think>Given the firm's moderate profitability (profit=0.153) and low beta (0.105), it appears stable but not growth-oriented, which might support a modest increase in holding for diversification. The fund's current position is relatively small compared to its AUM, allowing for potential expansion without significant concentration risk. Considering the stock's low volatility (0.139) and the fund's ability to manage turnover due to high constraints, a slight positive adjustment could be expected to align closer to the benchmark weight.</think>
<answer>
{""holding_log_delta"": -0.02}
</answer>","Given the firm's moderate profitability (profit=0.153) and low beta (0.105), it appears stable but not growth-oriented, which might support a modest increase in holding for diversification. The fund's current position is relatively small compared to its AUM, allowing for potential expansion without significant concentration risk. Considering the stock's low volatility (0.139) and the fund's ability to manage turnover due to high constraints, a slight positive adjustment could be expected to align closer to the benchmark weight.","{""holding_log_delta"": -0.02}"
40,population,3,0.5690444024133583,0.20253262270059505,0.2284219647850366,AEP,AMERICAN ELECTRIC POWER CO INC,56,NA,2019-04-01 00:00:00,24109,13288.772183,0.07206572663520029,-0.02,0.0920657266352003,-0.0920657266352003,True,1,type_mean,0.0082565895035254,0.0069532062192367,0.2194993243101532,0.0782363733443051,"
<think>Given the firm's moderate profitability (profit=0.153) and low beta (0.105), it appears stable but not growth-oriented, which might support a modest increase in holding for diversification. The fund's current position is relatively small compared to its AUM, allowing for potential expansion without significant concentration risk. Considering the stock's low volatility (0.139) and the fund's ability to manage turnover due to high constraints, a slight positive adjustment could be expected to align closer to the benchmark weight.</think>
<answer>
{""holding_log_delta"": -0.02}
</answer>","Given the firm's moderate profitability (profit=0.153) and low beta (0.105), it appears stable but not growth-oriented, which might support a modest increase in holding for diversification. The fund's current position is relatively small compared to its AUM, allowing for potential expansion without significant concentration risk. Considering the stock's low volatility (0.139) and the fund's ability to manage turnover due to high constraints, a slight positive adjustment could be expected to align closer to the benchmark weight.","{""holding_log_delta"": -0.02}"
40,population,4,0.5333539583892248,0.2605072964735891,0.20613774513718625,AEP,AMERICAN ELECTRIC POWER CO INC,56,NA,2019-04-01 00:00:00,24109,13288.772183,0.07206572663520029,-0.02,0.0920657266352003,-0.0920657266352003,True,1,type_mean,0.0082565895035254,0.0069532062192367,0.2194993243101532,0.0782363733443051,"
<think>Given the firm's moderate profitability (profit=0.153) and low beta (0.105), it appears stable but not growth-oriented, which might support a modest increase in holding for diversification. The fund's current position is relatively small compared to its AUM, allowing for potential expansion without significant concentration risk. Considering the stock's low volatility (0.139) and the fund's ability to manage turnover due to high constraints, a slight positive adjustment in holding is expected, though likely limited by the low beta and existing exposure.</think>
<answer>
{""holding_log_delta"": -0.02}
</answer>","Given the firm's moderate profitability (profit=0.153) and low beta (0.105), it appears stable but not growth-oriented, which might support a modest increase in holding for diversification. The fund's current position is relatively small compared to its AUM, allowing for potential expansion without significant concentration risk. Considering the stock's low volatility (0.139) and the fund's ability to manage turnover due to high constraints, a slight positive adjustment in holding is expected, though likely limited by the low beta and existing exposure.","{""holding_log_delta"": -0.02}"
40,population,5,0.5333539583892247,0.24050729647358907,0.2261377451371862,AEP,AMERICAN ELECTRIC POWER CO INC,56,NA,2019-04-01 00:00:00,24109,13288.772183,0.07206572663520029,-0.05,0.1220657266352003,-0.1220657266352003,True,1,type_mean,0.0082565895035254,0.0069532062192367,0.2194993243101532,0.0782363733443051,"
<think>Given the firm's moderate profitability (profit=0.153) and low beta (0.105), it appears stable but not growth-oriented. The fund's current holding is substantial relative to its AUM and the stock's S&P 500 weight, suggesting a significant active position. With low stock volatility (0.139) and moderate trading volume, the risk profile is manageable, but the high existing exposure may prompt a modest reduction to align closer to the benchmark weight.</think>
<answer>
{""holding_log_delta"": -0.05}
</answer>","Given the firm's moderate profitability (profit=0.153) and low beta (0.105), it appears stable but not growth-oriented. The fund's current holding is substantial relative to its AUM and the stock's S&P 500 weight, suggesting a significant active position. With low stock volatility (0.139) and moderate trading volume, the risk profile is manageable, but the high existing exposure may prompt a modest reduction to align closer to the benchmark weight.","{""holding_log_delta"": -0.05}"
40,population,6,0.5333539583892247,0.24050729647358907,0.2261377451371862,AEP,AMERICAN ELECTRIC POWER CO INC,56,NA,2019-04-01 00:00:00,24109,13288.772183,0.07206572663520029,-0.05,0.1220657266352003,-0.1220657266352003,True,1,type_mean,0.0082565895035254,0.0069532062192367,0.2194993243101532,0.0782363733443051,"
<think>Given the firm's moderate profitability (profit=0.153) and low beta (0.105), it appears stable but not growth-oriented. The fund's current holding is substantial relative to its AUM and the stock's S&P 500 weight, suggesting a significant active position. With low stock volatility (0.139) and moderate trading volume, the risk profile is manageable, but the high existing exposure may prompt a modest reduction to align closer to the benchmark weight.</think>
<answer>
{""holding_log_delta"": -0.05}
</answer>","Given the firm's moderate profitability (profit=0.153) and low beta (0.105), it appears stable but not growth-oriented. The fund's current holding is substantial relative to its AUM and the stock's S&P 500 weight, suggesting a significant active position. With low stock volatility (0.139) and moderate trading volume, the risk profile is manageable, but the high existing exposure may prompt a modest reduction to align closer to the benchmark weight.","{""holding_log_delta"": -0.05}"
40,population,7,0.5633539583892248,0.21050729647358912,0.22613774513718626,AEP,AMERICAN ELECTRIC POWER CO INC,56,NA,2019-04-01 00:00:00,24109,13288.772183,0.07206572663520029,-0.05,0.1220657266352003,-0.1220657266352003,True,1,type_mean,0.0082565895035254,0.0069532062192367,0.2194993243101532,0.0782363733443051,"
<think>Given the firm's moderate profitability (profit=0.153) and low beta (0.105), it appears stable but not growth-oriented. The fund's current holding is substantial relative to its AUM and the stock's S&P 500 weight, suggesting a significant active position. With low stock volatility (0.139) and moderate trading volume, the risk profile is manageable, but the high existing exposure may prompt a modest reduction to align closer to the benchmark weight.</think>
<answer>
{""holding_log_delta"": -0.05}
</answer>","Given the firm's moderate profitability (profit=0.153) and low beta (0.105), it appears stable but not growth-oriented. The fund's current holding is substantial relative to its AUM and the stock's S&P 500 weight, suggesting a significant active position. With low stock volatility (0.139) and moderate trading volume, the risk profile is manageable, but the high existing exposure may prompt a modest reduction to align closer to the benchmark weight.","{""holding_log_delta"": -0.05}"
40,population,8,0.5733539583892248,0.21050729647358912,0.21613774513718625,AEP,AMERICAN ELECTRIC POWER CO INC,56,NA,2019-04-01 00:00:00,24109,13288.772183,0.07206572663520029,-0.05,0.1220657266352003,-0.1220657266352003,True,1,type_mean,0.0082565895035254,0.0069532062192367,0.2194993243101532,0.0782363733443051,"
<think>Given the firm's moderate profitability (profit=0.153) and low beta (0.105), it appears relatively stable but not growth-oriented. The fund's current holding is substantial relative to its AUM and the stock's S&P 500 weight, suggesting a significant active position. With low stock volatility (0.139) and moderate trading volume, the risk profile is manageable, but the high existing exposure may prompt a modest reduction to align closer to the benchmark weight or manage concentration.</think>
<answer>
{""holding_log_delta"": -0.05}
</answer>","Given the firm's moderate profitability (profit=0.153) and low beta (0.105), it appears relatively stable but not growth-oriented. The fund's current holding is substantial relative to its AUM and the stock's S&P 500 weight, suggesting a significant active position. With low stock volatility (0.139) and moderate trading volume, the risk profile is manageable, but the high existing exposure may prompt a modest reduction to align closer to the benchmark weight or manage concentration.","{""holding_log_delta"": -0.05}"
40,population,9,0.5733539583892248,0.2505072964735891,0.17613774513718625,AEP,AMERICAN ELECTRIC POWER CO INC,56,NA,2019-04-01 00:00:00,24109,13288.772183,0.07206572663520029,-0.02,0.0920657266352003,-0.0920657266352003,True,1,type_mean,0.0082565895035254,0.0069532062192367,0.2194993243101532,0.0782363733443051,"
<think>Given the firm's moderate profitability (profit=0.153) and low beta (0.105), it appears stable but not growth-oriented, which might support a modest increase in holding for diversification. The fund's current position is relatively small compared to its AUM, allowing for potential expansion without significant concentration risk. Considering the stock's low volatility (0.139) and the fund's ability to manage turnover due to its large AUM, a slight positive adjustment in holding could be expected to align closer to the benchmark weight.</think>
<answer>
{""holding_log_delta"": -0.02}
</answer>","Given the firm's moderate profitability (profit=0.153) and low beta (0.105), it appears stable but not growth-oriented, which might support a modest increase in holding for diversification. The fund's current position is relatively small compared to its AUM, allowing for potential expansion without significant concentration risk. Considering the stock's low volatility (0.139) and the fund's ability to manage turnover due to its large AUM, a slight positive adjustment in holding could be expected to align closer to the benchmark weight.","{""holding_log_delta"": -0.02}"
40,population,10,0.5533539583892247,0.25050729647358905,0.1961377451371862,AEP,AMERICAN ELECTRIC POWER CO INC,56,NA,2019-04-01 00:00:00,24109,13288.772183,0.07206572663520029,-0.01,0.08206572663520029,-0.08206572663520029,True,1,type_mean,0.0082565895035254,0.0069532062192367,0.2194993243101532,0.0782363733443051,"
<think>Given the firm's moderate profitability (profit=0.153) and low beta (0.105), it appears stable but not growth-oriented, which might support a modest increase in holding for diversification. The fund's current position is relatively small compared to its AUM, allowing for potential expansion without significant concentration risk. Considering the stock's low volatility (0.139) and the fund's ability to manage turnover due to high constraints, a slight positive adjustment is expected, though likely limited by the low beta and existing low position.</think>
<answer>
{""holding_log_delta"": -0.01}
</answer>","Given the firm's moderate profitability (profit=0.153) and low beta (0.105), it appears stable but not growth-oriented, which might support a modest increase in holding for diversification. The fund's current position is relatively small compared to its AUM, allowing for potential expansion without significant concentration risk. Considering the stock's low volatility (0.139) and the fund's ability to manage turnover due to high constraints, a slight positive adjustment is expected, though likely limited by the low beta and existing low position.","{""holding_log_delta"": -0.01}"
40,population,11,0.5833539583892248,0.2405072964735891,0.17613774513718625,AEP,AMERICAN ELECTRIC POWER CO INC,56,NA,2019-04-01 00:00:00,24109,13288.772183,0.07206572663520029,-0.02,0.0920657266352003,-0.0920657266352003,True,1,type_mean,0.0082565895035254,0.0069532062192367,0.2194993243101532,0.0782363733443051,"
<think>Given the firm's moderate profitability (profit=0.153) and low beta (0.105), it appears stable but not growth-oriented, which might support a modest increase in holding for diversification. The fund's current position is relatively small compared to its AUM, allowing for potential expansion without significant concentration risk. Considering the stock's low volatility (0.139) and the fund's ability to manage turnover due to its large AUM, a slight positive adjustment in holding could be expected to align closer to the benchmark weight.</think>
<answer>
{""holding_log_delta"": -0.02}
</answer>","Given the firm's moderate profitability (profit=0.153) and low beta (0.105), it appears stable but not growth-oriented, which might support a modest increase in holding for diversification. The fund's current position is relatively small compared to its AUM, allowing for potential expansion without significant concentration risk. Considering the stock's low volatility (0.139) and the fund's ability to manage turnover due to its large AUM, a slight positive adjustment in holding could be expected to align closer to the benchmark weight.","{""holding_log_delta"": -0.02}"
