generation,stage,candidate_idx,risk_aversion,herd_behavior,profit_driven,ticker,company,id,quarter,date,permno,holding_t,y_true,pred,abs_error,reward,valid,best_k,profile_strength_mode,x_risk_mean,x_herd_mean,x_profit_mean,overall_mean,raw_output,reason,answer_body
29,population,0,0.28999979030112744,0.2699998047631187,0.43999940493647705,,,301,NA,2017-10-01 00:00:00,79686,337.332125,-0.041204411735852244,-0.01,0.03120441173585224,-0.03120441173585224,True,1,type_mean,0.0083004769074155,0.0070097321687576,0.0811969348655934,0.03216904798058883,"
<think>Given DECK's current fundamentals, the firm shows moderate profitability (profit=0.25) but negative asset growth (Gat=-0.06), which may temper growth expectations. The stock's high beta (1.26) suggests higher systematic risk than the market, and its very low S&P 500 weight (0.000131) indicates limited benchmark importance. With the fund's AUM significantly larger than the stock's current holding value, any adjustment would likely be modest due to the stock's small scale within the portfolio, leading to a minimal expected normalized log change.</think>
<answer>
{""holding_log_delta"": -0.01}
</answer>","Given DECK's current fundamentals, the firm shows moderate profitability (profit=0.25) but negative asset growth (Gat=-0.06), which may temper growth expectations. The stock's high beta (1.26) suggests higher systematic risk than the market, and its very low S&P 500 weight (0.000131) indicates limited benchmark importance. With the fund's AUM significantly larger than the stock's current holding value, any adjustment would likely be modest due to the stock's small scale within the portfolio, leading to a minimal expected normalized log change.","{""holding_log_delta"": -0.01}"
29,population,1,0.3069305228898734,0.3069305228898734,0.3861379641217923,,,301,NA,2017-10-01 00:00:00,79686,337.332125,-0.041204411735852244,-0.01,0.03120441173585224,-0.03120441173585224,True,1,type_mean,0.0083004769074155,0.0070097321687576,0.0811969348655934,0.03216904798058883,"
<think>Given DECK's current fundamentals, the firm shows moderate profitability (profit=0.25) but negative asset growth (Gat=-0.06), which may temper growth expectations. The stock's high beta (1.26) suggests higher volatility than the market, and its very low S&P 500 weight (0.000131) indicates limited benchmark importance. With the fund's AUM significantly larger than the stock's current holding value, any adjustment would likely be modest due to the stock's small scale within the portfolio, leading to a minimal expected normalized log change.</think>
<answer>
{""holding_log_delta"": -0.01}
</answer>","Given DECK's current fundamentals, the firm shows moderate profitability (profit=0.25) but negative asset growth (Gat=-0.06), which may temper growth expectations. The stock's high beta (1.26) suggests higher volatility than the market, and its very low S&P 500 weight (0.000131) indicates limited benchmark importance. With the fund's AUM significantly larger than the stock's current holding value, any adjustment would likely be modest due to the stock's small scale within the portfolio, leading to a minimal expected normalized log change.","{""holding_log_delta"": -0.01}"
29,population,2,0.33999952159912217,0.26999978661886426,0.3899996917828039,,,301,NA,2017-10-01 00:00:00,79686,337.332125,-0.041204411735852244,-0.04,0.0012044117358522427,-0.0012044117358522427,True,1,type_mean,0.0083004769074155,0.0070097321687576,0.0811969348655934,0.03216904798058883,"
<think>Given DECK's current fundamentals, the firm shows moderate profitability (profit=0.25) but negative asset growth (Gat=-0.06), which may temper positive momentum expectations. The stock's high beta (1.26) suggests elevated systematic risk, and its very low S&P 500 weight (0.000131) indicates limited benchmark importance. Considering the fund's substantial AUM and the stock's modest current holding relative to its market value, a modest adjustment in line with risk management and the weak growth signal is expected, likely resulting in a small negative normalized log change.</think>
<answer>
{""holding_log_delta"": -0.04}
</answer>","Given DECK's current fundamentals, the firm shows moderate profitability (profit=0.25) but negative asset growth (Gat=-0.06), which may temper positive momentum expectations. The stock's high beta (1.26) suggests elevated systematic risk, and its very low S&P 500 weight (0.000131) indicates limited benchmark importance. Considering the fund's substantial AUM and the stock's modest current holding relative to its market value, a modest adjustment in line with risk management and the weak growth signal is expected, likely resulting in a small negative normalized log change.","{""holding_log_delta"": -0.04}"
29,population,3,0.33999952159912217,0.26999978661886426,0.3899996917828039,,,301,NA,2017-10-01 00:00:00,79686,337.332125,-0.041204411735852244,-0.04,0.0012044117358522427,-0.0012044117358522427,True,1,type_mean,0.0083004769074155,0.0070097321687576,0.0811969348655934,0.03216904798058883,"
<think>Given DECK's current fundamentals, the firm shows moderate profitability (profit=0.25) but negative asset growth (Gat=-0.06), which may temper positive momentum expectations. The stock's high beta (1.26) suggests elevated systematic risk, and its very low S&P 500 weight (0.000131) indicates limited benchmark importance. Considering the fund's substantial AUM and the stock's modest current holding relative to its market value, a modest adjustment in line with risk management and the weak growth signal is expected, likely resulting in a small negative normalized log change.</think>
<answer>
{""holding_log_delta"": -0.04}
</answer>","Given DECK's current fundamentals, the firm shows moderate profitability (profit=0.25) but negative asset growth (Gat=-0.06), which may temper positive momentum expectations. The stock's high beta (1.26) suggests elevated systematic risk, and its very low S&P 500 weight (0.000131) indicates limited benchmark importance. Considering the fund's substantial AUM and the stock's modest current holding relative to its market value, a modest adjustment in line with risk management and the weak growth signal is expected, likely resulting in a small negative normalized log change.","{""holding_log_delta"": -0.04}"
29,population,4,0.33999966000034004,0.28999971000029,0.36999963000037,,,301,NA,2017-10-01 00:00:00,79686,337.332125,-0.041204411735852244,-0.04,0.0012044117358522427,-0.0012044117358522427,True,1,type_mean,0.0083004769074155,0.0070097321687576,0.0811969348655934,0.03216904798058883,"
<think>Given DECK's current fundamentals, the firm shows moderate profitability (profit=0.25) but negative asset growth (Gat=-0.06), which may temper positive momentum expectations. The stock's high beta (1.26) suggests elevated systematic risk, and its very low S&P 500 weight (0.000131) indicates limited benchmark importance. Considering the fund's substantial AUM and the stock's modest holding relative to its market value, a modest adjustment in line with risk management and the weak growth signal is expected, likely resulting in a small negative normalized log change.</think>
<answer>
{""holding_log_delta"": -0.04}
</answer>","Given DECK's current fundamentals, the firm shows moderate profitability (profit=0.25) but negative asset growth (Gat=-0.06), which may temper positive momentum expectations. The stock's high beta (1.26) suggests elevated systematic risk, and its very low S&P 500 weight (0.000131) indicates limited benchmark importance. Considering the fund's substantial AUM and the stock's modest holding relative to its market value, a modest adjustment in line with risk management and the weak growth signal is expected, likely resulting in a small negative normalized log change.","{""holding_log_delta"": -0.04}"
29,population,5,0.2999997000003,0.30999969000031,0.38999961000039,,,301,NA,2017-10-01 00:00:00,79686,337.332125,-0.041204411735852244,-0.01,0.03120441173585224,-0.03120441173585224,True,1,type_mean,0.0083004769074155,0.0070097321687576,0.0811969348655934,0.03216904798058883,"
<think>Given DECK's current fundamentals, the firm shows moderate profitability (profit=0.25) but negative asset growth (Gat=-0.06), which may temper growth expectations. The stock's high beta (1.26) suggests higher volatility than the market, and its very low S&P 500 weight (0.000131) indicates limited benchmark importance. With the fund's AUM significantly larger than the stock's current holding value, any adjustment would likely be modest due to the stock's small scale within the portfolio, and the negative asset growth could lead to a slight reduction in exposure.</think>
<answer>
{""holding_log_delta"": -0.01}
</answer>","Given DECK's current fundamentals, the firm shows moderate profitability (profit=0.25) but negative asset growth (Gat=-0.06), which may temper growth expectations. The stock's high beta (1.26) suggests higher volatility than the market, and its very low S&P 500 weight (0.000131) indicates limited benchmark importance. With the fund's AUM significantly larger than the stock's current holding value, any adjustment would likely be modest due to the stock's small scale within the portfolio, and the negative asset growth could lead to a slight reduction in exposure.","{""holding_log_delta"": -0.01}"
29,population,6,0.30693057001249135,0.30693057001249135,0.38613786987640436,,,301,NA,2017-10-01 00:00:00,79686,337.332125,-0.041204411735852244,-0.01,0.03120441173585224,-0.03120441173585224,True,1,type_mean,0.0083004769074155,0.0070097321687576,0.0811969348655934,0.03216904798058883,"
<think>Given DECK's current fundamentals, the firm shows moderate profitability (profit=0.25) but negative asset growth (Gat=-0.06), which may temper growth expectations. The stock's high beta (1.26) suggests higher volatility than the market, and its very low S&P 500 weight (0.000131) indicates limited benchmark importance. With the fund's AUM significantly larger than the stock's current holding value, any adjustment would likely be small in magnitude, but the negative asset growth and high beta might lead to a slight reduction in exposure to manage risk.</think>
<answer>
{""holding_log_delta"": -0.01}
</answer>","Given DECK's current fundamentals, the firm shows moderate profitability (profit=0.25) but negative asset growth (Gat=-0.06), which may temper growth expectations. The stock's high beta (1.26) suggests higher volatility than the market, and its very low S&P 500 weight (0.000131) indicates limited benchmark importance. With the fund's AUM significantly larger than the stock's current holding value, any adjustment would likely be small in magnitude, but the negative asset growth and high beta might lead to a slight reduction in exposure to manage risk.","{""holding_log_delta"": -0.01}"
29,population,7,0.37999962000038,0.27999972000028006,0.33999966000034004,,,301,NA,2017-10-01 00:00:00,79686,337.332125,-0.041204411735852244,-0.01,0.03120441173585224,-0.03120441173585224,True,1,type_mean,0.0083004769074155,0.0070097321687576,0.0811969348655934,0.03216904798058883,"
<think>Given DECK's current fundamentals, the firm shows moderate profitability (profit=0.25) but negative asset growth (Gat=-0.06), which may temper growth expectations. The stock's high beta (1.26) suggests higher volatility than the market, and its very low S&P 500 weight (0.000131) indicates limited benchmark importance. With the fund's AUM significantly larger than the stock's current holding value, any adjustment would likely be modest due to the stock's small scale within the portfolio, leading to a minimal expected normalized log change.</think>
<answer>
{""holding_log_delta"": -0.01}
</answer>","Given DECK's current fundamentals, the firm shows moderate profitability (profit=0.25) but negative asset growth (Gat=-0.06), which may temper growth expectations. The stock's high beta (1.26) suggests higher volatility than the market, and its very low S&P 500 weight (0.000131) indicates limited benchmark importance. With the fund's AUM significantly larger than the stock's current holding value, any adjustment would likely be modest due to the stock's small scale within the portfolio, leading to a minimal expected normalized log change.","{""holding_log_delta"": -0.01}"
29,population,8,0.33999966000034004,0.27999972000028006,0.37999962000038,,,301,NA,2017-10-01 00:00:00,79686,337.332125,-0.041204411735852244,-0.01,0.03120441173585224,-0.03120441173585224,True,1,type_mean,0.0083004769074155,0.0070097321687576,0.0811969348655934,0.03216904798058883,"
<think>Given DECK's current fundamentals, the firm shows moderate profitability (profit=0.25) but negative asset growth (Gat=-0.06), which may temper growth expectations. The stock's high beta (1.26) suggests higher volatility than the market, and its very low S&P 500 weight (0.000131) indicates limited benchmark importance. With the fund's AUM significantly larger than the stock's current holding value, any adjustment would likely be small in magnitude, but the negative asset growth and high beta might lead to a slight reduction in exposure to manage risk.</think>
<answer>
{""holding_log_delta"": -0.01}
</answer>","Given DECK's current fundamentals, the firm shows moderate profitability (profit=0.25) but negative asset growth (Gat=-0.06), which may temper growth expectations. The stock's high beta (1.26) suggests higher volatility than the market, and its very low S&P 500 weight (0.000131) indicates limited benchmark importance. With the fund's AUM significantly larger than the stock's current holding value, any adjustment would likely be small in magnitude, but the negative asset growth and high beta might lead to a slight reduction in exposure to manage risk.","{""holding_log_delta"": -0.01}"
29,population,9,0.3168315561419266,0.29702958388305617,0.38613786987640436,,,301,NA,2017-10-01 00:00:00,79686,337.332125,-0.041204411735852244,-0.03,0.011204411735852245,-0.011204411735852245,True,1,type_mean,0.0083004769074155,0.0070097321687576,0.0811969348655934,0.03216904798058883,"
<think>Given DECK's current fundamentals, the firm shows moderate profitability (profit=0.25) but negative asset growth (Gat=-0.06), which may temper growth expectations. The stock's high beta (1.26) suggests higher systematic risk than the market, and its very low S&P 500 weight (0.000131) indicates limited benchmark importance. Considering the fund's substantial AUM and the stock's elevated volatility (0.27), a modest reduction in holding might be expected to manage risk exposure, though the positive profit margin could provide some support.</think>
<answer>
{""holding_log_delta"": -0.03}
</answer>","Given DECK's current fundamentals, the firm shows moderate profitability (profit=0.25) but negative asset growth (Gat=-0.06), which may temper growth expectations. The stock's high beta (1.26) suggests higher systematic risk than the market, and its very low S&P 500 weight (0.000131) indicates limited benchmark importance. Considering the fund's substantial AUM and the stock's elevated volatility (0.27), a modest reduction in holding might be expected to manage risk exposure, though the positive profit margin could provide some support.","{""holding_log_delta"": -0.03}"
29,population,10,0.33999952159912217,0.26999978661886426,0.3899996917828039,,,301,NA,2017-10-01 00:00:00,79686,337.332125,-0.041204411735852244,-0.04,0.0012044117358522427,-0.0012044117358522427,True,1,type_mean,0.0083004769074155,0.0070097321687576,0.0811969348655934,0.03216904798058883,"
<think>Given DECK's current fundamentals, the firm shows moderate profitability (profit=0.25) but negative asset growth (Gat=-0.06), which may temper positive momentum expectations. The stock's high beta (1.26) suggests elevated systematic risk, and its very low S&P 500 weight (0.000131) indicates limited benchmark importance. Considering the fund's substantial AUM and the stock's modest current holding relative to its market value, a modest adjustment in line with risk management and the weak growth signal is expected, likely resulting in a small negative normalized log change.</think>
<answer>
{""holding_log_delta"": -0.04}
</answer>","Given DECK's current fundamentals, the firm shows moderate profitability (profit=0.25) but negative asset growth (Gat=-0.06), which may temper positive momentum expectations. The stock's high beta (1.26) suggests elevated systematic risk, and its very low S&P 500 weight (0.000131) indicates limited benchmark importance. Considering the fund's substantial AUM and the stock's modest current holding relative to its market value, a modest adjustment in line with risk management and the weak growth signal is expected, likely resulting in a small negative normalized log change.","{""holding_log_delta"": -0.04}"
29,population,11,0.30693057001249135,0.30693057001249135,0.38613786987640436,,,301,NA,2017-10-01 00:00:00,79686,337.332125,-0.041204411735852244,-0.01,0.03120441173585224,-0.03120441173585224,True,1,type_mean,0.0083004769074155,0.0070097321687576,0.0811969348655934,0.03216904798058883,"
<think>Given DECK's current fundamentals, the firm shows moderate profitability (profit=0.25) but negative asset growth (Gat=-0.06), which may temper growth expectations. The stock's high beta (1.26) suggests higher volatility than the market, and its very low S&P 500 weight (0.000131) indicates limited benchmark importance. With the fund's AUM significantly larger than the stock's current holding value, any adjustment would likely be small in magnitude, but the negative asset growth and high beta might lead to a slight reduction in exposure to manage risk.</think>
<answer>
{""holding_log_delta"": -0.01}
</answer>","Given DECK's current fundamentals, the firm shows moderate profitability (profit=0.25) but negative asset growth (Gat=-0.06), which may temper growth expectations. The stock's high beta (1.26) suggests higher volatility than the market, and its very low S&P 500 weight (0.000131) indicates limited benchmark importance. With the fund's AUM significantly larger than the stock's current holding value, any adjustment would likely be small in magnitude, but the negative asset growth and high beta might lead to a slight reduction in exposure to manage risk.","{""holding_log_delta"": -0.01}"
