generation,stage,candidate_idx,risk_aversion,herd_behavior,profit_driven,ticker,company,id,quarter,date,permno,holding_t,y_true,pred,abs_error,reward,valid,best_k,profile_strength_mode,x_risk_mean,x_herd_mean,x_profit_mean,overall_mean,raw_output,reason,answer_body
81,population,0,0.5488423822113381,0.22273464290261522,0.22842196478503657,AIZ,ASSURANT INC,508,NA,2018-04-01 00:00:00,90038,1986.898363,0.069386311579807,-0.04,0.109386311579807,-0.109386311579807,True,1,type_mean,0.0082565895035254,0.0069532062192367,0.2194993243101532,0.0782363733443051,"
<think>Given the firm's moderate profitability (profit=0.107) and low beta (0.533), it appears relatively stable but not growth-oriented. The fund's current holding is substantial relative to its AUM and the stock's low S&P 500 weight, suggesting potential for rebalancing downward to align closer with the benchmark. The low stock volatility (0.244) and moderate trading volume support a modest adjustment rather than a large directional shift.</think>
<answer>
{""holding_log_delta"": -0.04}
</answer>","Given the firm's moderate profitability (profit=0.107) and low beta (0.533), it appears relatively stable but not growth-oriented. The fund's current holding is substantial relative to its AUM and the stock's low S&P 500 weight, suggesting potential for rebalancing downward to align closer with the benchmark. The low stock volatility (0.244) and moderate trading volume support a modest adjustment rather than a large directional shift.","{""holding_log_delta"": -0.04}"
81,population,1,0.5088423873511602,0.2227346451524601,0.26842196749636954,AIZ,ASSURANT INC,508,NA,2018-04-01 00:00:00,90038,1986.898363,0.069386311579807,-0.02,0.089386311579807,-0.089386311579807,True,1,type_mean,0.0082565895035254,0.0069532062192367,0.2194993243101532,0.0782363733443051,"
<think>Given the firm's moderate profitability (profit=0.107) and low beta (0.533), it appears relatively stable but not growth-oriented. The fund's current holding is substantial relative to its AUM and the stock's S&P 500 weight, suggesting a significant active position. With low volatility (stock_vol_q_prev=0.244) and moderate trading volume, the stock presents low risk, which aligns with the fund's low-risk profile. Therefore, a modest increase in holding might be expected to maintain or slightly enhance the position's scale relative to the benchmark, though the magnitude would likely be limited by the fund's high AUM and existing large exposure.</think>
<answer>
{""holding_log_delta"": -0.02}
</answer>","Given the firm's moderate profitability (profit=0.107) and low beta (0.533), it appears relatively stable but not growth-oriented. The fund's current holding is substantial relative to its AUM and the stock's S&P 500 weight, suggesting a significant active position. With low volatility (stock_vol_q_prev=0.244) and moderate trading volume, the stock presents low risk, which aligns with the fund's low-risk profile. Therefore, a modest increase in holding might be expected to maintain or slightly enhance the position's scale relative to the benchmark, though the magnitude would likely be limited by the fund's high AUM and existing large exposure.","{""holding_log_delta"": -0.02}"
81,population,2,0.5429994570005431,0.23999976000024,0.21699978300021702,AIZ,ASSURANT INC,508,NA,2018-04-01 00:00:00,90038,1986.898363,0.069386311579807,-0.05,0.119386311579807,-0.119386311579807,True,1,type_mean,0.0082565895035254,0.0069532062192367,0.2194993243101532,0.0782363733443051,"
<think>Given the firm's moderate profitability (profit=0.107) and low beta (0.533), it appears relatively stable but not growth-oriented. The fund's current holding is substantial relative to its AUM and the stock's S&P 500 weight, suggesting a significant active position. With low stock volatility (0.244) and moderate trading volume, the risk profile is manageable, but the high existing exposure might prompt a modest reduction to align closer to the benchmark weight or manage concentration.</think>
<answer>
{""holding_log_delta"": -0.05}
</answer>","Given the firm's moderate profitability (profit=0.107) and low beta (0.533), it appears relatively stable but not growth-oriented. The fund's current holding is substantial relative to its AUM and the stock's S&P 500 weight, suggesting a significant active position. With low stock volatility (0.244) and moderate trading volume, the risk profile is manageable, but the high existing exposure might prompt a modest reduction to align closer to the benchmark weight or manage concentration.","{""holding_log_delta"": -0.05}"
81,population,3,0.5429994570000001,0.22999976000001,0.22699978299999002,AIZ,ASSURANT INC,508,NA,2018-04-01 00:00:00,90038,1986.898363,0.069386311579807,-0.02,0.089386311579807,-0.089386311579807,True,1,type_mean,0.0082565895035254,0.0069532062192367,0.2194993243101532,0.0782363733443051,"
<think>Given the firm's moderate profitability (profit=0.107) and low beta (0.533), it appears relatively stable but not growth-oriented. The fund's current holding is substantial relative to its AUM and the stock's S&P 500 weight, suggesting a significant active position. With low volatility (stock_vol_q_prev=0.244) and moderate liquidity (ln_volume_q_prev=13.1), the stock presents a low-risk, defensive profile that aligns with a conservative investor's preferences. Therefore, a modest increase in holding might be expected to maintain or slightly enhance the defensive tilt of the portfolio, though the magnitude would likely be limited by the fund's existing large exposure and the stock's already elevated S&P weight.</think>
<answer>
{""holding_log_delta"": -0.02}
</answer>","Given the firm's moderate profitability (profit=0.107) and low beta (0.533), it appears relatively stable but not growth-oriented. The fund's current holding is substantial relative to its AUM and the stock's S&P 500 weight, suggesting a significant active position. With low volatility (stock_vol_q_prev=0.244) and moderate liquidity (ln_volume_q_prev=13.1), the stock presents a low-risk, defensive profile that aligns with a conservative investor's preferences. Therefore, a modest increase in holding might be expected to maintain or slightly enhance the defensive tilt of the portfolio, though the magnitude would likely be limited by the fund's existing large exposure and the stock's already elevated S&P weight.","{""holding_log_delta"": -0.02}"
81,population,4,0.5119994880005121,0.24999975000025002,0.237999762000238,AIZ,ASSURANT INC,508,NA,2018-04-01 00:00:00,90038,1986.898363,0.069386311579807,-0.05,0.119386311579807,-0.119386311579807,True,1,type_mean,0.0082565895035254,0.0069532062192367,0.2194993243101532,0.0782363733443051,"
<think>Given the firm's moderate profitability (profit=0.107) and low beta (0.533), it appears relatively stable but not growth-oriented. The fund's current holding is substantial relative to its AUM and the stock's S&P 500 weight, suggesting a significant active position. With low stock volatility (0.244) and moderate trading volume, the risk profile is manageable, but the high existing exposure may prompt a modest reduction to align closer to the benchmark weight or manage concentration.</think>
<answer>
{""holding_log_delta"": -0.05}
</answer>","Given the firm's moderate profitability (profit=0.107) and low beta (0.533), it appears relatively stable but not growth-oriented. The fund's current holding is substantial relative to its AUM and the stock's S&P 500 weight, suggesting a significant active position. With low stock volatility (0.244) and moderate trading volume, the risk profile is manageable, but the high existing exposure may prompt a modest reduction to align closer to the benchmark weight or manage concentration.","{""holding_log_delta"": -0.05}"
81,population,5,0.537999462000538,0.24999975000025002,0.21199978800021202,AIZ,ASSURANT INC,508,NA,2018-04-01 00:00:00,90038,1986.898363,0.069386311579807,-0.05,0.119386311579807,-0.119386311579807,True,1,type_mean,0.0082565895035254,0.0069532062192367,0.2194993243101532,0.0782363733443051,"
<think>Given the firm's moderate profitability (profit=0.107) and low beta (0.533), it appears relatively stable but not growth-oriented. The fund's current holding is substantial relative to its AUM and the stock's low S&P 500 weight, suggesting potential for rebalancing downward to align closer with the benchmark. The low stock volatility (0.244) and moderate trading volume support a modest adjustment rather than a large directional shift.</think>
<answer>
{""holding_log_delta"": -0.05}
</answer>","Given the firm's moderate profitability (profit=0.107) and low beta (0.533), it appears relatively stable but not growth-oriented. The fund's current holding is substantial relative to its AUM and the stock's low S&P 500 weight, suggesting potential for rebalancing downward to align closer with the benchmark. The low stock volatility (0.244) and moderate trading volume support a modest adjustment rather than a large directional shift.","{""holding_log_delta"": -0.05}"
81,population,6,0.501999498000502,0.26999973000027006,0.22799977200022803,AIZ,ASSURANT INC,508,NA,2018-04-01 00:00:00,90038,1986.898363,0.069386311579807,-0.05,0.119386311579807,-0.119386311579807,True,1,type_mean,0.0082565895035254,0.0069532062192367,0.2194993243101532,0.0782363733443051,"
<think>Given the firm's moderate profitability (profit=0.107) and low beta (0.533), it appears relatively stable but not growth-oriented. The fund's current holding is substantial relative to its AUM and the stock's S&P 500 weight, suggesting a significant active position. With low stock volatility (0.244) and moderate trading volume, the risk profile is manageable, but the high existing exposure might prompt a modest reduction to align closer to the benchmark weight or manage concentration.</think>
<answer>
{""holding_log_delta"": -0.05}
</answer>","Given the firm's moderate profitability (profit=0.107) and low beta (0.533), it appears relatively stable but not growth-oriented. The fund's current holding is substantial relative to its AUM and the stock's S&P 500 weight, suggesting a significant active position. With low stock volatility (0.244) and moderate trading volume, the risk profile is manageable, but the high existing exposure might prompt a modest reduction to align closer to the benchmark weight or manage concentration.","{""holding_log_delta"": -0.05}"
81,population,7,0.4988423872501501,0.23273464525347023,0.26842196749636954,AIZ,ASSURANT INC,508,NA,2018-04-01 00:00:00,90038,1986.898363,0.069386311579807,-0.05,0.119386311579807,-0.119386311579807,True,1,type_mean,0.0082565895035254,0.0069532062192367,0.2194993243101532,0.0782363733443051,"
<think>Given the firm's moderate profitability (profit=0.107) and low beta (0.533), it appears relatively stable but not growth-oriented. The fund's current holding is substantial relative to its AUM and the stock's S&P 500 weight, suggesting a significant active position. With low stock volatility (0.244) and moderate trading volume, the risk profile is manageable, but the high existing exposure may prompt a modest reduction to align closer to the benchmark weight or manage concentration.</think>
<answer>
{""holding_log_delta"": -0.05}
</answer>","Given the firm's moderate profitability (profit=0.107) and low beta (0.533), it appears relatively stable but not growth-oriented. The fund's current holding is substantial relative to its AUM and the stock's S&P 500 weight, suggesting a significant active position. With low stock volatility (0.244) and moderate trading volume, the risk profile is manageable, but the high existing exposure may prompt a modest reduction to align closer to the benchmark weight or manage concentration.","{""holding_log_delta"": -0.05}"
81,population,8,0.4988423872501501,0.23273464525347023,0.26842196749636954,AIZ,ASSURANT INC,508,NA,2018-04-01 00:00:00,90038,1986.898363,0.069386311579807,-0.05,0.119386311579807,-0.119386311579807,True,1,type_mean,0.0082565895035254,0.0069532062192367,0.2194993243101532,0.0782363733443051,"
<think>Given the firm's moderate profitability (profit=0.107) and low beta (0.533), it appears relatively stable but not growth-oriented. The fund's current holding is substantial relative to its AUM and the stock's S&P 500 weight, suggesting a significant active position. With low stock volatility (0.244) and moderate trading volume, the risk profile is manageable, but the high existing exposure may prompt a modest reduction to align closer to the benchmark weight or manage concentration.</think>
<answer>
{""holding_log_delta"": -0.05}
</answer>","Given the firm's moderate profitability (profit=0.107) and low beta (0.533), it appears relatively stable but not growth-oriented. The fund's current holding is substantial relative to its AUM and the stock's S&P 500 weight, suggesting a significant active position. With low stock volatility (0.244) and moderate trading volume, the risk profile is manageable, but the high existing exposure may prompt a modest reduction to align closer to the benchmark weight or manage concentration.","{""holding_log_delta"": -0.05}"
81,population,9,0.47999952000048,0.26999973000027006,0.24999975000025002,AIZ,ASSURANT INC,508,NA,2018-04-01 00:00:00,90038,1986.898363,0.069386311579807,-0.04,0.109386311579807,-0.109386311579807,True,1,type_mean,0.0082565895035254,0.0069532062192367,0.2194993243101532,0.0782363733443051,"
<think>Given the firm's moderate profitability (profit=0.107) and low beta (0.533), it appears relatively stable but not growth-oriented. The fund's current holding is substantial relative to its AUM and the stock's low S&P 500 weight, suggesting potential for rebalancing downward to align closer with the benchmark. The low stock volatility (0.244) and moderate trading volume support a modest adjustment rather than a large directional shift.</think>
<answer>
{""holding_log_delta"": -0.04}
</answer>","Given the firm's moderate profitability (profit=0.107) and low beta (0.533), it appears relatively stable but not growth-oriented. The fund's current holding is substantial relative to its AUM and the stock's low S&P 500 weight, suggesting potential for rebalancing downward to align closer with the benchmark. The low stock volatility (0.244) and moderate trading volume support a modest adjustment rather than a large directional shift.","{""holding_log_delta"": -0.04}"
81,population,10,0.47999952000048,0.26999973000027006,0.24999975000025002,AIZ,ASSURANT INC,508,NA,2018-04-01 00:00:00,90038,1986.898363,0.069386311579807,-0.04,0.109386311579807,-0.109386311579807,True,1,type_mean,0.0082565895035254,0.0069532062192367,0.2194993243101532,0.0782363733443051,"
<think>Given the firm's moderate profitability (profit=0.107) and low beta (0.533), it appears relatively stable but not growth-oriented. The fund's current holding is substantial relative to its AUM and the stock's low S&P 500 weight, suggesting potential for rebalancing downward to align closer with the benchmark. The low stock volatility (0.244) and moderate trading volume support a modest adjustment rather than a large directional shift.</think>
<answer>
{""holding_log_delta"": -0.04}
</answer>","Given the firm's moderate profitability (profit=0.107) and low beta (0.533), it appears relatively stable but not growth-oriented. The fund's current holding is substantial relative to its AUM and the stock's low S&P 500 weight, suggesting potential for rebalancing downward to align closer with the benchmark. The low stock volatility (0.244) and moderate trading volume support a modest adjustment rather than a large directional shift.","{""holding_log_delta"": -0.04}"
81,population,11,0.49699950300049706,0.27899972100027903,0.22399977600022403,AIZ,ASSURANT INC,508,NA,2018-04-01 00:00:00,90038,1986.898363,0.069386311579807,-0.04,0.109386311579807,-0.109386311579807,True,1,type_mean,0.0082565895035254,0.0069532062192367,0.2194993243101532,0.0782363733443051,"
<think>Given the firm's moderate profitability (profit=0.107) and low beta (0.533), it appears relatively stable but not growth-oriented. The fund's current holding is substantial relative to its AUM and the stock's low S&P 500 weight, suggesting potential for rebalancing downward to align closer with the benchmark. The low stock volatility (0.244) and moderate trading volume support a modest adjustment rather than a large directional shift.</think>
<answer>
{""holding_log_delta"": -0.04}
</answer>","Given the firm's moderate profitability (profit=0.107) and low beta (0.533), it appears relatively stable but not growth-oriented. The fund's current holding is substantial relative to its AUM and the stock's low S&P 500 weight, suggesting potential for rebalancing downward to align closer with the benchmark. The low stock volatility (0.244) and moderate trading volume support a modest adjustment rather than a large directional shift.","{""holding_log_delta"": -0.04}"
