generation,stage,candidate_idx,risk_aversion,herd_behavior,profit_driven,ticker,company,id,quarter,date,permno,holding_t,y_true,pred,abs_error,reward,valid,best_k,profile_strength_mode,x_risk_mean,x_herd_mean,x_profit_mean,overall_mean,raw_output,reason,answer_body
24,population,0,0.36699963300036703,0.537999462000538,0.094999905000095,CDNS,CADENCE DESIGN SYSTEMS INC,622,NA,2017-07-01 00:00:00,11403,148.916723,0.3432440541084804,-0.01,0.3532440541084804,-0.3532440541084804,True,1,type_mean,0.0105116667264412,0.009015847914168,2.8059538271968374,0.9418271139458155,"
<think>Given the firm's moderate profitability and negative asset growth, combined with low beta indicating lower systematic risk, the stock appears stable but not strongly growth-oriented. The fund's current holding is relatively small compared to AUM, and the stock's very low S&P 500 weight suggests limited benchmark-driven pressure. With no extreme signals in fundamentals or trading volume, a modest adjustment around the benchmark weight is expected, likely resulting in a small positive or neutral change.</think>
<answer>
{""holding_log_delta"": -0.01}
</answer>","Given the firm's moderate profitability and negative asset growth, combined with low beta indicating lower systematic risk, the stock appears stable but not strongly growth-oriented. The fund's current holding is relatively small compared to AUM, and the stock's very low S&P 500 weight suggests limited benchmark-driven pressure. With no extreme signals in fundamentals or trading volume, a modest adjustment around the benchmark weight is expected, likely resulting in a small positive or neutral change.","{""holding_log_delta"": -0.01}"
24,population,1,0.37714863971172535,0.5685046283838259,0.054345731510178935,CDNS,CADENCE DESIGN SYSTEMS INC,622,NA,2017-07-01 00:00:00,11403,148.916723,0.3432440541084804,-0.03,0.3732440541084804,-0.3732440541084804,True,1,type_mean,0.0105116667264412,0.009015847914168,2.8059538271968374,0.9418271139458155,"
<think>Given the firm's moderate profitability and negative asset growth, combined with low beta and a small S&P 500 weight, the stock appears relatively stable but not strongly growth-oriented. The fund's current holding is modest relative to AUM, and with low volatility and volume, there is limited pressure for large directional changes. Considering the investor's defensive profile and low risk tolerance, any adjustment would likely be minor, possibly a slight reduction to align with the benchmark or manage concentration.</think>
<answer>
{""holding_log_delta"": -0.03}
</answer>","Given the firm's moderate profitability and negative asset growth, combined with low beta and a small S&P 500 weight, the stock appears relatively stable but not strongly growth-oriented. The fund's current holding is modest relative to AUM, and with low volatility and volume, there is limited pressure for large directional changes. Considering the investor's defensive profile and low risk tolerance, any adjustment would likely be minor, possibly a slight reduction to align with the benchmark or manage concentration.","{""holding_log_delta"": -0.03}"
24,population,2,0.37714863971172535,0.5685046283838259,0.054345731510178935,CDNS,CADENCE DESIGN SYSTEMS INC,622,NA,2017-07-01 00:00:00,11403,148.916723,0.3432440541084804,-0.03,0.3732440541084804,-0.3732440541084804,True,1,type_mean,0.0105116667264412,0.009015847914168,2.8059538271968374,0.9418271139458155,"
<think>Given the firm's moderate profitability and negative asset growth, combined with low beta and a small S&P 500 weight, the stock appears relatively stable but not strongly growth-oriented. The fund's current holding is modest relative to AUM, and with low volatility and volume, there is limited pressure for large directional changes. Considering the investor's defensive profile and low risk tolerance, any adjustment would likely be minor, possibly a slight reduction to align with the benchmark or manage concentration.</think>
<answer>
{""holding_log_delta"": -0.03}
</answer>","Given the firm's moderate profitability and negative asset growth, combined with low beta and a small S&P 500 weight, the stock appears relatively stable but not strongly growth-oriented. The fund's current holding is modest relative to AUM, and with low volatility and volume, there is limited pressure for large directional changes. Considering the investor's defensive profile and low risk tolerance, any adjustment would likely be minor, possibly a slight reduction to align with the benchmark or manage concentration.","{""holding_log_delta"": -0.03}"
24,population,3,0.37699962300037704,0.5579994420005581,0.06499993500006501,CDNS,CADENCE DESIGN SYSTEMS INC,622,NA,2017-07-01 00:00:00,11403,148.916723,0.3432440541084804,-0.04,0.3832440541084804,-0.3832440541084804,True,1,type_mean,0.0105116667264412,0.009015847914168,2.8059538271968374,0.9418271139458155,"
<think>Given the firm's moderate profitability and negative asset growth, combined with low beta and a small S&P 500 weight, the stock appears relatively stable but not strongly growth-oriented. The fund's current holding is modest relative to AUM, and with low volatility and volume, there is limited pressure for large directional changes. Considering the investor's defensive profile and low risk tolerance, any adjustment would likely be minor, possibly a slight reduction to align with the benchmark or manage concentration.</think>
<answer>
{""holding_log_delta"": -0.04}
</answer>","Given the firm's moderate profitability and negative asset growth, combined with low beta and a small S&P 500 weight, the stock appears relatively stable but not strongly growth-oriented. The fund's current holding is modest relative to AUM, and with low volatility and volume, there is limited pressure for large directional changes. Considering the investor's defensive profile and low risk tolerance, any adjustment would likely be minor, possibly a slight reduction to align with the benchmark or manage concentration.","{""holding_log_delta"": -0.04}"
24,population,4,0.38739961260038747,0.5282994717005284,0.08429991570008431,CDNS,CADENCE DESIGN SYSTEMS INC,622,NA,2017-07-01 00:00:00,11403,148.916723,0.3432440541084804,-0.04,0.3832440541084804,-0.3832440541084804,True,1,type_mean,0.0105116667264412,0.009015847914168,2.8059538271968374,0.9418271139458155,"
<think>Given the firm's moderate profitability and negative asset growth, combined with low beta and a small S&P 500 weight, the stock appears relatively stable but not strongly growth-oriented. The fund's current holding is modest relative to AUM, and with low volatility and volume, there is limited pressure for large directional changes. Considering the investor's defensive profile and low risk tolerance, any adjustment would likely be minor, possibly a slight reduction to align with the benchmark or manage concentration.</think>
<answer>
{""holding_log_delta"": -0.04}
</answer>","Given the firm's moderate profitability and negative asset growth, combined with low beta and a small S&P 500 weight, the stock appears relatively stable but not strongly growth-oriented. The fund's current holding is modest relative to AUM, and with low volatility and volume, there is limited pressure for large directional changes. Considering the investor's defensive profile and low risk tolerance, any adjustment would likely be minor, possibly a slight reduction to align with the benchmark or manage concentration.","{""holding_log_delta"": -0.04}"
24,population,5,0.37739962260037746,0.5382994617005383,0.08429991570008431,CDNS,CADENCE DESIGN SYSTEMS INC,622,NA,2017-07-01 00:00:00,11403,148.916723,0.3432440541084804,-0.04,0.3832440541084804,-0.3832440541084804,True,1,type_mean,0.0105116667264412,0.009015847914168,2.8059538271968374,0.9418271139458155,"
<think>Given the firm's moderate profitability and negative asset growth, combined with low beta indicating lower systematic risk, the stock may be viewed as a stable but not aggressively growing asset. The fund's current holding is relatively small compared to AUM, and the stock's very low S&P 500 weight suggests limited benchmark-driven pressure. With no strong positive fundamentals driving a large increase in expected returns, and given the fund's defensive profile and low risk tolerance, a modest adjustment to align with the benchmark or manage concentration is likely, resulting in a small negative normalized log change.</think>
<answer>
{""holding_log_delta"": -0.04}
</answer>","Given the firm's moderate profitability and negative asset growth, combined with low beta indicating lower systematic risk, the stock may be viewed as a stable but not aggressively growing asset. The fund's current holding is relatively small compared to AUM, and the stock's very low S&P 500 weight suggests limited benchmark-driven pressure. With no strong positive fundamentals driving a large increase in expected returns, and given the fund's defensive profile and low risk tolerance, a modest adjustment to align with the benchmark or manage concentration is likely, resulting in a small negative normalized log change.","{""holding_log_delta"": -0.04}"
24,population,6,0.37739964309313706,0.5182995098441254,0.10429984706368328,CDNS,CADENCE DESIGN SYSTEMS INC,622,NA,2017-07-01 00:00:00,11403,148.916723,0.3432440541084804,-0.04,0.3832440541084804,-0.3832440541084804,True,1,type_mean,0.0105116667264412,0.009015847914168,2.8059538271968374,0.9418271139458155,"
<think>Given the firm's moderate profitability and negative asset growth, combined with low beta and a small S&P 500 weight, the stock appears relatively stable but not strongly growth-oriented. The fund's current holding is modest relative to AUM, and with low volatility and volume, there is limited pressure for significant active adjustment. Considering the investor's low-risk profile and defensive stance, any change would likely be minor, leading to a small expected normalized log change.</think>
<answer>
{""holding_log_delta"": -0.04}
</answer>","Given the firm's moderate profitability and negative asset growth, combined with low beta and a small S&P 500 weight, the stock appears relatively stable but not strongly growth-oriented. The fund's current holding is modest relative to AUM, and with low volatility and volume, there is limited pressure for significant active adjustment. Considering the investor's low-risk profile and defensive stance, any change would likely be minor, leading to a small expected normalized log change.","{""holding_log_delta"": -0.04}"
24,population,7,0.3567131033813703,0.4979955403947782,0.14529035422075215,CDNS,CADENCE DESIGN SYSTEMS INC,622,NA,2017-07-01 00:00:00,11403,148.916723,0.3432440541084804,-0.04,0.3832440541084804,-0.3832440541084804,True,1,type_mean,0.0105116667264412,0.009015847914168,2.8059538271968374,0.9418271139458155,"
<think>Given the firm's moderate profitability and negative asset growth, combined with low beta indicating lower systematic risk, the stock may be viewed as a stable but not aggressively growing asset. The fund's current holding is relatively small compared to AUM, and the stock's very low S&P 500 weight suggests limited benchmark-driven pressure. With no strong positive fundamentals driving a large increase in expected returns, and given the fund's defensive profile and low risk tolerance, a modest adjustment to align with the benchmark or manage concentration is likely, resulting in a small negative normalized log change.</think>
<answer>
{""holding_log_delta"": -0.04}
</answer>","Given the firm's moderate profitability and negative asset growth, combined with low beta indicating lower systematic risk, the stock may be viewed as a stable but not aggressively growing asset. The fund's current holding is relatively small compared to AUM, and the stock's very low S&P 500 weight suggests limited benchmark-driven pressure. With no strong positive fundamentals driving a large increase in expected returns, and given the fund's defensive profile and low risk tolerance, a modest adjustment to align with the benchmark or manage concentration is likely, resulting in a small negative normalized log change.","{""holding_log_delta"": -0.04}"
24,population,8,0.37699962300037704,0.5069994930005071,0.11599988400011602,CDNS,CADENCE DESIGN SYSTEMS INC,622,NA,2017-07-01 00:00:00,11403,148.916723,0.3432440541084804,-0.04,0.3832440541084804,-0.3832440541084804,True,1,type_mean,0.0105116667264412,0.009015847914168,2.8059538271968374,0.9418271139458155,"
<think>Given the firm's moderate profitability and negative asset growth, combined with low beta and a small S&P 500 weight, the stock appears relatively stable but not strongly growth-oriented. The fund's current holding is modest relative to AUM, and with low volatility and volume, there is limited pressure for large directional changes. Considering the investor's defensive profile and low risk tolerance, any adjustment would likely be minor, possibly a slight reduction to align with the benchmark or manage concentration.</think>
<answer>
{""holding_log_delta"": -0.04}
</answer>","Given the firm's moderate profitability and negative asset growth, combined with low beta and a small S&P 500 weight, the stock appears relatively stable but not strongly growth-oriented. The fund's current holding is modest relative to AUM, and with low volatility and volume, there is limited pressure for large directional changes. Considering the investor's defensive profile and low risk tolerance, any adjustment would likely be minor, possibly a slight reduction to align with the benchmark or manage concentration.","{""holding_log_delta"": -0.04}"
24,population,9,0.346999653000347,0.516999483000517,0.13599986400013603,CDNS,CADENCE DESIGN SYSTEMS INC,622,NA,2017-07-01 00:00:00,11403,148.916723,0.3432440541084804,-0.04,0.3832440541084804,-0.3832440541084804,True,1,type_mean,0.0105116667264412,0.009015847914168,2.8059538271968374,0.9418271139458155,"
<think>Given the firm's moderate profitability and negative asset growth, combined with low beta and a small S&P 500 weight, the stock appears relatively stable but not strongly growth-oriented. The fund's current holding is modest relative to AUM, and with low volatility and volume, there is limited pressure for large directional changes. Considering the investor's defensive profile and low risk tolerance, any adjustment would likely be minor, possibly a slight reduction due to the negative asset growth signal.</think>
<answer>
{""holding_log_delta"": -0.04}
</answer>","Given the firm's moderate profitability and negative asset growth, combined with low beta and a small S&P 500 weight, the stock appears relatively stable but not strongly growth-oriented. The fund's current holding is modest relative to AUM, and with low volatility and volume, there is limited pressure for large directional changes. Considering the investor's defensive profile and low risk tolerance, any adjustment would likely be minor, possibly a slight reduction due to the negative asset growth signal.","{""holding_log_delta"": -0.04}"
24,population,10,0.38699961300038704,0.49699950300049706,0.11599988400011602,CDNS,CADENCE DESIGN SYSTEMS INC,622,NA,2017-07-01 00:00:00,11403,148.916723,0.3432440541084804,-0.04,0.3832440541084804,-0.3832440541084804,True,1,type_mean,0.0105116667264412,0.009015847914168,2.8059538271968374,0.9418271139458155,"
<think>Given the firm's moderate profitability and negative growth in assets, combined with a low beta suggesting lower systematic risk, the stock may be viewed as a stable but not aggressively growing asset. The fund's current holding is relatively small compared to its AUM and the stock's S&P 500 weight, indicating limited active exposure. Considering the low risk profile and defensive investment style, any adjustment would likely be modest, possibly a slight increase to align with the benchmark weight or a minor decrease due to the negative asset growth signal.</think>
<answer>
{""holding_log_delta"": -0.04}
</answer>","Given the firm's moderate profitability and negative growth in assets, combined with a low beta suggesting lower systematic risk, the stock may be viewed as a stable but not aggressively growing asset. The fund's current holding is relatively small compared to its AUM and the stock's S&P 500 weight, indicating limited active exposure. Considering the low risk profile and defensive investment style, any adjustment would likely be modest, possibly a slight increase to align with the benchmark weight or a minor decrease due to the negative asset growth signal.","{""holding_log_delta"": -0.04}"
24,population,11,0.37076273758849926,0.523820696108705,0.10541555605010482,CDNS,CADENCE DESIGN SYSTEMS INC,622,NA,2017-07-01 00:00:00,11403,148.916723,0.3432440541084804,-0.04,0.3832440541084804,-0.3832440541084804,True,1,type_mean,0.0105116667264412,0.009015847914168,2.8059538271968374,0.9418271139458155,"
<think>Given the firm's moderate profitability and negative asset growth, combined with low beta indicating lower systematic risk, the stock may be viewed as stable but not growth-oriented. The fund's current holding is relatively small compared to AUM, and the stock's very low S&P 500 weight suggests limited benchmark-driven demand. With no strong positive signals and the fund's high turnover constraint, a modest adjustment to align with the benchmark or manage liquidity is expected, likely resulting in a slight decrease in holding.</think>
<answer>
{""holding_log_delta"": -0.04}
</answer>","Given the firm's moderate profitability and negative asset growth, combined with low beta indicating lower systematic risk, the stock may be viewed as stable but not growth-oriented. The fund's current holding is relatively small compared to AUM, and the stock's very low S&P 500 weight suggests limited benchmark-driven demand. With no strong positive signals and the fund's high turnover constraint, a modest adjustment to align with the benchmark or manage liquidity is expected, likely resulting in a slight decrease in holding.","{""holding_log_delta"": -0.04}"
