generation,stage,candidate_idx,risk_aversion,herd_behavior,profit_driven,ticker,company,id,quarter,date,permno,holding_t,y_true,pred,abs_error,reward,valid,best_k,profile_strength_mode,x_risk_mean,x_herd_mean,x_profit_mean,overall_mean,raw_output,reason,answer_body
74,population,0,0.357999642000358,0.516999483000517,0.12499987500012501,KMI,KINDER MORGAN INC,506,NA,2018-04-01 00:00:00,12558,346.475394,0.06090831228533859,-0.04,0.10090831228533859,-0.10090831228533859,True,1,type_mean,0.0105116667264412,0.009015847914168,2.8059538271968374,0.9418271139458155,"
<think>Given the firm's moderate profitability and low beta, combined with the fund's substantial AUM and the stock's small S&P 500 weight, a modest adjustment is expected. The negative growth in assets (Gat) and low stock volatility suggest limited near-term momentum, likely leading to a slight reduction in holding to align with the defensive, low-turnover profile.</think>
<answer>
{""holding_log_delta"": -0.04}
</answer>","Given the firm's moderate profitability and low beta, combined with the fund's substantial AUM and the stock's small S&P 500 weight, a modest adjustment is expected. The negative growth in assets (Gat) and low stock volatility suggest limited near-term momentum, likely leading to a slight reduction in holding to align with the defensive, low-turnover profile.","{""holding_log_delta"": -0.04}"
74,population,1,0.37999962000038,0.49999950000050003,0.11999988000012,KMI,KINDER MORGAN INC,506,NA,2018-04-01 00:00:00,12558,346.475394,0.06090831228533859,-0.04,0.10090831228533859,-0.10090831228533859,True,1,type_mean,0.0105116667264412,0.009015847914168,2.8059538271968374,0.9418271139458155,"
<think>Given the firm's moderate profitability and low beta, combined with the fund's substantial AUM and the stock's small S&P 500 weight, a modest adjustment is expected. The negative growth in assets (Gat) and low stock volatility suggest limited near-term momentum, likely leading to a slight reduction in holding to align with the defensive, low-turnover profile.</think>
<answer>
{""holding_log_delta"": -0.04}
</answer>","Given the firm's moderate profitability and low beta, combined with the fund's substantial AUM and the stock's small S&P 500 weight, a modest adjustment is expected. The negative growth in assets (Gat) and low stock volatility suggest limited near-term momentum, likely leading to a slight reduction in holding to align with the defensive, low-turnover profile.","{""holding_log_delta"": -0.04}"
74,population,2,0.36699963300036703,0.505999494000506,0.12699987300012702,KMI,KINDER MORGAN INC,506,NA,2018-04-01 00:00:00,12558,346.475394,0.06090831228533859,-0.04,0.10090831228533859,-0.10090831228533859,True,1,type_mean,0.0105116667264412,0.009015847914168,2.8059538271968374,0.9418271139458155,"
<think>Given the firm's moderate profitability and low beta, combined with the fund's substantial AUM and the stock's small S&P 500 weight, a modest adjustment is expected. The negative growth in assets (Gat) and low stock volatility suggest limited near-term momentum, likely leading to a slight reduction in holding to align with the defensive, low-turnover profile.</think>
<answer>
{""holding_log_delta"": -0.04}
</answer>","Given the firm's moderate profitability and low beta, combined with the fund's substantial AUM and the stock's small S&P 500 weight, a modest adjustment is expected. The negative growth in assets (Gat) and low stock volatility suggest limited near-term momentum, likely leading to a slight reduction in holding to align with the defensive, low-turnover profile.","{""holding_log_delta"": -0.04}"
74,population,3,0.33999966000034004,0.47999952000048,0.17999982000018,KMI,KINDER MORGAN INC,506,NA,2018-04-01 00:00:00,12558,346.475394,0.06090831228533859,-0.04,0.10090831228533859,-0.10090831228533859,True,1,type_mean,0.0105116667264412,0.009015847914168,2.8059538271968374,0.9418271139458155,"
<think>Given the firm's moderate profitability and low beta, combined with the fund's substantial AUM and the stock's small S&P 500 weight, a modest adjustment is expected. The negative growth in assets (Gat) and low stock volatility suggest limited near-term momentum, likely leading to a slight reduction in holding to align with the defensive, low-turnover profile.</think>
<answer>
{""holding_log_delta"": -0.04}
</answer>","Given the firm's moderate profitability and low beta, combined with the fund's substantial AUM and the stock's small S&P 500 weight, a modest adjustment is expected. The negative growth in assets (Gat) and low stock volatility suggest limited near-term momentum, likely leading to a slight reduction in holding to align with the defensive, low-turnover profile.","{""holding_log_delta"": -0.04}"
74,population,4,0.32999967000033004,0.46999953000047,0.19999980000020004,KMI,KINDER MORGAN INC,506,NA,2018-04-01 00:00:00,12558,346.475394,0.06090831228533859,-0.04,0.10090831228533859,-0.10090831228533859,True,1,type_mean,0.0105116667264412,0.009015847914168,2.8059538271968374,0.9418271139458155,"
<think>Given the firm's moderate profitability and low beta, combined with the fund's substantial AUM and the stock's small S&P 500 weight, a modest adjustment is expected. The negative growth in assets (Gat) and the fund's high out-of-AUM position suggest a potential reduction to align with lower risk and benchmark tracking, but the low volatility and positive profit margin may temper the magnitude.</think>
<answer>
{""holding_log_delta"": -0.04}
</answer>","Given the firm's moderate profitability and low beta, combined with the fund's substantial AUM and the stock's small S&P 500 weight, a modest adjustment is expected. The negative growth in assets (Gat) and the fund's high out-of-AUM position suggest a potential reduction to align with lower risk and benchmark tracking, but the low volatility and positive profit margin may temper the magnitude.","{""holding_log_delta"": -0.04}"
74,population,5,0.3535350392819424,0.474747052750037,0.17171689786790836,KMI,KINDER MORGAN INC,506,NA,2018-04-01 00:00:00,12558,346.475394,0.06090831228533859,-0.04,0.10090831228533859,-0.10090831228533859,True,1,type_mean,0.0105116667264412,0.009015847914168,2.8059538271968374,0.9418271139458155,"
<think>Given the firm's moderate profitability and low beta, combined with the fund's substantial AUM and the stock's small S&P 500 weight, a modest adjustment is expected. The negative growth in assets (Gat) and low stock volatility suggest limited near-term momentum, likely leading to a slight reduction in holding to align with the defensive, low-turnover profile.</think>
<answer>
{""holding_log_delta"": -0.04}
</answer>","Given the firm's moderate profitability and low beta, combined with the fund's substantial AUM and the stock's small S&P 500 weight, a modest adjustment is expected. The negative growth in assets (Gat) and low stock volatility suggest limited near-term momentum, likely leading to a slight reduction in holding to align with the defensive, low-turnover profile.","{""holding_log_delta"": -0.04}"
74,population,6,0.36999967440024206,0.459999595200301,0.16999973040033683,KMI,KINDER MORGAN INC,506,NA,2018-04-01 00:00:00,12558,346.475394,0.06090831228533859,-0.04,0.10090831228533859,-0.10090831228533859,True,1,type_mean,0.0105116667264412,0.009015847914168,2.8059538271968374,0.9418271139458155,"
<think>Given the firm's moderate profitability and low beta, combined with the fund's substantial AUM and the stock's small S&P 500 weight, a modest increase in holding might be expected to align with benchmark exposure, but the low beta and negative growth may temper the magnitude. The fund's high AUM relative to the stock's volume suggests room for adjustment without extreme turnover, leading to a small positive normalized log change.</think>
<answer>
{""holding_log_delta"": -0.04}
</answer>","Given the firm's moderate profitability and low beta, combined with the fund's substantial AUM and the stock's small S&P 500 weight, a modest increase in holding might be expected to align with benchmark exposure, but the low beta and negative growth may temper the magnitude. The fund's high AUM relative to the stock's volume suggests room for adjustment without extreme turnover, leading to a small positive normalized log change.","{""holding_log_delta"": -0.04}"
74,population,7,0.33999966000034004,0.44999955000045005,0.20999979000021002,KMI,KINDER MORGAN INC,506,NA,2018-04-01 00:00:00,12558,346.475394,0.06090831228533859,-0.04,0.10090831228533859,-0.10090831228533859,True,1,type_mean,0.0105116667264412,0.009015847914168,2.8059538271968374,0.9418271139458155,"
<think>Given the firm's moderate profitability and low beta, combined with the fund's substantial AUM and the stock's small S&P 500 weight, a modest adjustment is expected. The negative growth in assets (Gat) and low stock volatility suggest limited near-term momentum, likely leading to a slight reduction in holding to align with the defensive, low-turnover profile.</think>
<answer>
{""holding_log_delta"": -0.04}
</answer>","Given the firm's moderate profitability and low beta, combined with the fund's substantial AUM and the stock's small S&P 500 weight, a modest adjustment is expected. The negative growth in assets (Gat) and low stock volatility suggest limited near-term momentum, likely leading to a slight reduction in holding to align with the defensive, low-turnover profile.","{""holding_log_delta"": -0.04}"
74,population,8,0.34999965000035,0.43999956000044005,0.20999979000021002,KMI,KINDER MORGAN INC,506,NA,2018-04-01 00:00:00,12558,346.475394,0.06090831228533859,-0.04,0.10090831228533859,-0.10090831228533859,True,1,type_mean,0.0105116667264412,0.009015847914168,2.8059538271968374,0.9418271139458155,"
<think>Given the firm's moderate profitability and low beta, combined with the fund's substantial AUM and the stock's small S&P 500 weight, a modest adjustment is expected. The negative growth in assets (Gat) and low stock volatility suggest limited near-term momentum, likely leading to a slight reduction in holding to align with the defensive, low-turnover profile.</think>
<answer>
{""holding_log_delta"": -0.04}
</answer>","Given the firm's moderate profitability and low beta, combined with the fund's substantial AUM and the stock's small S&P 500 weight, a modest adjustment is expected. The negative growth in assets (Gat) and low stock volatility suggest limited near-term momentum, likely leading to a slight reduction in holding to align with the defensive, low-turnover profile.","{""holding_log_delta"": -0.04}"
74,population,9,0.31999968000032003,0.45999954000046006,0.21999978000022002,KMI,KINDER MORGAN INC,506,NA,2018-04-01 00:00:00,12558,346.475394,0.06090831228533859,-0.04,0.10090831228533859,-0.10090831228533859,True,1,type_mean,0.0105116667264412,0.009015847914168,2.8059538271968374,0.9418271139458155,"
<think>Given the firm's moderate profitability and low beta, combined with the fund's substantial AUM and the stock's small S&P 500 weight, a modest adjustment is expected. The negative growth in assets (Gat) and low stock volatility suggest limited near-term momentum, likely leading to a slight reduction in holding to align with the defensive, low-turnover profile.</think>
<answer>
{""holding_log_delta"": -0.04}
</answer>","Given the firm's moderate profitability and low beta, combined with the fund's substantial AUM and the stock's small S&P 500 weight, a modest adjustment is expected. The negative growth in assets (Gat) and low stock volatility suggest limited near-term momentum, likely leading to a slight reduction in holding to align with the defensive, low-turnover profile.","{""holding_log_delta"": -0.04}"
74,population,10,0.361999638000362,0.500999499000501,0.13699986300013703,KMI,KINDER MORGAN INC,506,NA,2018-04-01 00:00:00,12558,346.475394,0.06090831228533859,-0.04,0.10090831228533859,-0.10090831228533859,True,1,type_mean,0.0105116667264412,0.009015847914168,2.8059538271968374,0.9418271139458155,"
<think>Given the firm's moderate profitability and low beta, combined with the fund's substantial AUM and the stock's small S&P 500 weight, a modest adjustment is expected. The negative growth in assets (Gat) and low stock volatility suggest limited near-term momentum, likely leading to a slight reduction in holding to align with the defensive, low-turnover profile.</think>
<answer>
{""holding_log_delta"": -0.04}
</answer>","Given the firm's moderate profitability and low beta, combined with the fund's substantial AUM and the stock's small S&P 500 weight, a modest adjustment is expected. The negative growth in assets (Gat) and low stock volatility suggest limited near-term momentum, likely leading to a slight reduction in holding to align with the defensive, low-turnover profile.","{""holding_log_delta"": -0.04}"
74,population,11,0.36999963000037,0.50999949000051,0.11999988000012,KMI,KINDER MORGAN INC,506,NA,2018-04-01 00:00:00,12558,346.475394,0.06090831228533859,-0.04,0.10090831228533859,-0.10090831228533859,True,1,type_mean,0.0105116667264412,0.009015847914168,2.8059538271968374,0.9418271139458155,"
<think>Given the firm's moderate profitability and low beta, combined with the fund's substantial AUM and the stock's small S&P 500 weight, a modest adjustment is expected. The negative growth in assets (Gat) and the fund's high out-of-AUM position suggest a potential reduction to align with lower risk and benchmark tracking, but the low volatility and positive profit margin may temper this decrease.</think>
<answer>
{""holding_log_delta"": -0.04}
</answer>","Given the firm's moderate profitability and low beta, combined with the fund's substantial AUM and the stock's small S&P 500 weight, a modest adjustment is expected. The negative growth in assets (Gat) and the fund's high out-of-AUM position suggest a potential reduction to align with lower risk and benchmark tracking, but the low volatility and positive profit margin may temper this decrease.","{""holding_log_delta"": -0.04}"
