generation,stage,candidate_idx,risk_aversion,herd_behavior,profit_driven,ticker,company,id,quarter,date,permno,holding_t,y_true,pred,abs_error,reward,valid,best_k,profile_strength_mode,x_risk_mean,x_herd_mean,x_profit_mean,overall_mean,raw_output,reason,answer_body
98,population,0,0.32789967210032794,0.346999653000347,0.32509967490032515,,,121,NA,2018-07-01 00:00:00,91556,5753.67565,-0.1003256783445395,-0.02,0.08032567834453949,-0.08032567834453949,True,1,type_mean,0.0083004769074155,0.0070097321687576,0.0811969348655934,0.03216904798058883,"
<think>Given ROST's current fundamentals, the firm shows solid profitability (profit=0.747) and positive asset growth (Gat=0.075), which are favorable signals. The stock's beta is slightly above 1, indicating market-like volatility, and its S&P 500 weight is modest at 0.00172, suggesting it is not a major benchmark component. With the fund's AUM significantly larger than the stock's current holding value, there is room for scaling up if the fundamentals support it. Considering the positive growth and profitability signals against a moderate risk profile, a slight increase in holding might be expected, but the magnitude would likely be limited by the stock's already substantial market weight and the fund's overall scale.</think>
<answer>
{""holding_log_delta"": -0.02}
</answer>","Given ROST's current fundamentals, the firm shows solid profitability (profit=0.747) and positive asset growth (Gat=0.075), which are favorable signals. The stock's beta is slightly above 1, indicating market-like volatility, and its S&P 500 weight is modest at 0.00172, suggesting it is not a major benchmark component. With the fund's AUM significantly larger than the stock's current holding value, there is room for scaling up if the fundamentals support it. Considering the positive growth and profitability signals against a moderate risk profile, a slight increase in holding might be expected, but the magnitude would likely be limited by the stock's already substantial market weight and the fund's overall scale.","{""holding_log_delta"": -0.02}"
98,population,1,0.3378996621003379,0.31699968300031706,0.34509965490034517,,,121,NA,2018-07-01 00:00:00,91556,5753.67565,-0.1003256783445395,-0.04,0.060325678344539495,-0.060325678344539495,True,1,type_mean,0.0083004769074155,0.0070097321687576,0.0811969348655934,0.03216904798058883,"
<think>Given ROST's current fundamentals, the firm shows solid profitability (profit=0.747) and positive asset growth (Gat=0.075), which are favorable signals. The stock's beta is slightly above 1, indicating market-like volatility, and its S&P 500 weight is modest at 0.00172, suggesting it is not a major benchmark component. With the fund's AUM significantly larger than the stock's current holding value, there is room for scaling up if the fundamentals support it. Considering the positive growth and profitability signals against a moderate risk profile, a modest increase in holding might be expected, but the magnitude would likely be limited by the stock's already substantial market weight and the fund's overall scale.</think>
<answer>
{""holding_log_delta"": -0.04}
</answer>","Given ROST's current fundamentals, the firm shows solid profitability (profit=0.747) and positive asset growth (Gat=0.075), which are favorable signals. The stock's beta is slightly above 1, indicating market-like volatility, and its S&P 500 weight is modest at 0.00172, suggesting it is not a major benchmark component. With the fund's AUM significantly larger than the stock's current holding value, there is room for scaling up if the fundamentals support it. Considering the positive growth and profitability signals against a moderate risk profile, a modest increase in holding might be expected, but the magnitude would likely be limited by the stock's already substantial market weight and the fund's overall scale.","{""holding_log_delta"": -0.04}"
98,population,2,0.3578996421003579,0.31699968300031706,0.32509967490032515,,,121,NA,2018-07-01 00:00:00,91556,5753.67565,-0.1003256783445395,-0.04,0.060325678344539495,-0.060325678344539495,True,1,type_mean,0.0083004769074155,0.0070097321687576,0.0811969348655934,0.03216904798058883,"
<think>Given ROST's current fundamentals, the firm shows solid profitability (profit=0.747) and positive asset growth (Gat=0.075), which are favorable signals. The stock's beta is slightly above 1, indicating market-like volatility, and its S&P 500 weight is modest at 0.00172, suggesting it is not a major benchmark component. With the fund's AUM significantly larger than the stock's current holding value, there is room for scaling up if the positive fundamentals are expected to persist, potentially leading to a small increase in the normalized log holding.</think>
<answer>
{""holding_log_delta"": -0.04}
</answer>","Given ROST's current fundamentals, the firm shows solid profitability (profit=0.747) and positive asset growth (Gat=0.075), which are favorable signals. The stock's beta is slightly above 1, indicating market-like volatility, and its S&P 500 weight is modest at 0.00172, suggesting it is not a major benchmark component. With the fund's AUM significantly larger than the stock's current holding value, there is room for scaling up if the positive fundamentals are expected to persist, potentially leading to a small increase in the normalized log holding.","{""holding_log_delta"": -0.04}"
98,population,3,0.32789967210032794,0.33699966300033707,0.33509966490033516,,,121,NA,2018-07-01 00:00:00,91556,5753.67565,-0.1003256783445395,-0.03,0.0703256783445395,-0.0703256783445395,True,1,type_mean,0.0083004769074155,0.0070097321687576,0.0811969348655934,0.03216904798058883,"
<think>Given ROST's current fundamentals, the firm shows strong profitability (profit=0.747) and positive asset growth (Gat=0.074858), which are positive signals. The fund's current holding is relatively small compared to its AUM, and the stock's low S&P 500 weight suggests limited benchmark pressure. With moderate beta and recent high volatility, the fund might adjust the position to align with the stock's fundamentals and manage risk exposure, potentially leading to a modest increase in holding.</think>
<answer>
{""holding_log_delta"": -0.03}
</answer>","Given ROST's current fundamentals, the firm shows strong profitability (profit=0.747) and positive asset growth (Gat=0.074858), which are positive signals. The fund's current holding is relatively small compared to its AUM, and the stock's low S&P 500 weight suggests limited benchmark pressure. With moderate beta and recent high volatility, the fund might adjust the position to align with the stock's fundamentals and manage risk exposure, potentially leading to a modest increase in holding.","{""holding_log_delta"": -0.03}"
98,population,4,0.3378996621003379,0.33699966300033707,0.32509967490032515,,,121,NA,2018-07-01 00:00:00,91556,5753.67565,-0.1003256783445395,-0.04,0.060325678344539495,-0.060325678344539495,True,1,type_mean,0.0083004769074155,0.0070097321687576,0.0811969348655934,0.03216904798058883,"
<think>Given ROST's current fundamentals, the firm shows strong profitability (profit=0.747) and positive asset growth (Gat=0.074858), which are positive signals. The stock's beta is slightly above 1, indicating market-like volatility, and its S&P 500 weight is modest at 0.001716. With the fund's AUM significantly larger than the current holding value, there is capacity for adjustment. Considering the positive growth signals and the fund's active profile, a modest increase in holding might be expected to align with the stock's fundamentals, though the magnitude would likely be tempered by the stock's already substantial beta and the fund's overall scale.</think>
<answer>
{""holding_log_delta"": -0.04}
</answer>","Given ROST's current fundamentals, the firm shows strong profitability (profit=0.747) and positive asset growth (Gat=0.074858), which are positive signals. The stock's beta is slightly above 1, indicating market-like volatility, and its S&P 500 weight is modest at 0.001716. With the fund's AUM significantly larger than the current holding value, there is capacity for adjustment. Considering the positive growth signals and the fund's active profile, a modest increase in holding might be expected to align with the stock's fundamentals, though the magnitude would likely be tempered by the stock's already substantial beta and the fund's overall scale.","{""holding_log_delta"": -0.04}"
98,population,5,0.3378996621003379,0.33699966300033707,0.32509967490032515,,,121,NA,2018-07-01 00:00:00,91556,5753.67565,-0.1003256783445395,-0.04,0.060325678344539495,-0.060325678344539495,True,1,type_mean,0.0083004769074155,0.0070097321687576,0.0811969348655934,0.03216904798058883,"
<think>Given ROST's current fundamentals, the firm shows strong profitability (profit=0.747) and positive asset growth (Gat=0.074858), which are positive signals. The stock's beta is slightly above 1, indicating market-like volatility, and its S&P 500 weight is modest at 0.001716. With the fund's AUM significantly larger than the current holding value, there is capacity for adjustment. Considering the positive growth signals and the fund's active profile, a modest increase in holding might be expected to align with the stock's fundamentals, though the magnitude would likely be tempered by the stock's already substantial beta and the fund's overall scale.</think>
<answer>
{""holding_log_delta"": -0.04}
</answer>","Given ROST's current fundamentals, the firm shows strong profitability (profit=0.747) and positive asset growth (Gat=0.074858), which are positive signals. The stock's beta is slightly above 1, indicating market-like volatility, and its S&P 500 weight is modest at 0.001716. With the fund's AUM significantly larger than the current holding value, there is capacity for adjustment. Considering the positive growth signals and the fund's active profile, a modest increase in holding might be expected to align with the stock's fundamentals, though the magnitude would likely be tempered by the stock's already substantial beta and the fund's overall scale.","{""holding_log_delta"": -0.04}"
98,population,6,0.32789967210032794,0.306999693000307,0.3650996349003651,,,121,NA,2018-07-01 00:00:00,91556,5753.67565,-0.1003256783445395,-0.04,0.060325678344539495,-0.060325678344539495,True,1,type_mean,0.0083004769074155,0.0070097321687576,0.0811969348655934,0.03216904798058883,"
<think>Given ROST's current fundamentals, the firm shows solid profitability (profit=0.747) and positive asset growth (Gat=0.075), which are favorable signals. The fund's current holding is modest relative to its AUM, and the stock's low S&P 500 weight suggests limited benchmark pressure. With moderate beta and recent high volatility, the fund might adjust the position slightly for risk management, but the positive fundamentals likely support a small increase in alignment with the stock's performance.</think>
<answer>
{""holding_log_delta"": -0.04}
</answer>","Given ROST's current fundamentals, the firm shows solid profitability (profit=0.747) and positive asset growth (Gat=0.075), which are favorable signals. The fund's current holding is modest relative to its AUM, and the stock's low S&P 500 weight suggests limited benchmark pressure. With moderate beta and recent high volatility, the fund might adjust the position slightly for risk management, but the positive fundamentals likely support a small increase in alignment with the stock's performance.","{""holding_log_delta"": -0.04}"
98,population,7,0.3478996521003479,0.306999693000307,0.34509965490034517,,,121,NA,2018-07-01 00:00:00,91556,5753.67565,-0.1003256783445395,-0.03,0.0703256783445395,-0.0703256783445395,True,1,type_mean,0.0083004769074155,0.0070097321687576,0.0811969348655934,0.03216904798058883,"
<think>Given ROST's current fundamentals, the firm shows solid profitability (profit=0.747) and positive asset growth (Gat=0.075), which are favorable signals. The stock's beta is slightly above 1, indicating market-like volatility, and its S&P 500 weight is modest at 0.00172, suggesting it is not a major benchmark component. With the fund's AUM significantly larger than the stock's current holding value, there is room for scaling up if the fundamentals support it, but the low benchmark weight and moderate growth might limit aggressive increases. Therefore, a small positive adjustment in holding is expected, likely a modest increase given the available capacity and the stock's stable but not exceptional performance.</think>
<answer>
{""holding_log_delta"": -0.03}
</answer>","Given ROST's current fundamentals, the firm shows solid profitability (profit=0.747) and positive asset growth (Gat=0.075), which are favorable signals. The stock's beta is slightly above 1, indicating market-like volatility, and its S&P 500 weight is modest at 0.00172, suggesting it is not a major benchmark component. With the fund's AUM significantly larger than the stock's current holding value, there is room for scaling up if the fundamentals support it, but the low benchmark weight and moderate growth might limit aggressive increases. Therefore, a small positive adjustment in holding is expected, likely a modest increase given the available capacity and the stock's stable but not exceptional performance.","{""holding_log_delta"": -0.03}"
98,population,8,0.3378996621003379,0.306999693000307,0.35509964490035517,,,121,NA,2018-07-01 00:00:00,91556,5753.67565,-0.1003256783445395,-0.03,0.0703256783445395,-0.0703256783445395,True,1,type_mean,0.0083004769074155,0.0070097321687576,0.0811969348655934,0.03216904798058883,"
<think>Given ROST's current fundamentals, the firm shows solid profitability (profit=0.747) and positive asset growth (Gat=0.075), which are favorable signals. The stock's beta is slightly above 1, indicating market-like volatility, and its S&P 500 weight is modest at 0.00172, suggesting it is not a major benchmark component. With the fund's AUM significantly larger than the stock's current holding value, there is room for adjustment, but the positive growth and profitability metrics would likely support a modest increase in the normalized log holding, given the fund's active growth orientation and the stock's stable but not exceptional characteristics.</think>
<answer>
{""holding_log_delta"": -0.03}
</answer>","Given ROST's current fundamentals, the firm shows solid profitability (profit=0.747) and positive asset growth (Gat=0.075), which are favorable signals. The stock's beta is slightly above 1, indicating market-like volatility, and its S&P 500 weight is modest at 0.00172, suggesting it is not a major benchmark component. With the fund's AUM significantly larger than the stock's current holding value, there is room for adjustment, but the positive growth and profitability metrics would likely support a modest increase in the normalized log holding, given the fund's active growth orientation and the stock's stable but not exceptional characteristics.","{""holding_log_delta"": -0.03}"
98,population,9,0.3378996621003379,0.306999693000307,0.35509964490035517,,,121,NA,2018-07-01 00:00:00,91556,5753.67565,-0.1003256783445395,-0.03,0.0703256783445395,-0.0703256783445395,True,1,type_mean,0.0083004769074155,0.0070097321687576,0.0811969348655934,0.03216904798058883,"
<think>Given ROST's current fundamentals, the firm shows solid profitability (profit=0.747) and positive asset growth (Gat=0.075), which are favorable signals. The stock's beta is slightly above 1, indicating market-like volatility, and its S&P 500 weight is modest at 0.00172, suggesting it is not a major benchmark component. With the fund's AUM significantly larger than the stock's current holding value, there is room for adjustment, but the positive growth and profitability metrics would likely support a modest increase in the normalized log holding, given the fund's active growth orientation and the stock's stable but not exceptional characteristics.</think>
<answer>
{""holding_log_delta"": -0.03}
</answer>","Given ROST's current fundamentals, the firm shows solid profitability (profit=0.747) and positive asset growth (Gat=0.075), which are favorable signals. The stock's beta is slightly above 1, indicating market-like volatility, and its S&P 500 weight is modest at 0.00172, suggesting it is not a major benchmark component. With the fund's AUM significantly larger than the stock's current holding value, there is room for adjustment, but the positive growth and profitability metrics would likely support a modest increase in the normalized log holding, given the fund's active growth orientation and the stock's stable but not exceptional characteristics.","{""holding_log_delta"": -0.03}"
98,population,10,0.32789967210032794,0.307999692000308,0.3640996359003641,,,121,NA,2018-07-01 00:00:00,91556,5753.67565,-0.1003256783445395,-0.04,0.060325678344539495,-0.060325678344539495,True,1,type_mean,0.0083004769074155,0.0070097321687576,0.0811969348655934,0.03216904798058883,"
<think>Given ROST's current fundamentals, the firm shows solid profitability (profit=0.747) and positive asset growth (Gat=0.075), which are favorable signals. The stock's beta is slightly above 1, indicating market-like volatility, and its S&P 500 weight is modest at 0.00172, suggesting it is not a major benchmark component. With the fund's AUM significantly larger than the stock's current holding value, there is room for scaling up if the positive fundamentals are expected to persist, potentially leading to a small increase in the normalized log holding.</think>
<answer>
{""holding_log_delta"": -0.04}
</answer>","Given ROST's current fundamentals, the firm shows solid profitability (profit=0.747) and positive asset growth (Gat=0.075), which are favorable signals. The stock's beta is slightly above 1, indicating market-like volatility, and its S&P 500 weight is modest at 0.00172, suggesting it is not a major benchmark component. With the fund's AUM significantly larger than the stock's current holding value, there is room for scaling up if the positive fundamentals are expected to persist, potentially leading to a small increase in the normalized log holding.","{""holding_log_delta"": -0.04}"
98,population,11,0.3478996521003479,0.296999703000297,0.35509964490035517,,,121,NA,2018-07-01 00:00:00,91556,5753.67565,-0.1003256783445395,-0.01,0.0903256783445395,-0.0903256783445395,True,1,type_mean,0.0083004769074155,0.0070097321687576,0.0811969348655934,0.03216904798058883,"
<think>Given ROST's current fundamentals, the firm shows solid profitability (profit=0.747) and positive asset growth (Gat=0.075), which are favorable signals. The stock's beta is slightly above 1, indicating market-like risk, and its S&P 500 weight is modest at 0.00172, suggesting it is not a major benchmark component. With the fund's AUM significantly larger than the stock's current holding value, there is room for scaling up if the fundamentals support it. Considering the positive growth and profitability signals against a moderate risk profile, a slight increase in the normalized log holding might be expected, but the magnitude would likely be modest given the stock's already substantial market weight and the fund's large overall scale.</think>
<answer>
{""holding_log_delta"": -0.01}
</answer>","Given ROST's current fundamentals, the firm shows solid profitability (profit=0.747) and positive asset growth (Gat=0.075), which are favorable signals. The stock's beta is slightly above 1, indicating market-like risk, and its S&P 500 weight is modest at 0.00172, suggesting it is not a major benchmark component. With the fund's AUM significantly larger than the stock's current holding value, there is room for scaling up if the fundamentals support it. Considering the positive growth and profitability signals against a moderate risk profile, a slight increase in the normalized log holding might be expected, but the magnitude would likely be modest given the stock's already substantial market weight and the fund's large overall scale.","{""holding_log_delta"": -0.01}"
