generation,stage,candidate_idx,risk_aversion,herd_behavior,profit_driven,ticker,company,id,quarter,date,permno,holding_t,y_true,pred,abs_error,reward,valid,best_k,profile_strength_mode,x_risk_mean,x_herd_mean,x_profit_mean,overall_mean,raw_output,reason,answer_body
39,population,0,0.37699962300037704,0.537999462000538,0.08499991500008501,PWR,QUANTA SERVICES INC,426,NA,2016-10-01 00:00:00,85792,235.997464,0.01906831175924547,-0.04,0.05906831175924547,-0.05906831175924547,True,1,type_mean,0.0105116667264412,0.009015847914168,2.8059538271968374,0.9418271139458155,"
<think>Given the firm's moderate profitability and negative asset growth, combined with low beta and a small S&P 500 weight, the stock appears relatively stable but not strongly growth-oriented. The fund's current holding is modest relative to AUM, and the stock's recent volatility is moderate. Considering the investor's low-risk profile and defensive orientation, a slight reduction in holding might be expected to manage risk exposure, though the magnitude would likely be limited due to the stock's low beta and the fund's existing small position.</think>
<answer>
{""holding_log_delta"": -0.04}
</answer>","Given the firm's moderate profitability and negative asset growth, combined with low beta and a small S&P 500 weight, the stock appears relatively stable but not strongly growth-oriented. The fund's current holding is modest relative to AUM, and the stock's recent volatility is moderate. Considering the investor's low-risk profile and defensive orientation, a slight reduction in holding might be expected to manage risk exposure, though the magnitude would likely be limited due to the stock's low beta and the fund's existing small position.","{""holding_log_delta"": -0.04}"
39,population,1,0.346999653000347,0.517999482000518,0.13499986500013503,PWR,QUANTA SERVICES INC,426,NA,2016-10-01 00:00:00,85792,235.997464,0.01906831175924547,-0.04,0.05906831175924547,-0.05906831175924547,True,1,type_mean,0.0105116667264412,0.009015847914168,2.8059538271968374,0.9418271139458155,"
<think>Given the firm's moderate profitability and negative asset growth, combined with low beta and a small S&P 500 weight, the stock appears relatively stable but not strongly growth-oriented. The fund's current holding is modest relative to AUM, and the stock's recent volatility is moderate. Considering the investor's low-risk profile and defensive orientation, a slight reduction in holding might be expected to manage risk exposure, though the magnitude would likely be limited due to the stock's low beta and the fund's existing small position.</think>
<answer>
{""holding_log_delta"": -0.04}
</answer>","Given the firm's moderate profitability and negative asset growth, combined with low beta and a small S&P 500 weight, the stock appears relatively stable but not strongly growth-oriented. The fund's current holding is modest relative to AUM, and the stock's recent volatility is moderate. Considering the investor's low-risk profile and defensive orientation, a slight reduction in holding might be expected to manage risk exposure, though the magnitude would likely be limited due to the stock's low beta and the fund's existing small position.","{""holding_log_delta"": -0.04}"
39,population,2,0.36699963300036703,0.5279994720005281,0.10499989500010501,PWR,QUANTA SERVICES INC,426,NA,2016-10-01 00:00:00,85792,235.997464,0.01906831175924547,-0.04,0.05906831175924547,-0.05906831175924547,True,1,type_mean,0.0105116667264412,0.009015847914168,2.8059538271968374,0.9418271139458155,"
<think>Given the firm's moderate profitability and negative asset growth, combined with low beta and a small S&P 500 weight, the stock appears relatively stable but not strongly growth-oriented. The fund's current holding is modest relative to AUM, and with low volatility and volume, a slight adjustment to align with the benchmark or manage concentration is plausible, likely resulting in a small normalized log change.</think>
<answer>
{""holding_log_delta"": -0.04}
</answer>","Given the firm's moderate profitability and negative asset growth, combined with low beta and a small S&P 500 weight, the stock appears relatively stable but not strongly growth-oriented. The fund's current holding is modest relative to AUM, and with low volatility and volume, a slight adjustment to align with the benchmark or manage concentration is plausible, likely resulting in a small normalized log change.","{""holding_log_delta"": -0.04}"
39,population,3,0.346999653000347,0.516999483000517,0.13599986400013603,PWR,QUANTA SERVICES INC,426,NA,2016-10-01 00:00:00,85792,235.997464,0.01906831175924547,-0.04,0.05906831175924547,-0.05906831175924547,True,1,type_mean,0.0105116667264412,0.009015847914168,2.8059538271968374,0.9418271139458155,"
<think>Given the firm's moderate profitability and negative asset growth, combined with low beta and a small S&P 500 weight, the stock appears relatively stable but not strongly growth-oriented. The fund's current holding is modest relative to AUM, and the stock's recent volatility is moderate. Considering the investor's low-risk profile and defensive orientation, a slight reduction in holding might be expected to manage risk exposure, though the magnitude would likely be limited due to the stock's low beta and the fund's existing small position.</think>
<answer>
{""holding_log_delta"": -0.04}
</answer>","Given the firm's moderate profitability and negative asset growth, combined with low beta and a small S&P 500 weight, the stock appears relatively stable but not strongly growth-oriented. The fund's current holding is modest relative to AUM, and the stock's recent volatility is moderate. Considering the investor's low-risk profile and defensive orientation, a slight reduction in holding might be expected to manage risk exposure, though the magnitude would likely be limited due to the stock's low beta and the fund's existing small position.","{""holding_log_delta"": -0.04}"
39,population,4,0.375999624000376,0.517999482000518,0.10599989400010601,PWR,QUANTA SERVICES INC,426,NA,2016-10-01 00:00:00,85792,235.997464,0.01906831175924547,-0.04,0.05906831175924547,-0.05906831175924547,True,1,type_mean,0.0105116667264412,0.009015847914168,2.8059538271968374,0.9418271139458155,"
<think>Given the firm's moderate profitability and negative asset growth, combined with low beta and a small S&P 500 weight, the stock appears relatively stable but not strongly growth-oriented. The fund's current holding is modest relative to AUM, and the stock's recent volatility is moderate. Considering the investor's low-risk profile and defensive orientation, a slight reduction in holding might be expected to manage risk exposure, though the magnitude would likely be limited due to the stock's low beta and the fund's existing small position.</think>
<answer>
{""holding_log_delta"": -0.04}
</answer>","Given the firm's moderate profitability and negative asset growth, combined with low beta and a small S&P 500 weight, the stock appears relatively stable but not strongly growth-oriented. The fund's current holding is modest relative to AUM, and the stock's recent volatility is moderate. Considering the investor's low-risk profile and defensive orientation, a slight reduction in holding might be expected to manage risk exposure, though the magnitude would likely be limited due to the stock's low beta and the fund's existing small position.","{""holding_log_delta"": -0.04}"
39,population,5,0.38699961300038704,0.517999482000518,0.094999905000095,PWR,QUANTA SERVICES INC,426,NA,2016-10-01 00:00:00,85792,235.997464,0.01906831175924547,-0.04,0.05906831175924547,-0.05906831175924547,True,1,type_mean,0.0105116667264412,0.009015847914168,2.8059538271968374,0.9418271139458155,"
<think>Given the firm's moderate profitability and negative asset growth, combined with low beta and a small S&P 500 weight, the stock appears relatively stable but not strongly growth-oriented. The fund's current holding is modest relative to AUM, and the stock's recent volatility is moderate. Considering the investor's low-risk profile and defensive orientation, a slight reduction in holding might be expected to manage risk exposure, though the magnitude would likely be limited due to the stock's low beta and the fund's existing small position.</think>
<answer>
{""holding_log_delta"": -0.04}
</answer>","Given the firm's moderate profitability and negative asset growth, combined with low beta and a small S&P 500 weight, the stock appears relatively stable but not strongly growth-oriented. The fund's current holding is modest relative to AUM, and the stock's recent volatility is moderate. Considering the investor's low-risk profile and defensive orientation, a slight reduction in holding might be expected to manage risk exposure, though the magnitude would likely be limited due to the stock's low beta and the fund's existing small position.","{""holding_log_delta"": -0.04}"
39,population,6,0.37699962300037704,0.5079994920005081,0.11499988500011502,PWR,QUANTA SERVICES INC,426,NA,2016-10-01 00:00:00,85792,235.997464,0.01906831175924547,-0.04,0.05906831175924547,-0.05906831175924547,True,1,type_mean,0.0105116667264412,0.009015847914168,2.8059538271968374,0.9418271139458155,"
<think>Given the firm's moderate profitability and negative asset growth, combined with low beta and a small S&P 500 weight, the stock appears relatively stable but not strongly growth-oriented. The fund's current holding is modest relative to AUM, and with low volatility and volume, a slight adjustment to align with the benchmark or manage concentration is plausible, likely resulting in a small normalized log change.</think>
<answer>
{""holding_log_delta"": -0.04}
</answer>","Given the firm's moderate profitability and negative asset growth, combined with low beta and a small S&P 500 weight, the stock appears relatively stable but not strongly growth-oriented. The fund's current holding is modest relative to AUM, and with low volatility and volume, a slight adjustment to align with the benchmark or manage concentration is plausible, likely resulting in a small normalized log change.","{""holding_log_delta"": -0.04}"
39,population,7,0.37699962300037704,0.5079994920005081,0.11499988500011502,PWR,QUANTA SERVICES INC,426,NA,2016-10-01 00:00:00,85792,235.997464,0.01906831175924547,-0.04,0.05906831175924547,-0.05906831175924547,True,1,type_mean,0.0105116667264412,0.009015847914168,2.8059538271968374,0.9418271139458155,"
<think>Given the firm's moderate profitability and negative asset growth, combined with low beta and a small S&P 500 weight, the stock appears relatively stable but not strongly growth-oriented. The fund's current holding is modest relative to AUM, and with low volatility and volume, a slight adjustment to align with the benchmark or manage concentration is plausible, likely resulting in a small normalized log change.</think>
<answer>
{""holding_log_delta"": -0.04}
</answer>","Given the firm's moderate profitability and negative asset growth, combined with low beta and a small S&P 500 weight, the stock appears relatively stable but not strongly growth-oriented. The fund's current holding is modest relative to AUM, and with low volatility and volume, a slight adjustment to align with the benchmark or manage concentration is plausible, likely resulting in a small normalized log change.","{""holding_log_delta"": -0.04}"
39,population,8,0.37699962300037704,0.5579994420005581,0.06499993500006501,PWR,QUANTA SERVICES INC,426,NA,2016-10-01 00:00:00,85792,235.997464,0.01906831175924547,-0.04,0.05906831175924547,-0.05906831175924547,True,1,type_mean,0.0105116667264412,0.009015847914168,2.8059538271968374,0.9418271139458155,"
<think>Given the firm's moderate profitability and negative asset growth, combined with low beta and a small S&P 500 weight, the stock appears relatively stable but not strongly growth-oriented. The fund's current holding is modest relative to AUM, and the stock's recent volatility is moderate. Considering the investor's low-risk profile and defensive orientation, a slight reduction in holding might be expected to manage risk exposure, though the magnitude would likely be limited due to the stock's low beta and the fund's existing small position.</think>
<answer>
{""holding_log_delta"": -0.04}
</answer>","Given the firm's moderate profitability and negative asset growth, combined with low beta and a small S&P 500 weight, the stock appears relatively stable but not strongly growth-oriented. The fund's current holding is modest relative to AUM, and the stock's recent volatility is moderate. Considering the investor's low-risk profile and defensive orientation, a slight reduction in holding might be expected to manage risk exposure, though the magnitude would likely be limited due to the stock's low beta and the fund's existing small position.","{""holding_log_delta"": -0.04}"
39,population,9,0.36699963300036703,0.49799950200049803,0.13499986500013503,PWR,QUANTA SERVICES INC,426,NA,2016-10-01 00:00:00,85792,235.997464,0.01906831175924547,-0.04,0.05906831175924547,-0.05906831175924547,True,1,type_mean,0.0105116667264412,0.009015847914168,2.8059538271968374,0.9418271139458155,"
<think>Given the firm's moderate profitability and negative asset growth, combined with low beta and a small S&P 500 weight, the stock appears relatively stable but not strongly growth-oriented. The fund's current holding is modest relative to AUM, and the stock's recent volatility is moderate. Considering the investor's low-risk profile and defensive orientation, a slight reduction in position size might be expected to manage risk exposure, leading to a small negative normalized log change.</think>
<answer>
{""holding_log_delta"": -0.04}
</answer>","Given the firm's moderate profitability and negative asset growth, combined with low beta and a small S&P 500 weight, the stock appears relatively stable but not strongly growth-oriented. The fund's current holding is modest relative to AUM, and the stock's recent volatility is moderate. Considering the investor's low-risk profile and defensive orientation, a slight reduction in position size might be expected to manage risk exposure, leading to a small negative normalized log change.","{""holding_log_delta"": -0.04}"
39,population,10,0.36699963300036703,0.5079994920005081,0.12499987500012501,PWR,QUANTA SERVICES INC,426,NA,2016-10-01 00:00:00,85792,235.997464,0.01906831175924547,-0.04,0.05906831175924547,-0.05906831175924547,True,1,type_mean,0.0105116667264412,0.009015847914168,2.8059538271968374,0.9418271139458155,"
<think>Given the firm's moderate profitability and negative asset growth, combined with low beta and a small S&P 500 weight, the stock appears relatively stable but not strongly growth-oriented. The fund's current holding is modest relative to AUM, and the stock's recent volatility is moderate. Considering the investor's low-risk profile and defensive orientation, a slight reduction in position size might be expected to manage risk exposure, leading to a small negative normalized log change.</think>
<answer>
{""holding_log_delta"": -0.04}
</answer>","Given the firm's moderate profitability and negative asset growth, combined with low beta and a small S&P 500 weight, the stock appears relatively stable but not strongly growth-oriented. The fund's current holding is modest relative to AUM, and the stock's recent volatility is moderate. Considering the investor's low-risk profile and defensive orientation, a slight reduction in position size might be expected to manage risk exposure, leading to a small negative normalized log change.","{""holding_log_delta"": -0.04}"
39,population,11,0.36699963300036703,0.5279994720005281,0.10499989500010501,PWR,QUANTA SERVICES INC,426,NA,2016-10-01 00:00:00,85792,235.997464,0.01906831175924547,-0.04,0.05906831175924547,-0.05906831175924547,True,1,type_mean,0.0105116667264412,0.009015847914168,2.8059538271968374,0.9418271139458155,"
<think>Given the firm's moderate profitability and negative asset growth, combined with low beta and a small S&P 500 weight, the stock appears relatively stable but not strongly growth-oriented. The fund's current holding is modest relative to AUM, and with low volatility and volume, a slight adjustment to align with the benchmark or manage concentration is plausible, likely resulting in a small normalized log change.</think>
<answer>
{""holding_log_delta"": -0.04}
</answer>","Given the firm's moderate profitability and negative asset growth, combined with low beta and a small S&P 500 weight, the stock appears relatively stable but not strongly growth-oriented. The fund's current holding is modest relative to AUM, and with low volatility and volume, a slight adjustment to align with the benchmark or manage concentration is plausible, likely resulting in a small normalized log change.","{""holding_log_delta"": -0.04}"
