generation,stage,candidate_idx,risk_aversion,herd_behavior,profit_driven,ticker,company,id,quarter,date,permno,holding_t,y_true,pred,abs_error,reward,valid,best_k,profile_strength_mode,x_risk_mean,x_herd_mean,x_profit_mean,overall_mean,raw_output,reason,answer_body
69,population,0,0.49799946200003997,0.27999974999997,0.22199978799999,CNP,CENTERPOINT ENERGY INC,1,NA,2019-04-01 00:00:00,21792,4521.062027,0.02186388449396034,-0.02,0.04186388449396034,-0.04186388449396034,True,1,type_mean,0.0082565895035254,0.0069532062192367,0.2194993243101532,0.0782363733443051,"
<think>Given the firm's moderate profitability (profit=0.18) and low beta (0.47), it appears relatively stable but not growth-oriented. The fund's current holding is substantial relative to its AUM and the stock's S&P 500 weight, suggesting a significant active position. With low volatility and a defensive beta, the stock may be viewed as a low-risk, steady asset, potentially leading to a modest increase in holding to align with the benchmark while managing concentration.</think>
<answer>
{""holding_log_delta"": -0.02}
</answer>","Given the firm's moderate profitability (profit=0.18) and low beta (0.47), it appears relatively stable but not growth-oriented. The fund's current holding is substantial relative to its AUM and the stock's S&P 500 weight, suggesting a significant active position. With low volatility and a defensive beta, the stock may be viewed as a low-risk, steady asset, potentially leading to a modest increase in holding to align with the benchmark while managing concentration.","{""holding_log_delta"": -0.02}"
69,population,1,0.5379994570000051,0.244999759999995,0.216999783,CNP,CENTERPOINT ENERGY INC,1,NA,2019-04-01 00:00:00,21792,4521.062027,0.02186388449396034,-0.04,0.06186388449396034,-0.06186388449396034,True,1,type_mean,0.0082565895035254,0.0069532062192367,0.2194993243101532,0.0782363733443051,"
<think>Given the firm's moderate profitability (profit=0.18) and low beta (0.47), it appears relatively stable but not growth-oriented. The fund's current holding is substantial relative to its AUM, and the stock's low S&P 500 weight suggests limited benchmark-driven demand. With average volatility and trading volume, a modest adjustment might be expected to align with the fund's medium activity level and low risk tolerance, likely resulting in a small negative or neutral change.</think>
<answer>
{""holding_log_delta"": -0.04}
</answer>","Given the firm's moderate profitability (profit=0.18) and low beta (0.47), it appears relatively stable but not growth-oriented. The fund's current holding is substantial relative to its AUM, and the stock's low S&P 500 weight suggests limited benchmark-driven demand. With average volatility and trading volume, a modest adjustment might be expected to align with the fund's medium activity level and low risk tolerance, likely resulting in a small negative or neutral change.","{""holding_log_delta"": -0.04}"
69,population,2,0.5329989240010861,0.21999954000048,0.247000535999434,CNP,CENTERPOINT ENERGY INC,1,NA,2019-04-01 00:00:00,21792,4521.062027,0.02186388449396034,-0.04,0.06186388449396034,-0.06186388449396034,True,1,type_mean,0.0082565895035254,0.0069532062192367,0.2194993243101532,0.0782363733443051,"
<think>Given the firm's moderate profitability (profit=0.18) and low beta (0.47), it appears relatively stable but not growth-oriented. The fund's current holding is substantial relative to its AUM and the stock's S&P 500 weight, suggesting a significant active position. With low volatility and a defensive beta, the stock may be viewed as a low-risk, steady asset, potentially leading to a modest increase in holding to align with the benchmark while managing concentration.</think>
<answer>
{""holding_log_delta"": -0.04}
</answer>","Given the firm's moderate profitability (profit=0.18) and low beta (0.47), it appears relatively stable but not growth-oriented. The fund's current holding is substantial relative to its AUM and the stock's S&P 500 weight, suggesting a significant active position. With low volatility and a defensive beta, the stock may be viewed as a low-risk, steady asset, potentially leading to a modest increase in holding to align with the benchmark while managing concentration.","{""holding_log_delta"": -0.04}"
69,population,3,0.5429994570005431,0.23999976000024,0.21699978300021702,CNP,CENTERPOINT ENERGY INC,1,NA,2019-04-01 00:00:00,21792,4521.062027,0.02186388449396034,-0.04,0.06186388449396034,-0.06186388449396034,True,1,type_mean,0.0082565895035254,0.0069532062192367,0.2194993243101532,0.0782363733443051,"
<think>Given the firm's moderate profitability (profit=0.18) and low beta (0.47), it appears relatively stable but not growth-oriented. The fund's current holding is substantial relative to its AUM and the stock's S&P 500 weight, suggesting a significant active position. With low volatility and a defensive beta, the stock may be viewed as a low-risk, steady asset, potentially leading to a modest increase in holding to align with the benchmark while managing concentration.</think>
<answer>
{""holding_log_delta"": -0.04}
</answer>","Given the firm's moderate profitability (profit=0.18) and low beta (0.47), it appears relatively stable but not growth-oriented. The fund's current holding is substantial relative to its AUM and the stock's S&P 500 weight, suggesting a significant active position. With low volatility and a defensive beta, the stock may be viewed as a low-risk, steady asset, potentially leading to a modest increase in holding to align with the benchmark while managing concentration.","{""holding_log_delta"": -0.04}"
69,population,4,0.50799946200003,0.26999974999998,0.22199978799999,CNP,CENTERPOINT ENERGY INC,1,NA,2019-04-01 00:00:00,21792,4521.062027,0.02186388449396034,-0.04,0.06186388449396034,-0.06186388449396034,True,1,type_mean,0.0082565895035254,0.0069532062192367,0.2194993243101532,0.0782363733443051,"
<think>Given the firm's moderate profitability (profit=0.18) and low beta (0.47), it appears relatively stable but not growth-oriented. The fund's current holding is substantial relative to its AUM and the stock's S&P 500 weight, suggesting a significant active position. With low volatility and a defensive beta, the stock may be viewed as a low-risk, steady asset, potentially leading to a modest increase in holding to align with the benchmark while managing concentration.</think>
<answer>
{""holding_log_delta"": -0.04}
</answer>","Given the firm's moderate profitability (profit=0.18) and low beta (0.47), it appears relatively stable but not growth-oriented. The fund's current holding is substantial relative to its AUM and the stock's S&P 500 weight, suggesting a significant active position. With low volatility and a defensive beta, the stock may be viewed as a low-risk, steady asset, potentially leading to a modest increase in holding to align with the benchmark while managing concentration.","{""holding_log_delta"": -0.04}"
69,population,5,0.51799946200002,0.25999974999999,0.22199978799999,CNP,CENTERPOINT ENERGY INC,1,NA,2019-04-01 00:00:00,21792,4521.062027,0.02186388449396034,-0.04,0.06186388449396034,-0.06186388449396034,True,1,type_mean,0.0082565895035254,0.0069532062192367,0.2194993243101532,0.0782363733443051,"
<think>Given the firm's moderate profitability (profit=0.18) and low beta (0.47), it appears relatively stable but not growth-oriented. The fund's current holding is substantial relative to its AUM, and the stock's low S&P 500 weight suggests limited benchmark-driven pressure. With average volatility and trading volume, a modest adjustment to align with the benchmark or manage concentration is expected, likely resulting in a small negative or neutral change.</think>
<answer>
{""holding_log_delta"": -0.04}
</answer>","Given the firm's moderate profitability (profit=0.18) and low beta (0.47), it appears relatively stable but not growth-oriented. The fund's current holding is substantial relative to its AUM, and the stock's low S&P 500 weight suggests limited benchmark-driven pressure. With average volatility and trading volume, a modest adjustment to align with the benchmark or manage concentration is expected, likely resulting in a small negative or neutral change.","{""holding_log_delta"": -0.04}"
69,population,6,0.5488423822113381,0.22273464290261522,0.22842196478503657,CNP,CENTERPOINT ENERGY INC,1,NA,2019-04-01 00:00:00,21792,4521.062027,0.02186388449396034,-0.04,0.06186388449396034,-0.06186388449396034,True,1,type_mean,0.0082565895035254,0.0069532062192367,0.2194993243101532,0.0782363733443051,"
<think>Given the firm's moderate profitability (profit=0.18) and low beta (0.47), it appears relatively stable but not growth-oriented. The fund's current holding is substantial relative to its AUM, and the stock's low S&P 500 weight suggests limited benchmark-driven demand. Considering the low risk profile and the fund's existing large position, a modest adjustment to align with the benchmark or manage concentration is likely, rather than a significant increase or decrease.</think>
<answer>
{""holding_log_delta"": -0.04}
</answer>","Given the firm's moderate profitability (profit=0.18) and low beta (0.47), it appears relatively stable but not growth-oriented. The fund's current holding is substantial relative to its AUM, and the stock's low S&P 500 weight suggests limited benchmark-driven demand. Considering the low risk profile and the fund's existing large position, a modest adjustment to align with the benchmark or manage concentration is likely, rather than a significant increase or decrease.","{""holding_log_delta"": -0.04}"
69,population,7,0.5429994570000001,0.22999976000001,0.22699978299999002,CNP,CENTERPOINT ENERGY INC,1,NA,2019-04-01 00:00:00,21792,4521.062027,0.02186388449396034,-0.04,0.06186388449396034,-0.06186388449396034,True,1,type_mean,0.0082565895035254,0.0069532062192367,0.2194993243101532,0.0782363733443051,"
<think>Given the firm's moderate profitability (profit=0.18) and low beta (0.47), it appears relatively stable but not growth-oriented. The fund's current holding is substantial relative to its AUM, and the stock's low S&P 500 weight suggests limited benchmark-driven pressure. With the fund's large out-of-AUM position and the stock's recent volatility, a modest reduction might be expected to manage concentration and align closer to the benchmark, though the low beta may temper the magnitude.</think>
<answer>
{""holding_log_delta"": -0.04}
</answer>","Given the firm's moderate profitability (profit=0.18) and low beta (0.47), it appears relatively stable but not growth-oriented. The fund's current holding is substantial relative to its AUM, and the stock's low S&P 500 weight suggests limited benchmark-driven pressure. With the fund's large out-of-AUM position and the stock's recent volatility, a modest reduction might be expected to manage concentration and align closer to the benchmark, though the low beta may temper the magnitude.","{""holding_log_delta"": -0.04}"
69,population,8,0.47999952000048,0.26999973000027006,0.24999975000025002,CNP,CENTERPOINT ENERGY INC,1,NA,2019-04-01 00:00:00,21792,4521.062027,0.02186388449396034,-0.03,0.051863884493960344,-0.051863884493960344,True,1,type_mean,0.0082565895035254,0.0069532062192367,0.2194993243101532,0.0782363733443051,"
<think>Given the firm's moderate profitability (profit=0.18) and low beta (0.47), it appears relatively stable but not growth-oriented. The fund's current holding is substantial relative to its AUM, and the stock's low S&P 500 weight suggests limited benchmark-driven demand. With the fund already exposed at a meaningful level and no strong positive fundamentals driving active allocation, a modest reduction or minimal adjustment in holding might be expected to manage concentration and align with the low-risk profile.</think>
<answer>
{""holding_log_delta"": -0.03}
</answer>","Given the firm's moderate profitability (profit=0.18) and low beta (0.47), it appears relatively stable but not growth-oriented. The fund's current holding is substantial relative to its AUM, and the stock's low S&P 500 weight suggests limited benchmark-driven demand. With the fund already exposed at a meaningful level and no strong positive fundamentals driving active allocation, a modest reduction or minimal adjustment in holding might be expected to manage concentration and align with the low-risk profile.","{""holding_log_delta"": -0.03}"
69,population,9,0.48999951000049,0.25999974000026005,0.24999975000025002,CNP,CENTERPOINT ENERGY INC,1,NA,2019-04-01 00:00:00,21792,4521.062027,0.02186388449396034,-0.05,0.07186388449396035,-0.07186388449396035,True,1,type_mean,0.0082565895035254,0.0069532062192367,0.2194993243101532,0.0782363733443051,"
<think>Given the firm's moderate profitability (profit=0.18) and low beta (0.47), it appears relatively stable but not growth-oriented. The fund's current holding is substantial relative to its AUM, and the stock's low S&P 500 weight suggests limited benchmark-driven demand. With average volatility and trading volume, a modest adjustment to align with the benchmark or manage concentration is expected, likely resulting in a small negative normalized log change.</think>
<answer>
{""holding_log_delta"": -0.05}
</answer>","Given the firm's moderate profitability (profit=0.18) and low beta (0.47), it appears relatively stable but not growth-oriented. The fund's current holding is substantial relative to its AUM, and the stock's low S&P 500 weight suggests limited benchmark-driven demand. With average volatility and trading volume, a modest adjustment to align with the benchmark or manage concentration is expected, likely resulting in a small negative normalized log change.","{""holding_log_delta"": -0.05}"
69,population,10,0.537999462000538,0.24999975000025002,0.21199978800021202,CNP,CENTERPOINT ENERGY INC,1,NA,2019-04-01 00:00:00,21792,4521.062027,0.02186388449396034,-0.04,0.06186388449396034,-0.06186388449396034,True,1,type_mean,0.0082565895035254,0.0069532062192367,0.2194993243101532,0.0782363733443051,"
<think>Given the firm's moderate profitability (profit=0.18) and low beta (0.47), it appears relatively stable but not growth-oriented. The fund's current holding is substantial relative to its AUM, and the stock's low S&P 500 weight suggests limited benchmark-driven pressure. With the fund's large out-of-AUM position and the stock's recent volatility, a modest reduction might be expected to manage concentration and align closer to the benchmark, though the low beta could temper the magnitude.</think>
<answer>
{""holding_log_delta"": -0.04}
</answer>","Given the firm's moderate profitability (profit=0.18) and low beta (0.47), it appears relatively stable but not growth-oriented. The fund's current holding is substantial relative to its AUM, and the stock's low S&P 500 weight suggests limited benchmark-driven pressure. With the fund's large out-of-AUM position and the stock's recent volatility, a modest reduction might be expected to manage concentration and align closer to the benchmark, though the low beta could temper the magnitude.","{""holding_log_delta"": -0.04}"
69,population,11,0.512998944001086,0.24999951000047999,0.23700054599943401,CNP,CENTERPOINT ENERGY INC,1,NA,2019-04-01 00:00:00,21792,4521.062027,0.02186388449396034,-0.04,0.06186388449396034,-0.06186388449396034,True,1,type_mean,0.0082565895035254,0.0069532062192367,0.2194993243101532,0.0782363733443051,"
<think>Given the firm's moderate profitability (profit=0.18) and low beta (0.47), it appears relatively stable but not growth-oriented. The fund's current holding is substantial relative to its AUM, and the stock's low S&P 500 weight suggests limited benchmark-driven pressure. With the fund's large out-of-AUM position, any adjustment would likely be modest to manage concentration and align with the low-risk profile, potentially resulting in a small negative or neutral normalized log change.</think>
<answer>
{""holding_log_delta"": -0.04}
</answer>","Given the firm's moderate profitability (profit=0.18) and low beta (0.47), it appears relatively stable but not growth-oriented. The fund's current holding is substantial relative to its AUM, and the stock's low S&P 500 weight suggests limited benchmark-driven pressure. With the fund's large out-of-AUM position, any adjustment would likely be modest to manage concentration and align with the low-risk profile, potentially resulting in a small negative or neutral normalized log change.","{""holding_log_delta"": -0.04}"
