generation,stage,candidate_idx,risk_aversion,herd_behavior,profit_driven,ticker,company,id,quarter,date,permno,holding_t,y_true,pred,abs_error,reward,valid,best_k,profile_strength_mode,x_risk_mean,x_herd_mean,x_profit_mean,overall_mean,raw_output,reason,answer_body
40,population,0,0.34999965000035,0.30999969000031,0.33999966000034004,,,676,NA,2019-04-01 00:00:00,77037,1049.758527,0.12332859761991348,-0.03,0.15332859761991346,-0.15332859761991346,True,1,type_mean,0.0083004769074155,0.0070097321687576,0.0811969348655934,0.03216904798058883,"
<think>Given ODFL's high beta (1.43) and positive profitability (0.3576), the stock appears growth-oriented with elevated systematic risk. The fund's current holding is modest relative to its AUM, and the stock's low S&P 500 weight suggests limited benchmark-driven pressure. Considering the firm's strong profitability and the fund's active growth style, a slight increase in holding might be expected to capture growth potential, but the elevated beta may temper the magnitude due to risk management.</think>
<answer>
{""holding_log_delta"": -0.03}
</answer>","Given ODFL's high beta (1.43) and positive profitability (0.3576), the stock appears growth-oriented with elevated systematic risk. The fund's current holding is modest relative to its AUM, and the stock's low S&P 500 weight suggests limited benchmark-driven pressure. Considering the firm's strong profitability and the fund's active growth style, a slight increase in holding might be expected to capture growth potential, but the elevated beta may temper the magnitude due to risk management.","{""holding_log_delta"": -0.03}"
40,population,1,0.2978645032513684,0.3180475455509007,0.384086951197737,,,676,NA,2019-04-01 00:00:00,77037,1049.758527,0.12332859761991348,-0.07,0.1933285976199135,-0.1933285976199135,True,1,type_mean,0.0083004769074155,0.0070097321687576,0.0811969348655934,0.03216904798058883,"
<think>Given ODFL's high beta of 1.43 and positive profitability, the stock appears growth-oriented but with elevated systematic risk. The fund's current holding is substantial relative to its AUM, and the stock's low S&P 500 weight suggests limited benchmark-driven demand. Considering the high beta and the fund's active, growth-focused profile, a modest reduction in holding might be expected to manage risk exposure, though the positive profitability could support some retention.</think>
<answer>
{""holding_log_delta"": -0.07}
</answer>","Given ODFL's high beta of 1.43 and positive profitability, the stock appears growth-oriented but with elevated systematic risk. The fund's current holding is substantial relative to its AUM, and the stock's low S&P 500 weight suggests limited benchmark-driven demand. Considering the high beta and the fund's active, growth-focused profile, a modest reduction in holding might be expected to manage risk exposure, though the positive profitability could support some retention.","{""holding_log_delta"": -0.07}"
40,population,2,0.3168315561419266,0.29702958388305617,0.38613786987640436,,,676,NA,2019-04-01 00:00:00,77037,1049.758527,0.12332859761991348,-0.01,0.13332859761991347,-0.13332859761991347,True,1,type_mean,0.0083004769074155,0.0070097321687576,0.0811969348655934,0.03216904798058883,"
<think>Given ODFL's high beta (1.43) and positive profitability (0.3576), the stock appears growth-oriented but with elevated systematic risk. The fund's current holding is modest relative to its AUM, and the stock's low S&P 500 weight suggests limited benchmark-driven pressure. Considering the firm's strong profitability and the fund's active growth style, a slight increase in holding might be expected to capture growth potential, though the high beta may temper the magnitude due to risk management.</think>
<answer>
{""holding_log_delta"": -0.01}
</answer>","Given ODFL's high beta (1.43) and positive profitability (0.3576), the stock appears growth-oriented but with elevated systematic risk. The fund's current holding is modest relative to its AUM, and the stock's low S&P 500 weight suggests limited benchmark-driven pressure. Considering the firm's strong profitability and the fund's active growth style, a slight increase in holding might be expected to capture growth potential, though the high beta may temper the magnitude due to risk management.","{""holding_log_delta"": -0.01}"
40,population,3,0.32999967000033004,0.28999971000029,0.37999962000038,,,676,NA,2019-04-01 00:00:00,77037,1049.758527,0.12332859761991348,-0.03,0.15332859761991346,-0.15332859761991346,True,1,type_mean,0.0083004769074155,0.0070097321687576,0.0811969348655934,0.03216904798058883,"
<think>Given ODFL's high beta (1.43) and positive profitability (0.3576), the stock appears growth-oriented with elevated systematic risk. The fund's current holding is modest relative to its AUM, and the stock's low S&P 500 weight suggests limited benchmark-driven pressure. Considering the firm's strong profitability and the fund's active growth style, a moderate increase in holding might be expected to align with the stock's attractive fundamentals, though the elevated beta may temper the magnitude.</think>
<answer>
{""holding_log_delta"": -0.03}
</answer>","Given ODFL's high beta (1.43) and positive profitability (0.3576), the stock appears growth-oriented with elevated systematic risk. The fund's current holding is modest relative to its AUM, and the stock's low S&P 500 weight suggests limited benchmark-driven pressure. Considering the firm's strong profitability and the fund's active growth style, a moderate increase in holding might be expected to align with the stock's attractive fundamentals, though the elevated beta may temper the magnitude.","{""holding_log_delta"": -0.03}"
40,population,4,0.32999967000033004,0.30999969000031,0.35999964000036,,,676,NA,2019-04-01 00:00:00,77037,1049.758527,0.12332859761991348,-0.03,0.15332859761991346,-0.15332859761991346,True,1,type_mean,0.0083004769074155,0.0070097321687576,0.0811969348655934,0.03216904798058883,"
<think>Given ODFL's high beta and positive profitability, the stock appears fundamentally strong but with elevated systematic risk. The fund's current holding is modest relative to its AUM and the stock's S&P 500 weight, suggesting room for adjustment. Considering the firm's growth potential and the fund's active, growth-oriented profile, a slight increase in holding might be expected to align with the stock's positive fundamentals and market importance, though the elevated beta may temper the magnitude.</think>
<answer>
{""holding_log_delta"": -0.03}
</answer>","Given ODFL's high beta and positive profitability, the stock appears fundamentally strong but with elevated systematic risk. The fund's current holding is modest relative to its AUM and the stock's S&P 500 weight, suggesting room for adjustment. Considering the firm's growth potential and the fund's active, growth-oriented profile, a slight increase in holding might be expected to align with the stock's positive fundamentals and market importance, though the elevated beta may temper the magnitude.","{""holding_log_delta"": -0.03}"
40,population,5,0.30786450319035424,0.32804754548988657,0.3640869513197653,,,676,NA,2019-04-01 00:00:00,77037,1049.758527,0.12332859761991348,-0.08,0.20332859761991348,-0.20332859761991348,True,1,type_mean,0.0083004769074155,0.0070097321687576,0.0811969348655934,0.03216904798058883,"
<think>Given ODFL's high beta of 1.43 and positive profitability, the stock appears growth-oriented but with elevated systematic risk. The fund's current holding is substantial relative to its AUM, and the stock's low S&P 500 weight suggests limited benchmark-driven demand. Considering the high beta and the fund's active, growth-focused profile, a modest reduction in holding might be expected to manage risk exposure, though the positive profitability could support some retention.</think>
<answer>
{""holding_log_delta"": -0.08}
</answer>","Given ODFL's high beta of 1.43 and positive profitability, the stock appears growth-oriented but with elevated systematic risk. The fund's current holding is substantial relative to its AUM, and the stock's low S&P 500 weight suggests limited benchmark-driven demand. Considering the high beta and the fund's active, growth-focused profile, a modest reduction in holding might be expected to manage risk exposure, though the positive profitability could support some retention.","{""holding_log_delta"": -0.08}"
40,population,6,0.2970292652683889,0.3168315859227621,0.38613815871014295,,,676,NA,2019-04-01 00:00:00,77037,1049.758527,0.12332859761991348,-0.04,0.16332859761991347,-0.16332859761991347,True,1,type_mean,0.0083004769074155,0.0070097321687576,0.0811969348655934,0.03216904798058883,"
<think>Given ODFL's high beta (1.43) and positive profitability (0.3576), the stock appears growth-oriented but with elevated systematic risk. The fund's current holding is modest relative to its AUM, and the stock's low S&P 500 weight suggests limited benchmark-driven pressure. Considering the firm's strong profitability and the fund's active growth style, a moderate increase in holding might be expected to align with the stock's attractive fundamentals, though the elevated beta may temper the magnitude.</think>
<answer>
{""holding_log_delta"": -0.04}
</answer>","Given ODFL's high beta (1.43) and positive profitability (0.3576), the stock appears growth-oriented but with elevated systematic risk. The fund's current holding is modest relative to its AUM, and the stock's low S&P 500 weight suggests limited benchmark-driven pressure. Considering the firm's strong profitability and the fund's active growth style, a moderate increase in holding might be expected to align with the stock's attractive fundamentals, though the elevated beta may temper the magnitude.","{""holding_log_delta"": -0.04}"
40,population,7,0.2978645032513684,0.33804754542887244,0.3640869513197653,,,676,NA,2019-04-01 00:00:00,77037,1049.758527,0.12332859761991348,-0.03,0.15332859761991346,-0.15332859761991346,True,1,type_mean,0.0083004769074155,0.0070097321687576,0.0811969348655934,0.03216904798058883,"
<think>Given ODFL's high beta (1.43) and positive profitability (0.3576), the stock appears growth-oriented with elevated systematic risk. The fund's current holding is modest relative to its AUM, and the stock's low S&P 500 weight suggests limited benchmark-driven pressure. Considering the firm's strong profitability and the fund's active growth profile, a slight increase in holding might be expected to capture growth potential, but the elevated beta may temper the magnitude due to risk management.</think>
<answer>
{""holding_log_delta"": -0.03}
</answer>","Given ODFL's high beta (1.43) and positive profitability (0.3576), the stock appears growth-oriented with elevated systematic risk. The fund's current holding is modest relative to its AUM, and the stock's low S&P 500 weight suggests limited benchmark-driven pressure. Considering the firm's strong profitability and the fund's active growth profile, a slight increase in holding might be expected to capture growth potential, but the elevated beta may temper the magnitude due to risk management.","{""holding_log_delta"": -0.03}"
40,population,8,0.32999967000033004,0.32999967000033004,0.33999966000034004,,,676,NA,2019-04-01 00:00:00,77037,1049.758527,0.12332859761991348,-0.04,0.16332859761991347,-0.16332859761991347,True,1,type_mean,0.0083004769074155,0.0070097321687576,0.0811969348655934,0.03216904798058883,"
<think>Given ODFL's high profitability (profit=0.3576) and positive asset growth (Gat=0.1444), alongside its elevated beta (1.4312) indicating higher systematic risk, a growth-oriented fund might increase its position to capture the strong fundamentals. However, the stock's high volatility (stock_vol_q_prev=0.2793) and the fund's substantial AUM relative to the stock's S&P 500 weight suggest caution, potentially limiting the magnitude of the increase. The expected normalized log change is likely positive but modest due to the balance between attractive fundamentals and risk management considerations.</think>
<answer>
{""holding_log_delta"": -0.04}
</answer>","Given ODFL's high profitability (profit=0.3576) and positive asset growth (Gat=0.1444), alongside its elevated beta (1.4312) indicating higher systematic risk, a growth-oriented fund might increase its position to capture the strong fundamentals. However, the stock's high volatility (stock_vol_q_prev=0.2793) and the fund's substantial AUM relative to the stock's S&P 500 weight suggest caution, potentially limiting the magnitude of the increase. The expected normalized log change is likely positive but modest due to the balance between attractive fundamentals and risk management considerations.","{""holding_log_delta"": -0.04}"
40,population,9,0.327864503068326,0.3080475456119149,0.3640869513197654,,,676,NA,2019-04-01 00:00:00,77037,1049.758527,0.12332859761991348,-0.01,0.13332859761991347,-0.13332859761991347,True,1,type_mean,0.0083004769074155,0.0070097321687576,0.0811969348655934,0.03216904798058883,"
<think>Given ODFL's high beta (1.43) and positive profitability (0.3576), the stock appears growth-oriented with elevated systematic risk. The fund's current holding is modest relative to its AUM, and the stock's low S&P 500 weight suggests limited benchmark-driven pressure. Considering the firm's strong profitability and the fund's active growth profile, a slight increase in holding might be expected to capture growth potential, but the elevated beta may temper the magnitude due to risk management.</think>
<answer>
{""holding_log_delta"": -0.01}
</answer>","Given ODFL's high beta (1.43) and positive profitability (0.3576), the stock appears growth-oriented with elevated systematic risk. The fund's current holding is modest relative to its AUM, and the stock's low S&P 500 weight suggests limited benchmark-driven pressure. Considering the firm's strong profitability and the fund's active growth profile, a slight increase in holding might be expected to capture growth potential, but the elevated beta may temper the magnitude due to risk management.","{""holding_log_delta"": -0.01}"
40,population,10,0.2999997000003,0.30999969000031,0.38999961000039,,,676,NA,2019-04-01 00:00:00,77037,1049.758527,0.12332859761991348,-0.01,0.13332859761991347,-0.13332859761991347,True,1,type_mean,0.0083004769074155,0.0070097321687576,0.0811969348655934,0.03216904798058883,"
<think>Given ODFL's high profitability (profit=0.3576) and positive asset growth (Gat=0.1444), alongside its elevated beta (1.4312) indicating higher systematic risk, a growth-oriented fund might increase its position to capture the strong fundamentals. However, the stock's high volatility (stock_vol_q_prev=0.2793) and the fund's substantial AUM relative to the stock's S&P 500 weight suggest caution, potentially limiting the magnitude of the increase. The expected normalized log change is likely positive but modest due to the balance between attractive fundamentals and risk considerations.</think>
<answer>
{""holding_log_delta"": -0.01}
</answer>","Given ODFL's high profitability (profit=0.3576) and positive asset growth (Gat=0.1444), alongside its elevated beta (1.4312) indicating higher systematic risk, a growth-oriented fund might increase its position to capture the strong fundamentals. However, the stock's high volatility (stock_vol_q_prev=0.2793) and the fund's substantial AUM relative to the stock's S&P 500 weight suggest caution, potentially limiting the magnitude of the increase. The expected normalized log change is likely positive but modest due to the balance between attractive fundamentals and risk considerations.","{""holding_log_delta"": -0.01}"
40,population,11,0.31999968000032003,0.30999969000031,0.36999963000037,,,676,NA,2019-04-01 00:00:00,77037,1049.758527,0.12332859761991348,-0.03,0.15332859761991346,-0.15332859761991346,True,1,type_mean,0.0083004769074155,0.0070097321687576,0.0811969348655934,0.03216904798058883,"
<think>Given ODFL's high beta (1.43) and positive profitability (0.3576), the stock appears growth-oriented with elevated systematic risk. The fund's current holding is modest relative to its AUM, and the stock's low S&P 500 weight suggests limited benchmark-driven pressure. Considering the firm's strong profitability and the fund's active growth style, a moderate increase in holding might be expected to align with the stock's attractive fundamentals, though the elevated beta may temper the magnitude.</think>
<answer>
{""holding_log_delta"": -0.03}
</answer>","Given ODFL's high beta (1.43) and positive profitability (0.3576), the stock appears growth-oriented with elevated systematic risk. The fund's current holding is modest relative to its AUM, and the stock's low S&P 500 weight suggests limited benchmark-driven pressure. Considering the firm's strong profitability and the fund's active growth style, a moderate increase in holding might be expected to align with the stock's attractive fundamentals, though the elevated beta may temper the magnitude.","{""holding_log_delta"": -0.03}"
