generation,stage,candidate_idx,risk_aversion,herd_behavior,profit_driven,ticker,company,id,quarter,date,permno,holding_t,y_true,pred,abs_error,reward,valid,best_k,profile_strength_mode,x_risk_mean,x_herd_mean,x_profit_mean,overall_mean,raw_output,reason,answer_body
7,population,0,0.5933539583892347,0.2505072964736091,0.15613774513715623,IFF,INTERNATIONAL FLAVORS & FRAG INC,750,NA,2017-01-01 00:00:00,40272,3119.017847,-0.059600704326614885,-0.04,0.019600704326614884,-0.019600704326614884,True,1,type_mean,0.0082565895035254,0.0069532062192367,0.2194993243101532,0.0782363733443051,"
<think>Given the firm's moderate profitability and low beta, combined with its small S&P 500 weight, the stock appears relatively stable but not a high-growth candidate. The fund's current holding is substantial relative to AUM, suggesting a significant existing exposure that may limit large directional changes due to turnover constraints. Therefore, any adjustment is likely to be modest, possibly a slight reduction to align with the benchmark or manage concentration, rather than a major shift.</think>
<answer>
{""holding_log_delta"": -0.04}
</answer>","Given the firm's moderate profitability and low beta, combined with its small S&P 500 weight, the stock appears relatively stable but not a high-growth candidate. The fund's current holding is substantial relative to AUM, suggesting a significant existing exposure that may limit large directional changes due to turnover constraints. Therefore, any adjustment is likely to be modest, possibly a slight reduction to align with the benchmark or manage concentration, rather than a major shift.","{""holding_log_delta"": -0.04}"
7,population,1,0.6029163482885631,0.29095963076612247,0.10612302108404051,IFF,INTERNATIONAL FLAVORS & FRAG INC,750,NA,2017-01-01 00:00:00,40272,3119.017847,-0.059600704326614885,-0.04,0.019600704326614884,-0.019600704326614884,True,1,type_mean,0.0082565895035254,0.0069532062192367,0.2194993243101532,0.0782363733443051,"
<think>Given the firm's moderate profitability and low beta, combined with its small S&P 500 weight, the stock appears relatively stable but not a high-growth candidate. The fund's current holding is substantial relative to AUM, suggesting a significant existing exposure that may limit large directional changes due to turnover constraints. Therefore, any adjustment is likely to be modest, possibly a slight reduction to align with the benchmark or manage concentration, rather than a major increase.</think>
<answer>
{""holding_log_delta"": -0.04}
</answer>","Given the firm's moderate profitability and low beta, combined with its small S&P 500 weight, the stock appears relatively stable but not a high-growth candidate. The fund's current holding is substantial relative to AUM, suggesting a significant existing exposure that may limit large directional changes due to turnover constraints. Therefore, any adjustment is likely to be modest, possibly a slight reduction to align with the benchmark or manage concentration, rather than a major increase.","{""holding_log_delta"": -0.04}"
7,population,2,0.6133539583898281,0.2705072964738596,0.11613774513731237,IFF,INTERNATIONAL FLAVORS & FRAG INC,750,NA,2017-01-01 00:00:00,40272,3119.017847,-0.059600704326614885,-0.04,0.019600704326614884,-0.019600704326614884,True,1,type_mean,0.0082565895035254,0.0069532062192367,0.2194993243101532,0.0782363733443051,"
<think>Given the firm's moderate profitability and low beta, combined with its small S&P 500 weight, the stock appears relatively stable but not a high-growth candidate. The fund's current holding is substantial relative to AUM, suggesting a significant existing exposure that may limit large directional changes due to turnover constraints. Therefore, any adjustment is likely to be modest, possibly a slight reduction to align with the benchmark or manage concentration, rather than a major shift.</think>
<answer>
{""holding_log_delta"": -0.04}
</answer>","Given the firm's moderate profitability and low beta, combined with its small S&P 500 weight, the stock appears relatively stable but not a high-growth candidate. The fund's current holding is substantial relative to AUM, suggesting a significant existing exposure that may limit large directional changes due to turnover constraints. Therefore, any adjustment is likely to be modest, possibly a slight reduction to align with the benchmark or manage concentration, rather than a major shift.","{""holding_log_delta"": -0.04}"
7,population,3,0.6133539583898281,0.2705072964738596,0.11613774513731237,IFF,INTERNATIONAL FLAVORS & FRAG INC,750,NA,2017-01-01 00:00:00,40272,3119.017847,-0.059600704326614885,-0.04,0.019600704326614884,-0.019600704326614884,True,1,type_mean,0.0082565895035254,0.0069532062192367,0.2194993243101532,0.0782363733443051,"
<think>Given the firm's moderate profitability and low beta, combined with its small S&P 500 weight, the stock appears relatively stable but not a high-growth candidate. The fund's current holding is substantial relative to AUM, suggesting a significant existing exposure that may limit large directional changes due to turnover constraints. Therefore, any adjustment is likely to be modest, possibly a slight reduction to align with the benchmark or manage concentration, rather than a major shift.</think>
<answer>
{""holding_log_delta"": -0.04}
</answer>","Given the firm's moderate profitability and low beta, combined with its small S&P 500 weight, the stock appears relatively stable but not a high-growth candidate. The fund's current holding is substantial relative to AUM, suggesting a significant existing exposure that may limit large directional changes due to turnover constraints. Therefore, any adjustment is likely to be modest, possibly a slight reduction to align with the benchmark or manage concentration, rather than a major shift.","{""holding_log_delta"": -0.04}"
7,population,4,0.6133539583898281,0.2705072964738596,0.11613774513731237,IFF,INTERNATIONAL FLAVORS & FRAG INC,750,NA,2017-01-01 00:00:00,40272,3119.017847,-0.059600704326614885,-0.04,0.019600704326614884,-0.019600704326614884,True,1,type_mean,0.0082565895035254,0.0069532062192367,0.2194993243101532,0.0782363733443051,"
<think>Given the firm's moderate profitability and low beta, combined with its small S&P 500 weight, the stock appears relatively stable but not a high-growth candidate. The fund's current holding is substantial relative to AUM, suggesting a significant existing exposure that may limit large directional changes due to turnover constraints. Therefore, any adjustment is likely to be modest, possibly a slight reduction to align with the benchmark or manage concentration, rather than a major shift.</think>
<answer>
{""holding_log_delta"": -0.04}
</answer>","Given the firm's moderate profitability and low beta, combined with its small S&P 500 weight, the stock appears relatively stable but not a high-growth candidate. The fund's current holding is substantial relative to AUM, suggesting a significant existing exposure that may limit large directional changes due to turnover constraints. Therefore, any adjustment is likely to be modest, possibly a slight reduction to align with the benchmark or manage concentration, rather than a major shift.","{""holding_log_delta"": -0.04}"
7,population,5,0.6133539583898281,0.2705072964738596,0.11613774513731237,IFF,INTERNATIONAL FLAVORS & FRAG INC,750,NA,2017-01-01 00:00:00,40272,3119.017847,-0.059600704326614885,-0.04,0.019600704326614884,-0.019600704326614884,True,1,type_mean,0.0082565895035254,0.0069532062192367,0.2194993243101532,0.0782363733443051,"
<think>Given the firm's moderate profitability and low beta, combined with its small S&P 500 weight, the stock appears relatively stable but not a high-growth candidate. The fund's current holding is substantial relative to AUM, suggesting a significant existing exposure that may limit large directional changes due to turnover constraints. Therefore, any adjustment is likely to be modest, possibly a slight reduction to align with the benchmark or manage concentration, rather than a major shift.</think>
<answer>
{""holding_log_delta"": -0.04}
</answer>","Given the firm's moderate profitability and low beta, combined with its small S&P 500 weight, the stock appears relatively stable but not a high-growth candidate. The fund's current holding is substantial relative to AUM, suggesting a significant existing exposure that may limit large directional changes due to turnover constraints. Therefore, any adjustment is likely to be modest, possibly a slight reduction to align with the benchmark or manage concentration, rather than a major shift.","{""holding_log_delta"": -0.04}"
7,population,6,0.6133539583898281,0.2705072964738596,0.11613774513731237,IFF,INTERNATIONAL FLAVORS & FRAG INC,750,NA,2017-01-01 00:00:00,40272,3119.017847,-0.059600704326614885,-0.04,0.019600704326614884,-0.019600704326614884,True,1,type_mean,0.0082565895035254,0.0069532062192367,0.2194993243101532,0.0782363733443051,"
<think>Given the firm's moderate profitability and low beta, combined with its small S&P 500 weight, the stock appears relatively stable but not a high-growth candidate. The fund's current holding is substantial relative to AUM, suggesting a significant existing exposure that may limit large directional changes due to turnover constraints. Therefore, any adjustment is likely to be modest, possibly a slight reduction to align with the benchmark or manage concentration, rather than a major shift.</think>
<answer>
{""holding_log_delta"": -0.04}
</answer>","Given the firm's moderate profitability and low beta, combined with its small S&P 500 weight, the stock appears relatively stable but not a high-growth candidate. The fund's current holding is substantial relative to AUM, suggesting a significant existing exposure that may limit large directional changes due to turnover constraints. Therefore, any adjustment is likely to be modest, possibly a slight reduction to align with the benchmark or manage concentration, rather than a major shift.","{""holding_log_delta"": -0.04}"
7,population,7,0.6133539583898281,0.2705072964738596,0.11613774513731237,IFF,INTERNATIONAL FLAVORS & FRAG INC,750,NA,2017-01-01 00:00:00,40272,3119.017847,-0.059600704326614885,-0.04,0.019600704326614884,-0.019600704326614884,True,1,type_mean,0.0082565895035254,0.0069532062192367,0.2194993243101532,0.0782363733443051,"
<think>Given the firm's moderate profitability and low beta, combined with its small S&P 500 weight, the stock appears relatively stable but not a high-growth candidate. The fund's current holding is substantial relative to AUM, suggesting a significant existing exposure that may limit large directional changes due to turnover constraints. Therefore, any adjustment is likely to be modest, possibly a slight reduction to align with the benchmark or manage concentration, rather than a major shift.</think>
<answer>
{""holding_log_delta"": -0.04}
</answer>","Given the firm's moderate profitability and low beta, combined with its small S&P 500 weight, the stock appears relatively stable but not a high-growth candidate. The fund's current holding is substantial relative to AUM, suggesting a significant existing exposure that may limit large directional changes due to turnover constraints. Therefore, any adjustment is likely to be modest, possibly a slight reduction to align with the benchmark or manage concentration, rather than a major shift.","{""holding_log_delta"": -0.04}"
7,population,8,0.6133539583898281,0.2705072964738596,0.11613774513731237,IFF,INTERNATIONAL FLAVORS & FRAG INC,750,NA,2017-01-01 00:00:00,40272,3119.017847,-0.059600704326614885,-0.04,0.019600704326614884,-0.019600704326614884,True,1,type_mean,0.0082565895035254,0.0069532062192367,0.2194993243101532,0.0782363733443051,"
<think>Given the firm's moderate profitability and low beta, combined with its small S&P 500 weight, the stock appears relatively stable but not a high-growth candidate. The fund's current holding is substantial relative to AUM, suggesting a significant existing exposure that may limit large directional changes due to turnover constraints. Therefore, any adjustment is likely to be modest, possibly a slight reduction to align with the benchmark or manage concentration, rather than a major shift.</think>
<answer>
{""holding_log_delta"": -0.04}
</answer>","Given the firm's moderate profitability and low beta, combined with its small S&P 500 weight, the stock appears relatively stable but not a high-growth candidate. The fund's current holding is substantial relative to AUM, suggesting a significant existing exposure that may limit large directional changes due to turnover constraints. Therefore, any adjustment is likely to be modest, possibly a slight reduction to align with the benchmark or manage concentration, rather than a major shift.","{""holding_log_delta"": -0.04}"
7,population,9,0.6133539583898281,0.2705072964738596,0.11613774513731237,IFF,INTERNATIONAL FLAVORS & FRAG INC,750,NA,2017-01-01 00:00:00,40272,3119.017847,-0.059600704326614885,-0.04,0.019600704326614884,-0.019600704326614884,True,1,type_mean,0.0082565895035254,0.0069532062192367,0.2194993243101532,0.0782363733443051,"
<think>Given the firm's moderate profitability and low beta, combined with its small S&P 500 weight, the stock appears relatively stable but not a high-growth candidate. The fund's current holding is substantial relative to AUM, suggesting a significant existing exposure that may limit large directional changes due to turnover constraints. Therefore, any adjustment is likely to be modest, possibly a slight reduction to align with the benchmark or manage concentration, rather than a major shift.</think>
<answer>
{""holding_log_delta"": -0.04}
</answer>","Given the firm's moderate profitability and low beta, combined with its small S&P 500 weight, the stock appears relatively stable but not a high-growth candidate. The fund's current holding is substantial relative to AUM, suggesting a significant existing exposure that may limit large directional changes due to turnover constraints. Therefore, any adjustment is likely to be modest, possibly a slight reduction to align with the benchmark or manage concentration, rather than a major shift.","{""holding_log_delta"": -0.04}"
7,population,10,0.6133539583898281,0.2705072964738596,0.11613774513731237,IFF,INTERNATIONAL FLAVORS & FRAG INC,750,NA,2017-01-01 00:00:00,40272,3119.017847,-0.059600704326614885,-0.04,0.019600704326614884,-0.019600704326614884,True,1,type_mean,0.0082565895035254,0.0069532062192367,0.2194993243101532,0.0782363733443051,"
<think>Given the firm's moderate profitability and low beta, combined with its small S&P 500 weight, the stock appears relatively stable but not a high-growth candidate. The fund's current holding is substantial relative to AUM, suggesting a significant existing exposure that may limit large directional changes due to turnover constraints. Therefore, any adjustment is likely to be modest, possibly a slight reduction to align with the benchmark or manage concentration, rather than a major shift.</think>
<answer>
{""holding_log_delta"": -0.04}
</answer>","Given the firm's moderate profitability and low beta, combined with its small S&P 500 weight, the stock appears relatively stable but not a high-growth candidate. The fund's current holding is substantial relative to AUM, suggesting a significant existing exposure that may limit large directional changes due to turnover constraints. Therefore, any adjustment is likely to be modest, possibly a slight reduction to align with the benchmark or manage concentration, rather than a major shift.","{""holding_log_delta"": -0.04}"
7,population,11,0.6133539583898281,0.2705072964738596,0.11613774513731237,IFF,INTERNATIONAL FLAVORS & FRAG INC,750,NA,2017-01-01 00:00:00,40272,3119.017847,-0.059600704326614885,-0.04,0.019600704326614884,-0.019600704326614884,True,1,type_mean,0.0082565895035254,0.0069532062192367,0.2194993243101532,0.0782363733443051,"
<think>Given the firm's moderate profitability and low beta, combined with its small S&P 500 weight, the stock appears relatively stable but not a high-growth candidate. The fund's current holding is substantial relative to AUM, suggesting a significant existing exposure that may limit large directional changes due to turnover constraints. Therefore, any adjustment is likely to be modest, possibly a slight reduction to align with the benchmark or manage concentration, rather than a major shift.</think>
<answer>
{""holding_log_delta"": -0.04}
</answer>","Given the firm's moderate profitability and low beta, combined with its small S&P 500 weight, the stock appears relatively stable but not a high-growth candidate. The fund's current holding is substantial relative to AUM, suggesting a significant existing exposure that may limit large directional changes due to turnover constraints. Therefore, any adjustment is likely to be modest, possibly a slight reduction to align with the benchmark or manage concentration, rather than a major shift.","{""holding_log_delta"": -0.04}"
