generation,stage,candidate_idx,risk_aversion,herd_behavior,profit_driven,ticker,company,id,quarter,date,permno,holding_t,y_true,pred,abs_error,reward,valid,best_k,profile_strength_mode,x_risk_mean,x_herd_mean,x_profit_mean,overall_mean,raw_output,reason,answer_body
98,population,0,0.31999968000032003,0.43999956000044005,0.23999976000024,ALB,ALBEMARLE CORP,298,NA,2016-07-01 00:00:00,80191,181.221356,-0.012513750872638858,-0.07,0.05748624912736115,-0.05748624912736115,True,1,type_mean,0.0105116667264412,0.009015847914168,2.8059538271968374,0.9418271139458155,"
<think>Given ALB's high beta of 1.77 and negative Gat (-0.037) indicating potential earnings decline, combined with its current holding being substantial relative to AUM, a defensive investor might reduce exposure to manage risk. The stock's high volatility (0.326) and negative growth signal could prompt a decrease, but the low S&P 500 weight suggests limited benchmark pressure. Considering the fund's high AUM and the stock's elevated beta, a moderate reduction in holding is expected to align with risk management.</think>
<answer>
{""holding_log_delta"": -0.07}
</answer>","Given ALB's high beta of 1.77 and negative Gat (-0.037) indicating potential earnings decline, combined with its current holding being substantial relative to AUM, a defensive investor might reduce exposure to manage risk. The stock's high volatility (0.326) and negative growth signal could prompt a decrease, but the low S&P 500 weight suggests limited benchmark pressure. Considering the fund's high AUM and the stock's elevated beta, a moderate reduction in holding is expected to align with risk management.","{""holding_log_delta"": -0.07}"
98,population,1,0.3267325697478768,0.48514792549779606,0.1881185146556311,ALB,ALBEMARLE CORP,298,NA,2016-07-01 00:00:00,80191,181.221356,-0.012513750872638858,-0.04,0.027486249127361143,-0.027486249127361143,True,1,type_mean,0.0105116667264412,0.009015847914168,2.8059538271968374,0.9418271139458155,"
<think>Given ALB's high beta of 1.77 and negative Gat (-0.037) indicating potential earnings decline, combined with its current holding being substantial relative to AUM, a defensive investor might reduce exposure to manage risk. The stock's high volatility (0.326) and negative growth signal could prompt a decrease, especially considering the fund's already significant allocation and the defensive investor's low-risk profile.</think>
<answer>
{""holding_log_delta"": -0.04}
</answer>","Given ALB's high beta of 1.77 and negative Gat (-0.037) indicating potential earnings decline, combined with its current holding being substantial relative to AUM, a defensive investor might reduce exposure to manage risk. The stock's high volatility (0.326) and negative growth signal could prompt a decrease, especially considering the fund's already significant allocation and the defensive investor's low-risk profile.","{""holding_log_delta"": -0.04}"
98,population,2,0.3899996599998128,0.4299995200002736,0.1799998199999136,ALB,ALBEMARLE CORP,298,NA,2016-07-01 00:00:00,80191,181.221356,-0.012513750872638858,-0.04,0.027486249127361143,-0.027486249127361143,True,1,type_mean,0.0105116667264412,0.009015847914168,2.8059538271968374,0.9418271139458155,"
<think>Given ALB's high beta of 1.77 and negative Gat (-0.037) indicating potential earnings decline, combined with its current holding being substantial relative to AUM, a defensive investor might reduce exposure to manage risk. The stock's high volatility (0.326) further supports a cautious adjustment, likely leading to a small decrease in the normalized log holding.</think>
<answer>
{""holding_log_delta"": -0.04}
</answer>","Given ALB's high beta of 1.77 and negative Gat (-0.037) indicating potential earnings decline, combined with its current holding being substantial relative to AUM, a defensive investor might reduce exposure to manage risk. The stock's high volatility (0.326) further supports a cautious adjustment, likely leading to a small decrease in the normalized log holding.","{""holding_log_delta"": -0.04}"
98,population,3,0.33999966000034004,0.43999956000044005,0.21999978000022002,ALB,ALBEMARLE CORP,298,NA,2016-07-01 00:00:00,80191,181.221356,-0.012513750872638858,-0.04,0.027486249127361143,-0.027486249127361143,True,1,type_mean,0.0105116667264412,0.009015847914168,2.8059538271968374,0.9418271139458155,"
<think>Given ALB's high beta of 1.77 and negative Gat (-0.037) indicating potential earnings decline, combined with its current holding being substantial relative to AUM, a defensive investor might reduce exposure to manage risk. The stock's high volatility (0.326) further supports a cautious adjustment, likely leading to a small decrease in the normalized log holding.</think>
<answer>
{""holding_log_delta"": -0.04}
</answer>","Given ALB's high beta of 1.77 and negative Gat (-0.037) indicating potential earnings decline, combined with its current holding being substantial relative to AUM, a defensive investor might reduce exposure to manage risk. The stock's high volatility (0.326) further supports a cautious adjustment, likely leading to a small decrease in the normalized log holding.","{""holding_log_delta"": -0.04}"
98,population,4,0.32999967000033004,0.45999954000046006,0.20999979000021002,ALB,ALBEMARLE CORP,298,NA,2016-07-01 00:00:00,80191,181.221356,-0.012513750872638858,-0.07,0.05748624912736115,-0.05748624912736115,True,1,type_mean,0.0105116667264412,0.009015847914168,2.8059538271968374,0.9418271139458155,"
<think>Given ALB's high beta of 1.77 and negative Gat (-0.037) indicating potential earnings decline, combined with its current holding being substantial relative to AUM, a defensive investor might reduce exposure to manage risk. The stock's high volatility (0.326) and negative growth signal could prompt a decrease, but the low S&P 500 weight suggests limited benchmark pressure. Considering the fund's high AUM and the stock's significant existing position, a moderate reduction in holding is expected to align with risk management while maintaining some exposure.</think>
<answer>
{""holding_log_delta"": -0.07}
</answer>","Given ALB's high beta of 1.77 and negative Gat (-0.037) indicating potential earnings decline, combined with its current holding being substantial relative to AUM, a defensive investor might reduce exposure to manage risk. The stock's high volatility (0.326) and negative growth signal could prompt a decrease, but the low S&P 500 weight suggests limited benchmark pressure. Considering the fund's high AUM and the stock's significant existing position, a moderate reduction in holding is expected to align with risk management while maintaining some exposure.","{""holding_log_delta"": -0.07}"
98,population,5,0.33999966000034004,0.44999955000045005,0.20999979000021002,ALB,ALBEMARLE CORP,298,NA,2016-07-01 00:00:00,80191,181.221356,-0.012513750872638858,-0.04,0.027486249127361143,-0.027486249127361143,True,1,type_mean,0.0105116667264412,0.009015847914168,2.8059538271968374,0.9418271139458155,"
<think>Given ALB's high beta of 1.77 and negative Gat (-0.037) indicating potential earnings decline, combined with its current holding being substantial relative to AUM, a defensive investor might reduce exposure to manage risk. The stock's high volatility (0.326) further supports a cautious adjustment, likely leading to a small decrease in the normalized log holding.</think>
<answer>
{""holding_log_delta"": -0.04}
</answer>","Given ALB's high beta of 1.77 and negative Gat (-0.037) indicating potential earnings decline, combined with its current holding being substantial relative to AUM, a defensive investor might reduce exposure to manage risk. The stock's high volatility (0.326) further supports a cautious adjustment, likely leading to a small decrease in the normalized log holding.","{""holding_log_delta"": -0.04}"
98,population,6,0.30999969000031,0.47999952000048,0.20999979000021002,ALB,ALBEMARLE CORP,298,NA,2016-07-01 00:00:00,80191,181.221356,-0.012513750872638858,-0.04,0.027486249127361143,-0.027486249127361143,True,1,type_mean,0.0105116667264412,0.009015847914168,2.8059538271968374,0.9418271139458155,"
<think>Given ALB's high beta of 1.77 and negative Gat (-0.037) indicating potential earnings decline, combined with its current holding being substantial relative to AUM, a defensive investor might reduce exposure to manage risk. The stock's high volatility (0.326) further supports a cautious adjustment, likely leading to a small decrease in the normalized log holding.</think>
<answer>
{""holding_log_delta"": -0.04}
</answer>","Given ALB's high beta of 1.77 and negative Gat (-0.037) indicating potential earnings decline, combined with its current holding being substantial relative to AUM, a defensive investor might reduce exposure to manage risk. The stock's high volatility (0.326) further supports a cautious adjustment, likely leading to a small decrease in the normalized log holding.","{""holding_log_delta"": -0.04}"
98,population,7,0.34999965000035,0.44999955000045005,0.19999980000020004,ALB,ALBEMARLE CORP,298,NA,2016-07-01 00:00:00,80191,181.221356,-0.012513750872638858,-0.04,0.027486249127361143,-0.027486249127361143,True,1,type_mean,0.0105116667264412,0.009015847914168,2.8059538271968374,0.9418271139458155,"
<think>Given ALB's high beta of 1.77 and negative Gat (-0.037) indicating potential earnings decline, combined with its current holding being substantial relative to AUM, a defensive investor might reduce exposure to manage risk. The stock's high volatility (0.326) further supports a cautious adjustment, likely leading to a small decrease in the normalized log holding.</think>
<answer>
{""holding_log_delta"": -0.04}
</answer>","Given ALB's high beta of 1.77 and negative Gat (-0.037) indicating potential earnings decline, combined with its current holding being substantial relative to AUM, a defensive investor might reduce exposure to manage risk. The stock's high volatility (0.326) further supports a cautious adjustment, likely leading to a small decrease in the normalized log holding.","{""holding_log_delta"": -0.04}"
98,population,8,0.33663341005794806,0.47524716714063253,0.18811843270315443,ALB,ALBEMARLE CORP,298,NA,2016-07-01 00:00:00,80191,181.221356,-0.012513750872638858,-0.04,0.027486249127361143,-0.027486249127361143,True,1,type_mean,0.0105116667264412,0.009015847914168,2.8059538271968374,0.9418271139458155,"
<think>Given ALB's high beta of 1.77 and negative Gat (-0.037) indicating potential earnings decline, combined with its current holding being substantial relative to AUM, a defensive investor might reduce exposure to manage risk. The stock's high volatility (0.326) further supports a cautious adjustment, likely leading to a small decrease in the normalized log holding.</think>
<answer>
{""holding_log_delta"": -0.04}
</answer>","Given ALB's high beta of 1.77 and negative Gat (-0.037) indicating potential earnings decline, combined with its current holding being substantial relative to AUM, a defensive investor might reduce exposure to manage risk. The stock's high volatility (0.326) further supports a cautious adjustment, likely leading to a small decrease in the normalized log holding.","{""holding_log_delta"": -0.04}"
98,population,9,0.36999942840059036,0.43999970080006273,0.1899998708000271,ALB,ALBEMARLE CORP,298,NA,2016-07-01 00:00:00,80191,181.221356,-0.012513750872638858,-0.04,0.027486249127361143,-0.027486249127361143,True,1,type_mean,0.0105116667264412,0.009015847914168,2.8059538271968374,0.9418271139458155,"
<think>Given ALB's high beta of 1.77 and negative Gat (-0.037) indicating potential earnings decline, combined with its current holding being substantial relative to AUM, a defensive investor might reduce exposure to manage risk. The stock's high volatility (0.326) further supports a cautious adjustment, likely leading to a small decrease in the normalized log holding.</think>
<answer>
{""holding_log_delta"": -0.04}
</answer>","Given ALB's high beta of 1.77 and negative Gat (-0.037) indicating potential earnings decline, combined with its current holding being substantial relative to AUM, a defensive investor might reduce exposure to manage risk. The stock's high volatility (0.326) further supports a cautious adjustment, likely leading to a small decrease in the normalized log holding.","{""holding_log_delta"": -0.04}"
98,population,10,0.32999967000033004,0.46999953000047,0.19999980000020004,ALB,ALBEMARLE CORP,298,NA,2016-07-01 00:00:00,80191,181.221356,-0.012513750872638858,-0.07,0.05748624912736115,-0.05748624912736115,True,1,type_mean,0.0105116667264412,0.009015847914168,2.8059538271968374,0.9418271139458155,"
<think>Given ALB's high beta of 1.77 and negative Gat (-0.037) indicating potential earnings decline, combined with its current holding being substantial relative to AUM, a defensive investor might reduce exposure to manage risk. The stock's high volatility (0.326) further supports a cautious adjustment, likely leading to a moderate decrease in the normalized log holding.</think>
<answer>
{""holding_log_delta"": -0.07}
</answer>","Given ALB's high beta of 1.77 and negative Gat (-0.037) indicating potential earnings decline, combined with its current holding being substantial relative to AUM, a defensive investor might reduce exposure to manage risk. The stock's high volatility (0.326) further supports a cautious adjustment, likely leading to a moderate decrease in the normalized log holding.","{""holding_log_delta"": -0.07}"
98,population,11,0.35643537535547437,0.4554452018431062,0.18811843270315443,ALB,ALBEMARLE CORP,298,NA,2016-07-01 00:00:00,80191,181.221356,-0.012513750872638858,-0.03,0.01748624912736114,-0.01748624912736114,True,1,type_mean,0.0105116667264412,0.009015847914168,2.8059538271968374,0.9418271139458155,"
<think>Given ALB's high beta of 1.77 and negative Gat (-0.037) indicating potential earnings decline, combined with its current holding being substantial relative to AUM, a defensive investor might reduce exposure to manage risk. The stock's high volatility (0.326) further supports a cautious adjustment, likely leading to a small decrease in the normalized log holding.</think>
<answer>
{""holding_log_delta"": -0.03}
</answer>","Given ALB's high beta of 1.77 and negative Gat (-0.037) indicating potential earnings decline, combined with its current holding being substantial relative to AUM, a defensive investor might reduce exposure to manage risk. The stock's high volatility (0.326) further supports a cautious adjustment, likely leading to a small decrease in the normalized log holding.","{""holding_log_delta"": -0.03}"
