generation,stage,candidate_idx,risk_aversion,herd_behavior,profit_driven,ticker,company,id,quarter,date,permno,holding_t,y_true,pred,abs_error,reward,valid,best_k,profile_strength_mode,x_risk_mean,x_herd_mean,x_profit_mean,overall_mean,raw_output,reason,answer_body
50,population,0,0.357999642000358,0.516999483000517,0.12499987500012501,IEX,IDEX CORP,428,NA,2018-01-01 00:00:00,75591,401.354175,0.011755623164081765,-0.1,0.11175562316408177,-0.11175562316408177,True,1,type_mean,0.0105116667264412,0.009015847914168,2.8059538271968374,0.9418271139458155,"
<think>Given the firm's moderate profitability and low asset growth, combined with a beta above 1 indicating higher systematic risk, the fund may reduce its position to align with its low-risk profile and benchmark weight. The current holding is substantial relative to the fund's AUM and the stock's small S&P 500 weight, suggesting potential for a normalization towards a more modest exposure.</think>
<answer>
{""holding_log_delta"": -0.1}
</answer>","Given the firm's moderate profitability and low asset growth, combined with a beta above 1 indicating higher systematic risk, the fund may reduce its position to align with its low-risk profile and benchmark weight. The current holding is substantial relative to the fund's AUM and the stock's small S&P 500 weight, suggesting potential for a normalization towards a more modest exposure.","{""holding_log_delta"": -0.1}"
50,population,1,0.36699963300036703,0.5279994720005281,0.10499989500010501,IEX,IDEX CORP,428,NA,2018-01-01 00:00:00,75591,401.354175,0.011755623164081765,-0.1,0.11175562316408177,-0.11175562316408177,True,1,type_mean,0.0105116667264412,0.009015847914168,2.8059538271968374,0.9418271139458155,"
<think>Given the firm's moderate profitability and low asset growth, combined with a beta above 1 indicating higher systematic risk, the fund may reduce its position to align with its low-risk profile and benchmark weight. The current holding is substantial relative to the fund's AUM and the stock's small S&P 500 weight, suggesting potential for a normalization towards a more modest exposure.</think>
<answer>
{""holding_log_delta"": -0.1}
</answer>","Given the firm's moderate profitability and low asset growth, combined with a beta above 1 indicating higher systematic risk, the fund may reduce its position to align with its low-risk profile and benchmark weight. The current holding is substantial relative to the fund's AUM and the stock's small S&P 500 weight, suggesting potential for a normalization towards a more modest exposure.","{""holding_log_delta"": -0.1}"
50,population,2,0.36699963300036703,0.5279994720005281,0.10499989500010501,IEX,IDEX CORP,428,NA,2018-01-01 00:00:00,75591,401.354175,0.011755623164081765,-0.1,0.11175562316408177,-0.11175562316408177,True,1,type_mean,0.0105116667264412,0.009015847914168,2.8059538271968374,0.9418271139458155,"
<think>Given the firm's moderate profitability and low asset growth, combined with a beta above 1 indicating higher systematic risk, the fund may reduce its position to align with its low-risk profile and benchmark weight. The current holding is substantial relative to the fund's AUM and the stock's small S&P 500 weight, suggesting potential for a normalization towards a more modest exposure.</think>
<answer>
{""holding_log_delta"": -0.1}
</answer>","Given the firm's moderate profitability and low asset growth, combined with a beta above 1 indicating higher systematic risk, the fund may reduce its position to align with its low-risk profile and benchmark weight. The current holding is substantial relative to the fund's AUM and the stock's small S&P 500 weight, suggesting potential for a normalization towards a more modest exposure.","{""holding_log_delta"": -0.1}"
50,population,3,0.36699963300036703,0.5279994720005281,0.10499989500010501,IEX,IDEX CORP,428,NA,2018-01-01 00:00:00,75591,401.354175,0.011755623164081765,-0.1,0.11175562316408177,-0.11175562316408177,True,1,type_mean,0.0105116667264412,0.009015847914168,2.8059538271968374,0.9418271139458155,"
<think>Given the firm's moderate profitability and low asset growth, combined with a beta above 1 indicating higher systematic risk, the fund may reduce its position to align with its low-risk profile and benchmark weight. The current holding is substantial relative to the fund's AUM and the stock's small S&P 500 weight, suggesting potential for a normalization towards a more modest exposure.</think>
<answer>
{""holding_log_delta"": -0.1}
</answer>","Given the firm's moderate profitability and low asset growth, combined with a beta above 1 indicating higher systematic risk, the fund may reduce its position to align with its low-risk profile and benchmark weight. The current holding is substantial relative to the fund's AUM and the stock's small S&P 500 weight, suggesting potential for a normalization towards a more modest exposure.","{""holding_log_delta"": -0.1}"
50,population,4,0.37699962300037704,0.5579994420005581,0.06499993500006501,IEX,IDEX CORP,428,NA,2018-01-01 00:00:00,75591,401.354175,0.011755623164081765,-0.1,0.11175562316408177,-0.11175562316408177,True,1,type_mean,0.0105116667264412,0.009015847914168,2.8059538271968374,0.9418271139458155,"
<think>Given the firm's moderate profitability and low asset growth, combined with a beta above 1 indicating higher systematic risk, the fund may reduce its position to align with its low-risk profile and benchmark weight. The current holding is substantial relative to the fund's AUM and the stock's small S&P 500 weight, suggesting potential for a normalization towards a more modest exposure.</think>
<answer>
{""holding_log_delta"": -0.1}
</answer>","Given the firm's moderate profitability and low asset growth, combined with a beta above 1 indicating higher systematic risk, the fund may reduce its position to align with its low-risk profile and benchmark weight. The current holding is substantial relative to the fund's AUM and the stock's small S&P 500 weight, suggesting potential for a normalization towards a more modest exposure.","{""holding_log_delta"": -0.1}"
50,population,5,0.37699962300037704,0.5579994420005581,0.06499993500006501,IEX,IDEX CORP,428,NA,2018-01-01 00:00:00,75591,401.354175,0.011755623164081765,-0.1,0.11175562316408177,-0.11175562316408177,True,1,type_mean,0.0105116667264412,0.009015847914168,2.8059538271968374,0.9418271139458155,"
<think>Given the firm's moderate profitability and low asset growth, combined with a beta above 1 indicating higher systematic risk, the fund may reduce its position to align with its low-risk profile and benchmark weight. The current holding is substantial relative to the fund's AUM and the stock's small S&P 500 weight, suggesting potential for a normalization towards a more modest exposure.</think>
<answer>
{""holding_log_delta"": -0.1}
</answer>","Given the firm's moderate profitability and low asset growth, combined with a beta above 1 indicating higher systematic risk, the fund may reduce its position to align with its low-risk profile and benchmark weight. The current holding is substantial relative to the fund's AUM and the stock's small S&P 500 weight, suggesting potential for a normalization towards a more modest exposure.","{""holding_log_delta"": -0.1}"
50,population,6,0.36281840311268476,0.5122431307509828,0.12493746663659944,IEX,IDEX CORP,428,NA,2018-01-01 00:00:00,75591,401.354175,0.011755623164081765,-0.1,0.11175562316408177,-0.11175562316408177,True,1,type_mean,0.0105116667264412,0.009015847914168,2.8059538271968374,0.9418271139458155,"
<think>Given the firm's moderate profitability and low asset growth, combined with a beta above 1 indicating higher systematic risk, the fund may reduce its position to align with its low-risk profile and benchmark weight. The current holding is substantial relative to the fund's AUM and the stock's small S&P 500 weight, suggesting potential for a normalization towards a more modest exposure.</think>
<answer>
{""holding_log_delta"": -0.1}
</answer>","Given the firm's moderate profitability and low asset growth, combined with a beta above 1 indicating higher systematic risk, the fund may reduce its position to align with its low-risk profile and benchmark weight. The current holding is substantial relative to the fund's AUM and the stock's small S&P 500 weight, suggesting potential for a normalization towards a more modest exposure.","{""holding_log_delta"": -0.1}"
50,population,7,0.346999653000347,0.517999482000518,0.13499986500013503,IEX,IDEX CORP,428,NA,2018-01-01 00:00:00,75591,401.354175,0.011755623164081765,-0.1,0.11175562316408177,-0.11175562316408177,True,1,type_mean,0.0105116667264412,0.009015847914168,2.8059538271968374,0.9418271139458155,"
<think>Given the firm's moderate profitability and low asset growth, combined with a beta above 1 indicating higher systematic risk than the market, the fund may reduce its position to align with its low-risk profile and benchmark weight. The current holding is substantial relative to the fund's AUM and the stock's small S&P 500 weight, suggesting potential for a normalization towards a more modest exposure.</think>
<answer>
{""holding_log_delta"": -0.1}
</answer>","Given the firm's moderate profitability and low asset growth, combined with a beta above 1 indicating higher systematic risk than the market, the fund may reduce its position to align with its low-risk profile and benchmark weight. The current holding is substantial relative to the fund's AUM and the stock's small S&P 500 weight, suggesting potential for a normalization towards a more modest exposure.","{""holding_log_delta"": -0.1}"
50,population,8,0.3693513561012054,0.5471508120967324,0.08349684948462568,IEX,IDEX CORP,428,NA,2018-01-01 00:00:00,75591,401.354175,0.011755623164081765,-0.1,0.11175562316408177,-0.11175562316408177,True,1,type_mean,0.0105116667264412,0.009015847914168,2.8059538271968374,0.9418271139458155,"
<think>Given the firm's moderate profitability and low asset growth, combined with a beta above 1 indicating higher systematic risk, the fund may reduce its position to align with its low-risk profile and benchmark weight. The current holding is substantial relative to the fund's AUM and the stock's small S&P 500 weight, suggesting potential for a normalization towards a more modest exposure.</think>
<answer>
{""holding_log_delta"": -0.1}
</answer>","Given the firm's moderate profitability and low asset growth, combined with a beta above 1 indicating higher systematic risk, the fund may reduce its position to align with its low-risk profile and benchmark weight. The current holding is substantial relative to the fund's AUM and the stock's small S&P 500 weight, suggesting potential for a normalization towards a more modest exposure.","{""holding_log_delta"": -0.1}"
50,population,9,0.37299962700037304,0.521999478000522,0.10499989500010501,IEX,IDEX CORP,428,NA,2018-01-01 00:00:00,75591,401.354175,0.011755623164081765,-0.07,0.08175562316408178,-0.08175562316408178,True,1,type_mean,0.0105116667264412,0.009015847914168,2.8059538271968374,0.9418271139458155,"
<think>Given the firm's moderate profitability and low asset growth, combined with a beta above 1 indicating higher systematic risk, the fund may reduce exposure due to its low-risk profile and benchmark orientation. The current holding is substantial relative to AUM, and the stock's low S&P 500 weight suggests limited strategic importance, likely leading to a modest decrease in position size to align with risk constraints.</think>
<answer>
{""holding_log_delta"": -0.07}
</answer>","Given the firm's moderate profitability and low asset growth, combined with a beta above 1 indicating higher systematic risk, the fund may reduce exposure due to its low-risk profile and benchmark orientation. The current holding is substantial relative to AUM, and the stock's low S&P 500 weight suggests limited strategic importance, likely leading to a modest decrease in position size to align with risk constraints.","{""holding_log_delta"": -0.07}"
50,population,10,0.375999624000376,0.516999483000517,0.10699989300010701,IEX,IDEX CORP,428,NA,2018-01-01 00:00:00,75591,401.354175,0.011755623164081765,-0.1,0.11175562316408177,-0.11175562316408177,True,1,type_mean,0.0105116667264412,0.009015847914168,2.8059538271968374,0.9418271139458155,"
<think>Given the firm's moderate profitability and low asset growth, combined with a beta above 1 indicating higher systematic risk, the fund may reduce its position due to the high stock volatility and the fund's low-risk profile. The current holding is substantial relative to the fund's AUM and the stock's small S&P 500 weight, suggesting potential for a meaningful decrease to align with the fund's defensive strategy and risk constraints.</think>
<answer>
{""holding_log_delta"": -0.1}
</answer>","Given the firm's moderate profitability and low asset growth, combined with a beta above 1 indicating higher systematic risk, the fund may reduce its position due to the high stock volatility and the fund's low-risk profile. The current holding is substantial relative to the fund's AUM and the stock's small S&P 500 weight, suggesting potential for a meaningful decrease to align with the fund's defensive strategy and risk constraints.","{""holding_log_delta"": -0.1}"
50,population,11,0.375999624000376,0.5069994930005071,0.11699988300011702,IEX,IDEX CORP,428,NA,2018-01-01 00:00:00,75591,401.354175,0.011755623164081765,-0.1,0.11175562316408177,-0.11175562316408177,True,1,type_mean,0.0105116667264412,0.009015847914168,2.8059538271968374,0.9418271139458155,"
<think>Given the firm's moderate profitability and low asset growth, combined with a beta above 1 indicating higher systematic risk than the market, the fund may reduce its position to align with its low-risk profile and benchmark weight. The current holding is substantial relative to the fund's AUM and the stock's small S&P 500 weight, suggesting potential for a normalization towards a more modest exposure.</think>
<answer>
{""holding_log_delta"": -0.1}
</answer>","Given the firm's moderate profitability and low asset growth, combined with a beta above 1 indicating higher systematic risk than the market, the fund may reduce its position to align with its low-risk profile and benchmark weight. The current holding is substantial relative to the fund's AUM and the stock's small S&P 500 weight, suggesting potential for a normalization towards a more modest exposure.","{""holding_log_delta"": -0.1}"
