generation,stage,candidate_idx,risk_aversion,herd_behavior,profit_driven,ticker,company,id,quarter,date,permno,holding_t,y_true,pred,abs_error,reward,valid,best_k,profile_strength_mode,x_risk_mean,x_herd_mean,x_profit_mean,overall_mean,raw_output,reason,answer_body
0,population,0,0.37739411440597026,0.6182805725204876,0.004324313074542126,CTAS,CINTAS CORP,776,NA,2016-04-01 00:00:00,23660,86.849856,0.13754633868100785,-0.04,0.17754633868100786,-0.17754633868100786,True,1,type_mean,0.0105116667264412,0.009015847914168,2.8059538271968374,0.9418271139458155,"
<think>Given the firm's moderate profitability and negative asset growth, combined with low beta and a small S&P 500 weight, the stock presents limited fundamental momentum. The fund's current holding is relatively small compared to its AUM, and the stock's recent volatility is moderate but not extreme. Considering the investor's defensive style and low risk tolerance, a modest adjustment to align with the benchmark or reduce exposure due to mixed signals would be expected, likely resulting in a slight negative normalized log change.</think>
<answer>
{""holding_log_delta"": -0.04}
</answer>","Given the firm's moderate profitability and negative asset growth, combined with low beta and a small S&P 500 weight, the stock presents limited fundamental momentum. The fund's current holding is relatively small compared to its AUM, and the stock's recent volatility is moderate but not extreme. Considering the investor's defensive style and low risk tolerance, a modest adjustment to align with the benchmark or reduce exposure due to mixed signals would be expected, likely resulting in a slight negative normalized log change.","{""holding_log_delta"": -0.04}"
0,population,1,0.37739411440597026,0.6182805725204876,0.004324313074542126,CTAS,CINTAS CORP,776,NA,2016-04-01 00:00:00,23660,86.849856,0.13754633868100785,-0.04,0.17754633868100786,-0.17754633868100786,True,1,type_mean,0.0105116667264412,0.009015847914168,2.8059538271968374,0.9418271139458155,"
<think>Given the firm's moderate profitability and negative asset growth, combined with low beta and a small S&P 500 weight, the stock presents limited fundamental momentum. The fund's current holding is relatively small compared to its AUM, and the stock's recent volatility is moderate but not extreme. Considering the investor's defensive style and low risk tolerance, a modest adjustment to align with the benchmark or reduce exposure due to mixed signals would be expected, likely resulting in a slight negative normalized log change.</think>
<answer>
{""holding_log_delta"": -0.04}
</answer>","Given the firm's moderate profitability and negative asset growth, combined with low beta and a small S&P 500 weight, the stock presents limited fundamental momentum. The fund's current holding is relatively small compared to its AUM, and the stock's recent volatility is moderate but not extreme. Considering the investor's defensive style and low risk tolerance, a modest adjustment to align with the benchmark or reduce exposure due to mixed signals would be expected, likely resulting in a slight negative normalized log change.","{""holding_log_delta"": -0.04}"
0,population,2,0.37739411440597026,0.6182805725204876,0.004324313074542126,CTAS,CINTAS CORP,776,NA,2016-04-01 00:00:00,23660,86.849856,0.13754633868100785,-0.04,0.17754633868100786,-0.17754633868100786,True,1,type_mean,0.0105116667264412,0.009015847914168,2.8059538271968374,0.9418271139458155,"
<think>Given the firm's moderate profitability and negative asset growth, combined with low beta and a small S&P 500 weight, the stock presents limited fundamental momentum. The fund's current holding is relatively small compared to its AUM, and the stock's recent volatility is moderate but not extreme. Considering the investor's defensive style and low risk tolerance, a modest adjustment to align with the benchmark or reduce exposure due to mixed signals would be expected, likely resulting in a slight negative normalized log change.</think>
<answer>
{""holding_log_delta"": -0.04}
</answer>","Given the firm's moderate profitability and negative asset growth, combined with low beta and a small S&P 500 weight, the stock presents limited fundamental momentum. The fund's current holding is relatively small compared to its AUM, and the stock's recent volatility is moderate but not extreme. Considering the investor's defensive style and low risk tolerance, a modest adjustment to align with the benchmark or reduce exposure due to mixed signals would be expected, likely resulting in a slight negative normalized log change.","{""holding_log_delta"": -0.04}"
0,population,3,0.37739411440597026,0.6182805725204876,0.004324313074542126,CTAS,CINTAS CORP,776,NA,2016-04-01 00:00:00,23660,86.849856,0.13754633868100785,-0.04,0.17754633868100786,-0.17754633868100786,True,1,type_mean,0.0105116667264412,0.009015847914168,2.8059538271968374,0.9418271139458155,"
<think>Given the firm's moderate profitability and negative asset growth, combined with low beta and a small S&P 500 weight, the stock presents limited fundamental momentum. The fund's current holding is relatively small compared to its AUM, and the stock's recent volatility is moderate but not extreme. Considering the investor's defensive style and low risk tolerance, a modest adjustment to align with the benchmark or reduce exposure due to mixed signals would be expected, likely resulting in a slight negative normalized log change.</think>
<answer>
{""holding_log_delta"": -0.04}
</answer>","Given the firm's moderate profitability and negative asset growth, combined with low beta and a small S&P 500 weight, the stock presents limited fundamental momentum. The fund's current holding is relatively small compared to its AUM, and the stock's recent volatility is moderate but not extreme. Considering the investor's defensive style and low risk tolerance, a modest adjustment to align with the benchmark or reduce exposure due to mixed signals would be expected, likely resulting in a slight negative normalized log change.","{""holding_log_delta"": -0.04}"
0,population,4,0.37739411440597026,0.6182805725204876,0.004324313074542126,CTAS,CINTAS CORP,776,NA,2016-04-01 00:00:00,23660,86.849856,0.13754633868100785,-0.04,0.17754633868100786,-0.17754633868100786,True,1,type_mean,0.0105116667264412,0.009015847914168,2.8059538271968374,0.9418271139458155,"
<think>Given the firm's moderate profitability and negative asset growth, combined with low beta and a small S&P 500 weight, the stock presents limited fundamental momentum. The fund's current holding is relatively small compared to its AUM, and the stock's recent volatility is moderate but not extreme. Considering the investor's defensive style and low risk tolerance, a modest adjustment to align with the benchmark or reduce exposure due to mixed signals would be expected, likely resulting in a slight negative normalized log change.</think>
<answer>
{""holding_log_delta"": -0.04}
</answer>","Given the firm's moderate profitability and negative asset growth, combined with low beta and a small S&P 500 weight, the stock presents limited fundamental momentum. The fund's current holding is relatively small compared to its AUM, and the stock's recent volatility is moderate but not extreme. Considering the investor's defensive style and low risk tolerance, a modest adjustment to align with the benchmark or reduce exposure due to mixed signals would be expected, likely resulting in a slight negative normalized log change.","{""holding_log_delta"": -0.04}"
0,population,5,0.37739411440597026,0.6182805725204876,0.004324313074542126,CTAS,CINTAS CORP,776,NA,2016-04-01 00:00:00,23660,86.849856,0.13754633868100785,-0.04,0.17754633868100786,-0.17754633868100786,True,1,type_mean,0.0105116667264412,0.009015847914168,2.8059538271968374,0.9418271139458155,"
<think>Given the firm's moderate profitability and negative asset growth, combined with low beta and a small S&P 500 weight, the stock presents limited fundamental momentum. The fund's current holding is relatively small compared to its AUM, and the stock's recent volatility is moderate but not extreme. Considering the investor's defensive style and low risk tolerance, a modest adjustment to align with the benchmark or reduce exposure due to mixed signals would be expected, likely resulting in a slight negative normalized log change.</think>
<answer>
{""holding_log_delta"": -0.04}
</answer>","Given the firm's moderate profitability and negative asset growth, combined with low beta and a small S&P 500 weight, the stock presents limited fundamental momentum. The fund's current holding is relatively small compared to its AUM, and the stock's recent volatility is moderate but not extreme. Considering the investor's defensive style and low risk tolerance, a modest adjustment to align with the benchmark or reduce exposure due to mixed signals would be expected, likely resulting in a slight negative normalized log change.","{""holding_log_delta"": -0.04}"
0,population,6,0.37739411440597026,0.6182805725204876,0.004324313074542126,CTAS,CINTAS CORP,776,NA,2016-04-01 00:00:00,23660,86.849856,0.13754633868100785,-0.04,0.17754633868100786,-0.17754633868100786,True,1,type_mean,0.0105116667264412,0.009015847914168,2.8059538271968374,0.9418271139458155,"
<think>Given the firm's moderate profitability and negative asset growth, combined with low beta and a small S&P 500 weight, the stock presents limited fundamental momentum. The fund's current holding is relatively small compared to its AUM, and the stock's recent volatility is moderate but not extreme. Considering the investor's defensive style and low risk tolerance, a modest adjustment to align with the benchmark or reduce exposure due to mixed signals would be expected, likely resulting in a slight negative normalized log change.</think>
<answer>
{""holding_log_delta"": -0.04}
</answer>","Given the firm's moderate profitability and negative asset growth, combined with low beta and a small S&P 500 weight, the stock presents limited fundamental momentum. The fund's current holding is relatively small compared to its AUM, and the stock's recent volatility is moderate but not extreme. Considering the investor's defensive style and low risk tolerance, a modest adjustment to align with the benchmark or reduce exposure due to mixed signals would be expected, likely resulting in a slight negative normalized log change.","{""holding_log_delta"": -0.04}"
0,population,7,0.37739411440597026,0.6182805725204876,0.004324313074542126,CTAS,CINTAS CORP,776,NA,2016-04-01 00:00:00,23660,86.849856,0.13754633868100785,-0.04,0.17754633868100786,-0.17754633868100786,True,1,type_mean,0.0105116667264412,0.009015847914168,2.8059538271968374,0.9418271139458155,"
<think>Given the firm's moderate profitability and negative asset growth, combined with low beta and a small S&P 500 weight, the stock presents limited fundamental momentum. The fund's current holding is relatively small compared to its AUM, and the stock's recent volatility is moderate but not extreme. Considering the investor's defensive style and low risk tolerance, a modest adjustment to align with the benchmark or reduce exposure due to mixed signals would be expected, likely resulting in a slight negative normalized log change.</think>
<answer>
{""holding_log_delta"": -0.04}
</answer>","Given the firm's moderate profitability and negative asset growth, combined with low beta and a small S&P 500 weight, the stock presents limited fundamental momentum. The fund's current holding is relatively small compared to its AUM, and the stock's recent volatility is moderate but not extreme. Considering the investor's defensive style and low risk tolerance, a modest adjustment to align with the benchmark or reduce exposure due to mixed signals would be expected, likely resulting in a slight negative normalized log change.","{""holding_log_delta"": -0.04}"
0,population,8,0.37739411440597026,0.6182805725204876,0.004324313074542126,CTAS,CINTAS CORP,776,NA,2016-04-01 00:00:00,23660,86.849856,0.13754633868100785,-0.04,0.17754633868100786,-0.17754633868100786,True,1,type_mean,0.0105116667264412,0.009015847914168,2.8059538271968374,0.9418271139458155,"
<think>Given the firm's moderate profitability and negative asset growth, combined with low beta and a small S&P 500 weight, the stock presents limited fundamental momentum. The fund's current holding is relatively small compared to its AUM, and the stock's recent volatility is moderate but not extreme. Considering the investor's defensive style and low risk tolerance, a modest adjustment to align with the benchmark or reduce exposure due to mixed signals would be expected, likely resulting in a slight negative normalized log change.</think>
<answer>
{""holding_log_delta"": -0.04}
</answer>","Given the firm's moderate profitability and negative asset growth, combined with low beta and a small S&P 500 weight, the stock presents limited fundamental momentum. The fund's current holding is relatively small compared to its AUM, and the stock's recent volatility is moderate but not extreme. Considering the investor's defensive style and low risk tolerance, a modest adjustment to align with the benchmark or reduce exposure due to mixed signals would be expected, likely resulting in a slight negative normalized log change.","{""holding_log_delta"": -0.04}"
0,population,9,0.37739411440597026,0.6182805725204876,0.004324313074542126,CTAS,CINTAS CORP,776,NA,2016-04-01 00:00:00,23660,86.849856,0.13754633868100785,-0.04,0.17754633868100786,-0.17754633868100786,True,1,type_mean,0.0105116667264412,0.009015847914168,2.8059538271968374,0.9418271139458155,"
<think>Given the firm's moderate profitability and negative asset growth, combined with low beta and a small S&P 500 weight, the stock presents limited fundamental momentum. The fund's current holding is relatively small compared to its AUM, and the stock's recent volatility is moderate but not extreme. Considering the investor's defensive style and low risk tolerance, a modest adjustment to align with the benchmark or reduce exposure due to mixed signals would be expected, likely resulting in a slight negative normalized log change.</think>
<answer>
{""holding_log_delta"": -0.04}
</answer>","Given the firm's moderate profitability and negative asset growth, combined with low beta and a small S&P 500 weight, the stock presents limited fundamental momentum. The fund's current holding is relatively small compared to its AUM, and the stock's recent volatility is moderate but not extreme. Considering the investor's defensive style and low risk tolerance, a modest adjustment to align with the benchmark or reduce exposure due to mixed signals would be expected, likely resulting in a slight negative normalized log change.","{""holding_log_delta"": -0.04}"
0,population,10,0.37739411440597026,0.6182805725204876,0.004324313074542126,CTAS,CINTAS CORP,776,NA,2016-04-01 00:00:00,23660,86.849856,0.13754633868100785,-0.04,0.17754633868100786,-0.17754633868100786,True,1,type_mean,0.0105116667264412,0.009015847914168,2.8059538271968374,0.9418271139458155,"
<think>Given the firm's moderate profitability and negative asset growth, combined with low beta and a small S&P 500 weight, the stock presents limited fundamental momentum. The fund's current holding is relatively small compared to its AUM, and the stock's recent volatility is moderate but not extreme. Considering the investor's defensive style and low risk tolerance, a modest adjustment to align with the benchmark or reduce exposure due to mixed signals would be expected, likely resulting in a slight negative normalized log change.</think>
<answer>
{""holding_log_delta"": -0.04}
</answer>","Given the firm's moderate profitability and negative asset growth, combined with low beta and a small S&P 500 weight, the stock presents limited fundamental momentum. The fund's current holding is relatively small compared to its AUM, and the stock's recent volatility is moderate but not extreme. Considering the investor's defensive style and low risk tolerance, a modest adjustment to align with the benchmark or reduce exposure due to mixed signals would be expected, likely resulting in a slight negative normalized log change.","{""holding_log_delta"": -0.04}"
0,population,11,0.37739411440597026,0.6182805725204876,0.004324313074542126,CTAS,CINTAS CORP,776,NA,2016-04-01 00:00:00,23660,86.849856,0.13754633868100785,-0.04,0.17754633868100786,-0.17754633868100786,True,1,type_mean,0.0105116667264412,0.009015847914168,2.8059538271968374,0.9418271139458155,"
<think>Given the firm's moderate profitability and negative asset growth, combined with low beta and a small S&P 500 weight, the stock presents limited fundamental momentum. The fund's current holding is relatively small compared to its AUM, and the stock's recent volatility is moderate but not extreme. Considering the investor's defensive style and low risk tolerance, a modest adjustment to align with the benchmark or reduce exposure due to mixed signals would be expected, likely resulting in a slight negative normalized log change.</think>
<answer>
{""holding_log_delta"": -0.04}
</answer>","Given the firm's moderate profitability and negative asset growth, combined with low beta and a small S&P 500 weight, the stock presents limited fundamental momentum. The fund's current holding is relatively small compared to its AUM, and the stock's recent volatility is moderate but not extreme. Considering the investor's defensive style and low risk tolerance, a modest adjustment to align with the benchmark or reduce exposure due to mixed signals would be expected, likely resulting in a slight negative normalized log change.","{""holding_log_delta"": -0.04}"
