generation,stage,candidate_idx,risk_aversion,herd_behavior,profit_driven,ticker,company,id,quarter,date,permno,holding_t,y_true,pred,abs_error,reward,valid,best_k,profile_strength_mode,x_risk_mean,x_herd_mean,x_profit_mean,overall_mean,raw_output,reason,answer_body
33,population,0,0.3478645050687631,0.31804754749144054,0.3340869535412106,,,770,NA,2017-10-01 00:00:00,23393,2155.587987,-0.007563991822528912,-0.04,0.03243600817747109,-0.03243600817747109,True,1,type_mean,0.0083004769074155,0.0070097321687576,0.0811969348655934,0.03216904798058883,"
<think>Given the firm's moderate profitability (profit=0.3437) and positive asset growth (Gat=0.079532), along with a low beta (0.480286) indicating lower systematic risk, the stock appears fundamentally sound. The fund's current holding is relatively small compared to its AUM, and the stock's low S&P 500 weight suggests limited benchmark pressure. With positive fundamentals and low risk, a modest increase in holding might be expected to align with the firm's growth profile, but the magnitude would likely be tempered by the fund's existing low exposure.</think>
<answer>
{""holding_log_delta"": -0.04}
</answer>","Given the firm's moderate profitability (profit=0.3437) and positive asset growth (Gat=0.079532), along with a low beta (0.480286) indicating lower systematic risk, the stock appears fundamentally sound. The fund's current holding is relatively small compared to its AUM, and the stock's low S&P 500 weight suggests limited benchmark pressure. With positive fundamentals and low risk, a modest increase in holding might be expected to align with the firm's growth profile, but the magnitude would likely be tempered by the fund's existing low exposure.","{""holding_log_delta"": -0.04}"
33,population,1,0.31999968000032003,0.33999966000034004,0.33999966000034004,,,770,NA,2017-10-01 00:00:00,23393,2155.587987,-0.007563991822528912,-0.03,0.022436008177471087,-0.022436008177471087,True,1,type_mean,0.0083004769074155,0.0070097321687576,0.0811969348655934,0.03216904798058883,"
<think>Given the firm's moderate profitability (profit=0.3437) and positive asset growth (Gat=0.079532), along with a low beta (0.480286) indicating lower systematic risk, the stock appears fundamentally sound. The fund's current holding is relatively small compared to its AUM, and the stock's low S&P 500 weight suggests limited benchmark pressure. With positive fundamentals and low risk, a modest increase in holding might be expected to align with the firm's growth profile, but the magnitude would likely be tempered by the stock's already elevated volatility (stock_vol_q_prev=0.13884) and the fund's existing exposure.</think>
<answer>
{""holding_log_delta"": -0.03}
</answer>","Given the firm's moderate profitability (profit=0.3437) and positive asset growth (Gat=0.079532), along with a low beta (0.480286) indicating lower systematic risk, the stock appears fundamentally sound. The fund's current holding is relatively small compared to its AUM, and the stock's low S&P 500 weight suggests limited benchmark pressure. With positive fundamentals and low risk, a modest increase in holding might be expected to align with the firm's growth profile, but the magnitude would likely be tempered by the stock's already elevated volatility (stock_vol_q_prev=0.13884) and the fund's existing exposure.","{""holding_log_delta"": -0.03}"
33,population,2,0.28999979030112744,0.2699998047631187,0.43999940493647705,,,770,NA,2017-10-01 00:00:00,23393,2155.587987,-0.007563991822528912,-0.04,0.03243600817747109,-0.03243600817747109,True,1,type_mean,0.0083004769074155,0.0070097321687576,0.0811969348655934,0.03216904798058883,"
<think>Given the firm's high profitability (profit=0.3437) and positive asset growth (Gat=0.079532), along with a low beta (0.480286) indicating lower systematic risk, the stock appears fundamentally strong. The fund's current holding is relatively small compared to its AUM, and the stock's low S&P 500 weight suggests it is not a major benchmark component, allowing for potential increase without significant benchmark pressure. Considering the positive fundamentals and the fund's capacity to adjust holdings, a modest increase in the normalized log holding is expected.</think>
<answer>
{""holding_log_delta"": -0.04}
</answer>","Given the firm's high profitability (profit=0.3437) and positive asset growth (Gat=0.079532), along with a low beta (0.480286) indicating lower systematic risk, the stock appears fundamentally strong. The fund's current holding is relatively small compared to its AUM, and the stock's low S&P 500 weight suggests it is not a major benchmark component, allowing for potential increase without significant benchmark pressure. Considering the positive fundamentals and the fund's capacity to adjust holdings, a modest increase in the normalized log holding is expected.","{""holding_log_delta"": -0.04}"
33,population,3,0.33999966000034004,0.30999969000031,0.34999965000035,,,770,NA,2017-10-01 00:00:00,23393,2155.587987,-0.007563991822528912,-0.03,0.022436008177471087,-0.022436008177471087,True,1,type_mean,0.0083004769074155,0.0070097321687576,0.0811969348655934,0.03216904798058883,"
<think>Given the firm's moderate profitability (profit=0.3437) and positive asset growth (Gat=0.079532), along with a low beta (0.480286) indicating lower systematic risk, the stock appears fundamentally sound. The fund's current holding is relatively small compared to its AUM, and the stock's low S&P 500 weight suggests limited benchmark pressure. With positive fundamentals and low risk, a modest increase in holding might be expected to align with the firm's growth profile, but the magnitude would likely be tempered by the stock's already elevated volatility (stock_vol_q_prev=0.13884) and the fund's existing exposure.</think>
<answer>
{""holding_log_delta"": -0.03}
</answer>","Given the firm's moderate profitability (profit=0.3437) and positive asset growth (Gat=0.079532), along with a low beta (0.480286) indicating lower systematic risk, the stock appears fundamentally sound. The fund's current holding is relatively small compared to its AUM, and the stock's low S&P 500 weight suggests limited benchmark pressure. With positive fundamentals and low risk, a modest increase in holding might be expected to align with the firm's growth profile, but the magnitude would likely be tempered by the stock's already elevated volatility (stock_vol_q_prev=0.13884) and the fund's existing exposure.","{""holding_log_delta"": -0.03}"
33,population,4,0.35999964000036,0.2999997000003,0.33999966000034004,,,770,NA,2017-10-01 00:00:00,23393,2155.587987,-0.007563991822528912,-0.03,0.022436008177471087,-0.022436008177471087,True,1,type_mean,0.0083004769074155,0.0070097321687576,0.0811969348655934,0.03216904798058883,"
<think>Given the firm's moderate profitability (profit=0.3437) and positive asset growth (Gat=0.079532), along with a low beta (0.480286) indicating lower systematic risk, the stock appears fundamentally sound. The fund's current holding is relatively small compared to its AUM, and the stock's low S&P 500 weight suggests limited benchmark pressure. With positive fundamentals and low risk, a modest increase in holding might be expected to align with the firm's growth profile, but the magnitude would likely be tempered by the fund's existing low position size.</think>
<answer>
{""holding_log_delta"": -0.03}
</answer>","Given the firm's moderate profitability (profit=0.3437) and positive asset growth (Gat=0.079532), along with a low beta (0.480286) indicating lower systematic risk, the stock appears fundamentally sound. The fund's current holding is relatively small compared to its AUM, and the stock's low S&P 500 weight suggests limited benchmark pressure. With positive fundamentals and low risk, a modest increase in holding might be expected to align with the firm's growth profile, but the magnitude would likely be tempered by the fund's existing low position size.","{""holding_log_delta"": -0.03}"
33,population,5,0.37999962000038,0.27999972000028006,0.33999966000034004,,,770,NA,2017-10-01 00:00:00,23393,2155.587987,-0.007563991822528912,-0.04,0.03243600817747109,-0.03243600817747109,True,1,type_mean,0.0083004769074155,0.0070097321687576,0.0811969348655934,0.03216904798058883,"
<think>Given the firm's moderate profitability (profit=0.3437) and positive asset growth (Gat=0.079532), along with a low beta (0.480286) indicating lower systematic risk, the stock appears fundamentally sound. The fund's current holding is relatively small compared to its AUM, and the stock's low S&P 500 weight suggests limited benchmark pressure. With positive fundamentals and low risk, a modest increase in holding might be expected to align with the firm's growth profile, but the magnitude would likely be tempered by the stock's already elevated volatility (stock_vol_q_prev=0.13884) and the fund's existing exposure.</think>
<answer>
{""holding_log_delta"": -0.04}
</answer>","Given the firm's moderate profitability (profit=0.3437) and positive asset growth (Gat=0.079532), along with a low beta (0.480286) indicating lower systematic risk, the stock appears fundamentally sound. The fund's current holding is relatively small compared to its AUM, and the stock's low S&P 500 weight suggests limited benchmark pressure. With positive fundamentals and low risk, a modest increase in holding might be expected to align with the firm's growth profile, but the magnitude would likely be tempered by the stock's already elevated volatility (stock_vol_q_prev=0.13884) and the fund's existing exposure.","{""holding_log_delta"": -0.04}"
33,population,6,0.33786450300731186,0.2880475457339432,0.3740869512587512,,,770,NA,2017-10-01 00:00:00,23393,2155.587987,-0.007563991822528912,-0.04,0.03243600817747109,-0.03243600817747109,True,1,type_mean,0.0083004769074155,0.0070097321687576,0.0811969348655934,0.03216904798058883,"
<think>Given the firm's moderate profitability (profit=0.3437) and positive asset growth (Gat=0.079532), along with a low beta (0.480286) indicating lower systematic risk, the stock appears fundamentally sound. The fund's current holding is relatively small compared to its AUM, and the stock's low S&P 500 weight suggests limited benchmark pressure. With positive fundamentals and low risk, a modest increase in holding might be expected to align with the firm's growth profile, but the magnitude would likely be tempered by the fund's existing low exposure.</think>
<answer>
{""holding_log_delta"": -0.04}
</answer>","Given the firm's moderate profitability (profit=0.3437) and positive asset growth (Gat=0.079532), along with a low beta (0.480286) indicating lower systematic risk, the stock appears fundamentally sound. The fund's current holding is relatively small compared to its AUM, and the stock's low S&P 500 weight suggests limited benchmark pressure. With positive fundamentals and low risk, a modest increase in holding might be expected to align with the firm's growth profile, but the magnitude would likely be tempered by the fund's existing low exposure.","{""holding_log_delta"": -0.04}"
33,population,7,0.327864503068326,0.3080475456119149,0.3640869513197654,,,770,NA,2017-10-01 00:00:00,23393,2155.587987,-0.007563991822528912,-0.03,0.022436008177471087,-0.022436008177471087,True,1,type_mean,0.0083004769074155,0.0070097321687576,0.0811969348655934,0.03216904798058883,"
<think>Given the firm's moderate profitability (profit=0.3437) and positive asset growth (Gat=0.079532), along with a low beta (0.480286) indicating lower systematic risk, the stock appears fundamentally sound. The fund's current holding is relatively small compared to its AUM, and the stock's low S&P 500 weight suggests limited benchmark pressure. With positive fundamentals and low risk, a modest increase in holding might be expected to align with the firm's growth profile, but the magnitude would likely be tempered by the fund's existing low position and the stock's already elevated volatility.</think>
<answer>
{""holding_log_delta"": -0.03}
</answer>","Given the firm's moderate profitability (profit=0.3437) and positive asset growth (Gat=0.079532), along with a low beta (0.480286) indicating lower systematic risk, the stock appears fundamentally sound. The fund's current holding is relatively small compared to its AUM, and the stock's low S&P 500 weight suggests limited benchmark pressure. With positive fundamentals and low risk, a modest increase in holding might be expected to align with the firm's growth profile, but the magnitude would likely be tempered by the fund's existing low position and the stock's already elevated volatility.","{""holding_log_delta"": -0.03}"
33,population,8,0.3478645029462977,0.29804754567292907,0.3540869513807795,,,770,NA,2017-10-01 00:00:00,23393,2155.587987,-0.007563991822528912,-0.04,0.03243600817747109,-0.03243600817747109,True,1,type_mean,0.0083004769074155,0.0070097321687576,0.0811969348655934,0.03216904798058883,"
<think>Given the firm's moderate profitability (profit=0.3437) and positive asset growth (Gat=0.079532), along with a low beta (0.480286) indicating lower systematic risk, the stock appears fundamentally sound. The fund's current holding is relatively small compared to its AUM, and the stock's low S&P 500 weight suggests limited benchmark pressure. With positive fundamentals and low risk, a modest increase in holding might be expected to align with the firm's growth profile, but the magnitude would likely be tempered by the fund's existing low position size.</think>
<answer>
{""holding_log_delta"": -0.04}
</answer>","Given the firm's moderate profitability (profit=0.3437) and positive asset growth (Gat=0.079532), along with a low beta (0.480286) indicating lower systematic risk, the stock appears fundamentally sound. The fund's current holding is relatively small compared to its AUM, and the stock's low S&P 500 weight suggests limited benchmark pressure. With positive fundamentals and low risk, a modest increase in holding might be expected to align with the firm's growth profile, but the magnitude would likely be tempered by the fund's existing low position size.","{""holding_log_delta"": -0.04}"
33,population,9,0.3168315561419266,0.29702958388305617,0.38613786987640436,,,770,NA,2017-10-01 00:00:00,23393,2155.587987,-0.007563991822528912,-0.03,0.022436008177471087,-0.022436008177471087,True,1,type_mean,0.0083004769074155,0.0070097321687576,0.0811969348655934,0.03216904798058883,"
<think>Given the firm's moderate profitability (profit=0.3437) and positive asset growth (Gat=0.079532), along with a low beta (0.480286) indicating lower systematic risk, the stock appears fundamentally sound. The fund's current holding is relatively small compared to its AUM, and the stock's low S&P 500 weight suggests limited benchmark pressure. With positive fundamentals and low risk, a modest increase in holding might be expected to align with the firm's growth profile, but the magnitude would likely be tempered by the fund's existing low position and the stock's already elevated volatility.</think>
<answer>
{""holding_log_delta"": -0.03}
</answer>","Given the firm's moderate profitability (profit=0.3437) and positive asset growth (Gat=0.079532), along with a low beta (0.480286) indicating lower systematic risk, the stock appears fundamentally sound. The fund's current holding is relatively small compared to its AUM, and the stock's low S&P 500 weight suggests limited benchmark pressure. With positive fundamentals and low risk, a modest increase in holding might be expected to align with the firm's growth profile, but the magnitude would likely be tempered by the fund's existing low position and the stock's already elevated volatility.","{""holding_log_delta"": -0.03}"
33,population,10,0.2999997000003,0.30999969000031,0.38999961000039,,,770,NA,2017-10-01 00:00:00,23393,2155.587987,-0.007563991822528912,-0.03,0.022436008177471087,-0.022436008177471087,True,1,type_mean,0.0083004769074155,0.0070097321687576,0.0811969348655934,0.03216904798058883,"
<think>Given the firm's moderate profitability (profit=0.3437) and positive asset growth (Gat=0.079532), along with a low beta (0.480286) indicating lower systematic risk, the stock appears fundamentally sound. The fund's current holding is relatively small compared to its AUM, and the stock's low S&P 500 weight suggests limited benchmark pressure. With positive fundamentals and low risk, a modest increase in holding might be expected to align with the firm's growth profile, but the magnitude would likely be tempered by the stock's already elevated volatility (stock_vol_q_prev=0.13884) and the fund's existing low position.</think>
<answer>
{""holding_log_delta"": -0.03}
</answer>","Given the firm's moderate profitability (profit=0.3437) and positive asset growth (Gat=0.079532), along with a low beta (0.480286) indicating lower systematic risk, the stock appears fundamentally sound. The fund's current holding is relatively small compared to its AUM, and the stock's low S&P 500 weight suggests limited benchmark pressure. With positive fundamentals and low risk, a modest increase in holding might be expected to align with the firm's growth profile, but the magnitude would likely be tempered by the stock's already elevated volatility (stock_vol_q_prev=0.13884) and the fund's existing low position.","{""holding_log_delta"": -0.03}"
33,population,11,0.33999966000034004,0.28999971000029,0.36999963000037,,,770,NA,2017-10-01 00:00:00,23393,2155.587987,-0.007563991822528912,-0.03,0.022436008177471087,-0.022436008177471087,True,1,type_mean,0.0083004769074155,0.0070097321687576,0.0811969348655934,0.03216904798058883,"
<think>Given the firm's moderate profitability (profit=0.3437) and positive asset growth (Gat=0.079532), along with a low beta (0.480286) indicating lower systematic risk, the stock appears fundamentally sound. The fund's current holding is relatively small compared to its AUM, and the stock's low S&P 500 weight suggests limited benchmark pressure. With positive fundamentals and low risk, a modest increase in holding might be expected to align with the firm's growth profile, but the magnitude would likely be tempered by the stock's already elevated volatility (stock_vol_q_prev=0.13884) and the fund's existing exposure.</think>
<answer>
{""holding_log_delta"": -0.03}
</answer>","Given the firm's moderate profitability (profit=0.3437) and positive asset growth (Gat=0.079532), along with a low beta (0.480286) indicating lower systematic risk, the stock appears fundamentally sound. The fund's current holding is relatively small compared to its AUM, and the stock's low S&P 500 weight suggests limited benchmark pressure. With positive fundamentals and low risk, a modest increase in holding might be expected to align with the firm's growth profile, but the magnitude would likely be tempered by the stock's already elevated volatility (stock_vol_q_prev=0.13884) and the fund's existing exposure.","{""holding_log_delta"": -0.03}"
