generation,stage,candidate_idx,risk_aversion,herd_behavior,profit_driven,ticker,company,id,quarter,date,permno,holding_t,y_true,pred,abs_error,reward,valid,best_k,profile_strength_mode,x_risk_mean,x_herd_mean,x_profit_mean,overall_mean,raw_output,reason,answer_body
94,population,0,0.33999966000034004,0.47999952000048,0.17999982000018,XEL,X C E L ENERGY INC,34,NA,2017-10-01 00:00:00,23931,467.129102,-0.140789897668173,-0.04,0.10078989766817298,-0.10078989766817298,True,1,type_mean,0.0105116667264412,0.009015847914168,2.8059538271968374,0.9418271139458155,"
<think>Given the firm's low beta (0.113) and moderate profitability (profit=0.163), the stock appears stable but not growth-oriented. The fund's current holding is substantial relative to AUM, and the stock's low S&P 500 weight suggests limited benchmark-driven pressure. With the fund already exposed at a meaningful level and no strong catalysts indicated, a modest adjustment to align with the low-risk profile and benchmark weight is expected, likely resulting in a small negative normalized log change.</think>
<answer>
{""holding_log_delta"": -0.04}
</answer>","Given the firm's low beta (0.113) and moderate profitability (profit=0.163), the stock appears stable but not growth-oriented. The fund's current holding is substantial relative to AUM, and the stock's low S&P 500 weight suggests limited benchmark-driven pressure. With the fund already exposed at a meaningful level and no strong catalysts indicated, a modest adjustment to align with the low-risk profile and benchmark weight is expected, likely resulting in a small negative normalized log change.","{""holding_log_delta"": -0.04}"
94,population,1,0.34999965000035,0.42999957000043004,0.21999978000022002,XEL,X C E L ENERGY INC,34,NA,2017-10-01 00:00:00,23931,467.129102,-0.140789897668173,-0.04,0.10078989766817298,-0.10078989766817298,True,1,type_mean,0.0105116667264412,0.009015847914168,2.8059538271968374,0.9418271139458155,"
<think>Given the firm's low beta (0.113) and moderate profitability (profit=0.163), the stock appears relatively stable but not growth-oriented. The fund's current holding is substantial relative to its AUM, and the stock's low S&P 500 weight suggests limited benchmark-driven pressure. Considering the fund's defensive profile and low risk tolerance, a modest adjustment to align with the benchmark or manage concentration is likely, leading to a small negative normalized log change.</think>
<answer>
{""holding_log_delta"": -0.04}
</answer>","Given the firm's low beta (0.113) and moderate profitability (profit=0.163), the stock appears relatively stable but not growth-oriented. The fund's current holding is substantial relative to its AUM, and the stock's low S&P 500 weight suggests limited benchmark-driven pressure. Considering the fund's defensive profile and low risk tolerance, a modest adjustment to align with the benchmark or manage concentration is likely, leading to a small negative normalized log change.","{""holding_log_delta"": -0.04}"
94,population,2,0.31999968000032003,0.43999956000044005,0.23999976000024,XEL,X C E L ENERGY INC,34,NA,2017-10-01 00:00:00,23931,467.129102,-0.140789897668173,-0.04,0.10078989766817298,-0.10078989766817298,True,1,type_mean,0.0105116667264412,0.009015847914168,2.8059538271968374,0.9418271139458155,"
<think>Given the firm's low beta (0.113) and moderate profitability (profit=0.163), the stock appears relatively stable but not growth-oriented. The fund's current holding is substantial relative to its AUM, and the stock's low S&P 500 weight suggests limited benchmark-driven pressure. Considering the fund's defensive profile and low risk tolerance, a modest adjustment to align with the benchmark or manage concentration is likely, leading to a small negative normalized log change.</think>
<answer>
{""holding_log_delta"": -0.04}
</answer>","Given the firm's low beta (0.113) and moderate profitability (profit=0.163), the stock appears relatively stable but not growth-oriented. The fund's current holding is substantial relative to its AUM, and the stock's low S&P 500 weight suggests limited benchmark-driven pressure. Considering the fund's defensive profile and low risk tolerance, a modest adjustment to align with the benchmark or manage concentration is likely, leading to a small negative normalized log change.","{""holding_log_delta"": -0.04}"
94,population,3,0.3199997472001325,0.4199996682001739,0.2599995846004836,XEL,X C E L ENERGY INC,34,NA,2017-10-01 00:00:00,23931,467.129102,-0.140789897668173,-0.04,0.10078989766817298,-0.10078989766817298,True,1,type_mean,0.0105116667264412,0.009015847914168,2.8059538271968374,0.9418271139458155,"
<think>Given the firm's low beta (0.113) and moderate profitability (profit=0.163), the stock appears relatively stable but not growth-oriented. The fund's current holding is substantial relative to its AUM, and the stock's low S&P 500 weight suggests limited benchmark-driven pressure. Considering the fund's defensive profile and low risk tolerance, a modest adjustment to align with the benchmark or manage concentration is likely, leading to a small negative normalized log change.</think>
<answer>
{""holding_log_delta"": -0.04}
</answer>","Given the firm's low beta (0.113) and moderate profitability (profit=0.163), the stock appears relatively stable but not growth-oriented. The fund's current holding is substantial relative to its AUM, and the stock's low S&P 500 weight suggests limited benchmark-driven pressure. Considering the fund's defensive profile and low risk tolerance, a modest adjustment to align with the benchmark or manage concentration is likely, leading to a small negative normalized log change.","{""holding_log_delta"": -0.04}"
94,population,4,0.34999965000035,0.46999953000047,0.17999982000018,XEL,X C E L ENERGY INC,34,NA,2017-10-01 00:00:00,23931,467.129102,-0.140789897668173,-0.04,0.10078989766817298,-0.10078989766817298,True,1,type_mean,0.0105116667264412,0.009015847914168,2.8059538271968374,0.9418271139458155,"
<think>Given the firm's low beta (0.113) and moderate profitability (profit=0.163), the stock appears relatively stable but not growth-oriented. The fund's current holding is substantial relative to its AUM, and the stock's low S&P 500 weight suggests limited benchmark-driven pressure. Considering the fund's defensive profile and low risk tolerance, a modest adjustment to align with the benchmark or manage concentration is likely, leading to a small negative normalized log change.</think>
<answer>
{""holding_log_delta"": -0.04}
</answer>","Given the firm's low beta (0.113) and moderate profitability (profit=0.163), the stock appears relatively stable but not growth-oriented. The fund's current holding is substantial relative to its AUM, and the stock's low S&P 500 weight suggests limited benchmark-driven pressure. Considering the fund's defensive profile and low risk tolerance, a modest adjustment to align with the benchmark or manage concentration is likely, leading to a small negative normalized log change.","{""holding_log_delta"": -0.04}"
94,population,5,0.34999965000035,0.46999953000047,0.17999982000018,XEL,X C E L ENERGY INC,34,NA,2017-10-01 00:00:00,23931,467.129102,-0.140789897668173,-0.04,0.10078989766817298,-0.10078989766817298,True,1,type_mean,0.0105116667264412,0.009015847914168,2.8059538271968374,0.9418271139458155,"
<think>Given the firm's low beta (0.113) and moderate profitability (profit=0.163), the stock appears relatively stable but not growth-oriented. The fund's current holding is substantial relative to its AUM, and the stock's low S&P 500 weight suggests limited benchmark-driven pressure. Considering the fund's defensive profile and low risk tolerance, a modest adjustment to align with the benchmark or manage concentration is likely, leading to a small negative normalized log change.</think>
<answer>
{""holding_log_delta"": -0.04}
</answer>","Given the firm's low beta (0.113) and moderate profitability (profit=0.163), the stock appears relatively stable but not growth-oriented. The fund's current holding is substantial relative to its AUM, and the stock's low S&P 500 weight suggests limited benchmark-driven pressure. Considering the fund's defensive profile and low risk tolerance, a modest adjustment to align with the benchmark or manage concentration is likely, leading to a small negative normalized log change.","{""holding_log_delta"": -0.04}"
94,population,6,0.34999965000035,0.46999953000047,0.17999982000018,XEL,X C E L ENERGY INC,34,NA,2017-10-01 00:00:00,23931,467.129102,-0.140789897668173,-0.04,0.10078989766817298,-0.10078989766817298,True,1,type_mean,0.0105116667264412,0.009015847914168,2.8059538271968374,0.9418271139458155,"
<think>Given the firm's low beta (0.113) and moderate profitability (profit=0.163), the stock appears relatively stable but not growth-oriented. The fund's current holding is substantial relative to its AUM, and the stock's low S&P 500 weight suggests limited benchmark-driven pressure. Considering the fund's defensive profile and low risk tolerance, a modest adjustment to align with the benchmark or manage concentration is likely, leading to a small negative normalized log change.</think>
<answer>
{""holding_log_delta"": -0.04}
</answer>","Given the firm's low beta (0.113) and moderate profitability (profit=0.163), the stock appears relatively stable but not growth-oriented. The fund's current holding is substantial relative to its AUM, and the stock's low S&P 500 weight suggests limited benchmark-driven pressure. Considering the fund's defensive profile and low risk tolerance, a modest adjustment to align with the benchmark or manage concentration is likely, leading to a small negative normalized log change.","{""holding_log_delta"": -0.04}"
94,population,7,0.33999970080022246,0.4899995688003206,0.16999973040033683,XEL,X C E L ENERGY INC,34,NA,2017-10-01 00:00:00,23931,467.129102,-0.140789897668173,-0.04,0.10078989766817298,-0.10078989766817298,True,1,type_mean,0.0105116667264412,0.009015847914168,2.8059538271968374,0.9418271139458155,"
<think>Given the firm's low beta (0.113) and moderate profitability (profit=0.163), the stock appears stable but not growth-oriented. The fund's current holding is substantial relative to AUM, and the stock's low S&P 500 weight suggests limited benchmark-driven pressure. With the fund already exposed at a meaningful level and no strong catalysts indicated, a modest adjustment to align with the benchmark or manage concentration is expected, likely resulting in a small negative normalized log change.</think>
<answer>
{""holding_log_delta"": -0.04}
</answer>","Given the firm's low beta (0.113) and moderate profitability (profit=0.163), the stock appears stable but not growth-oriented. The fund's current holding is substantial relative to AUM, and the stock's low S&P 500 weight suggests limited benchmark-driven pressure. With the fund already exposed at a meaningful level and no strong catalysts indicated, a modest adjustment to align with the benchmark or manage concentration is expected, likely resulting in a small negative normalized log change.","{""holding_log_delta"": -0.04}"
94,population,8,0.33663341005794806,0.47524716714063253,0.18811843270315443,XEL,X C E L ENERGY INC,34,NA,2017-10-01 00:00:00,23931,467.129102,-0.140789897668173,-0.04,0.10078989766817298,-0.10078989766817298,True,1,type_mean,0.0105116667264412,0.009015847914168,2.8059538271968374,0.9418271139458155,"
<think>Given the firm's low beta (0.113) and moderate profitability (profit=0.163), the stock appears stable but not growth-oriented. The fund's current holding is substantial relative to its AUM, and the stock's low S&P 500 weight suggests limited benchmark-driven pressure. With the fund already exposed at a meaningful level and no strong catalysts indicated, a modest adjustment to align with the benchmark or manage concentration is expected, likely resulting in a small negative normalized log change.</think>
<answer>
{""holding_log_delta"": -0.04}
</answer>","Given the firm's low beta (0.113) and moderate profitability (profit=0.163), the stock appears stable but not growth-oriented. The fund's current holding is substantial relative to its AUM, and the stock's low S&P 500 weight suggests limited benchmark-driven pressure. With the fund already exposed at a meaningful level and no strong catalysts indicated, a modest adjustment to align with the benchmark or manage concentration is expected, likely resulting in a small negative normalized log change.","{""holding_log_delta"": -0.04}"
94,population,9,0.30999969000031,0.47999952000048,0.20999979000021002,XEL,X C E L ENERGY INC,34,NA,2017-10-01 00:00:00,23931,467.129102,-0.140789897668173,-0.04,0.10078989766817298,-0.10078989766817298,True,1,type_mean,0.0105116667264412,0.009015847914168,2.8059538271968374,0.9418271139458155,"
<think>Given the firm's low beta (0.113) and moderate profitability (profit=0.163), the stock appears relatively stable but not growth-oriented. The fund's current holding is substantial relative to its AUM, and the stock's low S&P 500 weight suggests limited benchmark-driven pressure. Considering the fund's defensive profile and low risk tolerance, a modest adjustment to align with the benchmark or manage concentration is likely, leading to a small negative normalized log change.</think>
<answer>
{""holding_log_delta"": -0.04}
</answer>","Given the firm's low beta (0.113) and moderate profitability (profit=0.163), the stock appears relatively stable but not growth-oriented. The fund's current holding is substantial relative to its AUM, and the stock's low S&P 500 weight suggests limited benchmark-driven pressure. Considering the fund's defensive profile and low risk tolerance, a modest adjustment to align with the benchmark or manage concentration is likely, leading to a small negative normalized log change.","{""holding_log_delta"": -0.04}"
94,population,10,0.3267325697478768,0.48514792549779606,0.1881185146556311,XEL,X C E L ENERGY INC,34,NA,2017-10-01 00:00:00,23931,467.129102,-0.140789897668173,-0.04,0.10078989766817298,-0.10078989766817298,True,1,type_mean,0.0105116667264412,0.009015847914168,2.8059538271968374,0.9418271139458155,"
<think>Given the firm's low beta (0.113) and moderate profitability (profit=0.163), the stock appears relatively stable but not growth-oriented. The fund's current holding is substantial relative to its AUM, and the stock's low S&P 500 weight suggests limited benchmark-driven pressure. Considering the fund's defensive profile and low risk tolerance, a modest adjustment to align with the benchmark or manage concentration is likely, leading to a small negative normalized log change.</think>
<answer>
{""holding_log_delta"": -0.04}
</answer>","Given the firm's low beta (0.113) and moderate profitability (profit=0.163), the stock appears relatively stable but not growth-oriented. The fund's current holding is substantial relative to its AUM, and the stock's low S&P 500 weight suggests limited benchmark-driven pressure. Considering the fund's defensive profile and low risk tolerance, a modest adjustment to align with the benchmark or manage concentration is likely, leading to a small negative normalized log change.","{""holding_log_delta"": -0.04}"
94,population,11,0.34653439270671127,0.46534618449186943,0.18811843270315448,XEL,X C E L ENERGY INC,34,NA,2017-10-01 00:00:00,23931,467.129102,-0.140789897668173,-0.04,0.10078989766817298,-0.10078989766817298,True,1,type_mean,0.0105116667264412,0.009015847914168,2.8059538271968374,0.9418271139458155,"
<think>Given the firm's low beta (0.113) and moderate profitability (profit=0.163), the stock appears relatively stable but not growth-oriented. The fund's current holding is substantial relative to its AUM, and the stock's low S&P 500 weight suggests limited benchmark-driven pressure. Considering the fund's defensive profile and low risk tolerance, a modest adjustment to align with the benchmark or manage concentration is likely, leading to a small negative normalized log change.</think>
<answer>
{""holding_log_delta"": -0.04}
</answer>","Given the firm's low beta (0.113) and moderate profitability (profit=0.163), the stock appears relatively stable but not growth-oriented. The fund's current holding is substantial relative to its AUM, and the stock's low S&P 500 weight suggests limited benchmark-driven pressure. Considering the fund's defensive profile and low risk tolerance, a modest adjustment to align with the benchmark or manage concentration is likely, leading to a small negative normalized log change.","{""holding_log_delta"": -0.04}"
