generation,stage,candidate_idx,risk_aversion,herd_behavior,profit_driven,ticker,company,id,quarter,date,permno,holding_t,y_true,pred,abs_error,reward,valid,best_k,profile_strength_mode,x_risk_mean,x_herd_mean,x_profit_mean,overall_mean,raw_output,reason,answer_body
91,population,0,0.31999968000032003,0.43999956000044005,0.23999976000024,CI,CIGNA CORP,210,NA,2017-01-01 00:00:00,64186,946.414501,0.16742193419526782,-0.04,0.20742193419526783,-0.20742193419526783,True,1,type_mean,0.0105116667264412,0.009015847914168,2.8059538271968374,0.9418271139458155,"
<think>Given CI's current fundamentals, the company has a moderate profitability (profit=0.27) and low beta (0.63), suggesting stable but not aggressive growth potential. The fund's current holding is substantial relative to its AUM, and the stock's low beta and modest profit margin may lead to a slight reduction in position size to manage risk exposure, especially considering the fund's low risk tolerance and high concentration constraints.</think>
<answer>
{""holding_log_delta"": -0.04}
</answer>","Given CI's current fundamentals, the company has a moderate profitability (profit=0.27) and low beta (0.63), suggesting stable but not aggressive growth potential. The fund's current holding is substantial relative to its AUM, and the stock's low beta and modest profit margin may lead to a slight reduction in position size to manage risk exposure, especially considering the fund's low risk tolerance and high concentration constraints.","{""holding_log_delta"": -0.04}"
91,population,1,0.33999966000034004,0.40999959000041003,0.24999975000025002,CI,CIGNA CORP,210,NA,2017-01-01 00:00:00,64186,946.414501,0.16742193419526782,-0.04,0.20742193419526783,-0.20742193419526783,True,1,type_mean,0.0105116667264412,0.009015847914168,2.8059538271968374,0.9418271139458155,"
<think>Given CI's current fundamentals, the company has a moderate profitability (profit=0.27) and low beta (0.63), suggesting stable but not high-growth characteristics. The fund's current holding is substantial relative to its AUM, and the stock's low beta and modest profitability might lead to a slight reduction in position size to manage risk exposure, especially considering the fund's low risk tolerance and high concentration constraints.</think>
<answer>
{""holding_log_delta"": -0.04}
</answer>","Given CI's current fundamentals, the company has a moderate profitability (profit=0.27) and low beta (0.63), suggesting stable but not high-growth characteristics. The fund's current holding is substantial relative to its AUM, and the stock's low beta and modest profitability might lead to a slight reduction in position size to manage risk exposure, especially considering the fund's low risk tolerance and high concentration constraints.","{""holding_log_delta"": -0.04}"
91,population,2,0.37999985559981925,0.449999329000476,0.16999981540008474,CI,CIGNA CORP,210,NA,2017-01-01 00:00:00,64186,946.414501,0.16742193419526782,-0.04,0.20742193419526783,-0.20742193419526783,True,1,type_mean,0.0105116667264412,0.009015847914168,2.8059538271968374,0.9418271139458155,"
<think>Given CI's current fundamentals, the company has a moderate profitability (profit=0.27) and low beta (0.63), suggesting stable but not aggressive growth potential. The fund's current holding is substantial relative to its AUM, and the stock's low beta and modest profit indicate limited upside risk. Considering the fund's defensive profile and low risk tolerance, a slight reduction in holding might be expected to manage concentration and align with the benchmark weight, leading to a small negative normalized log change.</think>
<answer>
{""holding_log_delta"": -0.04}
</answer>","Given CI's current fundamentals, the company has a moderate profitability (profit=0.27) and low beta (0.63), suggesting stable but not aggressive growth potential. The fund's current holding is substantial relative to its AUM, and the stock's low beta and modest profit indicate limited upside risk. Considering the fund's defensive profile and low risk tolerance, a slight reduction in holding might be expected to manage concentration and align with the benchmark weight, leading to a small negative normalized log change.","{""holding_log_delta"": -0.04}"
91,population,3,0.3199997472001325,0.4199996682001739,0.2599995846004836,CI,CIGNA CORP,210,NA,2017-01-01 00:00:00,64186,946.414501,0.16742193419526782,-0.04,0.20742193419526783,-0.20742193419526783,True,1,type_mean,0.0105116667264412,0.009015847914168,2.8059538271968374,0.9418271139458155,"
<think>Given CI's current fundamentals, the company has a moderate profitability (profit=0.27) and low beta (0.63), suggesting stable but not high-growth characteristics. The fund's current holding is substantial relative to its AUM, and the stock's low beta and modest profitability might lead to a slight reduction in position size to manage risk, especially considering the fund's low risk tolerance and high concentration constraints. The expected normalized log change would likely be a small negative adjustment.</think>
<answer>
{""holding_log_delta"": -0.04}
</answer>","Given CI's current fundamentals, the company has a moderate profitability (profit=0.27) and low beta (0.63), suggesting stable but not high-growth characteristics. The fund's current holding is substantial relative to its AUM, and the stock's low beta and modest profitability might lead to a slight reduction in position size to manage risk, especially considering the fund's low risk tolerance and high concentration constraints. The expected normalized log change would likely be a small negative adjustment.","{""holding_log_delta"": -0.04}"
91,population,4,0.3535350392819424,0.474747052750037,0.17171689786790836,CI,CIGNA CORP,210,NA,2017-01-01 00:00:00,64186,946.414501,0.16742193419526782,-0.04,0.20742193419526783,-0.20742193419526783,True,1,type_mean,0.0105116667264412,0.009015847914168,2.8059538271968374,0.9418271139458155,"
<think>Given CI's current fundamentals, the company has a moderate profitability (profit=0.27) and low beta (0.63), suggesting stable but not high-growth characteristics. The fund's current holding is substantial relative to its AUM, and the stock's low beta and modest profit may lead to a slight reduction in position size to manage risk, especially considering the fund's low risk tolerance and high turnover constraint. The expected normalized log change would likely be a small negative adjustment.</think>
<answer>
{""holding_log_delta"": -0.04}
</answer>","Given CI's current fundamentals, the company has a moderate profitability (profit=0.27) and low beta (0.63), suggesting stable but not high-growth characteristics. The fund's current holding is substantial relative to its AUM, and the stock's low beta and modest profit may lead to a slight reduction in position size to manage risk, especially considering the fund's low risk tolerance and high turnover constraint. The expected normalized log change would likely be a small negative adjustment.","{""holding_log_delta"": -0.04}"
91,population,5,0.34999965000035,0.46999953000047,0.17999982000018,CI,CIGNA CORP,210,NA,2017-01-01 00:00:00,64186,946.414501,0.16742193419526782,-0.04,0.20742193419526783,-0.20742193419526783,True,1,type_mean,0.0105116667264412,0.009015847914168,2.8059538271968374,0.9418271139458155,"
<think>Given CI's current fundamentals, the firm shows moderate profitability (profit=0.27) and low beta (0.63), suggesting stable but not aggressive growth potential. The fund's current holding is substantial relative to AUM, and the stock's low beta and modest SPX weight imply limited active risk relative to the benchmark. Considering the fund's defensive profile and low risk tolerance, a modest adjustment to align with the benchmark weight while managing concentration might be expected, likely resulting in a small negative normalized log change.</think>
<answer>
{""holding_log_delta"": -0.04}
</answer>","Given CI's current fundamentals, the firm shows moderate profitability (profit=0.27) and low beta (0.63), suggesting stable but not aggressive growth potential. The fund's current holding is substantial relative to AUM, and the stock's low beta and modest SPX weight imply limited active risk relative to the benchmark. Considering the fund's defensive profile and low risk tolerance, a modest adjustment to align with the benchmark weight while managing concentration might be expected, likely resulting in a small negative normalized log change.","{""holding_log_delta"": -0.04}"
91,population,6,0.34999965000035,0.46999953000047,0.17999982000018,CI,CIGNA CORP,210,NA,2017-01-01 00:00:00,64186,946.414501,0.16742193419526782,-0.04,0.20742193419526783,-0.20742193419526783,True,1,type_mean,0.0105116667264412,0.009015847914168,2.8059538271968374,0.9418271139458155,"
<think>Given CI's current fundamentals, the firm shows moderate profitability (profit=0.27) and low beta (0.63), suggesting stable but not aggressive growth potential. The fund's current holding is substantial relative to AUM, and the stock's low beta and modest SPX weight imply limited active risk relative to the benchmark. Considering the fund's defensive profile and low risk tolerance, a modest adjustment to align with the benchmark weight while managing concentration might be expected, likely resulting in a small negative normalized log change.</think>
<answer>
{""holding_log_delta"": -0.04}
</answer>","Given CI's current fundamentals, the firm shows moderate profitability (profit=0.27) and low beta (0.63), suggesting stable but not aggressive growth potential. The fund's current holding is substantial relative to AUM, and the stock's low beta and modest SPX weight imply limited active risk relative to the benchmark. Considering the fund's defensive profile and low risk tolerance, a modest adjustment to align with the benchmark weight while managing concentration might be expected, likely resulting in a small negative normalized log change.","{""holding_log_delta"": -0.04}"
91,population,7,0.34999965000035,0.46999953000047,0.17999982000018,CI,CIGNA CORP,210,NA,2017-01-01 00:00:00,64186,946.414501,0.16742193419526782,-0.04,0.20742193419526783,-0.20742193419526783,True,1,type_mean,0.0105116667264412,0.009015847914168,2.8059538271968374,0.9418271139458155,"
<think>Given CI's current fundamentals, the firm shows moderate profitability (profit=0.27) and low beta (0.63), suggesting stable but not aggressive growth potential. The fund's current holding is substantial relative to AUM, and the stock's low beta and modest SPX weight imply limited active risk relative to the benchmark. Considering the fund's defensive profile and low risk tolerance, a modest adjustment to align with the benchmark weight while managing concentration might be expected, likely resulting in a small negative normalized log change.</think>
<answer>
{""holding_log_delta"": -0.04}
</answer>","Given CI's current fundamentals, the firm shows moderate profitability (profit=0.27) and low beta (0.63), suggesting stable but not aggressive growth potential. The fund's current holding is substantial relative to AUM, and the stock's low beta and modest SPX weight imply limited active risk relative to the benchmark. Considering the fund's defensive profile and low risk tolerance, a modest adjustment to align with the benchmark weight while managing concentration might be expected, likely resulting in a small negative normalized log change.","{""holding_log_delta"": -0.04}"
91,population,8,0.33999970080022246,0.4899995688003206,0.16999973040033683,CI,CIGNA CORP,210,NA,2017-01-01 00:00:00,64186,946.414501,0.16742193419526782,-0.04,0.20742193419526783,-0.20742193419526783,True,1,type_mean,0.0105116667264412,0.009015847914168,2.8059538271968374,0.9418271139458155,"
<think>Given CI's current fundamentals, the company has a moderate profitability (profit=0.27) and low beta (0.63), suggesting stable but not high-growth characteristics. The fund's current holding is substantial relative to its AUM, and the stock's low beta and modest profitability might lead to a slight reduction in position size to manage risk, especially considering the fund's low risk tolerance and high concentration constraints. The expected normalized log change would likely be a small negative adjustment.</think>
<answer>
{""holding_log_delta"": -0.04}
</answer>","Given CI's current fundamentals, the company has a moderate profitability (profit=0.27) and low beta (0.63), suggesting stable but not high-growth characteristics. The fund's current holding is substantial relative to its AUM, and the stock's low beta and modest profitability might lead to a slight reduction in position size to manage risk, especially considering the fund's low risk tolerance and high concentration constraints. The expected normalized log change would likely be a small negative adjustment.","{""holding_log_delta"": -0.04}"
91,population,9,0.34999965000035,0.43999956000044005,0.20999979000021002,CI,CIGNA CORP,210,NA,2017-01-01 00:00:00,64186,946.414501,0.16742193419526782,-0.04,0.20742193419526783,-0.20742193419526783,True,1,type_mean,0.0105116667264412,0.009015847914168,2.8059538271968374,0.9418271139458155,"
<think>Given CI's current fundamentals, the company has a moderate profitability (profit=0.27) and low beta (0.63), suggesting stable but not high-growth characteristics. The fund's current holding is substantial relative to its AUM, and the stock's low beta and modest profitability might lead to a slight reduction in position size to manage risk exposure, especially considering the fund's low risk tolerance and high turnover constraint. The expected normalized log change would likely be a small negative adjustment.</think>
<answer>
{""holding_log_delta"": -0.04}
</answer>","Given CI's current fundamentals, the company has a moderate profitability (profit=0.27) and low beta (0.63), suggesting stable but not high-growth characteristics. The fund's current holding is substantial relative to its AUM, and the stock's low beta and modest profitability might lead to a slight reduction in position size to manage risk exposure, especially considering the fund's low risk tolerance and high turnover constraint. The expected normalized log change would likely be a small negative adjustment.","{""holding_log_delta"": -0.04}"
91,population,10,0.33999966000034004,0.47999952000048,0.17999982000018,CI,CIGNA CORP,210,NA,2017-01-01 00:00:00,64186,946.414501,0.16742193419526782,-0.04,0.20742193419526783,-0.20742193419526783,True,1,type_mean,0.0105116667264412,0.009015847914168,2.8059538271968374,0.9418271139458155,"
<think>Given CI's current fundamentals, the company has a moderate profitability (profit=0.27) and low beta (0.63), suggesting stable but not aggressive growth potential. The fund's current holding is substantial relative to its AUM, and the stock's low beta and modest profit indicate limited upside risk. Considering the fund's defensive profile and low risk tolerance, a slight reduction in holding might be expected to manage concentration and align with the benchmark weight, leading to a small negative normalized log change.</think>
<answer>
{""holding_log_delta"": -0.04}
</answer>","Given CI's current fundamentals, the company has a moderate profitability (profit=0.27) and low beta (0.63), suggesting stable but not aggressive growth potential. The fund's current holding is substantial relative to its AUM, and the stock's low beta and modest profit indicate limited upside risk. Considering the fund's defensive profile and low risk tolerance, a slight reduction in holding might be expected to manage concentration and align with the benchmark weight, leading to a small negative normalized log change.","{""holding_log_delta"": -0.04}"
91,population,11,0.3333330673402089,0.4040400816244956,0.26262584093509145,CI,CIGNA CORP,210,NA,2017-01-01 00:00:00,64186,946.414501,0.16742193419526782,-0.05,0.21742193419526784,-0.21742193419526784,True,1,type_mean,0.0105116667264412,0.009015847914168,2.8059538271968374,0.9418271139458155,"
<think>Given CI's current fundamentals, the company has a moderate profitability (profit=0.27) and low beta (0.63), suggesting stable but not high-growth characteristics. The fund's current holding is substantial relative to its AUM, and the stock's low beta and modest profitability might lead to a slight reduction in position size to manage risk, especially considering the fund's low risk tolerance and high turnover constraint. The expected normalized log change would likely be a small negative adjustment.</think>
<answer>
{""holding_log_delta"": -0.05}
</answer>","Given CI's current fundamentals, the company has a moderate profitability (profit=0.27) and low beta (0.63), suggesting stable but not high-growth characteristics. The fund's current holding is substantial relative to its AUM, and the stock's low beta and modest profitability might lead to a slight reduction in position size to manage risk, especially considering the fund's low risk tolerance and high turnover constraint. The expected normalized log change would likely be a small negative adjustment.","{""holding_log_delta"": -0.05}"
