generation,stage,candidate_idx,risk_aversion,herd_behavior,profit_driven,ticker,company,id,quarter,date,permno,holding_t,y_true,pred,abs_error,reward,valid,best_k,profile_strength_mode,x_risk_mean,x_herd_mean,x_profit_mean,overall_mean,raw_output,reason,answer_body
47,population,0,0.36699963300036703,0.5279994720005281,0.10499989500010501,CNP,CENTERPOINT ENERGY INC,150,NA,2018-04-01 00:00:00,21792,276.338077,0.09972488788974099,-0.04,0.139724887889741,-0.139724887889741,True,1,type_mean,0.0105116667264412,0.009015847914168,2.8059538271968374,0.9418271139458155,"
<think>Given the firm's moderate profitability (profit=0.2255) and low beta (0.4891), it appears relatively stable but not growth-oriented. The fund's current holding is substantial relative to its AUM, and the stock's very low S&P 500 weight suggests limited benchmark-driven demand. With the fund already exposed at a meaningful level and no strong positive fundamentals driving significant growth expectations, a modest adjustment to align with the benchmark or manage concentration is likely, resulting in a small negative normalized log change.</think>
<answer>
{""holding_log_delta"": -0.04}
</answer>","Given the firm's moderate profitability (profit=0.2255) and low beta (0.4891), it appears relatively stable but not growth-oriented. The fund's current holding is substantial relative to its AUM, and the stock's very low S&P 500 weight suggests limited benchmark-driven demand. With the fund already exposed at a meaningful level and no strong positive fundamentals driving significant growth expectations, a modest adjustment to align with the benchmark or manage concentration is likely, resulting in a small negative normalized log change.","{""holding_log_delta"": -0.04}"
47,population,1,0.36699963300036703,0.5279994720005281,0.10499989500010501,CNP,CENTERPOINT ENERGY INC,150,NA,2018-04-01 00:00:00,21792,276.338077,0.09972488788974099,-0.04,0.139724887889741,-0.139724887889741,True,1,type_mean,0.0105116667264412,0.009015847914168,2.8059538271968374,0.9418271139458155,"
<think>Given the firm's moderate profitability (profit=0.2255) and low beta (0.4891), it appears relatively stable but not growth-oriented. The fund's current holding is substantial relative to its AUM, and the stock's very low S&P 500 weight suggests limited benchmark-driven demand. With the fund already exposed at a meaningful level and no strong positive fundamentals driving significant growth expectations, a modest adjustment to align with the benchmark or manage concentration is likely, resulting in a small negative normalized log change.</think>
<answer>
{""holding_log_delta"": -0.04}
</answer>","Given the firm's moderate profitability (profit=0.2255) and low beta (0.4891), it appears relatively stable but not growth-oriented. The fund's current holding is substantial relative to its AUM, and the stock's very low S&P 500 weight suggests limited benchmark-driven demand. With the fund already exposed at a meaningful level and no strong positive fundamentals driving significant growth expectations, a modest adjustment to align with the benchmark or manage concentration is likely, resulting in a small negative normalized log change.","{""holding_log_delta"": -0.04}"
47,population,2,0.36699963300036703,0.5279994720005281,0.10499989500010501,CNP,CENTERPOINT ENERGY INC,150,NA,2018-04-01 00:00:00,21792,276.338077,0.09972488788974099,-0.04,0.139724887889741,-0.139724887889741,True,1,type_mean,0.0105116667264412,0.009015847914168,2.8059538271968374,0.9418271139458155,"
<think>Given the firm's moderate profitability (profit=0.2255) and low beta (0.4891), it appears relatively stable but not growth-oriented. The fund's current holding is substantial relative to its AUM, and the stock's very low S&P 500 weight suggests limited benchmark-driven demand. With the fund already exposed at a meaningful level and no strong positive fundamentals driving significant growth expectations, a modest adjustment to align with the benchmark or manage concentration is likely, resulting in a small negative normalized log change.</think>
<answer>
{""holding_log_delta"": -0.04}
</answer>","Given the firm's moderate profitability (profit=0.2255) and low beta (0.4891), it appears relatively stable but not growth-oriented. The fund's current holding is substantial relative to its AUM, and the stock's very low S&P 500 weight suggests limited benchmark-driven demand. With the fund already exposed at a meaningful level and no strong positive fundamentals driving significant growth expectations, a modest adjustment to align with the benchmark or manage concentration is likely, resulting in a small negative normalized log change.","{""holding_log_delta"": -0.04}"
47,population,3,0.37699962300037704,0.5579994420005581,0.06499993500006501,CNP,CENTERPOINT ENERGY INC,150,NA,2018-04-01 00:00:00,21792,276.338077,0.09972488788974099,-0.04,0.139724887889741,-0.139724887889741,True,1,type_mean,0.0105116667264412,0.009015847914168,2.8059538271968374,0.9418271139458155,"
<think>Given the firm's moderate profitability (profit=0.2255) and low beta (0.4891), it appears relatively stable but not growth-oriented. The fund's current holding is substantial relative to its AUM, and the stock's very low S&P 500 weight suggests limited benchmark-driven demand. With the fund already exposed at a meaningful level and no strong positive fundamentals driving significant growth expectations, a modest reduction in holding might be expected to manage concentration and align with the defensive, low-turnover profile.</think>
<answer>
{""holding_log_delta"": -0.04}
</answer>","Given the firm's moderate profitability (profit=0.2255) and low beta (0.4891), it appears relatively stable but not growth-oriented. The fund's current holding is substantial relative to its AUM, and the stock's very low S&P 500 weight suggests limited benchmark-driven demand. With the fund already exposed at a meaningful level and no strong positive fundamentals driving significant growth expectations, a modest reduction in holding might be expected to manage concentration and align with the defensive, low-turnover profile.","{""holding_log_delta"": -0.04}"
47,population,4,0.37699962300037704,0.5579994420005581,0.06499993500006501,CNP,CENTERPOINT ENERGY INC,150,NA,2018-04-01 00:00:00,21792,276.338077,0.09972488788974099,-0.04,0.139724887889741,-0.139724887889741,True,1,type_mean,0.0105116667264412,0.009015847914168,2.8059538271968374,0.9418271139458155,"
<think>Given the firm's moderate profitability (profit=0.2255) and low beta (0.4891), it appears relatively stable but not growth-oriented. The fund's current holding is substantial relative to its AUM, and the stock's very low S&P 500 weight suggests limited benchmark-driven demand. With the fund already exposed at a meaningful level and no strong positive fundamentals driving significant growth expectations, a modest reduction in holding might be expected to manage concentration and align with the defensive, low-turnover profile.</think>
<answer>
{""holding_log_delta"": -0.04}
</answer>","Given the firm's moderate profitability (profit=0.2255) and low beta (0.4891), it appears relatively stable but not growth-oriented. The fund's current holding is substantial relative to its AUM, and the stock's very low S&P 500 weight suggests limited benchmark-driven demand. With the fund already exposed at a meaningful level and no strong positive fundamentals driving significant growth expectations, a modest reduction in holding might be expected to manage concentration and align with the defensive, low-turnover profile.","{""holding_log_delta"": -0.04}"
47,population,5,0.36281840311268476,0.5122431307509828,0.12493746663659944,CNP,CENTERPOINT ENERGY INC,150,NA,2018-04-01 00:00:00,21792,276.338077,0.09972488788974099,-0.04,0.139724887889741,-0.139724887889741,True,1,type_mean,0.0105116667264412,0.009015847914168,2.8059538271968374,0.9418271139458155,"
<think>Given the firm's moderate profitability (profit=0.2255) and low beta (0.4891), it appears relatively stable but not growth-oriented. The fund's current holding is substantial relative to its AUM, and the stock's very low S&P 500 weight suggests limited benchmark-driven demand. With the fund already exposed at a meaningful level and no strong positive fundamentals driving significant growth expectations, a modest adjustment to align with the benchmark or manage concentration is likely, resulting in a small negative normalized log change.</think>
<answer>
{""holding_log_delta"": -0.04}
</answer>","Given the firm's moderate profitability (profit=0.2255) and low beta (0.4891), it appears relatively stable but not growth-oriented. The fund's current holding is substantial relative to its AUM, and the stock's very low S&P 500 weight suggests limited benchmark-driven demand. With the fund already exposed at a meaningful level and no strong positive fundamentals driving significant growth expectations, a modest adjustment to align with the benchmark or manage concentration is likely, resulting in a small negative normalized log change.","{""holding_log_delta"": -0.04}"
47,population,6,0.346999653000347,0.517999482000518,0.13499986500013503,CNP,CENTERPOINT ENERGY INC,150,NA,2018-04-01 00:00:00,21792,276.338077,0.09972488788974099,-0.04,0.139724887889741,-0.139724887889741,True,1,type_mean,0.0105116667264412,0.009015847914168,2.8059538271968374,0.9418271139458155,"
<think>Given the firm's moderate profitability (profit=0.2255) and low beta (0.4891), it appears relatively stable but not growth-oriented. The fund's current holding is substantial relative to its AUM, and the stock's very low S&P 500 weight suggests limited benchmark-driven demand. With the fund already exposed at a meaningful level and no strong positive fundamentals driving significant growth expectations, a modest adjustment to align with the benchmark or manage concentration is likely, resulting in a small negative normalized log change.</think>
<answer>
{""holding_log_delta"": -0.04}
</answer>","Given the firm's moderate profitability (profit=0.2255) and low beta (0.4891), it appears relatively stable but not growth-oriented. The fund's current holding is substantial relative to its AUM, and the stock's very low S&P 500 weight suggests limited benchmark-driven demand. With the fund already exposed at a meaningful level and no strong positive fundamentals driving significant growth expectations, a modest adjustment to align with the benchmark or manage concentration is likely, resulting in a small negative normalized log change.","{""holding_log_delta"": -0.04}"
47,population,7,0.3693513561012054,0.5471508120967324,0.08349684948462568,CNP,CENTERPOINT ENERGY INC,150,NA,2018-04-01 00:00:00,21792,276.338077,0.09972488788974099,-0.04,0.139724887889741,-0.139724887889741,True,1,type_mean,0.0105116667264412,0.009015847914168,2.8059538271968374,0.9418271139458155,"
<think>Given the firm's moderate profitability (profit=0.2255) and low beta (0.4891), it appears relatively stable but not growth-oriented. The fund's current holding is substantial relative to its AUM, and the stock's very low S&P 500 weight suggests limited benchmark-driven demand. With the fund already exposed at a meaningful level and no strong positive fundamentals driving significant growth expectations, a modest adjustment to align with the benchmark or manage concentration is likely, resulting in a small negative normalized log change.</think>
<answer>
{""holding_log_delta"": -0.04}
</answer>","Given the firm's moderate profitability (profit=0.2255) and low beta (0.4891), it appears relatively stable but not growth-oriented. The fund's current holding is substantial relative to its AUM, and the stock's very low S&P 500 weight suggests limited benchmark-driven demand. With the fund already exposed at a meaningful level and no strong positive fundamentals driving significant growth expectations, a modest adjustment to align with the benchmark or manage concentration is likely, resulting in a small negative normalized log change.","{""holding_log_delta"": -0.04}"
47,population,8,0.37299962700037304,0.521999478000522,0.10499989500010501,CNP,CENTERPOINT ENERGY INC,150,NA,2018-04-01 00:00:00,21792,276.338077,0.09972488788974099,-0.04,0.139724887889741,-0.139724887889741,True,1,type_mean,0.0105116667264412,0.009015847914168,2.8059538271968374,0.9418271139458155,"
<think>Given the firm's moderate profitability (profit=0.2255) and low beta (0.4891), it appears relatively stable but not growth-oriented. The fund's current holding is substantial relative to its AUM, and the stock's very low S&P 500 weight suggests limited benchmark-driven demand. With the fund already exposed at a meaningful level and no strong positive fundamentals driving significant active allocation, a modest adjustment to align with the benchmark or manage concentration is likely, resulting in a small negative normalized log change.</think>
<answer>
{""holding_log_delta"": -0.04}
</answer>","Given the firm's moderate profitability (profit=0.2255) and low beta (0.4891), it appears relatively stable but not growth-oriented. The fund's current holding is substantial relative to its AUM, and the stock's very low S&P 500 weight suggests limited benchmark-driven demand. With the fund already exposed at a meaningful level and no strong positive fundamentals driving significant active allocation, a modest adjustment to align with the benchmark or manage concentration is likely, resulting in a small negative normalized log change.","{""holding_log_delta"": -0.04}"
47,population,9,0.357999642000358,0.516999483000517,0.12499987500012501,CNP,CENTERPOINT ENERGY INC,150,NA,2018-04-01 00:00:00,21792,276.338077,0.09972488788974099,-0.04,0.139724887889741,-0.139724887889741,True,1,type_mean,0.0105116667264412,0.009015847914168,2.8059538271968374,0.9418271139458155,"
<think>Given the firm's moderate profitability (profit=0.2255) and low beta (0.4891), it appears relatively stable but not growth-oriented. The fund's current holding is substantial relative to its AUM, and the stock's very low S&P 500 weight suggests limited benchmark-driven demand. With the fund already exposed at a meaningful level and no strong positive fundamentals driving significant growth expectations, a modest adjustment to align with the benchmark or manage concentration is likely, resulting in a small negative normalized log change.</think>
<answer>
{""holding_log_delta"": -0.04}
</answer>","Given the firm's moderate profitability (profit=0.2255) and low beta (0.4891), it appears relatively stable but not growth-oriented. The fund's current holding is substantial relative to its AUM, and the stock's very low S&P 500 weight suggests limited benchmark-driven demand. With the fund already exposed at a meaningful level and no strong positive fundamentals driving significant growth expectations, a modest adjustment to align with the benchmark or manage concentration is likely, resulting in a small negative normalized log change.","{""holding_log_delta"": -0.04}"
47,population,10,0.375999624000376,0.516999483000517,0.10699989300010701,CNP,CENTERPOINT ENERGY INC,150,NA,2018-04-01 00:00:00,21792,276.338077,0.09972488788974099,-0.04,0.139724887889741,-0.139724887889741,True,1,type_mean,0.0105116667264412,0.009015847914168,2.8059538271968374,0.9418271139458155,"
<think>Given the firm's moderate profitability (profit=0.2255) and low beta (0.489), it appears relatively stable but not growth-oriented. The fund's current holding is substantial relative to its AUM, and the stock's very low S&P 500 weight suggests limited benchmark-driven demand. With the fund already exposed at a meaningful level and no strong positive fundamentals driving significant growth expectations, a modest adjustment to align with the benchmark or manage concentration is likely, resulting in a small negative normalized log change.</think>
<answer>
{""holding_log_delta"": -0.04}
</answer>","Given the firm's moderate profitability (profit=0.2255) and low beta (0.489), it appears relatively stable but not growth-oriented. The fund's current holding is substantial relative to its AUM, and the stock's very low S&P 500 weight suggests limited benchmark-driven demand. With the fund already exposed at a meaningful level and no strong positive fundamentals driving significant growth expectations, a modest adjustment to align with the benchmark or manage concentration is likely, resulting in a small negative normalized log change.","{""holding_log_delta"": -0.04}"
47,population,11,0.3763762343402654,0.5085077580508672,0.11511500660824404,CNP,CENTERPOINT ENERGY INC,150,NA,2018-04-01 00:00:00,21792,276.338077,0.09972488788974099,-0.08,0.179724887889741,-0.179724887889741,True,1,type_mean,0.0105116667264412,0.009015847914168,2.8059538271968374,0.9418271139458155,"
<think>Given the firm's moderate profitability (profit=0.2255) and low beta (0.4891), it appears relatively stable but not growth-oriented. The fund's current holding is substantial relative to its AUM, and the stock's very low S&P 500 weight suggests limited benchmark-driven demand. With the fund already exposed at a meaningful level and no strong positive fundamentals driving significant growth expectations, a modest reduction in holding might be expected to manage concentration and align with the defensive, low-turnover profile.</think>
<answer>
{""holding_log_delta"": -0.08}
</answer>","Given the firm's moderate profitability (profit=0.2255) and low beta (0.4891), it appears relatively stable but not growth-oriented. The fund's current holding is substantial relative to its AUM, and the stock's very low S&P 500 weight suggests limited benchmark-driven demand. With the fund already exposed at a meaningful level and no strong positive fundamentals driving significant growth expectations, a modest reduction in holding might be expected to manage concentration and align with the defensive, low-turnover profile.","{""holding_log_delta"": -0.08}"
