generation,stage,candidate_idx,risk_aversion,herd_behavior,profit_driven,ticker,company,id,quarter,date,permno,holding_t,y_true,pred,abs_error,reward,valid,best_k,profile_strength_mode,x_risk_mean,x_herd_mean,x_profit_mean,overall_mean,raw_output,reason,answer_body
24,population,0,0.28999979030112744,0.2699998047631187,0.43999940493647705,,,636,NA,2019-10-01 00:00:00,91926,8946.920452,-0.7356123840177836,-0.05,0.6856123840177836,-0.6856123840177836,True,1,type_mean,0.0083004769074155,0.0070097321687576,0.0811969348655934,0.03216904798058883,"
<think>Given DAL's current fundamentals, the company shows moderate profitability (profit=0.577) and positive asset growth (Gat=0.114), but its high beta (1.027) suggests elevated systematic risk. The fund's current holding is substantial relative to its AUM, and the stock's low S&P 500 weight indicates limited benchmark-driven demand. Considering the moderate risk profile and the need to manage concentration, a modest reduction in holding might be expected to align with the fund's risk management and active trading strategy.</think>
<answer>
{""holding_log_delta"": -0.05}
</answer>","Given DAL's current fundamentals, the company shows moderate profitability (profit=0.577) and positive asset growth (Gat=0.114), but its high beta (1.027) suggests elevated systematic risk. The fund's current holding is substantial relative to its AUM, and the stock's low S&P 500 weight indicates limited benchmark-driven demand. Considering the moderate risk profile and the need to manage concentration, a modest reduction in holding might be expected to align with the fund's risk management and active trading strategy.","{""holding_log_delta"": -0.05}"
24,population,1,0.30999969000031,0.26999973000027006,0.41999958000042004,,,636,NA,2019-10-01 00:00:00,91926,8946.920452,-0.7356123840177836,-0.05,0.6856123840177836,-0.6856123840177836,True,1,type_mean,0.0083004769074155,0.0070097321687576,0.0811969348655934,0.03216904798058883,"
<think>Given DAL's current fundamentals, the company shows moderate profitability (profit=0.577) and positive asset growth (Gat=0.114), but its high beta (1.027) suggests elevated systematic risk. The fund's current holding is substantial relative to its AUM, and the stock's low S&P 500 weight indicates limited benchmark-driven demand. Considering the moderate risk profile and the need to manage concentration, a modest reduction in holding might be expected to align with the fund's risk tolerance and active management strategy.</think>
<answer>
{""holding_log_delta"": -0.05}
</answer>","Given DAL's current fundamentals, the company shows moderate profitability (profit=0.577) and positive asset growth (Gat=0.114), but its high beta (1.027) suggests elevated systematic risk. The fund's current holding is substantial relative to its AUM, and the stock's low S&P 500 weight indicates limited benchmark-driven demand. Considering the moderate risk profile and the need to manage concentration, a modest reduction in holding might be expected to align with the fund's risk tolerance and active management strategy.","{""holding_log_delta"": -0.05}"
24,population,2,0.37999962000038,0.27999972000028006,0.33999966000034004,,,636,NA,2019-10-01 00:00:00,91926,8946.920452,-0.7356123840177836,-0.05,0.6856123840177836,-0.6856123840177836,True,1,type_mean,0.0083004769074155,0.0070097321687576,0.0811969348655934,0.03216904798058883,"
<think>Given DAL's current fundamentals, the company shows moderate profitability (profit=0.577) and positive asset growth (Gat=0.114), but its high beta (1.027) suggests elevated systematic risk. The fund's current holding is substantial relative to its AUM, and the stock's low S&P 500 weight indicates limited benchmark-driven demand. Considering the moderate risk profile and the need to manage concentration, a modest reduction in holding might be expected to align with the fund's risk management objectives.</think>
<answer>
{""holding_log_delta"": -0.05}
</answer>","Given DAL's current fundamentals, the company shows moderate profitability (profit=0.577) and positive asset growth (Gat=0.114), but its high beta (1.027) suggests elevated systematic risk. The fund's current holding is substantial relative to its AUM, and the stock's low S&P 500 weight indicates limited benchmark-driven demand. Considering the moderate risk profile and the need to manage concentration, a modest reduction in holding might be expected to align with the fund's risk management objectives.","{""holding_log_delta"": -0.05}"
24,population,3,0.3131310844190775,0.24242406535670516,0.444443840123945,,,636,NA,2019-10-01 00:00:00,91926,8946.920452,-0.7356123840177836,-0.05,0.6856123840177836,-0.6856123840177836,True,1,type_mean,0.0083004769074155,0.0070097321687576,0.0811969348655934,0.03216904798058883,"
<think>Given DAL's current fundamentals, the company shows moderate profitability (profit=0.577) and positive asset growth (Gat=0.114), but its high beta (1.027) suggests elevated systematic risk. The fund's current holding is substantial relative to its AUM, and the stock's low S&P 500 weight indicates limited benchmark-driven demand. Considering the moderate risk profile and the need to manage concentration, a modest reduction in holding might be expected to align with the fund's risk management and active trading strategy.</think>
<answer>
{""holding_log_delta"": -0.05}
</answer>","Given DAL's current fundamentals, the company shows moderate profitability (profit=0.577) and positive asset growth (Gat=0.114), but its high beta (1.027) suggests elevated systematic risk. The fund's current holding is substantial relative to its AUM, and the stock's low S&P 500 weight indicates limited benchmark-driven demand. Considering the moderate risk profile and the need to manage concentration, a modest reduction in holding might be expected to align with the fund's risk management and active trading strategy.","{""holding_log_delta"": -0.05}"
24,population,4,0.33999966000034004,0.28999971000029,0.36999963000037,,,636,NA,2019-10-01 00:00:00,91926,8946.920452,-0.7356123840177836,-0.05,0.6856123840177836,-0.6856123840177836,True,1,type_mean,0.0083004769074155,0.0070097321687576,0.0811969348655934,0.03216904798058883,"
<think>Given DAL's current fundamentals, the company shows moderate profitability (profit=0.577) and positive asset growth (Gat=0.114), but its high beta (1.027) suggests elevated systematic risk. The fund's current holding is substantial relative to AUM, and the stock's low S&P 500 weight indicates limited benchmark-driven demand. Considering the moderate risk profile and the need to manage concentration, a modest reduction in holding might be expected to align with the fund's risk management and active trading strategy.</think>
<answer>
{""holding_log_delta"": -0.05}
</answer>","Given DAL's current fundamentals, the company shows moderate profitability (profit=0.577) and positive asset growth (Gat=0.114), but its high beta (1.027) suggests elevated systematic risk. The fund's current holding is substantial relative to AUM, and the stock's low S&P 500 weight indicates limited benchmark-driven demand. Considering the moderate risk profile and the need to manage concentration, a modest reduction in holding might be expected to align with the fund's risk management and active trading strategy.","{""holding_log_delta"": -0.05}"
24,population,5,0.3069305228898734,0.3069305228898734,0.3861379641217923,,,636,NA,2019-10-01 00:00:00,91926,8946.920452,-0.7356123840177836,-0.05,0.6856123840177836,-0.6856123840177836,True,1,type_mean,0.0083004769074155,0.0070097321687576,0.0811969348655934,0.03216904798058883,"
<think>Given DAL's current fundamentals, the company shows moderate profitability (profit=0.577) and positive asset growth (Gat=0.114), but its high beta (1.027) suggests elevated systematic risk. The fund's current holding is substantial relative to its AUM, and the stock's low S&P 500 weight indicates limited benchmark-driven demand. Considering the moderate risk profile and the need to manage concentration, a modest reduction in holding might be expected to align with the fund's risk management and active trading strategy.</think>
<answer>
{""holding_log_delta"": -0.05}
</answer>","Given DAL's current fundamentals, the company shows moderate profitability (profit=0.577) and positive asset growth (Gat=0.114), but its high beta (1.027) suggests elevated systematic risk. The fund's current holding is substantial relative to its AUM, and the stock's low S&P 500 weight indicates limited benchmark-driven demand. Considering the moderate risk profile and the need to manage concentration, a modest reduction in holding might be expected to align with the fund's risk management and active trading strategy.","{""holding_log_delta"": -0.05}"
24,population,6,0.3499994550005765,0.27999980400005325,0.3699997410000703,,,636,NA,2019-10-01 00:00:00,91926,8946.920452,-0.7356123840177836,-0.05,0.6856123840177836,-0.6856123840177836,True,1,type_mean,0.0083004769074155,0.0070097321687576,0.0811969348655934,0.03216904798058883,"
<think>Given DAL's current fundamentals, the company shows moderate profitability (profit=0.577) and positive asset growth (Gat=0.114), but its high beta (1.027) suggests elevated systematic risk. The fund's current holding is substantial relative to its AUM, and the stock's low S&P 500 weight indicates limited benchmark-driven demand. Considering the moderate risk profile and the need to manage concentration, a modest reduction in holding might be expected to align with the fund's risk management and active trading strategy.</think>
<answer>
{""holding_log_delta"": -0.05}
</answer>","Given DAL's current fundamentals, the company shows moderate profitability (profit=0.577) and positive asset growth (Gat=0.114), but its high beta (1.027) suggests elevated systematic risk. The fund's current holding is substantial relative to its AUM, and the stock's low S&P 500 weight indicates limited benchmark-driven demand. Considering the moderate risk profile and the need to manage concentration, a modest reduction in holding might be expected to align with the fund's risk management and active trading strategy.","{""holding_log_delta"": -0.05}"
24,population,7,0.33999966000034004,0.27999972000028006,0.37999962000038,,,636,NA,2019-10-01 00:00:00,91926,8946.920452,-0.7356123840177836,-0.05,0.6856123840177836,-0.6856123840177836,True,1,type_mean,0.0083004769074155,0.0070097321687576,0.0811969348655934,0.03216904798058883,"
<think>Given DAL's current fundamentals, the company shows moderate profitability (profit=0.577) and positive asset growth (Gat=0.114), but its high beta (1.027) suggests elevated systematic risk. The fund's current holding is substantial relative to its AUM, and the stock's low S&P 500 weight indicates limited benchmark-driven demand. Considering the moderate risk profile and the need to manage concentration, a modest reduction in holding might be expected to align with the fund's risk management and active trading strategy.</think>
<answer>
{""holding_log_delta"": -0.05}
</answer>","Given DAL's current fundamentals, the company shows moderate profitability (profit=0.577) and positive asset growth (Gat=0.114), but its high beta (1.027) suggests elevated systematic risk. The fund's current holding is substantial relative to its AUM, and the stock's low S&P 500 weight indicates limited benchmark-driven demand. Considering the moderate risk profile and the need to manage concentration, a modest reduction in holding might be expected to align with the fund's risk management and active trading strategy.","{""holding_log_delta"": -0.05}"
24,population,8,0.33999952159912217,0.26999978661886426,0.3899996917828039,,,636,NA,2019-10-01 00:00:00,91926,8946.920452,-0.7356123840177836,-0.05,0.6856123840177836,-0.6856123840177836,True,1,type_mean,0.0083004769074155,0.0070097321687576,0.0811969348655934,0.03216904798058883,"
<think>Given DAL's current fundamentals, the company shows moderate profitability (profit=0.577) and positive asset growth (Gat=0.114), but its high beta (1.027) suggests elevated systematic risk. The fund's current holding is substantial relative to its AUM, and the stock's low S&P 500 weight indicates limited benchmark-driven demand. Considering the moderate risk profile and the need to manage concentration, a modest reduction in holding might be expected to align with the fund's risk management and active trading strategy.</think>
<answer>
{""holding_log_delta"": -0.05}
</answer>","Given DAL's current fundamentals, the company shows moderate profitability (profit=0.577) and positive asset growth (Gat=0.114), but its high beta (1.027) suggests elevated systematic risk. The fund's current holding is substantial relative to its AUM, and the stock's low S&P 500 weight indicates limited benchmark-driven demand. Considering the moderate risk profile and the need to manage concentration, a modest reduction in holding might be expected to align with the fund's risk management and active trading strategy.","{""holding_log_delta"": -0.05}"
24,population,9,0.3168315561419266,0.29702958388305617,0.38613786987640436,,,636,NA,2019-10-01 00:00:00,91926,8946.920452,-0.7356123840177836,-0.05,0.6856123840177836,-0.6856123840177836,True,1,type_mean,0.0083004769074155,0.0070097321687576,0.0811969348655934,0.03216904798058883,"
<think>Given DAL's current fundamentals, the company shows moderate profitability (profit=0.577) and positive asset growth (Gat=0.114), but its high beta (1.027) suggests elevated systematic risk. The fund's current holding is substantial relative to its AUM, and the stock's low S&P 500 weight indicates limited benchmark-driven demand. Considering the moderate risk profile and the need to manage concentration, a modest reduction in holding might be expected to align with the fund's risk management objectives.</think>
<answer>
{""holding_log_delta"": -0.05}
</answer>","Given DAL's current fundamentals, the company shows moderate profitability (profit=0.577) and positive asset growth (Gat=0.114), but its high beta (1.027) suggests elevated systematic risk. The fund's current holding is substantial relative to its AUM, and the stock's low S&P 500 weight indicates limited benchmark-driven demand. Considering the moderate risk profile and the need to manage concentration, a modest reduction in holding might be expected to align with the fund's risk management objectives.","{""holding_log_delta"": -0.05}"
24,population,10,0.33999952159912217,0.2599997945218693,0.3999996838797989,,,636,NA,2019-10-01 00:00:00,91926,8946.920452,-0.7356123840177836,-0.05,0.6856123840177836,-0.6856123840177836,True,1,type_mean,0.0083004769074155,0.0070097321687576,0.0811969348655934,0.03216904798058883,"
<think>Given DAL's current fundamentals, the company shows moderate profitability (profit=0.577) and positive asset growth (Gat=0.114), but its high beta (1.027) suggests elevated systematic risk. The fund's current holding is substantial relative to its AUM, and the stock's low S&P 500 weight indicates limited benchmark-driven demand. Considering the moderate risk profile and the need to manage concentration, a modest reduction in holding might be expected to align with the fund's risk constraints and active management strategy.</think>
<answer>
{""holding_log_delta"": -0.05}
</answer>","Given DAL's current fundamentals, the company shows moderate profitability (profit=0.577) and positive asset growth (Gat=0.114), but its high beta (1.027) suggests elevated systematic risk. The fund's current holding is substantial relative to its AUM, and the stock's low S&P 500 weight indicates limited benchmark-driven demand. Considering the moderate risk profile and the need to manage concentration, a modest reduction in holding might be expected to align with the fund's risk constraints and active management strategy.","{""holding_log_delta"": -0.05}"
24,population,11,0.2999997000003,0.30999969000031,0.38999961000039,,,636,NA,2019-10-01 00:00:00,91926,8946.920452,-0.7356123840177836,-0.05,0.6856123840177836,-0.6856123840177836,True,1,type_mean,0.0083004769074155,0.0070097321687576,0.0811969348655934,0.03216904798058883,"
<think>Given DAL's current fundamentals, the firm shows moderate profitability (profit=0.577) and positive asset growth (Gat=0.114), but its high beta (1.027) suggests elevated systematic risk. The fund's current holding is substantial relative to AUM, and the stock's low S&P 500 weight indicates limited benchmark importance. Considering the moderate risk profile and the need to manage concentration, a modest reduction in holding might be expected to align with the fund's risk constraints and active management strategy.</think>
<answer>
{""holding_log_delta"": -0.05}
</answer>","Given DAL's current fundamentals, the firm shows moderate profitability (profit=0.577) and positive asset growth (Gat=0.114), but its high beta (1.027) suggests elevated systematic risk. The fund's current holding is substantial relative to AUM, and the stock's low S&P 500 weight indicates limited benchmark importance. Considering the moderate risk profile and the need to manage concentration, a modest reduction in holding might be expected to align with the fund's risk constraints and active management strategy.","{""holding_log_delta"": -0.05}"
