generation,stage,candidate_idx,risk_aversion,herd_behavior,profit_driven,ticker,company,id,quarter,date,permno,holding_t,y_true,pred,abs_error,reward,valid,best_k,profile_strength_mode,x_risk_mean,x_herd_mean,x_profit_mean,overall_mean,raw_output,reason,answer_body
99,population,0,0.3378996621003379,0.31699968300031706,0.34509965490034517,,,469,NA,2018-10-01 00:00:00,13928,9877.225886,0.09761488992500691,-0.08,0.1776148899250069,-0.1776148899250069,True,1,type_mean,0.0083004769074155,0.0070097321687576,0.0811969348655934,0.03216904798058883,"
<think>Given COP's current fundamentals, the firm has a moderate market capitalization relative to book equity and positive profitability, but negative asset growth and a beta above 1 suggest higher systematic risk. The fund's current holding is substantial relative to its AUM, and the stock's low S&P 500 weight indicates limited benchmark-driven demand. Considering the high beta and negative asset growth, a risk-adjusted perspective might lead to a modest reduction in exposure to manage volatility, though the positive profitability could support some retention.</think>
<answer>
{""holding_log_delta"": -0.08}
</answer>","Given COP's current fundamentals, the firm has a moderate market capitalization relative to book equity and positive profitability, but negative asset growth and a beta above 1 suggest higher systematic risk. The fund's current holding is substantial relative to its AUM, and the stock's low S&P 500 weight indicates limited benchmark-driven demand. Considering the high beta and negative asset growth, a risk-adjusted perspective might lead to a modest reduction in exposure to manage volatility, though the positive profitability could support some retention.","{""holding_log_delta"": -0.08}"
99,population,1,0.3578996421003579,0.31699968300031706,0.32509967490032515,,,469,NA,2018-10-01 00:00:00,13928,9877.225886,0.09761488992500691,-0.04,0.13761488992500692,-0.13761488992500692,True,1,type_mean,0.0083004769074155,0.0070097321687576,0.0811969348655934,0.03216904798058883,"
<think>Given COP's current fundamentals, the firm has a market capitalization significantly larger than its book equity, indicating a high market valuation relative to assets. The profit margin is positive but modest, and the asset growth rate is negative, suggesting potential operational challenges or restructuring. With a beta above 1, the stock is more volatile than the market, and the fund's current holding is a small fraction of AUM, allowing for adjustment based on the stock's S&P 500 weight. Considering the mixed signals from profitability and growth, along with the stock's elevated volatility, a modest reduction in holding might be expected to align with the benchmark weight and manage risk exposure.</think>
<answer>
{""holding_log_delta"": -0.04}
</answer>","Given COP's current fundamentals, the firm has a market capitalization significantly larger than its book equity, indicating a high market valuation relative to assets. The profit margin is positive but modest, and the asset growth rate is negative, suggesting potential operational challenges or restructuring. With a beta above 1, the stock is more volatile than the market, and the fund's current holding is a small fraction of AUM, allowing for adjustment based on the stock's S&P 500 weight. Considering the mixed signals from profitability and growth, along with the stock's elevated volatility, a modest reduction in holding might be expected to align with the benchmark weight and manage risk exposure.","{""holding_log_delta"": -0.04}"
99,population,2,0.3378996621003379,0.33699966300033707,0.32509967490032515,,,469,NA,2018-10-01 00:00:00,13928,9877.225886,0.09761488992500691,-0.04,0.13761488992500692,-0.13761488992500692,True,1,type_mean,0.0083004769074155,0.0070097321687576,0.0811969348655934,0.03216904798058883,"
<think>Given COP's current fundamentals, the firm has a market capitalization significantly larger than its book equity, indicating a high market valuation relative to assets. The profit margin is positive but modest, and the asset growth rate is negative, suggesting potential operational challenges or strategic shifts. With a beta above 1, the stock is more volatile than the market, and the fund's current holding is a small fraction of AUM, allowing for adjustment based on the stock's S&P 500 weight. Considering the mixed signals from profitability and growth, along with the stock's elevated volatility, a modest decrease in holding might be expected to align with the benchmark weight and manage risk exposure.</think>
<answer>
{""holding_log_delta"": -0.04}
</answer>","Given COP's current fundamentals, the firm has a market capitalization significantly larger than its book equity, indicating a high market valuation relative to assets. The profit margin is positive but modest, and the asset growth rate is negative, suggesting potential operational challenges or strategic shifts. With a beta above 1, the stock is more volatile than the market, and the fund's current holding is a small fraction of AUM, allowing for adjustment based on the stock's S&P 500 weight. Considering the mixed signals from profitability and growth, along with the stock's elevated volatility, a modest decrease in holding might be expected to align with the benchmark weight and manage risk exposure.","{""holding_log_delta"": -0.04}"
99,population,3,0.3378996621003379,0.33699966300033707,0.32509967490032515,,,469,NA,2018-10-01 00:00:00,13928,9877.225886,0.09761488992500691,-0.04,0.13761488992500692,-0.13761488992500692,True,1,type_mean,0.0083004769074155,0.0070097321687576,0.0811969348655934,0.03216904798058883,"
<think>Given COP's current fundamentals, the firm has a market capitalization significantly larger than its book equity, indicating a high market valuation relative to assets. The profit margin is positive but modest, and the asset growth rate is negative, suggesting potential operational challenges or strategic shifts. With a beta above 1, the stock is more volatile than the market, and the fund's current holding is a small fraction of AUM, allowing for adjustment based on the stock's S&P 500 weight. Considering the mixed signals from profitability and growth, along with the stock's elevated volatility, a modest decrease in holding might be expected to align with the benchmark weight and manage risk exposure.</think>
<answer>
{""holding_log_delta"": -0.04}
</answer>","Given COP's current fundamentals, the firm has a market capitalization significantly larger than its book equity, indicating a high market valuation relative to assets. The profit margin is positive but modest, and the asset growth rate is negative, suggesting potential operational challenges or strategic shifts. With a beta above 1, the stock is more volatile than the market, and the fund's current holding is a small fraction of AUM, allowing for adjustment based on the stock's S&P 500 weight. Considering the mixed signals from profitability and growth, along with the stock's elevated volatility, a modest decrease in holding might be expected to align with the benchmark weight and manage risk exposure.","{""holding_log_delta"": -0.04}"
99,population,4,0.32789967210032794,0.306999693000307,0.3650996349003651,,,469,NA,2018-10-01 00:00:00,13928,9877.225886,0.09761488992500691,-0.01,0.10761488992500691,-0.10761488992500691,True,1,type_mean,0.0083004769074155,0.0070097321687576,0.0811969348655934,0.03216904798058883,"
<think>Given COP's current fundamentals, the firm shows moderate profitability (profit=0.309) but negative asset growth (Gat=-0.123582), which may temper growth expectations. The stock's high beta (1.225097) suggests higher volatility than the market, and its S&P 500 weight is modest (0.003824). With the fund's AUM significantly larger than the current holding value, any adjustment would likely be small in magnitude relative to the portfolio scale. Considering the mixed signals on growth and the stock's elevated beta, a modest reduction or neutral adjustment in holding might be expected to manage risk exposure.</think>
<answer>
{""holding_log_delta"": -0.01}
</answer>","Given COP's current fundamentals, the firm shows moderate profitability (profit=0.309) but negative asset growth (Gat=-0.123582), which may temper growth expectations. The stock's high beta (1.225097) suggests higher volatility than the market, and its S&P 500 weight is modest (0.003824). With the fund's AUM significantly larger than the current holding value, any adjustment would likely be small in magnitude relative to the portfolio scale. Considering the mixed signals on growth and the stock's elevated beta, a modest reduction or neutral adjustment in holding might be expected to manage risk exposure.","{""holding_log_delta"": -0.01}"
99,population,5,0.32789967210032794,0.307999692000308,0.3640996359003641,,,469,NA,2018-10-01 00:00:00,13928,9877.225886,0.09761488992500691,-0.04,0.13761488992500692,-0.13761488992500692,True,1,type_mean,0.0083004769074155,0.0070097321687576,0.0811969348655934,0.03216904798058883,"
<think>Given COP's current fundamentals, the firm has a market capitalization significantly larger than its book equity, indicating a high market valuation relative to assets. The profit margin is positive but modest, and the asset growth rate is negative, suggesting potential operational challenges or strategic shifts. With a beta above 1, the stock is more volatile than the market, and the fund's current holding is a small fraction of AUM, allowing for adjustment based on the stock's S&P 500 weight. Considering the mixed signals from profitability and growth, along with the stock's elevated volatility, a modest reduction in holding might be expected to align with the benchmark weight and manage risk exposure.</think>
<answer>
{""holding_log_delta"": -0.04}
</answer>","Given COP's current fundamentals, the firm has a market capitalization significantly larger than its book equity, indicating a high market valuation relative to assets. The profit margin is positive but modest, and the asset growth rate is negative, suggesting potential operational challenges or strategic shifts. With a beta above 1, the stock is more volatile than the market, and the fund's current holding is a small fraction of AUM, allowing for adjustment based on the stock's S&P 500 weight. Considering the mixed signals from profitability and growth, along with the stock's elevated volatility, a modest reduction in holding might be expected to align with the benchmark weight and manage risk exposure.","{""holding_log_delta"": -0.04}"
99,population,6,0.3478996521003479,0.32699967300032706,0.32509967490032515,,,469,NA,2018-10-01 00:00:00,13928,9877.225886,0.09761488992500691,-0.03,0.1276148899250069,-0.1276148899250069,True,1,type_mean,0.0083004769074155,0.0070097321687576,0.0811969348655934,0.03216904798058883,"
<think>Given COP's current fundamentals, the firm has a moderate market capitalization relative to book equity and positive profitability, but negative asset growth and a high beta suggest elevated systematic risk. The fund's current holding is substantial relative to its AUM, and the stock's low S&P 500 weight indicates limited benchmark-driven demand. Considering the high beta and negative asset growth, alongside the fund's large existing position, a modest reduction in holding might be expected to manage risk exposure, though the positive profitability could provide some support against a significant decrease.</think>
<answer>
{""holding_log_delta"": -0.03}
</answer>","Given COP's current fundamentals, the firm has a moderate market capitalization relative to book equity and positive profitability, but negative asset growth and a high beta suggest elevated systematic risk. The fund's current holding is substantial relative to its AUM, and the stock's low S&P 500 weight indicates limited benchmark-driven demand. Considering the high beta and negative asset growth, alongside the fund's large existing position, a modest reduction in holding might be expected to manage risk exposure, though the positive profitability could provide some support against a significant decrease.","{""holding_log_delta"": -0.03}"
99,population,7,0.3378996621003379,0.32699967300032706,0.33509966490033516,,,469,NA,2018-10-01 00:00:00,13928,9877.225886,0.09761488992500691,-0.02,0.11761488992500692,-0.11761488992500692,True,1,type_mean,0.0083004769074155,0.0070097321687576,0.0811969348655934,0.03216904798058883,"
<think>Given COP's current fundamentals, the firm shows moderate profitability (profit=0.309) but negative asset growth (Gat=-0.123582), which may temper growth expectations. The stock's high beta (1.225097) suggests higher volatility than the market, and its current holding is a small fraction of AUM, allowing for potential adjustment without significant liquidity strain. Considering the fund's overall scale and the stock's low S&P 500 weight, a modest increase or slight decrease in holding might be expected to align with the firm's growth profile and manage risk exposure.</think>
<answer>
{""holding_log_delta"": -0.02}
</answer>","Given COP's current fundamentals, the firm shows moderate profitability (profit=0.309) but negative asset growth (Gat=-0.123582), which may temper growth expectations. The stock's high beta (1.225097) suggests higher volatility than the market, and its current holding is a small fraction of AUM, allowing for potential adjustment without significant liquidity strain. Considering the fund's overall scale and the stock's low S&P 500 weight, a modest increase or slight decrease in holding might be expected to align with the firm's growth profile and manage risk exposure.","{""holding_log_delta"": -0.02}"
99,population,8,0.3478996521003479,0.31699968300031706,0.33509966490033516,,,469,NA,2018-10-01 00:00:00,13928,9877.225886,0.09761488992500691,-0.01,0.10761488992500691,-0.10761488992500691,True,1,type_mean,0.0083004769074155,0.0070097321687576,0.0811969348655934,0.03216904798058883,"
<think>Given COP's current fundamentals, the firm shows moderate profitability (profit=0.309) but negative asset growth (Gat=-0.123582), which may temper growth expectations. The stock's high beta (1.225097) suggests higher volatility than the market, and its S&P 500 weight is modest (0.003824). With the fund's AUM significantly larger than the current holding value, any adjustment would likely be small in magnitude relative to the portfolio scale. Considering the mixed signals on growth and the stock's elevated beta, a modest reduction or neutral adjustment in holding might be expected to manage risk exposure.</think>
<answer>
{""holding_log_delta"": -0.01}
</answer>","Given COP's current fundamentals, the firm shows moderate profitability (profit=0.309) but negative asset growth (Gat=-0.123582), which may temper growth expectations. The stock's high beta (1.225097) suggests higher volatility than the market, and its S&P 500 weight is modest (0.003824). With the fund's AUM significantly larger than the current holding value, any adjustment would likely be small in magnitude relative to the portfolio scale. Considering the mixed signals on growth and the stock's elevated beta, a modest reduction or neutral adjustment in holding might be expected to manage risk exposure.","{""holding_log_delta"": -0.01}"
99,population,9,0.3378996621003379,0.31699968300031706,0.34509965490034517,,,469,NA,2018-10-01 00:00:00,13928,9877.225886,0.09761488992500691,-0.08,0.1776148899250069,-0.1776148899250069,True,1,type_mean,0.0083004769074155,0.0070097321687576,0.0811969348655934,0.03216904798058883,"
<think>Given COP's current fundamentals, the firm has a moderate market capitalization relative to book equity and positive profitability, but negative asset growth and a beta above 1 suggest higher systematic risk. The fund's current holding is substantial relative to its AUM, and the stock's low S&P 500 weight indicates limited benchmark-driven demand. Considering the high beta and negative asset growth, a risk-adjusted perspective might lead to a modest reduction in exposure to manage volatility, though the positive profitability could support some retention.</think>
<answer>
{""holding_log_delta"": -0.08}
</answer>","Given COP's current fundamentals, the firm has a moderate market capitalization relative to book equity and positive profitability, but negative asset growth and a beta above 1 suggest higher systematic risk. The fund's current holding is substantial relative to its AUM, and the stock's low S&P 500 weight indicates limited benchmark-driven demand. Considering the high beta and negative asset growth, a risk-adjusted perspective might lead to a modest reduction in exposure to manage volatility, though the positive profitability could support some retention.","{""holding_log_delta"": -0.08}"
99,population,10,0.32789967210032794,0.33699966300033707,0.33509966490033516,,,469,NA,2018-10-01 00:00:00,13928,9877.225886,0.09761488992500691,-0.01,0.10761488992500691,-0.10761488992500691,True,1,type_mean,0.0083004769074155,0.0070097321687576,0.0811969348655934,0.03216904798058883,"
<think>Given COP's current fundamentals, the firm shows moderate profitability (profit=0.309) but negative asset growth (Gat=-0.123582), which may temper growth expectations. The stock's high beta (1.225097) suggests higher volatility than the market, and its S&P 500 weight is modest (0.003824). With the fund's AUM significantly larger than the current holding value, any adjustment would likely be small in magnitude relative to the portfolio scale, potentially leading to a slight decrease or minimal change in the normalized log holding.</think>
<answer>
{""holding_log_delta"": -0.01}
</answer>","Given COP's current fundamentals, the firm shows moderate profitability (profit=0.309) but negative asset growth (Gat=-0.123582), which may temper growth expectations. The stock's high beta (1.225097) suggests higher volatility than the market, and its S&P 500 weight is modest (0.003824). With the fund's AUM significantly larger than the current holding value, any adjustment would likely be small in magnitude relative to the portfolio scale, potentially leading to a slight decrease or minimal change in the normalized log holding.","{""holding_log_delta"": -0.01}"
99,population,11,0.3478996521003479,0.306999693000307,0.34509965490034517,,,469,NA,2018-10-01 00:00:00,13928,9877.225886,0.09761488992500691,-0.04,0.13761488992500692,-0.13761488992500692,True,1,type_mean,0.0083004769074155,0.0070097321687576,0.0811969348655934,0.03216904798058883,"
<think>Given COP's current fundamentals, the firm has a market capitalization significantly larger than its book equity, indicating a high market valuation relative to assets. The profit margin is positive but modest, and the asset growth rate is negative, suggesting potential operational challenges or restructuring. With a beta above 1, the stock is more volatile than the market, and the fund's current holding is a small fraction of AUM, allowing for adjustment based on the stock's S&P 500 weight. Considering the mixed signals from profitability and growth, along with the stock's elevated volatility, a modest reduction in holding might be expected to align with the benchmark weight and manage risk exposure.</think>
<answer>
{""holding_log_delta"": -0.04}
</answer>","Given COP's current fundamentals, the firm has a market capitalization significantly larger than its book equity, indicating a high market valuation relative to assets. The profit margin is positive but modest, and the asset growth rate is negative, suggesting potential operational challenges or restructuring. With a beta above 1, the stock is more volatile than the market, and the fund's current holding is a small fraction of AUM, allowing for adjustment based on the stock's S&P 500 weight. Considering the mixed signals from profitability and growth, along with the stock's elevated volatility, a modest reduction in holding might be expected to align with the benchmark weight and manage risk exposure.","{""holding_log_delta"": -0.04}"
