generation,stage,candidate_idx,risk_aversion,herd_behavior,profit_driven,ticker,company,id,quarter,date,permno,holding_t,y_true,pred,abs_error,reward,valid,best_k,profile_strength_mode,x_risk_mean,x_herd_mean,x_profit_mean,overall_mean,raw_output,reason,answer_body
80,population,0,0.3478996521003479,0.296999703000297,0.35509964490035517,,,545,NA,2019-04-01 00:00:00,14593,152739.953089,0.10648667377302172,-0.04,0.14648667377302171,-0.14648667377302171,True,1,type_mean,0.0083004769074155,0.0070097321687576,0.0811969348655934,0.03216904798058883,"
<think>Given the firm's high market capitalization relative to book equity and positive profitability, the stock appears fundamentally strong. The fund's current holding is substantial relative to its AUM, and the stock's S&P 500 weight suggests it is a significant market component. With moderate beta and recent negative asset growth, the stock may offer stable but not aggressive growth potential, likely supporting a modest increase in the holding to align with its market importance.</think>
<answer>
{""holding_log_delta"": -0.04}
</answer>","Given the firm's high market capitalization relative to book equity and positive profitability, the stock appears fundamentally strong. The fund's current holding is substantial relative to its AUM, and the stock's S&P 500 weight suggests it is a significant market component. With moderate beta and recent negative asset growth, the stock may offer stable but not aggressive growth potential, likely supporting a modest increase in the holding to align with its market importance.","{""holding_log_delta"": -0.04}"
80,population,1,0.32789967210032794,0.306999693000307,0.3650996349003651,,,545,NA,2019-04-01 00:00:00,14593,152739.953089,0.10648667377302172,-0.03,0.1364866737730217,-0.1364866737730217,True,1,type_mean,0.0083004769074155,0.0070097321687576,0.0811969348655934,0.03216904798058883,"
<think>Given the firm's high market capitalization relative to book equity and positive profitability, the stock appears fundamentally strong. The fund's current holding is substantial relative to its AUM, and the stock's S&P 500 weight suggests it is a significant market component. With moderate beta and recent negative asset growth, the stock may offer stable but not aggressive growth potential, likely supporting a modest increase in the holding to align with its market importance.</think>
<answer>
{""holding_log_delta"": -0.03}
</answer>","Given the firm's high market capitalization relative to book equity and positive profitability, the stock appears fundamentally strong. The fund's current holding is substantial relative to its AUM, and the stock's S&P 500 weight suggests it is a significant market component. With moderate beta and recent negative asset growth, the stock may offer stable but not aggressive growth potential, likely supporting a modest increase in the holding to align with its market importance.","{""holding_log_delta"": -0.03}"
80,population,2,0.3578996421003579,0.307999692000308,0.33409966590033413,,,545,NA,2019-04-01 00:00:00,14593,152739.953089,0.10648667377302172,-0.03,0.1364866737730217,-0.1364866737730217,True,1,type_mean,0.0083004769074155,0.0070097321687576,0.0811969348655934,0.03216904798058883,"
<think>Given the firm's high market capitalization relative to book equity and positive profitability, the stock appears fundamentally strong. The fund's current holding is substantial relative to its AUM, and the stock's S&P 500 weight suggests it is a significant market component. With moderate beta and recent negative asset growth, the stock may offer stable but not aggressive growth potential, likely supporting a modest increase in the holding to align with its market importance.</think>
<answer>
{""holding_log_delta"": -0.03}
</answer>","Given the firm's high market capitalization relative to book equity and positive profitability, the stock appears fundamentally strong. The fund's current holding is substantial relative to its AUM, and the stock's S&P 500 weight suggests it is a significant market component. With moderate beta and recent negative asset growth, the stock may offer stable but not aggressive growth potential, likely supporting a modest increase in the holding to align with its market importance.","{""holding_log_delta"": -0.03}"
80,population,3,0.3378996621003379,0.31799968200031803,0.34409965590034414,,,545,NA,2019-04-01 00:00:00,14593,152739.953089,0.10648667377302172,-0.03,0.1364866737730217,-0.1364866737730217,True,1,type_mean,0.0083004769074155,0.0070097321687576,0.0811969348655934,0.03216904798058883,"
<think>Given the firm's high market capitalization relative to book equity and positive profitability, the stock appears fundamentally strong. The fund's current holding is substantial relative to its AUM, and the stock's S&P 500 weight suggests it is a significant market component. With moderate beta and recent negative asset growth, the stock may offer stable but not aggressive growth potential, likely supporting a modest increase in the holding to align with its market importance.</think>
<answer>
{""holding_log_delta"": -0.03}
</answer>","Given the firm's high market capitalization relative to book equity and positive profitability, the stock appears fundamentally strong. The fund's current holding is substantial relative to its AUM, and the stock's S&P 500 weight suggests it is a significant market component. With moderate beta and recent negative asset growth, the stock may offer stable but not aggressive growth potential, likely supporting a modest increase in the holding to align with its market importance.","{""holding_log_delta"": -0.03}"
80,population,4,0.35289964710035293,0.31799968200031803,0.32909967090032916,,,545,NA,2019-04-01 00:00:00,14593,152739.953089,0.10648667377302172,-0.04,0.14648667377302171,-0.14648667377302171,True,1,type_mean,0.0083004769074155,0.0070097321687576,0.0811969348655934,0.03216904798058883,"
<think>Given the firm's high market capitalization relative to book equity and positive profitability, the stock appears fundamentally strong. The fund's current holding is substantial relative to its AUM, and the stock's S&P 500 weight suggests it is a significant market component. With moderate beta and recent negative asset growth, the stock may offer stable but not aggressive growth potential, likely supporting a modest increase in the holding to align with its market importance.</think>
<answer>
{""holding_log_delta"": -0.04}
</answer>","Given the firm's high market capitalization relative to book equity and positive profitability, the stock appears fundamentally strong. The fund's current holding is substantial relative to its AUM, and the stock's S&P 500 weight suggests it is a significant market component. With moderate beta and recent negative asset growth, the stock may offer stable but not aggressive growth potential, likely supporting a modest increase in the holding to align with its market importance.","{""holding_log_delta"": -0.04}"
80,population,5,0.3578996421003579,0.31799968200031803,0.3240996759003241,,,545,NA,2019-04-01 00:00:00,14593,152739.953089,0.10648667377302172,-0.04,0.14648667377302171,-0.14648667377302171,True,1,type_mean,0.0083004769074155,0.0070097321687576,0.0811969348655934,0.03216904798058883,"
<think>Given the firm's high market capitalization relative to book equity and positive profitability, the stock appears fundamentally strong. The fund's current holding is substantial relative to its AUM, and the stock's S&P 500 weight suggests it is a significant market component. With moderate beta and recent negative asset growth, the stock may offer stable but not aggressive growth potential, likely supporting a modest increase in the holding to align with its market importance.</think>
<answer>
{""holding_log_delta"": -0.04}
</answer>","Given the firm's high market capitalization relative to book equity and positive profitability, the stock appears fundamentally strong. The fund's current holding is substantial relative to its AUM, and the stock's S&P 500 weight suggests it is a significant market component. With moderate beta and recent negative asset growth, the stock may offer stable but not aggressive growth potential, likely supporting a modest increase in the holding to align with its market importance.","{""holding_log_delta"": -0.04}"
80,population,6,0.3578996421003579,0.31799968200031803,0.3240996759003241,,,545,NA,2019-04-01 00:00:00,14593,152739.953089,0.10648667377302172,-0.04,0.14648667377302171,-0.14648667377302171,True,1,type_mean,0.0083004769074155,0.0070097321687576,0.0811969348655934,0.03216904798058883,"
<think>Given the firm's high market capitalization relative to book equity and positive profitability, the stock appears fundamentally strong. The fund's current holding is substantial relative to its AUM, and the stock's S&P 500 weight suggests it is a significant market component. With moderate beta and recent negative asset growth, the stock may offer stable but not aggressive growth potential, likely supporting a modest increase in the holding to align with its market importance.</think>
<answer>
{""holding_log_delta"": -0.04}
</answer>","Given the firm's high market capitalization relative to book equity and positive profitability, the stock appears fundamentally strong. The fund's current holding is substantial relative to its AUM, and the stock's S&P 500 weight suggests it is a significant market component. With moderate beta and recent negative asset growth, the stock may offer stable but not aggressive growth potential, likely supporting a modest increase in the holding to align with its market importance.","{""holding_log_delta"": -0.04}"
80,population,7,0.32789967210032794,0.31699968300031706,0.35509964490035517,,,545,NA,2019-04-01 00:00:00,14593,152739.953089,0.10648667377302172,-0.03,0.1364866737730217,-0.1364866737730217,True,1,type_mean,0.0083004769074155,0.0070097321687576,0.0811969348655934,0.03216904798058883,"
<think>Given the firm's high market capitalization relative to book equity and positive profitability, the stock appears fundamentally strong. The fund's current holding is substantial relative to its AUM, and the stock's S&P 500 weight suggests it is a significant market component. With moderate beta and recent negative asset growth, the stock may offer stable but not aggressive growth potential, likely supporting a modest increase in the holding to align with its market importance.</think>
<answer>
{""holding_log_delta"": -0.03}
</answer>","Given the firm's high market capitalization relative to book equity and positive profitability, the stock appears fundamentally strong. The fund's current holding is substantial relative to its AUM, and the stock's S&P 500 weight suggests it is a significant market component. With moderate beta and recent negative asset growth, the stock may offer stable but not aggressive growth potential, likely supporting a modest increase in the holding to align with its market importance.","{""holding_log_delta"": -0.03}"
80,population,8,0.3279324653140661,0.3069303861082247,0.36513614847869935,,,545,NA,2019-04-01 00:00:00,14593,152739.953089,0.10648667377302172,-0.03,0.1364866737730217,-0.1364866737730217,True,1,type_mean,0.0083004769074155,0.0070097321687576,0.0811969348655934,0.03216904798058883,"
<think>Given the firm's high market capitalization relative to book equity and positive profitability, the stock appears fundamentally strong. The fund's current holding is substantial relative to its AUM, and the stock's S&P 500 weight suggests it is a significant market component. With moderate beta and recent negative asset growth, the stock may offer stable but not aggressive growth potential, likely supporting a modest increase in the holding to align with its market importance.</think>
<answer>
{""holding_log_delta"": -0.03}
</answer>","Given the firm's high market capitalization relative to book equity and positive profitability, the stock appears fundamentally strong. The fund's current holding is substantial relative to its AUM, and the stock's S&P 500 weight suggests it is a significant market component. With moderate beta and recent negative asset growth, the stock may offer stable but not aggressive growth potential, likely supporting a modest increase in the holding to align with its market importance.","{""holding_log_delta"": -0.03}"
80,population,9,0.31789968210031794,0.32799967200032804,0.35409964590035414,,,545,NA,2019-04-01 00:00:00,14593,152739.953089,0.10648667377302172,-0.04,0.14648667377302171,-0.14648667377302171,True,1,type_mean,0.0083004769074155,0.0070097321687576,0.0811969348655934,0.03216904798058883,"
<think>Given the firm's high market capitalization relative to book equity and positive profitability, the stock appears fundamentally strong. The fund's current holding is substantial relative to its AUM, and the stock's S&P 500 weight suggests it is a significant market component. With moderate beta and recent negative asset growth, the stock may offer stable but not aggressive growth potential, likely supporting a modest increase in the holding to align with its market importance.</think>
<answer>
{""holding_log_delta"": -0.04}
</answer>","Given the firm's high market capitalization relative to book equity and positive profitability, the stock appears fundamentally strong. The fund's current holding is substantial relative to its AUM, and the stock's S&P 500 weight suggests it is a significant market component. With moderate beta and recent negative asset growth, the stock may offer stable but not aggressive growth potential, likely supporting a modest increase in the holding to align with its market importance.","{""holding_log_delta"": -0.04}"
80,population,10,0.32789967210032794,0.30689969310030696,0.36519963480036527,,,545,NA,2019-04-01 00:00:00,14593,152739.953089,0.10648667377302172,-0.04,0.14648667377302171,-0.14648667377302171,True,1,type_mean,0.0083004769074155,0.0070097321687576,0.0811969348655934,0.03216904798058883,"
<think>Given the firm's high market capitalization relative to book equity and positive profitability, the stock appears fundamentally strong. The fund's current holding is substantial relative to its AUM, and the stock's S&P 500 weight suggests it is a significant market component. With moderate beta and recent negative asset growth, the stock may offer stable but not aggressive growth potential, likely supporting a modest increase in the holding to align with its market importance.</think>
<answer>
{""holding_log_delta"": -0.04}
</answer>","Given the firm's high market capitalization relative to book equity and positive profitability, the stock appears fundamentally strong. The fund's current holding is substantial relative to its AUM, and the stock's S&P 500 weight suggests it is a significant market component. With moderate beta and recent negative asset growth, the stock may offer stable but not aggressive growth potential, likely supporting a modest increase in the holding to align with its market importance.","{""holding_log_delta"": -0.04}"
80,population,11,0.31789968210031794,0.306999693000307,0.37509962490037513,,,545,NA,2019-04-01 00:00:00,14593,152739.953089,0.10648667377302172,-0.03,0.1364866737730217,-0.1364866737730217,True,1,type_mean,0.0083004769074155,0.0070097321687576,0.0811969348655934,0.03216904798058883,"
<think>Given the firm's high market capitalization relative to book equity and positive profitability, the stock appears fundamentally strong. The fund's current holding is substantial relative to its AUM, and the stock's S&P 500 weight suggests it is a significant market component. With moderate beta and recent negative asset growth, the stock may offer stable but not aggressive growth potential, likely supporting a modest increase in the holding to align with its market importance.</think>
<answer>
{""holding_log_delta"": -0.03}
</answer>","Given the firm's high market capitalization relative to book equity and positive profitability, the stock appears fundamentally strong. The fund's current holding is substantial relative to its AUM, and the stock's S&P 500 weight suggests it is a significant market component. With moderate beta and recent negative asset growth, the stock may offer stable but not aggressive growth potential, likely supporting a modest increase in the holding to align with its market importance.","{""holding_log_delta"": -0.03}"
