generation,stage,candidate_idx,risk_aversion,herd_behavior,profit_driven,ticker,company,id,quarter,date,permno,holding_t,y_true,pred,abs_error,reward,valid,best_k,profile_strength_mode,x_risk_mean,x_herd_mean,x_profit_mean,overall_mean,raw_output,reason,answer_body
85,population,0,0.31789968210031794,0.31699968300031706,0.3650996349003651,,,589,NA,2016-10-01 00:00:00,21792,1481.694233,0.11760101110730087,-0.04,0.15760101110730088,-0.15760101110730088,True,1,type_mean,0.0083004769074155,0.0070097321687576,0.0811969348655934,0.03216904798058883,"
<think>Given the firm's moderate profitability (profit=0.18) and negative asset growth (Gat=-0.073), combined with a low beta (0.424) suggesting lower systematic risk, the stock may not present strong growth opportunities. The fund's current holding is relatively small compared to its AUM, and the stock's very low S&P 500 weight indicates limited benchmark-driven demand. Considering these factors, a modest reduction in the normalized holding might be expected to align with the fund's growth orientation and manage concentration risk.</think>
<answer>
{""holding_log_delta"": -0.04}
</answer>","Given the firm's moderate profitability (profit=0.18) and negative asset growth (Gat=-0.073), combined with a low beta (0.424) suggesting lower systematic risk, the stock may not present strong growth opportunities. The fund's current holding is relatively small compared to its AUM, and the stock's very low S&P 500 weight indicates limited benchmark-driven demand. Considering these factors, a modest reduction in the normalized holding might be expected to align with the fund's growth orientation and manage concentration risk.","{""holding_log_delta"": -0.04}"
85,population,1,0.3578996421003579,0.31799968200031803,0.3240996759003241,,,589,NA,2016-10-01 00:00:00,21792,1481.694233,0.11760101110730087,-0.03,0.14760101110730087,-0.14760101110730087,True,1,type_mean,0.0083004769074155,0.0070097321687576,0.0811969348655934,0.03216904798058883,"
<think>Given the firm's moderate profitability (profit=0.18) and negative asset growth (Gat=-0.073), combined with a low beta (0.424) suggesting lower systematic risk, the stock may not present strong growth opportunities. The fund's current holding is substantial relative to its AUM, and the stock's very small S&P 500 weight implies limited benchmark-driven demand. Considering the mixed fundamental signals and the fund's existing large position, a modest reduction in holding might be expected to manage concentration risk, leading to a slight negative normalized log change.</think>
<answer>
{""holding_log_delta"": -0.03}
</answer>","Given the firm's moderate profitability (profit=0.18) and negative asset growth (Gat=-0.073), combined with a low beta (0.424) suggesting lower systematic risk, the stock may not present strong growth opportunities. The fund's current holding is substantial relative to its AUM, and the stock's very small S&P 500 weight implies limited benchmark-driven demand. Considering the mixed fundamental signals and the fund's existing large position, a modest reduction in holding might be expected to manage concentration risk, leading to a slight negative normalized log change.","{""holding_log_delta"": -0.03}"
85,population,2,0.3578996421003579,0.31799968200031803,0.3240996759003241,,,589,NA,2016-10-01 00:00:00,21792,1481.694233,0.11760101110730087,-0.03,0.14760101110730087,-0.14760101110730087,True,1,type_mean,0.0083004769074155,0.0070097321687576,0.0811969348655934,0.03216904798058883,"
<think>Given the firm's moderate profitability (profit=0.18) and negative asset growth (Gat=-0.073), combined with a low beta (0.424) suggesting lower systematic risk, the stock may not present strong growth opportunities. The fund's current holding is substantial relative to its AUM, and the stock's very small S&P 500 weight implies limited benchmark-driven demand. Considering the mixed fundamental signals and the fund's existing large position, a modest reduction in holding might be expected to manage concentration risk, leading to a slight negative normalized log change.</think>
<answer>
{""holding_log_delta"": -0.03}
</answer>","Given the firm's moderate profitability (profit=0.18) and negative asset growth (Gat=-0.073), combined with a low beta (0.424) suggesting lower systematic risk, the stock may not present strong growth opportunities. The fund's current holding is substantial relative to its AUM, and the stock's very small S&P 500 weight implies limited benchmark-driven demand. Considering the mixed fundamental signals and the fund's existing large position, a modest reduction in holding might be expected to manage concentration risk, leading to a slight negative normalized log change.","{""holding_log_delta"": -0.03}"
85,population,3,0.3478996521003479,0.32699967300032706,0.32509967490032515,,,589,NA,2016-10-01 00:00:00,21792,1481.694233,0.11760101110730087,-0.02,0.13760101110730086,-0.13760101110730086,True,1,type_mean,0.0083004769074155,0.0070097321687576,0.0811969348655934,0.03216904798058883,"
<think>Given the firm's moderate profitability (profit=0.18) and negative asset growth (Gat=-0.073), alongside a low beta (0.424) indicating lower systematic risk, the stock may not present strong fundamental growth signals. The fund's current holding is relatively small compared to its AUM, and the stock's very low S&P 500 weight suggests limited benchmark-driven demand. Considering the mixed fundamentals and the fund's active, growth-oriented profile, a modest adjustment in line with the weak growth signals and low benchmark weight is expected, likely resulting in a slight decrease or minimal change in the normalized log holding.</think>
<answer>
{""holding_log_delta"": -0.02}
</answer>","Given the firm's moderate profitability (profit=0.18) and negative asset growth (Gat=-0.073), alongside a low beta (0.424) indicating lower systematic risk, the stock may not present strong fundamental growth signals. The fund's current holding is relatively small compared to its AUM, and the stock's very low S&P 500 weight suggests limited benchmark-driven demand. Considering the mixed fundamentals and the fund's active, growth-oriented profile, a modest adjustment in line with the weak growth signals and low benchmark weight is expected, likely resulting in a slight decrease or minimal change in the normalized log holding.","{""holding_log_delta"": -0.02}"
85,population,4,0.32789967210032794,0.32699967300032706,0.34509965490034517,,,589,NA,2016-10-01 00:00:00,21792,1481.694233,0.11760101110730087,-0.04,0.15760101110730088,-0.15760101110730088,True,1,type_mean,0.0083004769074155,0.0070097321687576,0.0811969348655934,0.03216904798058883,"
<think>Given the firm's moderate profitability (profit=0.18) and negative asset growth (Gat=-0.073), combined with a low beta (0.424) suggesting lower systematic risk, the stock may not present strong growth opportunities. The fund's current holding is relatively small compared to its AUM, and the stock's very low S&P 500 weight indicates limited benchmark-driven demand. Considering these factors, a modest reduction in the normalized holding might be expected to align with the fund's growth orientation and manage concentration.</think>
<answer>
{""holding_log_delta"": -0.04}
</answer>","Given the firm's moderate profitability (profit=0.18) and negative asset growth (Gat=-0.073), combined with a low beta (0.424) suggesting lower systematic risk, the stock may not present strong growth opportunities. The fund's current holding is relatively small compared to its AUM, and the stock's very low S&P 500 weight indicates limited benchmark-driven demand. Considering these factors, a modest reduction in the normalized holding might be expected to align with the fund's growth orientation and manage concentration.","{""holding_log_delta"": -0.04}"
85,population,5,0.3378996621003379,0.306999693000307,0.35509964490035517,,,589,NA,2016-10-01 00:00:00,21792,1481.694233,0.11760101110730087,-0.03,0.14760101110730087,-0.14760101110730087,True,1,type_mean,0.0083004769074155,0.0070097321687576,0.0811969348655934,0.03216904798058883,"
<think>Given the firm's moderate profitability (profit=0.18) and negative asset growth (Gat=-0.073), combined with a low beta (0.424) suggesting lower systematic risk, the stock may not present strong growth opportunities. The fund's current holding is relatively small compared to its AUM, and the stock's very low S&P 500 weight indicates limited benchmark-driven demand. Considering these factors, a modest reduction in the normalized holding might be expected to align with the fund's growth orientation and manage concentration risk.</think>
<answer>
{""holding_log_delta"": -0.03}
</answer>","Given the firm's moderate profitability (profit=0.18) and negative asset growth (Gat=-0.073), combined with a low beta (0.424) suggesting lower systematic risk, the stock may not present strong growth opportunities. The fund's current holding is relatively small compared to its AUM, and the stock's very low S&P 500 weight indicates limited benchmark-driven demand. Considering these factors, a modest reduction in the normalized holding might be expected to align with the fund's growth orientation and manage concentration risk.","{""holding_log_delta"": -0.03}"
85,population,6,0.32789967210032794,0.306999693000307,0.3650996349003651,,,589,NA,2016-10-01 00:00:00,21792,1481.694233,0.11760101110730087,-0.03,0.14760101110730087,-0.14760101110730087,True,1,type_mean,0.0083004769074155,0.0070097321687576,0.0811969348655934,0.03216904798058883,"
<think>Given the firm's moderate profitability (profit=0.18) and negative asset growth (Gat=-0.073), alongside a low beta (0.424) indicating lower systematic risk, the stock may not present strong fundamental growth signals. The fund's current holding is relatively small compared to its AUM, and the stock's very low S&P 500 weight suggests limited benchmark-driven demand. Considering the mixed fundamentals and the fund's active, growth-oriented profile, a modest adjustment in line with the weak growth signals and low benchmark weight is expected, likely resulting in a slight decrease or minimal change in the normalized log holding.</think>
<answer>
{""holding_log_delta"": -0.03}
</answer>","Given the firm's moderate profitability (profit=0.18) and negative asset growth (Gat=-0.073), alongside a low beta (0.424) indicating lower systematic risk, the stock may not present strong fundamental growth signals. The fund's current holding is relatively small compared to its AUM, and the stock's very low S&P 500 weight suggests limited benchmark-driven demand. Considering the mixed fundamentals and the fund's active, growth-oriented profile, a modest adjustment in line with the weak growth signals and low benchmark weight is expected, likely resulting in a slight decrease or minimal change in the normalized log holding.","{""holding_log_delta"": -0.03}"
85,population,7,0.32789967210032794,0.31699968300031706,0.35509964490035517,,,589,NA,2016-10-01 00:00:00,21792,1481.694233,0.11760101110730087,-0.04,0.15760101110730088,-0.15760101110730088,True,1,type_mean,0.0083004769074155,0.0070097321687576,0.0811969348655934,0.03216904798058883,"
<think>Given the firm's moderate profitability (profit=0.18) and negative asset growth (Gat=-0.073), combined with a low beta (0.424) suggesting lower systematic risk, the stock may not present strong growth opportunities. The fund's current holding is relatively small compared to its AUM, and the stock's very low S&P 500 weight indicates limited benchmark-driven demand. Considering these factors, a modest reduction in the normalized holding might be expected to align with the fund's growth orientation and manage concentration risk.</think>
<answer>
{""holding_log_delta"": -0.04}
</answer>","Given the firm's moderate profitability (profit=0.18) and negative asset growth (Gat=-0.073), combined with a low beta (0.424) suggesting lower systematic risk, the stock may not present strong growth opportunities. The fund's current holding is relatively small compared to its AUM, and the stock's very low S&P 500 weight indicates limited benchmark-driven demand. Considering these factors, a modest reduction in the normalized holding might be expected to align with the fund's growth orientation and manage concentration risk.","{""holding_log_delta"": -0.04}"
85,population,8,0.3378996621003379,0.2968997031002969,0.36519963480036527,,,589,NA,2016-10-01 00:00:00,21792,1481.694233,0.11760101110730087,-0.04,0.15760101110730088,-0.15760101110730088,True,1,type_mean,0.0083004769074155,0.0070097321687576,0.0811969348655934,0.03216904798058883,"
<think>Given the firm's moderate profitability (profit=0.18) and negative asset growth (Gat=-0.073), combined with a low beta (0.424) suggesting lower systematic risk, the stock may not present strong growth opportunities. The fund's current holding is relatively small compared to its AUM, and the stock's very low S&P 500 weight indicates limited benchmark-driven demand. Considering these factors, a modest reduction in the normalized holding might be expected to align with the fund's growth orientation and manage concentration risk.</think>
<answer>
{""holding_log_delta"": -0.04}
</answer>","Given the firm's moderate profitability (profit=0.18) and negative asset growth (Gat=-0.073), combined with a low beta (0.424) suggesting lower systematic risk, the stock may not present strong growth opportunities. The fund's current holding is relatively small compared to its AUM, and the stock's very low S&P 500 weight indicates limited benchmark-driven demand. Considering these factors, a modest reduction in the normalized holding might be expected to align with the fund's growth orientation and manage concentration risk.","{""holding_log_delta"": -0.04}"
85,population,9,0.3428996571003429,0.32199967800032203,0.33509966490033516,,,589,NA,2016-10-01 00:00:00,21792,1481.694233,0.11760101110730087,-0.04,0.15760101110730088,-0.15760101110730088,True,1,type_mean,0.0083004769074155,0.0070097321687576,0.0811969348655934,0.03216904798058883,"
<think>Given the firm's moderate profitability (profit=0.18) and negative asset growth (Gat=-0.073), combined with a low beta (0.424) suggesting lower systematic risk, the stock may not present strong growth opportunities. The fund's current holding is relatively small compared to its AUM, and the stock's very low S&P 500 weight indicates limited benchmark-driven demand. Considering these factors, a modest reduction in the normalized holding might be expected to align with the fund's growth orientation and manage concentration risk.</think>
<answer>
{""holding_log_delta"": -0.04}
</answer>","Given the firm's moderate profitability (profit=0.18) and negative asset growth (Gat=-0.073), combined with a low beta (0.424) suggesting lower systematic risk, the stock may not present strong growth opportunities. The fund's current holding is relatively small compared to its AUM, and the stock's very low S&P 500 weight indicates limited benchmark-driven demand. Considering these factors, a modest reduction in the normalized holding might be expected to align with the fund's growth orientation and manage concentration risk.","{""holding_log_delta"": -0.04}"
85,population,10,0.32789967210032794,0.30689969310030696,0.36519963480036527,,,589,NA,2016-10-01 00:00:00,21792,1481.694233,0.11760101110730087,-0.04,0.15760101110730088,-0.15760101110730088,True,1,type_mean,0.0083004769074155,0.0070097321687576,0.0811969348655934,0.03216904798058883,"
<think>Given the firm's moderate profitability (profit=0.18) and negative asset growth (Gat=-0.073), combined with a low beta (0.424) suggesting lower systematic risk, the stock may not present strong growth opportunities. The fund's current holding is relatively small compared to its AUM, and the stock's very low S&P 500 weight indicates limited benchmark-driven demand. Considering these factors, a modest reduction in the normalized holding might be expected to align with the fund's growth orientation and manage concentration risk.</think>
<answer>
{""holding_log_delta"": -0.04}
</answer>","Given the firm's moderate profitability (profit=0.18) and negative asset growth (Gat=-0.073), combined with a low beta (0.424) suggesting lower systematic risk, the stock may not present strong growth opportunities. The fund's current holding is relatively small compared to its AUM, and the stock's very low S&P 500 weight indicates limited benchmark-driven demand. Considering these factors, a modest reduction in the normalized holding might be expected to align with the fund's growth orientation and manage concentration risk.","{""holding_log_delta"": -0.04}"
85,population,11,0.3478996521003479,0.296999703000297,0.35509964490035517,,,589,NA,2016-10-01 00:00:00,21792,1481.694233,0.11760101110730087,-0.03,0.14760101110730087,-0.14760101110730087,True,1,type_mean,0.0083004769074155,0.0070097321687576,0.0811969348655934,0.03216904798058883,"
<think>Given the firm's moderate profitability (profit=0.18) and negative asset growth (Gat=-0.073), combined with a low beta (0.424) suggesting lower systematic risk, the stock may not present strong growth opportunities. The fund's current holding is relatively small compared to its AUM, and the stock's very low S&P 500 weight indicates limited benchmark-driven demand. Considering these factors, a modest reduction in the normalized holding might be expected to align with the fund's growth orientation and manage concentration risk.</think>
<answer>
{""holding_log_delta"": -0.03}
</answer>","Given the firm's moderate profitability (profit=0.18) and negative asset growth (Gat=-0.073), combined with a low beta (0.424) suggesting lower systematic risk, the stock may not present strong growth opportunities. The fund's current holding is relatively small compared to its AUM, and the stock's very low S&P 500 weight indicates limited benchmark-driven demand. Considering these factors, a modest reduction in the normalized holding might be expected to align with the fund's growth orientation and manage concentration risk.","{""holding_log_delta"": -0.03}"
