generation,stage,candidate_idx,risk_aversion,herd_behavior,profit_driven,ticker,company,id,quarter,date,permno,holding_t,y_true,pred,abs_error,reward,valid,best_k,profile_strength_mode,x_risk_mean,x_herd_mean,x_profit_mean,overall_mean,raw_output,reason,answer_body
28,population,0,0.5633539583892646,0.2705072964735891,0.16613774513714621,MKTX,MARKETAXESS HLDGS INC,365,NA,2016-04-01 00:00:00,90454,3074.005959,0.05006769236774958,-0.02,0.07006769236774958,-0.07006769236774958,True,1,type_mean,0.0082565895035254,0.0069532062192367,0.2194993243101532,0.0782363733443051,"
<think>Given MKTX's low beta of 0.55 and positive profitability, the stock appears relatively stable with low systematic risk. The fund's current holding is modest relative to its AUM and the stock's S&P 500 weight, suggesting room for adjustment without significant deviation from benchmark. Considering the low volatility and positive fundamentals, a slight increase in holding might be expected to align closer with the benchmark weight, but the magnitude would likely be limited by the fund's existing exposure and the stock's small market cap.</think>
<answer>
{""holding_log_delta"": -0.02}
</answer>","Given MKTX's low beta of 0.55 and positive profitability, the stock appears relatively stable with low systematic risk. The fund's current holding is modest relative to its AUM and the stock's S&P 500 weight, suggesting room for adjustment without significant deviation from benchmark. Considering the low volatility and positive fundamentals, a slight increase in holding might be expected to align closer with the benchmark weight, but the magnitude would likely be limited by the fund's existing exposure and the stock's small market cap.","{""holding_log_delta"": -0.02}"
28,population,1,0.5833539583892248,0.24050729647358912,0.17613774513718625,MKTX,MARKETAXESS HLDGS INC,365,NA,2016-04-01 00:00:00,90454,3074.005959,0.05006769236774958,-0.02,0.07006769236774958,-0.07006769236774958,True,1,type_mean,0.0082565895035254,0.0069532062192367,0.2194993243101532,0.0782363733443051,"
<think>Given MKTX's low beta of 0.55 and positive profitability, the stock appears relatively stable with low systematic risk. The fund's current holding is modest relative to its AUM and the stock's S&P 500 weight, suggesting room for adjustment without significant deviation from benchmark. Considering the low volatility and positive fundamentals, a slight increase in holding might be expected to align closer with the benchmark weight, but the magnitude would likely be limited by the fund's existing exposure and the stock's small market cap.</think>
<answer>
{""holding_log_delta"": -0.02}
</answer>","Given MKTX's low beta of 0.55 and positive profitability, the stock appears relatively stable with low systematic risk. The fund's current holding is modest relative to its AUM and the stock's S&P 500 weight, suggesting room for adjustment without significant deviation from benchmark. Considering the low volatility and positive fundamentals, a slight increase in holding might be expected to align closer with the benchmark weight, but the magnitude would likely be limited by the fund's existing exposure and the stock's small market cap.","{""holding_log_delta"": -0.02}"
28,population,2,0.6133539583898281,0.2705072964738596,0.11613774513731237,MKTX,MARKETAXESS HLDGS INC,365,NA,2016-04-01 00:00:00,90454,3074.005959,0.05006769236774958,-0.02,0.07006769236774958,-0.07006769236774958,True,1,type_mean,0.0082565895035254,0.0069532062192367,0.2194993243101532,0.0782363733443051,"
<think>Given MKTX's low beta of 0.55 and positive profitability, the stock appears relatively stable with low systematic risk. The fund's current holding is modest relative to its AUM and the stock's S&P 500 weight, suggesting room for adjustment without significant deviation from benchmark. Considering the low volatility and positive fundamentals, a slight increase in holding might be expected to align closer with the benchmark weight, but the magnitude would likely be limited by the fund's existing exposure and the stock's small market cap.</think>
<answer>
{""holding_log_delta"": -0.02}
</answer>","Given MKTX's low beta of 0.55 and positive profitability, the stock appears relatively stable with low systematic risk. The fund's current holding is modest relative to its AUM and the stock's S&P 500 weight, suggesting room for adjustment without significant deviation from benchmark. Considering the low volatility and positive fundamentals, a slight increase in holding might be expected to align closer with the benchmark weight, but the magnitude would likely be limited by the fund's existing exposure and the stock's small market cap.","{""holding_log_delta"": -0.02}"
28,population,3,0.6133539583898281,0.2705072964738596,0.11613774513731237,MKTX,MARKETAXESS HLDGS INC,365,NA,2016-04-01 00:00:00,90454,3074.005959,0.05006769236774958,-0.02,0.07006769236774958,-0.07006769236774958,True,1,type_mean,0.0082565895035254,0.0069532062192367,0.2194993243101532,0.0782363733443051,"
<think>Given MKTX's low beta of 0.55 and positive profitability, the stock appears relatively stable with low systematic risk. The fund's current holding is modest relative to its AUM and the stock's S&P 500 weight, suggesting room for adjustment without significant deviation from benchmark. Considering the low volatility and positive fundamentals, a slight increase in holding might be expected to align closer with the benchmark weight, but the magnitude would likely be limited by the fund's existing exposure and the stock's small market cap.</think>
<answer>
{""holding_log_delta"": -0.02}
</answer>","Given MKTX's low beta of 0.55 and positive profitability, the stock appears relatively stable with low systematic risk. The fund's current holding is modest relative to its AUM and the stock's S&P 500 weight, suggesting room for adjustment without significant deviation from benchmark. Considering the low volatility and positive fundamentals, a slight increase in holding might be expected to align closer with the benchmark weight, but the magnitude would likely be limited by the fund's existing exposure and the stock's small market cap.","{""holding_log_delta"": -0.02}"
28,population,4,0.6133539583898281,0.2705072964738596,0.11613774513731237,MKTX,MARKETAXESS HLDGS INC,365,NA,2016-04-01 00:00:00,90454,3074.005959,0.05006769236774958,-0.02,0.07006769236774958,-0.07006769236774958,True,1,type_mean,0.0082565895035254,0.0069532062192367,0.2194993243101532,0.0782363733443051,"
<think>Given MKTX's low beta of 0.55 and positive profitability, the stock appears relatively stable with low systematic risk. The fund's current holding is modest relative to its AUM and the stock's S&P 500 weight, suggesting room for adjustment without significant deviation from benchmark. Considering the low volatility and positive fundamentals, a slight increase in holding might be expected to align closer with the benchmark weight, but the magnitude would likely be limited by the fund's existing exposure and the stock's small market cap.</think>
<answer>
{""holding_log_delta"": -0.02}
</answer>","Given MKTX's low beta of 0.55 and positive profitability, the stock appears relatively stable with low systematic risk. The fund's current holding is modest relative to its AUM and the stock's S&P 500 weight, suggesting room for adjustment without significant deviation from benchmark. Considering the low volatility and positive fundamentals, a slight increase in holding might be expected to align closer with the benchmark weight, but the magnitude would likely be limited by the fund's existing exposure and the stock's small market cap.","{""holding_log_delta"": -0.02}"
28,population,5,0.6133539583898281,0.2705072964738596,0.11613774513731237,MKTX,MARKETAXESS HLDGS INC,365,NA,2016-04-01 00:00:00,90454,3074.005959,0.05006769236774958,-0.02,0.07006769236774958,-0.07006769236774958,True,1,type_mean,0.0082565895035254,0.0069532062192367,0.2194993243101532,0.0782363733443051,"
<think>Given MKTX's low beta of 0.55 and positive profitability, the stock appears relatively stable with low systematic risk. The fund's current holding is modest relative to its AUM and the stock's S&P 500 weight, suggesting room for adjustment without significant deviation from benchmark. Considering the low volatility and positive fundamentals, a slight increase in holding might be expected to align closer with the benchmark weight, but the magnitude would likely be limited by the fund's existing exposure and the stock's small market cap.</think>
<answer>
{""holding_log_delta"": -0.02}
</answer>","Given MKTX's low beta of 0.55 and positive profitability, the stock appears relatively stable with low systematic risk. The fund's current holding is modest relative to its AUM and the stock's S&P 500 weight, suggesting room for adjustment without significant deviation from benchmark. Considering the low volatility and positive fundamentals, a slight increase in holding might be expected to align closer with the benchmark weight, but the magnitude would likely be limited by the fund's existing exposure and the stock's small market cap.","{""holding_log_delta"": -0.02}"
28,population,6,0.6133539583898281,0.2705072964738596,0.11613774513731237,MKTX,MARKETAXESS HLDGS INC,365,NA,2016-04-01 00:00:00,90454,3074.005959,0.05006769236774958,-0.02,0.07006769236774958,-0.07006769236774958,True,1,type_mean,0.0082565895035254,0.0069532062192367,0.2194993243101532,0.0782363733443051,"
<think>Given MKTX's low beta of 0.55 and positive profitability, the stock appears relatively stable with low systematic risk. The fund's current holding is modest relative to its AUM and the stock's S&P 500 weight, suggesting room for adjustment without significant deviation from benchmark. Considering the low volatility and positive fundamentals, a slight increase in holding might be expected to align closer with the benchmark weight, but the magnitude would likely be limited by the fund's existing exposure and the stock's small market cap.</think>
<answer>
{""holding_log_delta"": -0.02}
</answer>","Given MKTX's low beta of 0.55 and positive profitability, the stock appears relatively stable with low systematic risk. The fund's current holding is modest relative to its AUM and the stock's S&P 500 weight, suggesting room for adjustment without significant deviation from benchmark. Considering the low volatility and positive fundamentals, a slight increase in holding might be expected to align closer with the benchmark weight, but the magnitude would likely be limited by the fund's existing exposure and the stock's small market cap.","{""holding_log_delta"": -0.02}"
28,population,7,0.6133539583898281,0.2705072964738596,0.11613774513731237,MKTX,MARKETAXESS HLDGS INC,365,NA,2016-04-01 00:00:00,90454,3074.005959,0.05006769236774958,-0.02,0.07006769236774958,-0.07006769236774958,True,1,type_mean,0.0082565895035254,0.0069532062192367,0.2194993243101532,0.0782363733443051,"
<think>Given MKTX's low beta of 0.55 and positive profitability, the stock appears relatively stable with low systematic risk. The fund's current holding is modest relative to its AUM and the stock's S&P 500 weight, suggesting room for adjustment without significant deviation from benchmark. Considering the low volatility and positive fundamentals, a slight increase in holding might be expected to align closer with the benchmark weight, but the magnitude would likely be limited by the fund's existing exposure and the stock's small market cap.</think>
<answer>
{""holding_log_delta"": -0.02}
</answer>","Given MKTX's low beta of 0.55 and positive profitability, the stock appears relatively stable with low systematic risk. The fund's current holding is modest relative to its AUM and the stock's S&P 500 weight, suggesting room for adjustment without significant deviation from benchmark. Considering the low volatility and positive fundamentals, a slight increase in holding might be expected to align closer with the benchmark weight, but the magnitude would likely be limited by the fund's existing exposure and the stock's small market cap.","{""holding_log_delta"": -0.02}"
28,population,8,0.6133539583898281,0.2705072964738596,0.11613774513731237,MKTX,MARKETAXESS HLDGS INC,365,NA,2016-04-01 00:00:00,90454,3074.005959,0.05006769236774958,-0.02,0.07006769236774958,-0.07006769236774958,True,1,type_mean,0.0082565895035254,0.0069532062192367,0.2194993243101532,0.0782363733443051,"
<think>Given MKTX's low beta of 0.55 and positive profitability, the stock appears relatively stable with low systematic risk. The fund's current holding is modest relative to its AUM and the stock's S&P 500 weight, suggesting room for adjustment without significant deviation from benchmark. Considering the low volatility and positive fundamentals, a slight increase in holding might be expected to align closer with the benchmark weight, but the magnitude would likely be limited by the fund's existing exposure and the stock's small market cap.</think>
<answer>
{""holding_log_delta"": -0.02}
</answer>","Given MKTX's low beta of 0.55 and positive profitability, the stock appears relatively stable with low systematic risk. The fund's current holding is modest relative to its AUM and the stock's S&P 500 weight, suggesting room for adjustment without significant deviation from benchmark. Considering the low volatility and positive fundamentals, a slight increase in holding might be expected to align closer with the benchmark weight, but the magnitude would likely be limited by the fund's existing exposure and the stock's small market cap.","{""holding_log_delta"": -0.02}"
28,population,9,0.5429994570005431,0.27099972900027103,0.185999814000186,MKTX,MARKETAXESS HLDGS INC,365,NA,2016-04-01 00:00:00,90454,3074.005959,0.05006769236774958,-0.02,0.07006769236774958,-0.07006769236774958,True,1,type_mean,0.0082565895035254,0.0069532062192367,0.2194993243101532,0.0782363733443051,"
<think>Given MKTX's current fundamentals, the firm has a moderate market cap (me) relative to book equity (be), positive profitability (profit), and a low beta (0.55), suggesting lower systematic risk. The fund's current holding is substantial relative to its AUM, and the stock's low S&P 500 weight implies limited benchmark-driven pressure. Considering the fund's existing large position and the stock's stable but not exceptional growth profile, a modest adjustment to align with the low-beta characteristic and manage concentration might be expected, likely resulting in a small negative or minimal change in holding.</think>
<answer>
{""holding_log_delta"": -0.02}
</answer>","Given MKTX's current fundamentals, the firm has a moderate market cap (me) relative to book equity (be), positive profitability (profit), and a low beta (0.55), suggesting lower systematic risk. The fund's current holding is substantial relative to its AUM, and the stock's low S&P 500 weight implies limited benchmark-driven pressure. Considering the fund's existing large position and the stock's stable but not exceptional growth profile, a modest adjustment to align with the low-beta characteristic and manage concentration might be expected, likely resulting in a small negative or minimal change in holding.","{""holding_log_delta"": -0.02}"
28,population,10,0.5433539583892647,0.2705072964735892,0.18613774513714623,MKTX,MARKETAXESS HLDGS INC,365,NA,2016-04-01 00:00:00,90454,3074.005959,0.05006769236774958,-0.05,0.10006769236774958,-0.10006769236774958,True,1,type_mean,0.0082565895035254,0.0069532062192367,0.2194993243101532,0.0782363733443051,"
<think>Given MKTX's current fundamentals, the firm has a moderate market cap (me) relative to book equity (be), positive profitability (profit), and a low beta (0.55), suggesting lower systematic risk. The fund's current holding is substantial relative to its AUM and the stock's S&P 500 weight, indicating a significant active position. Considering the low beta and the fund's large existing exposure, a modest reduction in holding might be expected to align closer to the benchmark weight or manage concentration risk, though the positive profitability could provide some support against a large decrease.</think>
<answer>
{""holding_log_delta"": -0.05}
</answer>","Given MKTX's current fundamentals, the firm has a moderate market cap (me) relative to book equity (be), positive profitability (profit), and a low beta (0.55), suggesting lower systematic risk. The fund's current holding is substantial relative to its AUM and the stock's S&P 500 weight, indicating a significant active position. Considering the low beta and the fund's large existing exposure, a modest reduction in holding might be expected to align closer to the benchmark weight or manage concentration risk, though the positive profitability could provide some support against a large decrease.","{""holding_log_delta"": -0.05}"
28,population,11,0.5433539583892647,0.28050729647358913,0.17613774513714622,MKTX,MARKETAXESS HLDGS INC,365,NA,2016-04-01 00:00:00,90454,3074.005959,0.05006769236774958,-0.02,0.07006769236774958,-0.07006769236774958,True,1,type_mean,0.0082565895035254,0.0069532062192367,0.2194993243101532,0.0782363733443051,"
<think>Given MKTX's current fundamentals, the firm has a moderate market cap (me) relative to book equity (be), positive profitability (profit), and a low beta (0.55), suggesting lower systematic risk. The fund's current holding is substantial relative to its AUM, and the stock's low S&P 500 weight implies limited benchmark-driven pressure. Considering the fund's existing large position and the stock's stable but not exceptional growth profile, a modest adjustment to align with the low-beta characteristic and manage concentration might be expected, likely resulting in a small negative or minimal change in holding.</think>
<answer>
{""holding_log_delta"": -0.02}
</answer>","Given MKTX's current fundamentals, the firm has a moderate market cap (me) relative to book equity (be), positive profitability (profit), and a low beta (0.55), suggesting lower systematic risk. The fund's current holding is substantial relative to its AUM, and the stock's low S&P 500 weight implies limited benchmark-driven pressure. Considering the fund's existing large position and the stock's stable but not exceptional growth profile, a modest adjustment to align with the low-beta characteristic and manage concentration might be expected, likely resulting in a small negative or minimal change in holding.","{""holding_log_delta"": -0.02}"
