generation,stage,candidate_idx,risk_aversion,herd_behavior,profit_driven,ticker,company,id,quarter,date,permno,holding_t,y_true,pred,abs_error,reward,valid,best_k,profile_strength_mode,x_risk_mean,x_herd_mean,x_profit_mean,overall_mean,raw_output,reason,answer_body
19,population,0,0.2999997000003,0.27999972000028006,0.41999958000042004,,,524,NA,2019-04-01 00:00:00,82515,942.613841,0.051216165311715627,-0.04,0.09121616531171563,-0.09121616531171563,True,1,type_mean,0.0083004769074155,0.0070097321687576,0.0811969348655934,0.03216904798058883,"
<think>Given POOL's strong profitability (profit=1.033) and positive asset growth (Gat=0.1195), alongside its low beta (0.89) indicating lower systematic risk, the fund might increase its holding to capture growth opportunities while managing risk exposure. The current holding is relatively small compared to AUM, and the stock's low S&P 500 weight suggests room for allocation, potentially leading to a modest positive adjustment.</think>
<answer>
{""holding_log_delta"": -0.04}
</answer>","Given POOL's strong profitability (profit=1.033) and positive asset growth (Gat=0.1195), alongside its low beta (0.89) indicating lower systematic risk, the fund might increase its holding to capture growth opportunities while managing risk exposure. The current holding is relatively small compared to AUM, and the stock's low S&P 500 weight suggests room for allocation, potentially leading to a modest positive adjustment.","{""holding_log_delta"": -0.04}"
19,population,1,0.33999966000034004,0.28999971000029,0.36999963000037,,,524,NA,2019-04-01 00:00:00,82515,942.613841,0.051216165311715627,-0.03,0.08121616531171563,-0.08121616531171563,True,1,type_mean,0.0083004769074155,0.0070097321687576,0.0811969348655934,0.03216904798058883,"
<think>Given POOL's strong profitability (profit=1.033) and positive asset growth (Gat=0.1195), alongside its low beta (0.89) indicating lower systematic risk, the fund might increase its holding to capture growth opportunities while managing risk exposure. The current holding is relatively small compared to AUM, and the stock's low S&P 500 weight suggests room for allocation, potentially leading to a modest positive adjustment.</think>
<answer>
{""holding_log_delta"": -0.03}
</answer>","Given POOL's strong profitability (profit=1.033) and positive asset growth (Gat=0.1195), alongside its low beta (0.89) indicating lower systematic risk, the fund might increase its holding to capture growth opportunities while managing risk exposure. The current holding is relatively small compared to AUM, and the stock's low S&P 500 weight suggests room for allocation, potentially leading to a modest positive adjustment.","{""holding_log_delta"": -0.03}"
19,population,2,0.3399994686005687,0.2699998083000578,0.38999972310008346,,,524,NA,2019-04-01 00:00:00,82515,942.613841,0.051216165311715627,-0.03,0.08121616531171563,-0.08121616531171563,True,1,type_mean,0.0083004769074155,0.0070097321687576,0.0811969348655934,0.03216904798058883,"
<think>Given POOL's strong profitability (profit=1.033) and positive asset growth (Gat=0.1195), alongside its low beta (0.89) indicating lower systematic risk, the fund might increase its holding to capture growth opportunities while managing risk exposure. The current holding is relatively small compared to AUM, and the stock's low S&P 500 weight suggests room for allocation, potentially leading to a modest positive adjustment.</think>
<answer>
{""holding_log_delta"": -0.03}
</answer>","Given POOL's strong profitability (profit=1.033) and positive asset growth (Gat=0.1195), alongside its low beta (0.89) indicating lower systematic risk, the fund might increase its holding to capture growth opportunities while managing risk exposure. The current holding is relatively small compared to AUM, and the stock's low S&P 500 weight suggests room for allocation, potentially leading to a modest positive adjustment.","{""holding_log_delta"": -0.03}"
19,population,3,0.28295447293113724,0.2624836746641237,0.45456086230572934,,,524,NA,2019-04-01 00:00:00,82515,942.613841,0.051216165311715627,-0.03,0.08121616531171563,-0.08121616531171563,True,1,type_mean,0.0083004769074155,0.0070097321687576,0.0811969348655934,0.03216904798058883,"
<think>Given POOL's strong profitability (profit=1.033) and positive asset growth (Gat=0.1195), alongside its low beta (0.89) indicating lower systematic risk, the fund might increase its holding to capture growth opportunities while managing risk exposure. The current holding is relatively small compared to AUM, and the stock's low S&P 500 weight suggests room for allocation, potentially leading to a modest positive adjustment.</think>
<answer>
{""holding_log_delta"": -0.03}
</answer>","Given POOL's strong profitability (profit=1.033) and positive asset growth (Gat=0.1195), alongside its low beta (0.89) indicating lower systematic risk, the fund might increase its holding to capture growth opportunities while managing risk exposure. The current holding is relatively small compared to AUM, and the stock's low S&P 500 weight suggests room for allocation, potentially leading to a modest positive adjustment.","{""holding_log_delta"": -0.03}"
19,population,4,0.3069305228898734,0.3069305228898734,0.3861379641217923,,,524,NA,2019-04-01 00:00:00,82515,942.613841,0.051216165311715627,-0.03,0.08121616531171563,-0.08121616531171563,True,1,type_mean,0.0083004769074155,0.0070097321687576,0.0811969348655934,0.03216904798058883,"
<think>Given POOL's strong profitability (profit=1.033) and positive asset growth (Gat=0.1195), alongside its low beta (0.89) indicating lower systematic risk, the fund might increase its holding to capture growth opportunities while managing risk exposure. The current holding is relatively small compared to AUM, and the stock's low S&P 500 weight suggests room for allocation, potentially leading to a modest positive adjustment.</think>
<answer>
{""holding_log_delta"": -0.03}
</answer>","Given POOL's strong profitability (profit=1.033) and positive asset growth (Gat=0.1195), alongside its low beta (0.89) indicating lower systematic risk, the fund might increase its holding to capture growth opportunities while managing risk exposure. The current holding is relatively small compared to AUM, and the stock's low S&P 500 weight suggests room for allocation, potentially leading to a modest positive adjustment.","{""holding_log_delta"": -0.03}"
19,population,5,0.29999978307013186,0.25999981199411426,0.43999940493647705,,,524,NA,2019-04-01 00:00:00,82515,942.613841,0.051216165311715627,-0.04,0.09121616531171563,-0.09121616531171563,True,1,type_mean,0.0083004769074155,0.0070097321687576,0.0811969348655934,0.03216904798058883,"
<think>Given POOL's strong profitability (profit=1.033) and positive asset growth (Gat=0.1195), alongside its low beta (0.89) indicating lower systematic risk, the fund might increase its holding to capture growth opportunities while managing risk exposure. The current holding is relatively small compared to AUM and the stock's low S&P 500 weight, suggesting potential for a modest increase to align with the firm's growth profile.</think>
<answer>
{""holding_log_delta"": -0.04}
</answer>","Given POOL's strong profitability (profit=1.033) and positive asset growth (Gat=0.1195), alongside its low beta (0.89) indicating lower systematic risk, the fund might increase its holding to capture growth opportunities while managing risk exposure. The current holding is relatively small compared to AUM and the stock's low S&P 500 weight, suggesting potential for a modest increase to align with the firm's growth profile.","{""holding_log_delta"": -0.04}"
19,population,6,0.28999971000029,0.26999973000027006,0.43999956000044005,,,524,NA,2019-04-01 00:00:00,82515,942.613841,0.051216165311715627,-0.03,0.08121616531171563,-0.08121616531171563,True,1,type_mean,0.0083004769074155,0.0070097321687576,0.0811969348655934,0.03216904798058883,"
<think>Given POOL's strong profitability (profit=1.033) and positive asset growth (Gat=0.1195), alongside its low beta (0.89) indicating lower systematic risk, the fund might increase its holding to capture growth opportunities while managing risk exposure. The current holding is relatively small compared to AUM, and the stock's low S&P 500 weight suggests room for allocation, potentially leading to a modest positive adjustment.</think>
<answer>
{""holding_log_delta"": -0.03}
</answer>","Given POOL's strong profitability (profit=1.033) and positive asset growth (Gat=0.1195), alongside its low beta (0.89) indicating lower systematic risk, the fund might increase its holding to capture growth opportunities while managing risk exposure. The current holding is relatively small compared to AUM, and the stock's low S&P 500 weight suggests room for allocation, potentially leading to a modest positive adjustment.","{""holding_log_delta"": -0.03}"
19,population,7,0.30999977583913624,0.2499998192251099,0.43999940493647705,,,524,NA,2019-04-01 00:00:00,82515,942.613841,0.051216165311715627,-0.03,0.08121616531171563,-0.08121616531171563,True,1,type_mean,0.0083004769074155,0.0070097321687576,0.0811969348655934,0.03216904798058883,"
<think>Given POOL's strong profitability (profit=1.033) and positive asset growth (Gat=0.1195), alongside its low beta (0.89) indicating lower systematic risk, the fund might increase its holding to capture growth opportunities while managing risk exposure. The current holding is relatively small compared to AUM, and the stock's low S&P 500 weight suggests room for allocation, potentially leading to a modest positive adjustment.</think>
<answer>
{""holding_log_delta"": -0.03}
</answer>","Given POOL's strong profitability (profit=1.033) and positive asset growth (Gat=0.1195), alongside its low beta (0.89) indicating lower systematic risk, the fund might increase its holding to capture growth opportunities while managing risk exposure. The current holding is relatively small compared to AUM, and the stock's low S&P 500 weight suggests room for allocation, potentially leading to a modest positive adjustment.","{""holding_log_delta"": -0.03}"
19,population,8,0.31372539792368725,0.32352904209935385,0.36274457958509043,,,524,NA,2019-04-01 00:00:00,82515,942.613841,0.051216165311715627,-0.04,0.09121616531171563,-0.09121616531171563,True,1,type_mean,0.0083004769074155,0.0070097321687576,0.0811969348655934,0.03216904798058883,"
<think>Given POOL's strong profitability (profit=1.033) and positive asset growth (Gat=0.1195), alongside its low beta (0.89) indicating lower systematic risk, the fund might increase its holding to capture growth opportunities while managing risk exposure. The current holding is relatively small compared to AUM and the stock's low S&P 500 weight, suggesting potential for a modest increase to align with the firm's growth profile.</think>
<answer>
{""holding_log_delta"": -0.04}
</answer>","Given POOL's strong profitability (profit=1.033) and positive asset growth (Gat=0.1195), alongside its low beta (0.89) indicating lower systematic risk, the fund might increase its holding to capture growth opportunities while managing risk exposure. The current holding is relatively small compared to AUM and the stock's low S&P 500 weight, suggesting potential for a modest increase to align with the firm's growth profile.","{""holding_log_delta"": -0.04}"
19,population,9,0.30999969000031,0.31999968000032003,0.36999963000037,,,524,NA,2019-04-01 00:00:00,82515,942.613841,0.051216165311715627,-0.04,0.09121616531171563,-0.09121616531171563,True,1,type_mean,0.0083004769074155,0.0070097321687576,0.0811969348655934,0.03216904798058883,"
<think>Given POOL's strong profitability (profit=1.033) and positive asset growth (Gat=0.1195), alongside its low beta (0.89) indicating lower systematic risk, the fund might increase its holding to capture growth opportunities while managing risk exposure. The current holding is modest relative to AUM and the stock's low S&P 500 weight, suggesting room for expansion. However, the high stock volatility (0.152) and elevated trading volume may temper the magnitude of the increase.</think>
<answer>
{""holding_log_delta"": -0.04}
</answer>","Given POOL's strong profitability (profit=1.033) and positive asset growth (Gat=0.1195), alongside its low beta (0.89) indicating lower systematic risk, the fund might increase its holding to capture growth opportunities while managing risk exposure. The current holding is modest relative to AUM and the stock's low S&P 500 weight, suggesting room for expansion. However, the high stock volatility (0.152) and elevated trading volume may temper the magnitude of the increase.","{""holding_log_delta"": -0.04}"
19,population,10,0.3267324856386348,0.30693051681205086,0.36633600745087314,,,524,NA,2019-04-01 00:00:00,82515,942.613841,0.051216165311715627,-0.03,0.08121616531171563,-0.08121616531171563,True,1,type_mean,0.0083004769074155,0.0070097321687576,0.0811969348655934,0.03216904798058883,"
<think>Given POOL's strong profitability (profit=1.033) and positive asset growth (Gat=0.1195), alongside its low beta (0.89) indicating lower systematic risk, the fund might increase its holding to capture growth opportunities while managing risk exposure. The current holding is relatively small compared to AUM, and the stock's low S&P 500 weight suggests room for allocation, potentially leading to a modest positive adjustment.</think>
<answer>
{""holding_log_delta"": -0.03}
</answer>","Given POOL's strong profitability (profit=1.033) and positive asset growth (Gat=0.1195), alongside its low beta (0.89) indicating lower systematic risk, the fund might increase its holding to capture growth opportunities while managing risk exposure. The current holding is relatively small compared to AUM, and the stock's low S&P 500 weight suggests room for allocation, potentially leading to a modest positive adjustment.","{""holding_log_delta"": -0.03}"
19,population,11,0.3499994550005765,0.27999980400005325,0.3699997410000703,,,524,NA,2019-04-01 00:00:00,82515,942.613841,0.051216165311715627,-0.03,0.08121616531171563,-0.08121616531171563,True,1,type_mean,0.0083004769074155,0.0070097321687576,0.0811969348655934,0.03216904798058883,"
<think>Given POOL's strong profitability (profit=1.033) and positive asset growth (Gat=0.1195), alongside its low beta (0.89) indicating lower systematic risk, the fund might increase its holding to capture growth opportunities while managing risk exposure. The current holding is relatively small compared to AUM, and the stock's low S&P 500 weight suggests room for allocation, potentially leading to a modest positive adjustment.</think>
<answer>
{""holding_log_delta"": -0.03}
</answer>","Given POOL's strong profitability (profit=1.033) and positive asset growth (Gat=0.1195), alongside its low beta (0.89) indicating lower systematic risk, the fund might increase its holding to capture growth opportunities while managing risk exposure. The current holding is relatively small compared to AUM, and the stock's low S&P 500 weight suggests room for allocation, potentially leading to a modest positive adjustment.","{""holding_log_delta"": -0.03}"
