generation,stage,candidate_idx,risk_aversion,herd_behavior,profit_driven,ticker,company,id,quarter,date,permno,holding_t,y_true,pred,abs_error,reward,valid,best_k,profile_strength_mode,x_risk_mean,x_herd_mean,x_profit_mean,overall_mean,raw_output,reason,answer_body
10,population,0,0.5933539583892347,0.2505072964736091,0.15613774513715623,XYL,XYLEM INC,184,NA,2016-07-01 00:00:00,13035,3215.213475,-0.033701186423148906,-0.04,0.006298813576851095,-0.006298813576851095,True,1,type_mean,0.0082565895035254,0.0069532062192367,0.2194993243101532,0.0782363733443051,"
<think>Given the firm's moderate profitability (profit=0.24) and positive asset growth (Gat=0.138), alongside a beta slightly above 1 indicating average market risk, the stock appears fundamentally sound but not exceptionally strong. The fund's current holding is relatively small compared to its AUM and the stock's S&P 500 weight, suggesting potential for increased allocation to align with benchmark exposure. However, the high stock volatility (0.184) and the fund's already substantial out-of-AUM position may limit aggressive increases, leading to a modest positive adjustment.</think>
<answer>
{""holding_log_delta"": -0.04}
</answer>","Given the firm's moderate profitability (profit=0.24) and positive asset growth (Gat=0.138), alongside a beta slightly above 1 indicating average market risk, the stock appears fundamentally sound but not exceptionally strong. The fund's current holding is relatively small compared to its AUM and the stock's S&P 500 weight, suggesting potential for increased allocation to align with benchmark exposure. However, the high stock volatility (0.184) and the fund's already substantial out-of-AUM position may limit aggressive increases, leading to a modest positive adjustment.","{""holding_log_delta"": -0.04}"
10,population,1,0.6029163482885631,0.29095963076612247,0.10612302108404051,XYL,XYLEM INC,184,NA,2016-07-01 00:00:00,13035,3215.213475,-0.033701186423148906,-0.02,0.013701186423148905,-0.013701186423148905,True,1,type_mean,0.0082565895035254,0.0069532062192367,0.2194993243101532,0.0782363733443051,"
<think>Given the firm's moderate profitability (profit=0.24) and positive asset growth (Gat=0.138), alongside a beta slightly above 1 indicating average market risk, the stock appears fundamentally sound but not exceptionally strong. The fund's current holding is relatively small compared to its AUM and the stock's S&P 500 weight, suggesting potential for increased allocation to align with benchmark exposure. However, the high stock volatility (0.184) and the fund's already substantial out-of-AUM position may limit aggressive increases, leading to a modest positive adjustment.</think>
<answer>
{""holding_log_delta"": -0.02}
</answer>","Given the firm's moderate profitability (profit=0.24) and positive asset growth (Gat=0.138), alongside a beta slightly above 1 indicating average market risk, the stock appears fundamentally sound but not exceptionally strong. The fund's current holding is relatively small compared to its AUM and the stock's S&P 500 weight, suggesting potential for increased allocation to align with benchmark exposure. However, the high stock volatility (0.184) and the fund's already substantial out-of-AUM position may limit aggressive increases, leading to a modest positive adjustment.","{""holding_log_delta"": -0.02}"
10,population,2,0.6133539583898281,0.2705072964738596,0.11613774513731237,XYL,XYLEM INC,184,NA,2016-07-01 00:00:00,13035,3215.213475,-0.033701186423148906,-0.04,0.006298813576851095,-0.006298813576851095,True,1,type_mean,0.0082565895035254,0.0069532062192367,0.2194993243101532,0.0782363733443051,"
<think>Given the firm's moderate profitability (profit=0.24) and positive asset growth (Gat=0.138), alongside a beta slightly above 1 indicating average market risk, the stock appears fundamentally sound but not exceptionally strong. The fund's current holding is relatively small compared to its AUM and the stock's S&P 500 weight, suggesting potential for modest increase to align closer with benchmark exposure. However, the high stock volatility (0.184) and the fund's already substantial out-of-AUM position may limit aggressive increases, leading to a slight positive but limited normalized log change.</think>
<answer>
{""holding_log_delta"": -0.04}
</answer>","Given the firm's moderate profitability (profit=0.24) and positive asset growth (Gat=0.138), alongside a beta slightly above 1 indicating average market risk, the stock appears fundamentally sound but not exceptionally strong. The fund's current holding is relatively small compared to its AUM and the stock's S&P 500 weight, suggesting potential for modest increase to align closer with benchmark exposure. However, the high stock volatility (0.184) and the fund's already substantial out-of-AUM position may limit aggressive increases, leading to a slight positive but limited normalized log change.","{""holding_log_delta"": -0.04}"
10,population,3,0.6133539583898281,0.2705072964738596,0.11613774513731237,XYL,XYLEM INC,184,NA,2016-07-01 00:00:00,13035,3215.213475,-0.033701186423148906,-0.04,0.006298813576851095,-0.006298813576851095,True,1,type_mean,0.0082565895035254,0.0069532062192367,0.2194993243101532,0.0782363733443051,"
<think>Given the firm's moderate profitability (profit=0.24) and positive asset growth (Gat=0.138), alongside a beta slightly above 1 indicating average market risk, the stock appears fundamentally sound but not exceptionally strong. The fund's current holding is relatively small compared to its AUM and the stock's S&P 500 weight, suggesting potential for modest increase to align closer with benchmark exposure. However, the high stock volatility (0.184) and the fund's already substantial out-of-AUM position may limit aggressive increases, leading to a slight positive but limited normalized log change.</think>
<answer>
{""holding_log_delta"": -0.04}
</answer>","Given the firm's moderate profitability (profit=0.24) and positive asset growth (Gat=0.138), alongside a beta slightly above 1 indicating average market risk, the stock appears fundamentally sound but not exceptionally strong. The fund's current holding is relatively small compared to its AUM and the stock's S&P 500 weight, suggesting potential for modest increase to align closer with benchmark exposure. However, the high stock volatility (0.184) and the fund's already substantial out-of-AUM position may limit aggressive increases, leading to a slight positive but limited normalized log change.","{""holding_log_delta"": -0.04}"
10,population,4,0.6133539583898281,0.2705072964738596,0.11613774513731237,XYL,XYLEM INC,184,NA,2016-07-01 00:00:00,13035,3215.213475,-0.033701186423148906,-0.04,0.006298813576851095,-0.006298813576851095,True,1,type_mean,0.0082565895035254,0.0069532062192367,0.2194993243101532,0.0782363733443051,"
<think>Given the firm's moderate profitability (profit=0.24) and positive asset growth (Gat=0.138), alongside a beta slightly above 1 indicating average market risk, the stock appears fundamentally sound but not exceptionally strong. The fund's current holding is relatively small compared to its AUM and the stock's S&P 500 weight, suggesting potential for modest increase to align closer with benchmark exposure. However, the high stock volatility (0.184) and the fund's already substantial out-of-AUM position may limit aggressive increases, leading to a slight positive but limited normalized log change.</think>
<answer>
{""holding_log_delta"": -0.04}
</answer>","Given the firm's moderate profitability (profit=0.24) and positive asset growth (Gat=0.138), alongside a beta slightly above 1 indicating average market risk, the stock appears fundamentally sound but not exceptionally strong. The fund's current holding is relatively small compared to its AUM and the stock's S&P 500 weight, suggesting potential for modest increase to align closer with benchmark exposure. However, the high stock volatility (0.184) and the fund's already substantial out-of-AUM position may limit aggressive increases, leading to a slight positive but limited normalized log change.","{""holding_log_delta"": -0.04}"
10,population,5,0.6133539583898281,0.2705072964738596,0.11613774513731237,XYL,XYLEM INC,184,NA,2016-07-01 00:00:00,13035,3215.213475,-0.033701186423148906,-0.04,0.006298813576851095,-0.006298813576851095,True,1,type_mean,0.0082565895035254,0.0069532062192367,0.2194993243101532,0.0782363733443051,"
<think>Given the firm's moderate profitability (profit=0.24) and positive asset growth (Gat=0.138), alongside a beta slightly above 1 indicating average market risk, the stock appears fundamentally sound but not exceptionally strong. The fund's current holding is relatively small compared to its AUM and the stock's S&P 500 weight, suggesting potential for modest increase to align closer with benchmark exposure. However, the high stock volatility (0.184) and the fund's already substantial out-of-AUM position may limit aggressive increases, leading to a slight positive but limited normalized log change.</think>
<answer>
{""holding_log_delta"": -0.04}
</answer>","Given the firm's moderate profitability (profit=0.24) and positive asset growth (Gat=0.138), alongside a beta slightly above 1 indicating average market risk, the stock appears fundamentally sound but not exceptionally strong. The fund's current holding is relatively small compared to its AUM and the stock's S&P 500 weight, suggesting potential for modest increase to align closer with benchmark exposure. However, the high stock volatility (0.184) and the fund's already substantial out-of-AUM position may limit aggressive increases, leading to a slight positive but limited normalized log change.","{""holding_log_delta"": -0.04}"
10,population,6,0.6133539583898281,0.2705072964738596,0.11613774513731237,XYL,XYLEM INC,184,NA,2016-07-01 00:00:00,13035,3215.213475,-0.033701186423148906,-0.04,0.006298813576851095,-0.006298813576851095,True,1,type_mean,0.0082565895035254,0.0069532062192367,0.2194993243101532,0.0782363733443051,"
<think>Given the firm's moderate profitability (profit=0.24) and positive asset growth (Gat=0.138), alongside a beta slightly above 1 indicating average market risk, the stock appears fundamentally sound but not exceptionally strong. The fund's current holding is relatively small compared to its AUM and the stock's S&P 500 weight, suggesting potential for modest increase to align closer with benchmark exposure. However, the high stock volatility (0.184) and the fund's already substantial out-of-AUM position may limit aggressive increases, leading to a slight positive but limited normalized log change.</think>
<answer>
{""holding_log_delta"": -0.04}
</answer>","Given the firm's moderate profitability (profit=0.24) and positive asset growth (Gat=0.138), alongside a beta slightly above 1 indicating average market risk, the stock appears fundamentally sound but not exceptionally strong. The fund's current holding is relatively small compared to its AUM and the stock's S&P 500 weight, suggesting potential for modest increase to align closer with benchmark exposure. However, the high stock volatility (0.184) and the fund's already substantial out-of-AUM position may limit aggressive increases, leading to a slight positive but limited normalized log change.","{""holding_log_delta"": -0.04}"
10,population,7,0.6133539583898281,0.2705072964738596,0.11613774513731237,XYL,XYLEM INC,184,NA,2016-07-01 00:00:00,13035,3215.213475,-0.033701186423148906,-0.04,0.006298813576851095,-0.006298813576851095,True,1,type_mean,0.0082565895035254,0.0069532062192367,0.2194993243101532,0.0782363733443051,"
<think>Given the firm's moderate profitability (profit=0.24) and positive asset growth (Gat=0.138), alongside a beta slightly above 1 indicating average market risk, the stock appears fundamentally sound but not exceptionally strong. The fund's current holding is relatively small compared to its AUM and the stock's S&P 500 weight, suggesting potential for modest increase to align closer with benchmark exposure. However, the high stock volatility (0.184) and the fund's already substantial out-of-AUM position may limit aggressive increases, leading to a slight positive but limited normalized log change.</think>
<answer>
{""holding_log_delta"": -0.04}
</answer>","Given the firm's moderate profitability (profit=0.24) and positive asset growth (Gat=0.138), alongside a beta slightly above 1 indicating average market risk, the stock appears fundamentally sound but not exceptionally strong. The fund's current holding is relatively small compared to its AUM and the stock's S&P 500 weight, suggesting potential for modest increase to align closer with benchmark exposure. However, the high stock volatility (0.184) and the fund's already substantial out-of-AUM position may limit aggressive increases, leading to a slight positive but limited normalized log change.","{""holding_log_delta"": -0.04}"
10,population,8,0.6133539583898281,0.2705072964738596,0.11613774513731237,XYL,XYLEM INC,184,NA,2016-07-01 00:00:00,13035,3215.213475,-0.033701186423148906,-0.04,0.006298813576851095,-0.006298813576851095,True,1,type_mean,0.0082565895035254,0.0069532062192367,0.2194993243101532,0.0782363733443051,"
<think>Given the firm's moderate profitability (profit=0.24) and positive asset growth (Gat=0.138), alongside a beta slightly above 1 indicating average market risk, the stock appears fundamentally sound but not exceptionally strong. The fund's current holding is relatively small compared to its AUM and the stock's S&P 500 weight, suggesting potential for modest increase to align closer with benchmark exposure. However, the high stock volatility (0.184) and the fund's already substantial out-of-AUM position may limit aggressive increases, leading to a slight positive but limited normalized log change.</think>
<answer>
{""holding_log_delta"": -0.04}
</answer>","Given the firm's moderate profitability (profit=0.24) and positive asset growth (Gat=0.138), alongside a beta slightly above 1 indicating average market risk, the stock appears fundamentally sound but not exceptionally strong. The fund's current holding is relatively small compared to its AUM and the stock's S&P 500 weight, suggesting potential for modest increase to align closer with benchmark exposure. However, the high stock volatility (0.184) and the fund's already substantial out-of-AUM position may limit aggressive increases, leading to a slight positive but limited normalized log change.","{""holding_log_delta"": -0.04}"
10,population,9,0.6133539583898281,0.2705072964738596,0.11613774513731237,XYL,XYLEM INC,184,NA,2016-07-01 00:00:00,13035,3215.213475,-0.033701186423148906,-0.04,0.006298813576851095,-0.006298813576851095,True,1,type_mean,0.0082565895035254,0.0069532062192367,0.2194993243101532,0.0782363733443051,"
<think>Given the firm's moderate profitability (profit=0.24) and positive asset growth (Gat=0.138), alongside a beta slightly above 1 indicating average market risk, the stock appears fundamentally sound but not exceptionally strong. The fund's current holding is relatively small compared to its AUM and the stock's S&P 500 weight, suggesting potential for modest increase to align closer with benchmark exposure. However, the high stock volatility (0.184) and the fund's already substantial out-of-AUM position may limit aggressive increases, leading to a slight positive but limited normalized log change.</think>
<answer>
{""holding_log_delta"": -0.04}
</answer>","Given the firm's moderate profitability (profit=0.24) and positive asset growth (Gat=0.138), alongside a beta slightly above 1 indicating average market risk, the stock appears fundamentally sound but not exceptionally strong. The fund's current holding is relatively small compared to its AUM and the stock's S&P 500 weight, suggesting potential for modest increase to align closer with benchmark exposure. However, the high stock volatility (0.184) and the fund's already substantial out-of-AUM position may limit aggressive increases, leading to a slight positive but limited normalized log change.","{""holding_log_delta"": -0.04}"
10,population,10,0.6133539583898281,0.2705072964738596,0.11613774513731237,XYL,XYLEM INC,184,NA,2016-07-01 00:00:00,13035,3215.213475,-0.033701186423148906,-0.04,0.006298813576851095,-0.006298813576851095,True,1,type_mean,0.0082565895035254,0.0069532062192367,0.2194993243101532,0.0782363733443051,"
<think>Given the firm's moderate profitability (profit=0.24) and positive asset growth (Gat=0.138), alongside a beta slightly above 1 indicating average market risk, the stock appears fundamentally sound but not exceptionally strong. The fund's current holding is relatively small compared to its AUM and the stock's S&P 500 weight, suggesting potential for modest increase to align closer with benchmark exposure. However, the high stock volatility (0.184) and the fund's already substantial out-of-AUM position may limit aggressive increases, leading to a slight positive but limited normalized log change.</think>
<answer>
{""holding_log_delta"": -0.04}
</answer>","Given the firm's moderate profitability (profit=0.24) and positive asset growth (Gat=0.138), alongside a beta slightly above 1 indicating average market risk, the stock appears fundamentally sound but not exceptionally strong. The fund's current holding is relatively small compared to its AUM and the stock's S&P 500 weight, suggesting potential for modest increase to align closer with benchmark exposure. However, the high stock volatility (0.184) and the fund's already substantial out-of-AUM position may limit aggressive increases, leading to a slight positive but limited normalized log change.","{""holding_log_delta"": -0.04}"
10,population,11,0.6133539583898281,0.2705072964738596,0.11613774513731237,XYL,XYLEM INC,184,NA,2016-07-01 00:00:00,13035,3215.213475,-0.033701186423148906,-0.04,0.006298813576851095,-0.006298813576851095,True,1,type_mean,0.0082565895035254,0.0069532062192367,0.2194993243101532,0.0782363733443051,"
<think>Given the firm's moderate profitability (profit=0.24) and positive asset growth (Gat=0.138), alongside a beta slightly above 1 indicating average market risk, the stock appears fundamentally sound but not exceptionally strong. The fund's current holding is relatively small compared to its AUM and the stock's S&P 500 weight, suggesting potential for modest increase to align closer with benchmark exposure. However, the high stock volatility (0.184) and the fund's already substantial out-of-AUM position may limit aggressive increases, leading to a slight positive but limited normalized log change.</think>
<answer>
{""holding_log_delta"": -0.04}
</answer>","Given the firm's moderate profitability (profit=0.24) and positive asset growth (Gat=0.138), alongside a beta slightly above 1 indicating average market risk, the stock appears fundamentally sound but not exceptionally strong. The fund's current holding is relatively small compared to its AUM and the stock's S&P 500 weight, suggesting potential for modest increase to align closer with benchmark exposure. However, the high stock volatility (0.184) and the fund's already substantial out-of-AUM position may limit aggressive increases, leading to a slight positive but limited normalized log change.","{""holding_log_delta"": -0.04}"
