generation,stage,candidate_idx,risk_aversion,herd_behavior,profit_driven,ticker,company,id,quarter,date,permno,holding_t,y_true,pred,abs_error,reward,valid,best_k,profile_strength_mode,x_risk_mean,x_herd_mean,x_profit_mean,overall_mean,raw_output,reason,answer_body
91,population,0,0.43999956000044005,0.27999972000028006,0.27999972000028006,IQV,IQVIA HOLDINGS INC,210,NA,2018-01-01 00:00:00,13911,10595.348408,0.009171050032997069,-0.02,0.029171050032997067,-0.029171050032997067,True,1,type_mean,0.0082565895035254,0.0069532062192367,0.2194993243101532,0.0782363733443051,"
<think>Given the firm's moderate profitability (profit=0.158) and low beta (0.721) indicating lower systematic risk, combined with the fund's substantial AUM relative to its current holding, a modest increase in the normalized log holding is expected to align the position closer to the benchmark weight while managing risk exposure.</think>
<answer>
{""holding_log_delta"": -0.02}
</answer>","Given the firm's moderate profitability (profit=0.158) and low beta (0.721) indicating lower systematic risk, combined with the fund's substantial AUM relative to its current holding, a modest increase in the normalized log holding is expected to align the position closer to the benchmark weight while managing risk exposure.","{""holding_log_delta"": -0.02}"
91,population,1,0.47999952000048,0.26999973000027006,0.24999975000025002,IQV,IQVIA HOLDINGS INC,210,NA,2018-01-01 00:00:00,13911,10595.348408,0.009171050032997069,-0.05,0.05917105003299707,-0.05917105003299707,True,1,type_mean,0.0082565895035254,0.0069532062192367,0.2194993243101532,0.0782363733443051,"
<think>Given the firm's moderate profitability (profit=0.158) and low beta (0.721), it appears relatively stable but not growth-oriented. The fund's current holding is substantial relative to its AUM, and the stock's low S&P 500 weight suggests limited benchmark-driven pressure. Considering the low risk profile and the fund's existing large position, a modest adjustment to align with the benchmark or manage concentration is likely, rather than a significant increase or decrease.</think>
<answer>
{""holding_log_delta"": -0.05}
</answer>","Given the firm's moderate profitability (profit=0.158) and low beta (0.721), it appears relatively stable but not growth-oriented. The fund's current holding is substantial relative to its AUM, and the stock's low S&P 500 weight suggests limited benchmark-driven pressure. Considering the low risk profile and the fund's existing large position, a modest adjustment to align with the benchmark or manage concentration is likely, rather than a significant increase or decrease.","{""holding_log_delta"": -0.05}"
91,population,2,0.47999952000048,0.26999973000027006,0.24999975000025002,IQV,IQVIA HOLDINGS INC,210,NA,2018-01-01 00:00:00,13911,10595.348408,0.009171050032997069,-0.05,0.05917105003299707,-0.05917105003299707,True,1,type_mean,0.0082565895035254,0.0069532062192367,0.2194993243101532,0.0782363733443051,"
<think>Given the firm's moderate profitability (profit=0.158) and low beta (0.721), it appears relatively stable but not growth-oriented. The fund's current holding is substantial relative to its AUM, and the stock's low S&P 500 weight suggests limited benchmark-driven pressure. Considering the low risk profile and the fund's existing large position, a modest adjustment to align with the benchmark or manage concentration is likely, rather than a significant increase or decrease.</think>
<answer>
{""holding_log_delta"": -0.05}
</answer>","Given the firm's moderate profitability (profit=0.158) and low beta (0.721), it appears relatively stable but not growth-oriented. The fund's current holding is substantial relative to its AUM, and the stock's low S&P 500 weight suggests limited benchmark-driven pressure. Considering the low risk profile and the fund's existing large position, a modest adjustment to align with the benchmark or manage concentration is likely, rather than a significant increase or decrease.","{""holding_log_delta"": -0.05}"
91,population,3,0.47999952000048,0.26999973000027006,0.24999975000025002,IQV,IQVIA HOLDINGS INC,210,NA,2018-01-01 00:00:00,13911,10595.348408,0.009171050032997069,-0.05,0.05917105003299707,-0.05917105003299707,True,1,type_mean,0.0082565895035254,0.0069532062192367,0.2194993243101532,0.0782363733443051,"
<think>Given the firm's moderate profitability (profit=0.158) and low beta (0.721), it appears relatively stable but not growth-oriented. The fund's current holding is substantial relative to its AUM, and the stock's low S&P 500 weight suggests limited benchmark-driven pressure. Considering the low risk profile and the fund's existing large position, a modest adjustment to align with the benchmark or manage concentration is likely, rather than a significant increase or decrease.</think>
<answer>
{""holding_log_delta"": -0.05}
</answer>","Given the firm's moderate profitability (profit=0.158) and low beta (0.721), it appears relatively stable but not growth-oriented. The fund's current holding is substantial relative to its AUM, and the stock's low S&P 500 weight suggests limited benchmark-driven pressure. Considering the low risk profile and the fund's existing large position, a modest adjustment to align with the benchmark or manage concentration is likely, rather than a significant increase or decrease.","{""holding_log_delta"": -0.05}"
91,population,4,0.5088423873511654,0.26273464515246275,0.22842196749637186,IQV,IQVIA HOLDINGS INC,210,NA,2018-01-01 00:00:00,13911,10595.348408,0.009171050032997069,-0.02,0.029171050032997067,-0.029171050032997067,True,1,type_mean,0.0082565895035254,0.0069532062192367,0.2194993243101532,0.0782363733443051,"
<think>Given the firm's moderate profitability (profit=0.158) and low beta (0.721) indicating lower systematic risk, combined with the fund's substantial AUM relative to its current holding, a modest increase in the normalized log holding is expected to align the position closer to the benchmark weight while managing risk exposure.</think>
<answer>
{""holding_log_delta"": -0.02}
</answer>","Given the firm's moderate profitability (profit=0.158) and low beta (0.721) indicating lower systematic risk, combined with the fund's substantial AUM relative to its current holding, a modest increase in the normalized log holding is expected to align the position closer to the benchmark weight while managing risk exposure.","{""holding_log_delta"": -0.02}"
91,population,5,0.4199996850001313,0.27999979000008757,0.2999995250005313,IQV,IQVIA HOLDINGS INC,210,NA,2018-01-01 00:00:00,13911,10595.348408,0.009171050032997069,-0.04,0.04917105003299707,-0.04917105003299707,True,1,type_mean,0.0082565895035254,0.0069532062192367,0.2194993243101532,0.0782363733443051,"
<think>Given the firm's moderate profitability (profit=0.158) and low beta (0.721), it appears relatively stable but not growth-oriented. The fund's current holding is substantial relative to its AUM, and the stock's low S&P 500 weight suggests limited benchmark-driven pressure. Considering the low risk profile and the fund's existing large position, a modest adjustment to align with the benchmark or manage concentration is likely, rather than a significant increase or decrease.</think>
<answer>
{""holding_log_delta"": -0.04}
</answer>","Given the firm's moderate profitability (profit=0.158) and low beta (0.721), it appears relatively stable but not growth-oriented. The fund's current holding is substantial relative to its AUM, and the stock's low S&P 500 weight suggests limited benchmark-driven pressure. Considering the low risk profile and the fund's existing large position, a modest adjustment to align with the benchmark or manage concentration is likely, rather than a significant increase or decrease.","{""holding_log_delta"": -0.04}"
91,population,6,0.45999954000046006,0.28999971000029,0.24999975000025002,IQV,IQVIA HOLDINGS INC,210,NA,2018-01-01 00:00:00,13911,10595.348408,0.009171050032997069,-0.05,0.05917105003299707,-0.05917105003299707,True,1,type_mean,0.0082565895035254,0.0069532062192367,0.2194993243101532,0.0782363733443051,"
<think>Given the firm's moderate profitability (profit=0.158) and low beta (0.721), it appears relatively stable but not growth-oriented. The fund's current holding is substantial relative to its AUM, and the stock's low S&P 500 weight suggests limited benchmark-driven pressure. Considering the low risk profile and the fund's existing large position, a modest adjustment to align with the benchmark or manage concentration is likely, rather than a significant increase or decrease.</think>
<answer>
{""holding_log_delta"": -0.05}
</answer>","Given the firm's moderate profitability (profit=0.158) and low beta (0.721), it appears relatively stable but not growth-oriented. The fund's current holding is substantial relative to its AUM, and the stock's low S&P 500 weight suggests limited benchmark-driven pressure. Considering the low risk profile and the fund's existing large position, a modest adjustment to align with the benchmark or manage concentration is likely, rather than a significant increase or decrease.","{""holding_log_delta"": -0.05}"
91,population,7,0.5088423873511602,0.2227346451524601,0.26842196749636954,IQV,IQVIA HOLDINGS INC,210,NA,2018-01-01 00:00:00,13911,10595.348408,0.009171050032997069,-0.02,0.029171050032997067,-0.029171050032997067,True,1,type_mean,0.0082565895035254,0.0069532062192367,0.2194993243101532,0.0782363733443051,"
<think>Given the firm's moderate profitability (profit=0.158) and low beta (0.721) indicating lower systematic risk, combined with the fund's substantial AUM relative to its current holding, a modest increase in the normalized log holding is expected to align the position closer to the benchmark weight while managing risk exposure.</think>
<answer>
{""holding_log_delta"": -0.02}
</answer>","Given the firm's moderate profitability (profit=0.158) and low beta (0.721) indicating lower systematic risk, combined with the fund's substantial AUM relative to its current holding, a modest increase in the normalized log holding is expected to align the position closer to the benchmark weight while managing risk exposure.","{""holding_log_delta"": -0.02}"
91,population,8,0.48999951000049,0.25999974000026005,0.24999975000025002,IQV,IQVIA HOLDINGS INC,210,NA,2018-01-01 00:00:00,13911,10595.348408,0.009171050032997069,-0.02,0.029171050032997067,-0.029171050032997067,True,1,type_mean,0.0082565895035254,0.0069532062192367,0.2194993243101532,0.0782363733443051,"
<think>Given the firm's moderate profitability (profit=0.158) and low beta (0.721) indicating lower systematic risk, combined with the fund's substantial AUM relative to its current holding, a modest increase in the normalized log holding is expected to align the position closer to the benchmark weight while managing risk exposure.</think>
<answer>
{""holding_log_delta"": -0.02}
</answer>","Given the firm's moderate profitability (profit=0.158) and low beta (0.721) indicating lower systematic risk, combined with the fund's substantial AUM relative to its current holding, a modest increase in the normalized log holding is expected to align the position closer to the benchmark weight while managing risk exposure.","{""holding_log_delta"": -0.02}"
91,population,9,0.5288423873511655,0.24273464515246254,0.22842196749637184,IQV,IQVIA HOLDINGS INC,210,NA,2018-01-01 00:00:00,13911,10595.348408,0.009171050032997069,-0.02,0.029171050032997067,-0.029171050032997067,True,1,type_mean,0.0082565895035254,0.0069532062192367,0.2194993243101532,0.0782363733443051,"
<think>Given the firm's moderate profitability (profit=0.158) and low beta (0.721) indicating lower systematic risk, combined with the fund's substantial AUM relative to its current holding, a modest increase in the normalized log holding is expected to align the position closer to the benchmark weight while managing risk exposure.</think>
<answer>
{""holding_log_delta"": -0.02}
</answer>","Given the firm's moderate profitability (profit=0.158) and low beta (0.721) indicating lower systematic risk, combined with the fund's substantial AUM relative to its current holding, a modest increase in the normalized log holding is expected to align the position closer to the benchmark weight while managing risk exposure.","{""holding_log_delta"": -0.02}"
91,population,10,0.501999498000502,0.26999973000027006,0.22799977200022803,IQV,IQVIA HOLDINGS INC,210,NA,2018-01-01 00:00:00,13911,10595.348408,0.009171050032997069,-0.02,0.029171050032997067,-0.029171050032997067,True,1,type_mean,0.0082565895035254,0.0069532062192367,0.2194993243101532,0.0782363733443051,"
<think>Given the firm's moderate profitability (profit=0.158) and low beta (0.721) indicating lower systematic risk, combined with the fund's substantial AUM relative to its current holding, a modest increase in the normalized log holding is expected to align the position closer to the benchmark weight while managing risk exposure.</think>
<answer>
{""holding_log_delta"": -0.02}
</answer>","Given the firm's moderate profitability (profit=0.158) and low beta (0.721) indicating lower systematic risk, combined with the fund's substantial AUM relative to its current holding, a modest increase in the normalized log holding is expected to align the position closer to the benchmark weight while managing risk exposure.","{""holding_log_delta"": -0.02}"
91,population,11,0.5119994880005121,0.24999975000025002,0.237999762000238,IQV,IQVIA HOLDINGS INC,210,NA,2018-01-01 00:00:00,13911,10595.348408,0.009171050032997069,-0.02,0.029171050032997067,-0.029171050032997067,True,1,type_mean,0.0082565895035254,0.0069532062192367,0.2194993243101532,0.0782363733443051,"
<think>Given the firm's moderate profitability (profit=0.158) and low beta (0.721) indicating lower systematic risk, combined with the fund's substantial AUM relative to its current holding, a modest increase in the normalized log holding is expected to align the position closer to the benchmark weight while managing risk exposure.</think>
<answer>
{""holding_log_delta"": -0.02}
</answer>","Given the firm's moderate profitability (profit=0.158) and low beta (0.721) indicating lower systematic risk, combined with the fund's substantial AUM relative to its current holding, a modest increase in the normalized log holding is expected to align the position closer to the benchmark weight while managing risk exposure.","{""holding_log_delta"": -0.02}"
