generation,stage,candidate_idx,risk_aversion,herd_behavior,profit_driven,ticker,company,id,quarter,date,permno,holding_t,y_true,pred,abs_error,reward,valid,best_k,profile_strength_mode,x_risk_mean,x_herd_mean,x_profit_mean,overall_mean,raw_output,reason,answer_body
43,population,0,0.36699963300036703,0.5279994720005281,0.10499989500010501,POOL,POOL CORP,185,NA,2016-07-01 00:00:00,82515,101.328272,0.15012721728257708,-0.04,0.1901272172825771,-0.1901272172825771,True,1,type_mean,0.0105116667264412,0.009015847914168,2.8059538271968374,0.9418271139458155,"
<think>Given the firm's moderate profitability and low beta, combined with the fund's substantial AUM and the stock's very small S&P 500 weight, a modest increase in holding might be expected to align with the benchmark while considering the low risk profile. However, the current holding is already significant relative to the fund's total assets, and the stock's recent volatility is relatively high, which could temper any large adjustment.</think>
<answer>
{""holding_log_delta"": -0.04}
</answer>","Given the firm's moderate profitability and low beta, combined with the fund's substantial AUM and the stock's very small S&P 500 weight, a modest increase in holding might be expected to align with the benchmark while considering the low risk profile. However, the current holding is already significant relative to the fund's total assets, and the stock's recent volatility is relatively high, which could temper any large adjustment.","{""holding_log_delta"": -0.04}"
43,population,1,0.36699963300036703,0.5279994720005281,0.10499989500010501,POOL,POOL CORP,185,NA,2016-07-01 00:00:00,82515,101.328272,0.15012721728257708,-0.04,0.1901272172825771,-0.1901272172825771,True,1,type_mean,0.0105116667264412,0.009015847914168,2.8059538271968374,0.9418271139458155,"
<think>Given the firm's moderate profitability and low beta, combined with the fund's substantial AUM and the stock's very small S&P 500 weight, a modest increase in holding might be expected to align with the benchmark while considering the low risk profile. However, the current holding is already significant relative to the fund's total assets, and the stock's recent volatility is relatively high, which could temper any large adjustment.</think>
<answer>
{""holding_log_delta"": -0.04}
</answer>","Given the firm's moderate profitability and low beta, combined with the fund's substantial AUM and the stock's very small S&P 500 weight, a modest increase in holding might be expected to align with the benchmark while considering the low risk profile. However, the current holding is already significant relative to the fund's total assets, and the stock's recent volatility is relatively high, which could temper any large adjustment.","{""holding_log_delta"": -0.04}"
43,population,2,0.36699963300036703,0.5279994720005281,0.10499989500010501,POOL,POOL CORP,185,NA,2016-07-01 00:00:00,82515,101.328272,0.15012721728257708,-0.04,0.1901272172825771,-0.1901272172825771,True,1,type_mean,0.0105116667264412,0.009015847914168,2.8059538271968374,0.9418271139458155,"
<think>Given the firm's moderate profitability and low beta, combined with the fund's substantial AUM and the stock's very small S&P 500 weight, a modest increase in holding might be expected to align with the benchmark while considering the low risk profile. However, the current holding is already significant relative to the fund's total assets, and the stock's recent volatility is relatively high, which could temper any large adjustment.</think>
<answer>
{""holding_log_delta"": -0.04}
</answer>","Given the firm's moderate profitability and low beta, combined with the fund's substantial AUM and the stock's very small S&P 500 weight, a modest increase in holding might be expected to align with the benchmark while considering the low risk profile. However, the current holding is already significant relative to the fund's total assets, and the stock's recent volatility is relatively high, which could temper any large adjustment.","{""holding_log_delta"": -0.04}"
43,population,3,0.346999653000347,0.517999482000518,0.13499986500013503,POOL,POOL CORP,185,NA,2016-07-01 00:00:00,82515,101.328272,0.15012721728257708,-0.02,0.17012721728257707,-0.17012721728257707,True,1,type_mean,0.0105116667264412,0.009015847914168,2.8059538271968374,0.9418271139458155,"
<think>Given the firm's moderate profitability and low beta, combined with the fund's substantial AUM and the stock's very small S&P 500 weight, a modest increase in holding might be expected to align with the benchmark while considering the low risk profile. However, the current position is already significant relative to the fund's total outflows, which may limit further increases due to the high turnover constraint.</think>
<answer>
{""holding_log_delta"": -0.02}
</answer>","Given the firm's moderate profitability and low beta, combined with the fund's substantial AUM and the stock's very small S&P 500 weight, a modest increase in holding might be expected to align with the benchmark while considering the low risk profile. However, the current position is already significant relative to the fund's total outflows, which may limit further increases due to the high turnover constraint.","{""holding_log_delta"": -0.02}"
43,population,4,0.37699962300037704,0.5579994420005581,0.06499993500006501,POOL,POOL CORP,185,NA,2016-07-01 00:00:00,82515,101.328272,0.15012721728257708,-0.04,0.1901272172825771,-0.1901272172825771,True,1,type_mean,0.0105116667264412,0.009015847914168,2.8059538271968374,0.9418271139458155,"
<think>Given the firm's moderate profitability and low beta, combined with the fund's substantial AUM and the stock's very small S&P 500 weight, a modest increase in holding might be expected to align with the benchmark while considering the low risk profile. However, the current holding is already significant relative to the fund's total assets, and the stock's recent volatility is relatively high, which could temper any large adjustment.</think>
<answer>
{""holding_log_delta"": -0.04}
</answer>","Given the firm's moderate profitability and low beta, combined with the fund's substantial AUM and the stock's very small S&P 500 weight, a modest increase in holding might be expected to align with the benchmark while considering the low risk profile. However, the current holding is already significant relative to the fund's total assets, and the stock's recent volatility is relatively high, which could temper any large adjustment.","{""holding_log_delta"": -0.04}"
43,population,5,0.37699962300037704,0.5579994420005581,0.06499993500006501,POOL,POOL CORP,185,NA,2016-07-01 00:00:00,82515,101.328272,0.15012721728257708,-0.04,0.1901272172825771,-0.1901272172825771,True,1,type_mean,0.0105116667264412,0.009015847914168,2.8059538271968374,0.9418271139458155,"
<think>Given the firm's moderate profitability and low beta, combined with the fund's substantial AUM and the stock's very small S&P 500 weight, a modest increase in holding might be expected to align with the benchmark while considering the low risk profile. However, the current holding is already significant relative to the fund's total assets, and the stock's recent volatility is relatively high, which could temper any large adjustment.</think>
<answer>
{""holding_log_delta"": -0.04}
</answer>","Given the firm's moderate profitability and low beta, combined with the fund's substantial AUM and the stock's very small S&P 500 weight, a modest increase in holding might be expected to align with the benchmark while considering the low risk profile. However, the current holding is already significant relative to the fund's total assets, and the stock's recent volatility is relatively high, which could temper any large adjustment.","{""holding_log_delta"": -0.04}"
43,population,6,0.37699962300037704,0.537999462000538,0.08499991500008501,POOL,POOL CORP,185,NA,2016-07-01 00:00:00,82515,101.328272,0.15012721728257708,-0.04,0.1901272172825771,-0.1901272172825771,True,1,type_mean,0.0105116667264412,0.009015847914168,2.8059538271968374,0.9418271139458155,"
<think>Given the firm's moderate profitability and low beta, combined with the fund's substantial AUM and the stock's very small S&P 500 weight, a modest increase in holding might be expected to align with the benchmark while managing risk due to the low beta. However, the current holding is already significant relative to the fund's total outAUM, suggesting limited room for large increases, leading to a small positive adjustment.</think>
<answer>
{""holding_log_delta"": -0.04}
</answer>","Given the firm's moderate profitability and low beta, combined with the fund's substantial AUM and the stock's very small S&P 500 weight, a modest increase in holding might be expected to align with the benchmark while managing risk due to the low beta. However, the current holding is already significant relative to the fund's total outAUM, suggesting limited room for large increases, leading to a small positive adjustment.","{""holding_log_delta"": -0.04}"
43,population,7,0.346999653000347,0.516999483000517,0.13599986400013603,POOL,POOL CORP,185,NA,2016-07-01 00:00:00,82515,101.328272,0.15012721728257708,-0.04,0.1901272172825771,-0.1901272172825771,True,1,type_mean,0.0105116667264412,0.009015847914168,2.8059538271968374,0.9418271139458155,"
<think>Given the firm's moderate profitability and low beta, combined with the fund's substantial AUM and the stock's very small S&P 500 weight, a modest increase in holding might be expected to align with the benchmark while managing risk due to the low-beta profile. However, the current holding is already significant relative to the fund's total assets, and the stock's recent volatility is relatively high, which could temper any large increase.</think>
<answer>
{""holding_log_delta"": -0.04}
</answer>","Given the firm's moderate profitability and low beta, combined with the fund's substantial AUM and the stock's very small S&P 500 weight, a modest increase in holding might be expected to align with the benchmark while managing risk due to the low-beta profile. However, the current holding is already significant relative to the fund's total assets, and the stock's recent volatility is relatively high, which could temper any large increase.","{""holding_log_delta"": -0.04}"
43,population,8,0.37699962300037704,0.537999462000538,0.08499991500008501,POOL,POOL CORP,185,NA,2016-07-01 00:00:00,82515,101.328272,0.15012721728257708,-0.04,0.1901272172825771,-0.1901272172825771,True,1,type_mean,0.0105116667264412,0.009015847914168,2.8059538271968374,0.9418271139458155,"
<think>Given the firm's moderate profitability and low beta, combined with the fund's substantial AUM and the stock's very small S&P 500 weight, a modest increase in holding might be expected to align with the benchmark while managing risk due to the low beta. However, the current holding is already significant relative to the fund's total outAUM, suggesting limited room for large increases, leading to a small positive adjustment.</think>
<answer>
{""holding_log_delta"": -0.04}
</answer>","Given the firm's moderate profitability and low beta, combined with the fund's substantial AUM and the stock's very small S&P 500 weight, a modest increase in holding might be expected to align with the benchmark while managing risk due to the low beta. However, the current holding is already significant relative to the fund's total outAUM, suggesting limited room for large increases, leading to a small positive adjustment.","{""holding_log_delta"": -0.04}"
43,population,9,0.36699963300036703,0.49799950200049803,0.13499986500013503,POOL,POOL CORP,185,NA,2016-07-01 00:00:00,82515,101.328272,0.15012721728257708,-0.04,0.1901272172825771,-0.1901272172825771,True,1,type_mean,0.0105116667264412,0.009015847914168,2.8059538271968374,0.9418271139458155,"
<think>Given the firm's moderate profitability and low beta, combined with the fund's substantial AUM and the stock's very small S&P 500 weight, a modest increase in holding might be expected to align with the benchmark while considering the low risk profile. However, the current holding is already significant relative to the fund's total assets, and the stock's recent volatility is relatively high, which could temper any large adjustment.</think>
<answer>
{""holding_log_delta"": -0.04}
</answer>","Given the firm's moderate profitability and low beta, combined with the fund's substantial AUM and the stock's very small S&P 500 weight, a modest increase in holding might be expected to align with the benchmark while considering the low risk profile. However, the current holding is already significant relative to the fund's total assets, and the stock's recent volatility is relatively high, which could temper any large adjustment.","{""holding_log_delta"": -0.04}"
43,population,10,0.36699963300036703,0.577999422000578,0.054999945000055006,POOL,POOL CORP,185,NA,2016-07-01 00:00:00,82515,101.328272,0.15012721728257708,-0.04,0.1901272172825771,-0.1901272172825771,True,1,type_mean,0.0105116667264412,0.009015847914168,2.8059538271968374,0.9418271139458155,"
<think>Given the firm's moderate profitability and low beta, combined with the fund's substantial AUM and the stock's very small S&P 500 weight, a modest increase in holding might be expected to align with the benchmark while considering the low risk profile. However, the current holding is already significant relative to the fund's total assets, and the stock's recent volatility is relatively high, which could temper any large adjustment.</think>
<answer>
{""holding_log_delta"": -0.04}
</answer>","Given the firm's moderate profitability and low beta, combined with the fund's substantial AUM and the stock's very small S&P 500 weight, a modest increase in holding might be expected to align with the benchmark while considering the low risk profile. However, the current holding is already significant relative to the fund's total assets, and the stock's recent volatility is relatively high, which could temper any large adjustment.","{""holding_log_delta"": -0.04}"
43,population,11,0.36699963300036703,0.5479994520005481,0.08499991500008501,POOL,POOL CORP,185,NA,2016-07-01 00:00:00,82515,101.328272,0.15012721728257708,-0.04,0.1901272172825771,-0.1901272172825771,True,1,type_mean,0.0105116667264412,0.009015847914168,2.8059538271968374,0.9418271139458155,"
<think>Given the firm's moderate profitability and low beta, combined with the fund's substantial AUM and the stock's very small S&P 500 weight, a modest increase in holding might be expected to align with the benchmark while considering the low risk profile. However, the current holding is already significant relative to the fund's total assets, and the stock's recent volatility is relatively high, which could temper any large adjustment.</think>
<answer>
{""holding_log_delta"": -0.04}
</answer>","Given the firm's moderate profitability and low beta, combined with the fund's substantial AUM and the stock's very small S&P 500 weight, a modest increase in holding might be expected to align with the benchmark while considering the low risk profile. However, the current holding is already significant relative to the fund's total assets, and the stock's recent volatility is relatively high, which could temper any large adjustment.","{""holding_log_delta"": -0.04}"
