generation,stage,candidate_idx,risk_aversion,herd_behavior,profit_driven,ticker,company,id,quarter,date,permno,holding_t,y_true,pred,abs_error,reward,valid,best_k,profile_strength_mode,x_risk_mean,x_herd_mean,x_profit_mean,overall_mean,raw_output,reason,answer_body
32,population,0,0.31999968000032003,0.33999966000034004,0.33999966000034004,,,825,NA,2017-07-01 00:00:00,57809,529.967076,0.46230065637912715,-0.03,0.4923006563791271,-0.4923006563791271,True,1,type_mean,0.0083004769074155,0.0070097321687576,0.0811969348655934,0.03216904798058883,"
<think>Given NDSN's high market capitalization relative to book equity and strong profitability, the firm appears fundamentally sound. The fund's current holding is modest relative to its AUM and the stock's S&P 500 weight, suggesting room for potential increase. With elevated stock volatility and recent trading volume, the fund might adjust for risk management or capitalize on growth opportunities, leading to a positive but moderate expected normalized log change.</think>
<answer>
{""holding_log_delta"": -0.03}
</answer>","Given NDSN's high market capitalization relative to book equity and strong profitability, the firm appears fundamentally sound. The fund's current holding is modest relative to its AUM and the stock's S&P 500 weight, suggesting room for potential increase. With elevated stock volatility and recent trading volume, the fund might adjust for risk management or capitalize on growth opportunities, leading to a positive but moderate expected normalized log change.","{""holding_log_delta"": -0.03}"
32,population,1,0.3168315561419266,0.29702958388305617,0.38613786987640436,,,825,NA,2017-07-01 00:00:00,57809,529.967076,0.46230065637912715,-0.04,0.5023006563791271,-0.5023006563791271,True,1,type_mean,0.0083004769074155,0.0070097321687576,0.0811969348655934,0.03216904798058883,"
<think>Given NDSN's high market capitalization relative to book equity and strong profitability, the firm appears fundamentally sound. The fund's current holding is modest relative to its AUM, and the stock's low S&P 500 weight suggests limited benchmark-driven pressure. With positive asset growth and above-market beta, the stock may attract incremental allocation for growth exposure, but the elevated volatility and existing position size likely constrain the magnitude of any increase.</think>
<answer>
{""holding_log_delta"": -0.04}
</answer>","Given NDSN's high market capitalization relative to book equity and strong profitability, the firm appears fundamentally sound. The fund's current holding is modest relative to its AUM, and the stock's low S&P 500 weight suggests limited benchmark-driven pressure. With positive asset growth and above-market beta, the stock may attract incremental allocation for growth exposure, but the elevated volatility and existing position size likely constrain the magnitude of any increase.","{""holding_log_delta"": -0.04}"
32,population,2,0.2999997000003,0.30999969000031,0.38999961000039,,,825,NA,2017-07-01 00:00:00,57809,529.967076,0.46230065637912715,-0.04,0.5023006563791271,-0.5023006563791271,True,1,type_mean,0.0083004769074155,0.0070097321687576,0.0811969348655934,0.03216904798058883,"
<think>Given NDSN's high market capitalization relative to book equity and strong profitability, the firm appears fundamentally sound. The fund's current holding is modest relative to its AUM and the stock's S&P 500 weight, suggesting room for potential increase. With elevated stock volatility and recent trading volume, the fund might adjust for risk management or capitalize on growth opportunities, leading to a positive but moderate expected normalized log change.</think>
<answer>
{""holding_log_delta"": -0.04}
</answer>","Given NDSN's high market capitalization relative to book equity and strong profitability, the firm appears fundamentally sound. The fund's current holding is modest relative to its AUM and the stock's S&P 500 weight, suggesting room for potential increase. With elevated stock volatility and recent trading volume, the fund might adjust for risk management or capitalize on growth opportunities, leading to a positive but moderate expected normalized log change.","{""holding_log_delta"": -0.04}"
32,population,3,0.33999966000034004,0.28999971000029,0.36999963000037,,,825,NA,2017-07-01 00:00:00,57809,529.967076,0.46230065637912715,-0.04,0.5023006563791271,-0.5023006563791271,True,1,type_mean,0.0083004769074155,0.0070097321687576,0.0811969348655934,0.03216904798058883,"
<think>Given NDSN's high market capitalization relative to book equity and strong profitability, the firm appears fundamentally sound. The fund's current holding is modest relative to its AUM, and the stock's low S&P 500 weight suggests limited benchmark-driven pressure. With positive asset growth and above-market beta, the stock may attract active allocation, but the high volatility and existing position size could temper the magnitude of any increase.</think>
<answer>
{""holding_log_delta"": -0.04}
</answer>","Given NDSN's high market capitalization relative to book equity and strong profitability, the firm appears fundamentally sound. The fund's current holding is modest relative to its AUM, and the stock's low S&P 500 weight suggests limited benchmark-driven pressure. With positive asset growth and above-market beta, the stock may attract active allocation, but the high volatility and existing position size could temper the magnitude of any increase.","{""holding_log_delta"": -0.04}"
32,population,4,0.28999979030112744,0.2699998047631187,0.43999940493647705,,,825,NA,2017-07-01 00:00:00,57809,529.967076,0.46230065637912715,-0.03,0.4923006563791271,-0.4923006563791271,True,1,type_mean,0.0083004769074155,0.0070097321687576,0.0811969348655934,0.03216904798058883,"
<think>Given NDSN's high market capitalization relative to book equity and strong profitability, the firm appears fundamentally sound. The fund's current holding is modest relative to its AUM, and the stock's low S&P 500 weight suggests limited benchmark-driven pressure. With positive asset growth and above-market beta, the stock may attract incremental allocation for growth exposure, but the elevated volatility and existing position size likely constrain the magnitude of any increase.</think>
<answer>
{""holding_log_delta"": -0.03}
</answer>","Given NDSN's high market capitalization relative to book equity and strong profitability, the firm appears fundamentally sound. The fund's current holding is modest relative to its AUM, and the stock's low S&P 500 weight suggests limited benchmark-driven pressure. With positive asset growth and above-market beta, the stock may attract incremental allocation for growth exposure, but the elevated volatility and existing position size likely constrain the magnitude of any increase.","{""holding_log_delta"": -0.03}"
32,population,5,0.3478645050687631,0.31804754749144054,0.3340869535412106,,,825,NA,2017-07-01 00:00:00,57809,529.967076,0.46230065637912715,-0.02,0.48230065637912717,-0.48230065637912717,True,1,type_mean,0.0083004769074155,0.0070097321687576,0.0811969348655934,0.03216904798058883,"
<think>Given NDSN's high market capitalization relative to book equity and strong profitability, the firm appears fundamentally sound. The fund's current holding is modest relative to its AUM, and the stock's low S&P 500 weight suggests limited benchmark-driven pressure. With positive asset growth and above-market beta, the stock may attract incremental allocation for growth exposure, but the elevated volatility and existing position size likely constrain the magnitude of any increase.</think>
<answer>
{""holding_log_delta"": -0.02}
</answer>","Given NDSN's high market capitalization relative to book equity and strong profitability, the firm appears fundamentally sound. The fund's current holding is modest relative to its AUM, and the stock's low S&P 500 weight suggests limited benchmark-driven pressure. With positive asset growth and above-market beta, the stock may attract incremental allocation for growth exposure, but the elevated volatility and existing position size likely constrain the magnitude of any increase.","{""holding_log_delta"": -0.02}"
32,population,6,0.33999966000034004,0.30999969000031,0.34999965000035,,,825,NA,2017-07-01 00:00:00,57809,529.967076,0.46230065637912715,-0.03,0.4923006563791271,-0.4923006563791271,True,1,type_mean,0.0083004769074155,0.0070097321687576,0.0811969348655934,0.03216904798058883,"
<think>Given NDSN's high market capitalization relative to book equity and strong profitability, the firm appears fundamentally sound. The fund's current holding is modest relative to its AUM, and the stock's low S&P 500 weight suggests limited benchmark-driven pressure. With positive asset growth and above-market beta, the stock may attract some active allocation, but the high volatility and existing position size likely constrain any large increase.</think>
<answer>
{""holding_log_delta"": -0.03}
</answer>","Given NDSN's high market capitalization relative to book equity and strong profitability, the firm appears fundamentally sound. The fund's current holding is modest relative to its AUM, and the stock's low S&P 500 weight suggests limited benchmark-driven pressure. With positive asset growth and above-market beta, the stock may attract some active allocation, but the high volatility and existing position size likely constrain any large increase.","{""holding_log_delta"": -0.03}"
32,population,7,0.35999964000036,0.2999997000003,0.33999966000034004,,,825,NA,2017-07-01 00:00:00,57809,529.967076,0.46230065637912715,-0.03,0.4923006563791271,-0.4923006563791271,True,1,type_mean,0.0083004769074155,0.0070097321687576,0.0811969348655934,0.03216904798058883,"
<think>Given NDSN's high market capitalization relative to book equity and strong profitability, the firm appears fundamentally sound. The fund's current holding is modest relative to its AUM, and the stock's low S&P 500 weight suggests limited benchmark-driven pressure. With positive asset growth and above-market beta, the stock may attract some active allocation, but the high volatility and existing position size likely constrain any large increase.</think>
<answer>
{""holding_log_delta"": -0.03}
</answer>","Given NDSN's high market capitalization relative to book equity and strong profitability, the firm appears fundamentally sound. The fund's current holding is modest relative to its AUM, and the stock's low S&P 500 weight suggests limited benchmark-driven pressure. With positive asset growth and above-market beta, the stock may attract some active allocation, but the high volatility and existing position size likely constrain any large increase.","{""holding_log_delta"": -0.03}"
32,population,8,0.34999965000035,0.28999971000029,0.35999964000036,,,825,NA,2017-07-01 00:00:00,57809,529.967076,0.46230065637912715,-0.04,0.5023006563791271,-0.5023006563791271,True,1,type_mean,0.0083004769074155,0.0070097321687576,0.0811969348655934,0.03216904798058883,"
<think>Given NDSN's high market capitalization relative to book equity and strong profitability, the firm appears fundamentally sound. The fund's current holding is modest relative to its AUM and the stock's S&P 500 weight, suggesting room for potential increase. Considering the stock's recent volatility and the fund's active growth orientation, a moderate positive adjustment in holding might be expected to align with the stock's market importance and the fund's capacity.</think>
<answer>
{""holding_log_delta"": -0.04}
</answer>","Given NDSN's high market capitalization relative to book equity and strong profitability, the firm appears fundamentally sound. The fund's current holding is modest relative to its AUM and the stock's S&P 500 weight, suggesting room for potential increase. Considering the stock's recent volatility and the fund's active growth orientation, a moderate positive adjustment in holding might be expected to align with the stock's market importance and the fund's capacity.","{""holding_log_delta"": -0.04}"
32,population,9,0.3069305228898734,0.3069305228898734,0.3861379641217923,,,825,NA,2017-07-01 00:00:00,57809,529.967076,0.46230065637912715,-0.04,0.5023006563791271,-0.5023006563791271,True,1,type_mean,0.0083004769074155,0.0070097321687576,0.0811969348655934,0.03216904798058883,"
<think>Given NDSN's high market capitalization relative to book equity and strong profitability, the firm appears fundamentally sound. The fund's current holding is modest relative to its AUM and the stock's S&P 500 weight, suggesting room for potential increase. Considering the stock's elevated beta and recent volatility, a moderate positive adjustment might be expected to align with the benchmark while managing risk exposure.</think>
<answer>
{""holding_log_delta"": -0.04}
</answer>","Given NDSN's high market capitalization relative to book equity and strong profitability, the firm appears fundamentally sound. The fund's current holding is modest relative to its AUM and the stock's S&P 500 weight, suggesting room for potential increase. Considering the stock's elevated beta and recent volatility, a moderate positive adjustment might be expected to align with the benchmark while managing risk exposure.","{""holding_log_delta"": -0.04}"
32,population,10,0.37999962000038,0.27999972000028006,0.33999966000034004,,,825,NA,2017-07-01 00:00:00,57809,529.967076,0.46230065637912715,-0.03,0.4923006563791271,-0.4923006563791271,True,1,type_mean,0.0083004769074155,0.0070097321687576,0.0811969348655934,0.03216904798058883,"
<think>Given NDSN's high market capitalization relative to book equity and strong profitability, the firm appears fundamentally sound. The fund's current holding is modest relative to its AUM and the stock's S&P 500 weight, suggesting room for potential increase. Considering the stock's elevated beta and recent volatility, a moderate positive adjustment might be expected to align with the benchmark while managing risk exposure.</think>
<answer>
{""holding_log_delta"": -0.03}
</answer>","Given NDSN's high market capitalization relative to book equity and strong profitability, the firm appears fundamentally sound. The fund's current holding is modest relative to its AUM and the stock's S&P 500 weight, suggesting room for potential increase. Considering the stock's elevated beta and recent volatility, a moderate positive adjustment might be expected to align with the benchmark while managing risk exposure.","{""holding_log_delta"": -0.03}"
32,population,11,0.33999966000034004,0.27999972000028006,0.37999962000038,,,825,NA,2017-07-01 00:00:00,57809,529.967076,0.46230065637912715,-0.04,0.5023006563791271,-0.5023006563791271,True,1,type_mean,0.0083004769074155,0.0070097321687576,0.0811969348655934,0.03216904798058883,"
<think>Given NDSN's high market capitalization relative to book equity and strong profitability, the firm appears fundamentally sound. The fund's current holding is modest relative to its AUM, and the stock's low S&P 500 weight suggests limited benchmark-driven pressure. With positive asset growth and above-market beta, the stock may attract active allocation, but the high volatility and recent quarter's elevated trading volume could temper aggressive increases.</think>
<answer>
{""holding_log_delta"": -0.04}
</answer>","Given NDSN's high market capitalization relative to book equity and strong profitability, the firm appears fundamentally sound. The fund's current holding is modest relative to its AUM, and the stock's low S&P 500 weight suggests limited benchmark-driven pressure. With positive asset growth and above-market beta, the stock may attract active allocation, but the high volatility and recent quarter's elevated trading volume could temper aggressive increases.","{""holding_log_delta"": -0.04}"
