generation,stage,candidate_idx,risk_aversion,herd_behavior,profit_driven,ticker,company,id,quarter,date,permno,holding_t,y_true,pred,abs_error,reward,valid,best_k,profile_strength_mode,x_risk_mean,x_herd_mean,x_profit_mean,overall_mean,raw_output,reason,answer_body
76,population,0,0.3478996521003479,0.31799968200031803,0.33409966590033413,,,515,NA,2019-07-01 00:00:00,40539,11439.48894,0.09482143847363955,-0.02,0.11482143847363956,-0.11482143847363956,True,1,type_mean,0.0083004769074155,0.0070097321687576,0.0811969348655934,0.03216904798058883,"
<think>Given TJX's strong profitability (profit=0.954) and low beta (0.644), the stock appears fundamentally sound with low systematic risk. The fund's current holding is modest relative to its AUM and the stock's S&P 500 weight, suggesting room for increase without excessive concentration. Considering the positive fundamentals and the fund's active growth orientation, a slight upward adjustment in holding might be expected to align with the stock's market importance and improve portfolio diversification.</think>
<answer>
{""holding_log_delta"": -0.02}
</answer>","Given TJX's strong profitability (profit=0.954) and low beta (0.644), the stock appears fundamentally sound with low systematic risk. The fund's current holding is modest relative to its AUM and the stock's S&P 500 weight, suggesting room for increase without excessive concentration. Considering the positive fundamentals and the fund's active growth orientation, a slight upward adjustment in holding might be expected to align with the stock's market importance and improve portfolio diversification.","{""holding_log_delta"": -0.02}"
76,population,1,0.3279324653140661,0.3069303861082247,0.36513614847869935,,,515,NA,2019-07-01 00:00:00,40539,11439.48894,0.09482143847363955,-0.03,0.12482143847363955,-0.12482143847363955,True,1,type_mean,0.0083004769074155,0.0070097321687576,0.0811969348655934,0.03216904798058883,"
<think>Given TJX's strong profitability (profit=0.954) and low beta (0.644), the stock appears fundamentally sound with low systematic risk. The fund's current holding is modest relative to its AUM and the stock's S&P 500 weight, suggesting room for increase without excessive concentration. Considering the positive fundamentals and low volatility, a slight upward adjustment in holding might be expected to align with the benchmark weight.</think>
<answer>
{""holding_log_delta"": -0.03}
</answer>","Given TJX's strong profitability (profit=0.954) and low beta (0.644), the stock appears fundamentally sound with low systematic risk. The fund's current holding is modest relative to its AUM and the stock's S&P 500 weight, suggesting room for increase without excessive concentration. Considering the positive fundamentals and low volatility, a slight upward adjustment in holding might be expected to align with the benchmark weight.","{""holding_log_delta"": -0.03}"
76,population,2,0.3578996421003579,0.307999692000308,0.33409966590033413,,,515,NA,2019-07-01 00:00:00,40539,11439.48894,0.09482143847363955,-0.03,0.12482143847363955,-0.12482143847363955,True,1,type_mean,0.0083004769074155,0.0070097321687576,0.0811969348655934,0.03216904798058883,"
<think>Given TJX's strong profitability (profit=0.954) and low beta (0.644), the stock appears fundamentally sound with low systematic risk. The fund's current holding is modest relative to its AUM and the stock's S&P 500 weight, suggesting room for increase without excessive concentration. Considering the positive fundamentals and the fund's active growth orientation, a slight upward adjustment in holding is expected, but likely limited due to the already positive position and the stock's moderate volatility.</think>
<answer>
{""holding_log_delta"": -0.03}
</answer>","Given TJX's strong profitability (profit=0.954) and low beta (0.644), the stock appears fundamentally sound with low systematic risk. The fund's current holding is modest relative to its AUM and the stock's S&P 500 weight, suggesting room for increase without excessive concentration. Considering the positive fundamentals and the fund's active growth orientation, a slight upward adjustment in holding is expected, but likely limited due to the already positive position and the stock's moderate volatility.","{""holding_log_delta"": -0.03}"
76,population,3,0.3378996621003379,0.31699968300031706,0.34509965490034517,,,515,NA,2019-07-01 00:00:00,40539,11439.48894,0.09482143847363955,-0.04,0.13482143847363956,-0.13482143847363956,True,1,type_mean,0.0083004769074155,0.0070097321687576,0.0811969348655934,0.03216904798058883,"
<think>Given TJX's strong profitability (profit=0.954) and low beta (0.644), the stock appears fundamentally sound with low systematic risk. The fund's current holding is modest relative to its AUM and the stock's S&P 500 weight, suggesting room for increase without excessive concentration. Considering the positive fundamentals and the fund's active growth orientation, a slight upward adjustment in holding is expected, but likely limited due to the already positive position and the stock's moderate volatility.</think>
<answer>
{""holding_log_delta"": -0.04}
</answer>","Given TJX's strong profitability (profit=0.954) and low beta (0.644), the stock appears fundamentally sound with low systematic risk. The fund's current holding is modest relative to its AUM and the stock's S&P 500 weight, suggesting room for increase without excessive concentration. Considering the positive fundamentals and the fund's active growth orientation, a slight upward adjustment in holding is expected, but likely limited due to the already positive position and the stock's moderate volatility.","{""holding_log_delta"": -0.04}"
76,population,4,0.32789967210032794,0.33799966200033804,0.33409966590033413,,,515,NA,2019-07-01 00:00:00,40539,11439.48894,0.09482143847363955,-0.04,0.13482143847363956,-0.13482143847363956,True,1,type_mean,0.0083004769074155,0.0070097321687576,0.0811969348655934,0.03216904798058883,"
<think>Given TJX's strong profitability (profit=0.954) and low beta (0.644), the stock appears fundamentally sound with low systematic risk. The fund's current holding is modest relative to its AUM and the stock's S&P 500 weight, suggesting room for increase without excessive concentration. Considering the positive fundamentals and low volatility, a slight upward adjustment in holding might be expected to align with the benchmark weight.</think>
<answer>
{""holding_log_delta"": -0.04}
</answer>","Given TJX's strong profitability (profit=0.954) and low beta (0.644), the stock appears fundamentally sound with low systematic risk. The fund's current holding is modest relative to its AUM and the stock's S&P 500 weight, suggesting room for increase without excessive concentration. Considering the positive fundamentals and low volatility, a slight upward adjustment in holding might be expected to align with the benchmark weight.","{""holding_log_delta"": -0.04}"
76,population,5,0.31789968210031794,0.306999693000307,0.37509962490037513,,,515,NA,2019-07-01 00:00:00,40539,11439.48894,0.09482143847363955,-0.03,0.12482143847363955,-0.12482143847363955,True,1,type_mean,0.0083004769074155,0.0070097321687576,0.0811969348655934,0.03216904798058883,"
<think>Given TJX's strong profitability (profit=0.954) and low beta (0.644), the stock appears fundamentally sound with low systematic risk. The fund's current holding is modest relative to its AUM and the stock's S&P 500 weight, suggesting room for increase without excessive concentration. Considering the positive fundamentals and low volatility, a slight upward adjustment in holding might be expected to align with the benchmark weight.</think>
<answer>
{""holding_log_delta"": -0.03}
</answer>","Given TJX's strong profitability (profit=0.954) and low beta (0.644), the stock appears fundamentally sound with low systematic risk. The fund's current holding is modest relative to its AUM and the stock's S&P 500 weight, suggesting room for increase without excessive concentration. Considering the positive fundamentals and low volatility, a slight upward adjustment in holding might be expected to align with the benchmark weight.","{""holding_log_delta"": -0.03}"
76,population,6,0.3578996421003579,0.31799968200031803,0.3240996759003241,,,515,NA,2019-07-01 00:00:00,40539,11439.48894,0.09482143847363955,-0.03,0.12482143847363955,-0.12482143847363955,True,1,type_mean,0.0083004769074155,0.0070097321687576,0.0811969348655934,0.03216904798058883,"
<think>Given TJX's strong profitability (profit=0.954) and low beta (0.644), the stock appears fundamentally sound with low systematic risk. The fund's current holding is modest relative to its AUM and the stock's S&P 500 weight, suggesting room for increase without excessive concentration. Considering the positive fundamentals and low volatility, a slight upward adjustment in holding might be expected to align with the benchmark weight.</think>
<answer>
{""holding_log_delta"": -0.03}
</answer>","Given TJX's strong profitability (profit=0.954) and low beta (0.644), the stock appears fundamentally sound with low systematic risk. The fund's current holding is modest relative to its AUM and the stock's S&P 500 weight, suggesting room for increase without excessive concentration. Considering the positive fundamentals and low volatility, a slight upward adjustment in holding might be expected to align with the benchmark weight.","{""holding_log_delta"": -0.03}"
76,population,7,0.3578996421003579,0.31799968200031803,0.3240996759003241,,,515,NA,2019-07-01 00:00:00,40539,11439.48894,0.09482143847363955,-0.03,0.12482143847363955,-0.12482143847363955,True,1,type_mean,0.0083004769074155,0.0070097321687576,0.0811969348655934,0.03216904798058883,"
<think>Given TJX's strong profitability (profit=0.954) and low beta (0.644), the stock appears fundamentally sound with low systematic risk. The fund's current holding is modest relative to its AUM and the stock's S&P 500 weight, suggesting room for increase without excessive concentration. Considering the positive fundamentals and low volatility, a slight upward adjustment in holding might be expected to align with the benchmark weight.</think>
<answer>
{""holding_log_delta"": -0.03}
</answer>","Given TJX's strong profitability (profit=0.954) and low beta (0.644), the stock appears fundamentally sound with low systematic risk. The fund's current holding is modest relative to its AUM and the stock's S&P 500 weight, suggesting room for increase without excessive concentration. Considering the positive fundamentals and low volatility, a slight upward adjustment in holding might be expected to align with the benchmark weight.","{""holding_log_delta"": -0.03}"
76,population,8,0.36289963710036294,0.312999687000313,0.3240996759003241,,,515,NA,2019-07-01 00:00:00,40539,11439.48894,0.09482143847363955,-0.03,0.12482143847363955,-0.12482143847363955,True,1,type_mean,0.0083004769074155,0.0070097321687576,0.0811969348655934,0.03216904798058883,"
<think>Given TJX's strong profitability (profit=0.954) and low beta (0.644), the stock appears fundamentally sound with low systematic risk. The fund's current holding is modest relative to its AUM and the stock's S&P 500 weight, suggesting room for increase without excessive concentration. Considering the positive fundamentals and low volatility, a slight upward adjustment in holding might be expected to align with the benchmark weight.</think>
<answer>
{""holding_log_delta"": -0.03}
</answer>","Given TJX's strong profitability (profit=0.954) and low beta (0.644), the stock appears fundamentally sound with low systematic risk. The fund's current holding is modest relative to its AUM and the stock's S&P 500 weight, suggesting room for increase without excessive concentration. Considering the positive fundamentals and low volatility, a slight upward adjustment in holding might be expected to align with the benchmark weight.","{""holding_log_delta"": -0.03}"
76,population,9,0.35289964710035293,0.31799968200031803,0.32909967090032916,,,515,NA,2019-07-01 00:00:00,40539,11439.48894,0.09482143847363955,-0.03,0.12482143847363955,-0.12482143847363955,True,1,type_mean,0.0083004769074155,0.0070097321687576,0.0811969348655934,0.03216904798058883,"
<think>Given TJX's strong profitability (profit=0.954) and low beta (0.644), the stock appears fundamentally sound with low systematic risk. The fund's current holding is modest relative to its AUM and the stock's S&P 500 weight, suggesting room for increase without excessive concentration. Considering the positive fundamentals and low volatility, a slight upward adjustment in holding might be expected to align with the benchmark weight.</think>
<answer>
{""holding_log_delta"": -0.03}
</answer>","Given TJX's strong profitability (profit=0.954) and low beta (0.644), the stock appears fundamentally sound with low systematic risk. The fund's current holding is modest relative to its AUM and the stock's S&P 500 weight, suggesting room for increase without excessive concentration. Considering the positive fundamentals and low volatility, a slight upward adjustment in holding might be expected to align with the benchmark weight.","{""holding_log_delta"": -0.03}"
76,population,10,0.327864503068326,0.3080475456119149,0.3640869513197654,,,515,NA,2019-07-01 00:00:00,40539,11439.48894,0.09482143847363955,-0.04,0.13482143847363956,-0.13482143847363956,True,1,type_mean,0.0083004769074155,0.0070097321687576,0.0811969348655934,0.03216904798058883,"
<think>Given TJX's strong profitability (profit=0.954) and low beta (0.644), the stock appears fundamentally sound with low systematic risk. The fund's current holding is modest relative to its AUM and the stock's S&P 500 weight, suggesting room for increase without excessive concentration. Considering the positive fundamentals and low volatility, a slight upward adjustment in holding might be expected to align with the benchmark weight.</think>
<answer>
{""holding_log_delta"": -0.04}
</answer>","Given TJX's strong profitability (profit=0.954) and low beta (0.644), the stock appears fundamentally sound with low systematic risk. The fund's current holding is modest relative to its AUM and the stock's S&P 500 weight, suggesting room for increase without excessive concentration. Considering the positive fundamentals and low volatility, a slight upward adjustment in holding might be expected to align with the benchmark weight.","{""holding_log_delta"": -0.04}"
76,population,11,0.32789967210032794,0.30689969310030696,0.36519963480036527,,,515,NA,2019-07-01 00:00:00,40539,11439.48894,0.09482143847363955,-0.03,0.12482143847363955,-0.12482143847363955,True,1,type_mean,0.0083004769074155,0.0070097321687576,0.0811969348655934,0.03216904798058883,"
<think>Given TJX's strong profitability (profit=0.954) and low beta (0.644), the stock appears fundamentally sound with low systematic risk. The fund's current holding is modest relative to its AUM and the stock's S&P 500 weight, suggesting room for increase without excessive concentration. Considering the positive fundamentals and low volatility, a slight upward adjustment in holding might be expected to align with the benchmark weight.</think>
<answer>
{""holding_log_delta"": -0.03}
</answer>","Given TJX's strong profitability (profit=0.954) and low beta (0.644), the stock appears fundamentally sound with low systematic risk. The fund's current holding is modest relative to its AUM and the stock's S&P 500 weight, suggesting room for increase without excessive concentration. Considering the positive fundamentals and low volatility, a slight upward adjustment in holding might be expected to align with the benchmark weight.","{""holding_log_delta"": -0.03}"
