generation,stage,candidate_idx,risk_aversion,herd_behavior,profit_driven,ticker,company,id,quarter,date,permno,holding_t,y_true,pred,abs_error,reward,valid,best_k,profile_strength_mode,x_risk_mean,x_herd_mean,x_profit_mean,overall_mean,raw_output,reason,answer_body
61,population,0,0.356999643000357,0.516999483000517,0.12599987400012602,CPRT,COPART INC,299,NA,2018-07-01 00:00:00,80320,708.3966,0.0620200994768907,-0.01,0.0720200994768907,-0.0720200994768907,True,1,type_mean,0.0105116667264412,0.009015847914168,2.8059538271968374,0.9418271139458155,"
<think>Given the firm's moderate profitability and low beta, the stock appears stable but not growth-oriented. The fund's current holding is relatively small compared to its AUM and the stock's very low S&P 500 weight, suggesting limited active allocation. With low volatility and no strong signals for significant change, a modest adjustment around the benchmark weight is expected, likely resulting in a small positive or neutral normalized log change.</think>
<answer>
{""holding_log_delta"": -0.01}
</answer>","Given the firm's moderate profitability and low beta, the stock appears stable but not growth-oriented. The fund's current holding is relatively small compared to its AUM and the stock's very low S&P 500 weight, suggesting limited active allocation. With low volatility and no strong signals for significant change, a modest adjustment around the benchmark weight is expected, likely resulting in a small positive or neutral normalized log change.","{""holding_log_delta"": -0.01}"
61,population,1,0.357999642000358,0.516999483000517,0.12499987500012501,CPRT,COPART INC,299,NA,2018-07-01 00:00:00,80320,708.3966,0.0620200994768907,-0.02,0.0820200994768907,-0.0820200994768907,True,1,type_mean,0.0105116667264412,0.009015847914168,2.8059538271968374,0.9418271139458155,"
<think>Given the firm's moderate profitability (profit=0.489) and low beta (0.981), the stock appears stable but not growth-oriented. The fund's current holding is relatively small compared to its AUM, and the stock's very low S&P 500 weight suggests limited benchmark-driven demand. With low volatility and average trading volume, a modest adjustment to align with the benchmark or manage risk exposure is expected, likely resulting in a small positive or neutral change.</think>
<answer>
{""holding_log_delta"": -0.02}
</answer>","Given the firm's moderate profitability (profit=0.489) and low beta (0.981), the stock appears stable but not growth-oriented. The fund's current holding is relatively small compared to its AUM, and the stock's very low S&P 500 weight suggests limited benchmark-driven demand. With low volatility and average trading volume, a modest adjustment to align with the benchmark or manage risk exposure is expected, likely resulting in a small positive or neutral change.","{""holding_log_delta"": -0.02}"
61,population,2,0.359180362604194,0.5072547182181792,0.13356391867522388,CPRT,COPART INC,299,NA,2018-07-01 00:00:00,80320,708.3966,0.0620200994768907,-0.01,0.0720200994768907,-0.0720200994768907,True,1,type_mean,0.0105116667264412,0.009015847914168,2.8059538271968374,0.9418271139458155,"
<think>Given the firm's moderate profitability and low beta, the stock appears stable but not growth-oriented. The fund's current holding is relatively small compared to its AUM and the stock's very low S&P 500 weight, suggesting limited active allocation. With low volatility and no strong signals for significant change, a modest adjustment around the benchmark weight is expected, likely resulting in a small positive or neutral normalized log change.</think>
<answer>
{""holding_log_delta"": -0.01}
</answer>","Given the firm's moderate profitability and low beta, the stock appears stable but not growth-oriented. The fund's current holding is relatively small compared to its AUM and the stock's very low S&P 500 weight, suggesting limited active allocation. With low volatility and no strong signals for significant change, a modest adjustment around the benchmark weight is expected, likely resulting in a small positive or neutral normalized log change.","{""holding_log_delta"": -0.01}"
61,population,3,0.34999965000035,0.49999950000050003,0.14999985000015,CPRT,COPART INC,299,NA,2018-07-01 00:00:00,80320,708.3966,0.0620200994768907,-0.04,0.1020200994768907,-0.1020200994768907,True,1,type_mean,0.0105116667264412,0.009015847914168,2.8059538271968374,0.9418271139458155,"
<think>Given the firm's moderate profitability and low beta, the stock appears stable but not growth-oriented. The fund's current holding is relatively small compared to its AUM and the stock's S&P 500 weight, suggesting room for modest adjustment. With low volatility and positive Gat (growth in total assets), a slight increase in holding might be expected to align closer with the benchmark weight, but the low beta and existing position size limit the magnitude.</think>
<answer>
{""holding_log_delta"": -0.04}
</answer>","Given the firm's moderate profitability and low beta, the stock appears stable but not growth-oriented. The fund's current holding is relatively small compared to its AUM and the stock's S&P 500 weight, suggesting room for modest adjustment. With low volatility and positive Gat (growth in total assets), a slight increase in holding might be expected to align closer with the benchmark weight, but the low beta and existing position size limit the magnitude.","{""holding_log_delta"": -0.04}"
61,population,4,0.346999653000347,0.517999482000518,0.13499986500013503,CPRT,COPART INC,299,NA,2018-07-01 00:00:00,80320,708.3966,0.0620200994768907,-0.04,0.1020200994768907,-0.1020200994768907,True,1,type_mean,0.0105116667264412,0.009015847914168,2.8059538271968374,0.9418271139458155,"
<think>Given the firm's moderate profitability (profit=0.489) and low beta (0.981), the stock appears stable but not growth-oriented. The fund's current holding is relatively small compared to its AUM, and the stock's very low S&P 500 weight suggests limited benchmark-driven pressure. With low volatility and average trading volume, a modest adjustment to align with the benchmark or manage risk exposure is expected, likely resulting in a small positive or neutral change.</think>
<answer>
{""holding_log_delta"": -0.04}
</answer>","Given the firm's moderate profitability (profit=0.489) and low beta (0.981), the stock appears stable but not growth-oriented. The fund's current holding is relatively small compared to its AUM, and the stock's very low S&P 500 weight suggests limited benchmark-driven pressure. With low volatility and average trading volume, a modest adjustment to align with the benchmark or manage risk exposure is expected, likely resulting in a small positive or neutral change.","{""holding_log_delta"": -0.04}"
61,population,5,0.36281840311268476,0.5122431307509828,0.12493746663659944,CPRT,COPART INC,299,NA,2018-07-01 00:00:00,80320,708.3966,0.0620200994768907,-0.04,0.1020200994768907,-0.1020200994768907,True,1,type_mean,0.0105116667264412,0.009015847914168,2.8059538271968374,0.9418271139458155,"
<think>Given the firm's moderate profitability (profit=0.489) and low beta (0.981), the stock appears stable but not growth-oriented. The fund's current holding is relatively small compared to its AUM, and the stock's very low S&P 500 weight suggests limited benchmark-driven demand. With low volatility and average trading volume, a modest adjustment to align with the benchmark or manage concentration is expected, likely resulting in a small positive or neutral change.</think>
<answer>
{""holding_log_delta"": -0.04}
</answer>","Given the firm's moderate profitability (profit=0.489) and low beta (0.981), the stock appears stable but not growth-oriented. The fund's current holding is relatively small compared to its AUM, and the stock's very low S&P 500 weight suggests limited benchmark-driven demand. With low volatility and average trading volume, a modest adjustment to align with the benchmark or manage concentration is expected, likely resulting in a small positive or neutral change.","{""holding_log_delta"": -0.04}"
61,population,6,0.37299962700037304,0.521999478000522,0.10499989500010501,CPRT,COPART INC,299,NA,2018-07-01 00:00:00,80320,708.3966,0.0620200994768907,-0.04,0.1020200994768907,-0.1020200994768907,True,1,type_mean,0.0105116667264412,0.009015847914168,2.8059538271968374,0.9418271139458155,"
<think>Given the firm's moderate profitability and low beta, the stock appears stable but not growth-oriented. The fund's current holding is relatively small compared to its AUM and the stock's S&P 500 weight, suggesting room for modest adjustment. With low volatility and average trading volume, a slight increase in holding might be expected to align closer to the benchmark weight, but the low-growth profile limits the magnitude.</think>
<answer>
{""holding_log_delta"": -0.04}
</answer>","Given the firm's moderate profitability and low beta, the stock appears stable but not growth-oriented. The fund's current holding is relatively small compared to its AUM and the stock's S&P 500 weight, suggesting room for modest adjustment. With low volatility and average trading volume, a slight increase in holding might be expected to align closer to the benchmark weight, but the low-growth profile limits the magnitude.","{""holding_log_delta"": -0.04}"
61,population,7,0.37894247194879244,0.497075350045608,0.12398117815738856,CPRT,COPART INC,299,NA,2018-07-01 00:00:00,80320,708.3966,0.0620200994768907,-0.04,0.1020200994768907,-0.1020200994768907,True,1,type_mean,0.0105116667264412,0.009015847914168,2.8059538271968374,0.9418271139458155,"
<think>Given the firm's moderate profitability (profit=0.489) and low beta (0.981), the stock appears stable but not growth-oriented. The fund's current holding is relatively small compared to its AUM, and the stock's very low S&P 500 weight suggests limited benchmark-driven pressure. With low volatility and positive Gat (growth in total assets), a modest increase in holding might be expected to align with the benchmark while managing risk given the fund's defensive profile.</think>
<answer>
{""holding_log_delta"": -0.04}
</answer>","Given the firm's moderate profitability (profit=0.489) and low beta (0.981), the stock appears stable but not growth-oriented. The fund's current holding is relatively small compared to its AUM, and the stock's very low S&P 500 weight suggests limited benchmark-driven pressure. With low volatility and positive Gat (growth in total assets), a modest increase in holding might be expected to align with the benchmark while managing risk given the fund's defensive profile.","{""holding_log_delta"": -0.04}"
61,population,8,0.358999641000359,0.516999483000517,0.123999876000124,CPRT,COPART INC,299,NA,2018-07-01 00:00:00,80320,708.3966,0.0620200994768907,-0.02,0.0820200994768907,-0.0820200994768907,True,1,type_mean,0.0105116667264412,0.009015847914168,2.8059538271968374,0.9418271139458155,"
<think>Given the firm's moderate profitability and low beta, the stock appears stable but not growth-oriented. The fund's current holding is relatively small compared to its AUM, and the stock's very low S&P 500 weight suggests limited benchmark-driven pressure. With low volatility and volume, a modest adjustment to align with the benchmark or manage risk exposure is expected, likely resulting in a small positive or neutral change.</think>
<answer>
{""holding_log_delta"": -0.02}
</answer>","Given the firm's moderate profitability and low beta, the stock appears stable but not growth-oriented. The fund's current holding is relatively small compared to its AUM, and the stock's very low S&P 500 weight suggests limited benchmark-driven pressure. With low volatility and volume, a modest adjustment to align with the benchmark or manage risk exposure is expected, likely resulting in a small positive or neutral change.","{""holding_log_delta"": -0.02}"
61,population,9,0.346999653000347,0.5069994930005071,0.145999854000146,CPRT,COPART INC,299,NA,2018-07-01 00:00:00,80320,708.3966,0.0620200994768907,-0.01,0.0720200994768907,-0.0720200994768907,True,1,type_mean,0.0105116667264412,0.009015847914168,2.8059538271968374,0.9418271139458155,"
<think>Given the firm's moderate profitability and low beta, the stock appears stable but not growth-oriented. The fund's current holding is relatively small compared to its AUM and the stock's very low S&P 500 weight, suggesting limited active allocation. With low volatility and no strong signals for significant change, a modest adjustment around the benchmark weight is expected, likely resulting in a small positive or neutral normalized log change.</think>
<answer>
{""holding_log_delta"": -0.01}
</answer>","Given the firm's moderate profitability and low beta, the stock appears stable but not growth-oriented. The fund's current holding is relatively small compared to its AUM and the stock's very low S&P 500 weight, suggesting limited active allocation. With low volatility and no strong signals for significant change, a modest adjustment around the benchmark weight is expected, likely resulting in a small positive or neutral normalized log change.","{""holding_log_delta"": -0.01}"
61,population,10,0.351999648000352,0.5119994880005121,0.13599986400013603,CPRT,COPART INC,299,NA,2018-07-01 00:00:00,80320,708.3966,0.0620200994768907,-0.02,0.0820200994768907,-0.0820200994768907,True,1,type_mean,0.0105116667264412,0.009015847914168,2.8059538271968374,0.9418271139458155,"
<think>Given the firm's moderate profitability and low beta, the stock appears stable but not growth-oriented. The fund's current holding is relatively small compared to its AUM and the stock's S&P 500 weight, suggesting room for modest adjustment. With low volatility and average trading volume, a slight increase in holding might be expected to align closer to the benchmark weight, but the low-growth profile limits the magnitude.</think>
<answer>
{""holding_log_delta"": -0.02}
</answer>","Given the firm's moderate profitability and low beta, the stock appears stable but not growth-oriented. The fund's current holding is relatively small compared to its AUM and the stock's S&P 500 weight, suggesting room for modest adjustment. With low volatility and average trading volume, a slight increase in holding might be expected to align closer to the benchmark weight, but the low-growth profile limits the magnitude.","{""holding_log_delta"": -0.02}"
61,population,11,0.346999653000347,0.521999478000522,0.13099986900013103,CPRT,COPART INC,299,NA,2018-07-01 00:00:00,80320,708.3966,0.0620200994768907,-0.01,0.0720200994768907,-0.0720200994768907,True,1,type_mean,0.0105116667264412,0.009015847914168,2.8059538271968374,0.9418271139458155,"
<think>Given the firm's moderate profitability and low beta, the stock appears stable but not growth-oriented. The fund's current holding is relatively small compared to its AUM and the stock's very low S&P 500 weight, suggesting limited active allocation. With low volatility and no strong signals for significant change, a modest adjustment around the benchmark weight is expected, likely resulting in a small positive or neutral normalized log change.</think>
<answer>
{""holding_log_delta"": -0.01}
</answer>","Given the firm's moderate profitability and low beta, the stock appears stable but not growth-oriented. The fund's current holding is relatively small compared to its AUM and the stock's very low S&P 500 weight, suggesting limited active allocation. With low volatility and no strong signals for significant change, a modest adjustment around the benchmark weight is expected, likely resulting in a small positive or neutral normalized log change.","{""holding_log_delta"": -0.01}"
