generation,stage,candidate_idx,risk_aversion,herd_behavior,profit_driven,ticker,company,id,quarter,date,permno,holding_t,y_true,pred,abs_error,reward,valid,best_k,profile_strength_mode,x_risk_mean,x_herd_mean,x_profit_mean,overall_mean,raw_output,reason,answer_body
65,population,0,0.512998944001086,0.24999951000047999,0.23700054599943401,PWR,QUANTA SERVICES INC,879,NA,2016-07-01 00:00:00,85792,1742.850041,0.13803371209207121,-0.02,0.1580337120920712,-0.1580337120920712,True,1,type_mean,0.0082565895035254,0.0069532062192367,0.2194993243101532,0.0782363733443051,"
<think>Given the firm's moderate profitability (profit=0.13) and negative asset growth (Gat=-0.15), alongside a low beta (0.69) suggesting lower systematic risk, the stock may be viewed as a defensive holding. The fund's current position is relatively small compared to its AUM, and the stock's minimal S&P 500 weight indicates limited benchmark pressure. Considering the low volatility (stock_vol_q_prev=0.28) and modest trading volume (stock_ln_volume_q_prev=14.61), a slight increase in holding might be expected to align with the defensive profile while maintaining low risk exposure.</think>
<answer>
{""holding_log_delta"": -0.02}
</answer>","Given the firm's moderate profitability (profit=0.13) and negative asset growth (Gat=-0.15), alongside a low beta (0.69) suggesting lower systematic risk, the stock may be viewed as a defensive holding. The fund's current position is relatively small compared to its AUM, and the stock's minimal S&P 500 weight indicates limited benchmark pressure. Considering the low volatility (stock_vol_q_prev=0.28) and modest trading volume (stock_ln_volume_q_prev=14.61), a slight increase in holding might be expected to align with the defensive profile while maintaining low risk exposure.","{""holding_log_delta"": -0.02}"
65,population,1,0.5379994570000051,0.244999759999995,0.216999783,PWR,QUANTA SERVICES INC,879,NA,2016-07-01 00:00:00,85792,1742.850041,0.13803371209207121,-0.02,0.1580337120920712,-0.1580337120920712,True,1,type_mean,0.0082565895035254,0.0069532062192367,0.2194993243101532,0.0782363733443051,"
<think>Given the firm's moderate profitability (profit=0.13) and negative asset growth (Gat=-0.15), alongside a low beta (0.69) suggesting lower systematic risk, the stock may be viewed as stable but not growth-oriented. The fund's current holding is relatively small compared to its AUM, and the stock's very low S&P 500 weight indicates limited benchmark-driven demand. Considering the low volatility (stock_vol_q_prev=0.28) and modest liquidity (ln_volume_q_prev=14.61), a slight increase in holding might be expected to align with the benchmark while managing risk, but the magnitude would likely be limited due to the stock's low profile and the fund's existing low exposure.</think>
<answer>
{""holding_log_delta"": -0.02}
</answer>","Given the firm's moderate profitability (profit=0.13) and negative asset growth (Gat=-0.15), alongside a low beta (0.69) suggesting lower systematic risk, the stock may be viewed as stable but not growth-oriented. The fund's current holding is relatively small compared to its AUM, and the stock's very low S&P 500 weight indicates limited benchmark-driven demand. Considering the low volatility (stock_vol_q_prev=0.28) and modest liquidity (ln_volume_q_prev=14.61), a slight increase in holding might be expected to align with the benchmark while managing risk, but the magnitude would likely be limited due to the stock's low profile and the fund's existing low exposure.","{""holding_log_delta"": -0.02}"
65,population,2,0.5619994380005621,0.244999755000245,0.192999807000193,PWR,QUANTA SERVICES INC,879,NA,2016-07-01 00:00:00,85792,1742.850041,0.13803371209207121,-0.02,0.1580337120920712,-0.1580337120920712,True,1,type_mean,0.0082565895035254,0.0069532062192367,0.2194993243101532,0.0782363733443051,"
<think>Given the firm's moderate profitability (profit=0.13) and negative asset growth (Gat=-0.15), alongside a low beta (0.69) suggesting lower systematic risk, the stock may be viewed as a defensive holding. The fund's current holding is relatively small compared to its AUM, and the stock's very low S&P 500 weight indicates limited benchmark pressure. With the fund's substantial AUM and the stock's low volatility, a modest increase in holding might be expected to align with the firm's stable but not aggressively growing profile, though the low beta and negative asset growth could temper the magnitude.</think>
<answer>
{""holding_log_delta"": -0.02}
</answer>","Given the firm's moderate profitability (profit=0.13) and negative asset growth (Gat=-0.15), alongside a low beta (0.69) suggesting lower systematic risk, the stock may be viewed as a defensive holding. The fund's current holding is relatively small compared to its AUM, and the stock's very low S&P 500 weight indicates limited benchmark pressure. With the fund's substantial AUM and the stock's low volatility, a modest increase in holding might be expected to align with the firm's stable but not aggressively growing profile, though the low beta and negative asset growth could temper the magnitude.","{""holding_log_delta"": -0.02}"
65,population,3,0.5429994570005431,0.244999755000245,0.21199978800021202,PWR,QUANTA SERVICES INC,879,NA,2016-07-01 00:00:00,85792,1742.850041,0.13803371209207121,-0.02,0.1580337120920712,-0.1580337120920712,True,1,type_mean,0.0082565895035254,0.0069532062192367,0.2194993243101532,0.0782363733443051,"
<think>Given the firm's moderate profitability (profit=0.13) and negative asset growth (Gat=-0.15), alongside a low beta (0.69) suggesting lower systematic risk, the stock may be viewed as a defensive holding. The fund's current position is relatively small compared to its AUM, and the stock's minimal S&P 500 weight indicates limited benchmark pressure. Considering the low volatility (stock_vol_q_prev=0.28) and the fund's high out-of-AUM, a modest increase in holding might be expected to align with the defensive profile while managing concentration.</think>
<answer>
{""holding_log_delta"": -0.02}
</answer>","Given the firm's moderate profitability (profit=0.13) and negative asset growth (Gat=-0.15), alongside a low beta (0.69) suggesting lower systematic risk, the stock may be viewed as a defensive holding. The fund's current position is relatively small compared to its AUM, and the stock's minimal S&P 500 weight indicates limited benchmark pressure. Considering the low volatility (stock_vol_q_prev=0.28) and the fund's high out-of-AUM, a modest increase in holding might be expected to align with the defensive profile while managing concentration.","{""holding_log_delta"": -0.02}"
65,population,4,0.5488423822113381,0.22273464290261522,0.22842196478503657,PWR,QUANTA SERVICES INC,879,NA,2016-07-01 00:00:00,85792,1742.850041,0.13803371209207121,-0.02,0.1580337120920712,-0.1580337120920712,True,1,type_mean,0.0082565895035254,0.0069532062192367,0.2194993243101532,0.0782363733443051,"
<think>Given the firm's moderate profitability (profit=0.13) and negative asset growth (Gat=-0.15), alongside a low beta (0.69) suggesting lower systematic risk, the stock may be viewed as stable but not growth-oriented. The fund's current holding is relatively small compared to its AUM, and the stock's very low S&P 500 weight indicates limited benchmark-driven demand. Considering the low volatility (stock_vol_q_prev=0.28) and modest liquidity (stock_ln_volume_q_prev=14.61), a slight increase in holding might be expected to align with the benchmark while managing risk due to the negative asset growth signal.</think>
<answer>
{""holding_log_delta"": -0.02}
</answer>","Given the firm's moderate profitability (profit=0.13) and negative asset growth (Gat=-0.15), alongside a low beta (0.69) suggesting lower systematic risk, the stock may be viewed as stable but not growth-oriented. The fund's current holding is relatively small compared to its AUM, and the stock's very low S&P 500 weight indicates limited benchmark-driven demand. Considering the low volatility (stock_vol_q_prev=0.28) and modest liquidity (stock_ln_volume_q_prev=14.61), a slight increase in holding might be expected to align with the benchmark while managing risk due to the negative asset growth signal.","{""holding_log_delta"": -0.02}"
65,population,5,0.5329989240010861,0.21999954000048,0.247000535999434,PWR,QUANTA SERVICES INC,879,NA,2016-07-01 00:00:00,85792,1742.850041,0.13803371209207121,-0.02,0.1580337120920712,-0.1580337120920712,True,1,type_mean,0.0082565895035254,0.0069532062192367,0.2194993243101532,0.0782363733443051,"
<think>Given the firm's moderate profitability (profit=0.13) and negative asset growth (Gat=-0.15), alongside a low beta (0.69) suggesting lower systematic risk, the stock may be viewed as stable but not growth-oriented. The fund's current holding is relatively small compared to its AUM, and the stock's very low S&P 500 weight indicates limited benchmark-driven demand. Considering the low volatility (stock_vol_q_prev=0.28) and modest liquidity (stock_ln_volume_q_prev=14.61), a slight increase in holding might be expected to align with the benchmark while managing risk given the negative asset growth.</think>
<answer>
{""holding_log_delta"": -0.02}
</answer>","Given the firm's moderate profitability (profit=0.13) and negative asset growth (Gat=-0.15), alongside a low beta (0.69) suggesting lower systematic risk, the stock may be viewed as stable but not growth-oriented. The fund's current holding is relatively small compared to its AUM, and the stock's very low S&P 500 weight indicates limited benchmark-driven demand. Considering the low volatility (stock_vol_q_prev=0.28) and modest liquidity (stock_ln_volume_q_prev=14.61), a slight increase in holding might be expected to align with the benchmark while managing risk given the negative asset growth.","{""holding_log_delta"": -0.02}"
65,population,6,0.5429994570000001,0.22999976000001,0.22699978299999002,PWR,QUANTA SERVICES INC,879,NA,2016-07-01 00:00:00,85792,1742.850041,0.13803371209207121,-0.02,0.1580337120920712,-0.1580337120920712,True,1,type_mean,0.0082565895035254,0.0069532062192367,0.2194993243101532,0.0782363733443051,"
<think>Given the firm's moderate profitability (profit=0.13) and negative asset growth (Gat=-0.15), alongside a low beta (0.69) suggesting lower systematic risk, the stock may be viewed as stable but not growth-oriented. The fund's current holding is relatively small compared to its AUM, and the stock's very low S&P 500 weight indicates limited benchmark-driven demand. Considering the low volatility (stock_vol_q_prev=0.28) and modest liquidity (ln_volume_q_prev=14.61), a slight increase in holding might be expected to align with the benchmark while managing risk, but the magnitude would likely be modest due to the stock's limited market importance.</think>
<answer>
{""holding_log_delta"": -0.02}
</answer>","Given the firm's moderate profitability (profit=0.13) and negative asset growth (Gat=-0.15), alongside a low beta (0.69) suggesting lower systematic risk, the stock may be viewed as stable but not growth-oriented. The fund's current holding is relatively small compared to its AUM, and the stock's very low S&P 500 weight indicates limited benchmark-driven demand. Considering the low volatility (stock_vol_q_prev=0.28) and modest liquidity (ln_volume_q_prev=14.61), a slight increase in holding might be expected to align with the benchmark while managing risk, but the magnitude would likely be modest due to the stock's limited market importance.","{""holding_log_delta"": -0.02}"
65,population,7,0.5429994570005431,0.23999976000024,0.21699978300021702,PWR,QUANTA SERVICES INC,879,NA,2016-07-01 00:00:00,85792,1742.850041,0.13803371209207121,-0.02,0.1580337120920712,-0.1580337120920712,True,1,type_mean,0.0082565895035254,0.0069532062192367,0.2194993243101532,0.0782363733443051,"
<think>Given the firm's moderate profitability (profit=0.13) and negative asset growth (Gat=-0.15), alongside a low beta (0.69) suggesting lower systematic risk, the stock may be viewed as a defensive holding. The fund's current position is relatively small compared to its AUM, and the stock's minimal S&P 500 weight indicates limited benchmark pressure. Considering the low volatility (stock_vol_q_prev=0.28) and modest growth profile, a slight increase in holding might be expected to align with the defensive nature while maintaining low risk exposure.</think>
<answer>
{""holding_log_delta"": -0.02}
</answer>","Given the firm's moderate profitability (profit=0.13) and negative asset growth (Gat=-0.15), alongside a low beta (0.69) suggesting lower systematic risk, the stock may be viewed as a defensive holding. The fund's current position is relatively small compared to its AUM, and the stock's minimal S&P 500 weight indicates limited benchmark pressure. Considering the low volatility (stock_vol_q_prev=0.28) and modest growth profile, a slight increase in holding might be expected to align with the defensive nature while maintaining low risk exposure.","{""holding_log_delta"": -0.02}"
65,population,8,0.5479994520005481,0.254999745000255,0.19699980300019704,PWR,QUANTA SERVICES INC,879,NA,2016-07-01 00:00:00,85792,1742.850041,0.13803371209207121,-0.02,0.1580337120920712,-0.1580337120920712,True,1,type_mean,0.0082565895035254,0.0069532062192367,0.2194993243101532,0.0782363733443051,"
<think>Given the firm's moderate profitability (profit=0.13) and negative asset growth (Gat=-0.15), alongside a low beta (0.69) suggesting lower systematic risk, the stock may be viewed as a defensive holding. The fund's current position is relatively small compared to its AUM, and the stock's minimal S&P 500 weight indicates limited benchmark pressure. Considering the low volatility (stock_vol_q_prev=0.28) and average trading volume, a modest increase in holding might be expected to align with the firm's stable but not exceptional fundamentals, while the low beta and defensive profile support a cautious, incremental adjustment.</think>
<answer>
{""holding_log_delta"": -0.02}
</answer>","Given the firm's moderate profitability (profit=0.13) and negative asset growth (Gat=-0.15), alongside a low beta (0.69) suggesting lower systematic risk, the stock may be viewed as a defensive holding. The fund's current position is relatively small compared to its AUM, and the stock's minimal S&P 500 weight indicates limited benchmark pressure. Considering the low volatility (stock_vol_q_prev=0.28) and average trading volume, a modest increase in holding might be expected to align with the firm's stable but not exceptional fundamentals, while the low beta and defensive profile support a cautious, incremental adjustment.","{""holding_log_delta"": -0.02}"
65,population,9,0.537999462000538,0.24999975000025002,0.21199978800021202,PWR,QUANTA SERVICES INC,879,NA,2016-07-01 00:00:00,85792,1742.850041,0.13803371209207121,-0.01,0.14803371209207122,-0.14803371209207122,True,1,type_mean,0.0082565895035254,0.0069532062192367,0.2194993243101532,0.0782363733443051,"
<think>Given the firm's moderate profitability (profit=0.13) and negative asset growth (Gat=-0.15), alongside a low beta (0.69) suggesting lower systematic risk, the stock may be viewed as stable but not growth-oriented. The fund's current holding is relatively small compared to its AUM, and the stock's very low S&P 500 weight indicates limited benchmark-driven demand. Considering the low volatility (stock_vol_q_prev=0.28) and modest liquidity (stock_ln_volume_q_prev=14.61), a slight increase in holding might be expected to align with the benchmark while managing risk due to the negative asset growth signal.</think>
<answer>
{""holding_log_delta"": -0.01}
</answer>","Given the firm's moderate profitability (profit=0.13) and negative asset growth (Gat=-0.15), alongside a low beta (0.69) suggesting lower systematic risk, the stock may be viewed as stable but not growth-oriented. The fund's current holding is relatively small compared to its AUM, and the stock's very low S&P 500 weight indicates limited benchmark-driven demand. Considering the low volatility (stock_vol_q_prev=0.28) and modest liquidity (stock_ln_volume_q_prev=14.61), a slight increase in holding might be expected to align with the benchmark while managing risk due to the negative asset growth signal.","{""holding_log_delta"": -0.01}"
65,population,10,0.5333539583892248,0.2605072964735891,0.20613774513718625,PWR,QUANTA SERVICES INC,879,NA,2016-07-01 00:00:00,85792,1742.850041,0.13803371209207121,-0.02,0.1580337120920712,-0.1580337120920712,True,1,type_mean,0.0082565895035254,0.0069532062192367,0.2194993243101532,0.0782363733443051,"
<think>Given the firm's moderate profitability (profit=0.13) and negative asset growth (Gat=-0.15), alongside a low beta (0.69) suggesting lower systematic risk, the stock may be viewed as stable but not growth-oriented. The fund's current holding is relatively small compared to its AUM, and the stock's very low S&P 500 weight indicates limited benchmark-driven demand. Considering the low volatility (stock_vol_q_prev=0.28) and modest liquidity (stock_ln_volume_q_prev=14.61), a slight increase in holding might be expected to align with the benchmark while managing risk given the negative asset growth.</think>
<answer>
{""holding_log_delta"": -0.02}
</answer>","Given the firm's moderate profitability (profit=0.13) and negative asset growth (Gat=-0.15), alongside a low beta (0.69) suggesting lower systematic risk, the stock may be viewed as stable but not growth-oriented. The fund's current holding is relatively small compared to its AUM, and the stock's very low S&P 500 weight indicates limited benchmark-driven demand. Considering the low volatility (stock_vol_q_prev=0.28) and modest liquidity (stock_ln_volume_q_prev=14.61), a slight increase in holding might be expected to align with the benchmark while managing risk given the negative asset growth.","{""holding_log_delta"": -0.02}"
65,population,11,0.5529994470005531,0.23999976000024,0.20699979300020702,PWR,QUANTA SERVICES INC,879,NA,2016-07-01 00:00:00,85792,1742.850041,0.13803371209207121,-0.02,0.1580337120920712,-0.1580337120920712,True,1,type_mean,0.0082565895035254,0.0069532062192367,0.2194993243101532,0.0782363733443051,"
<think>Given the firm's moderate profitability (profit=0.13) and negative asset growth (Gat=-0.15), alongside a low beta (0.69) suggesting lower systematic risk, the stock may be viewed as a defensive holding. The fund's current holding is relatively small compared to its AUM, and the stock's very low S&P 500 weight indicates limited benchmark pressure. With the fund's substantial AUM and the stock's low volatility, a modest increase in holding might be expected to align with the firm's stable but not aggressively growing profile, though the low beta and negative asset growth could temper the magnitude.</think>
<answer>
{""holding_log_delta"": -0.02}
</answer>","Given the firm's moderate profitability (profit=0.13) and negative asset growth (Gat=-0.15), alongside a low beta (0.69) suggesting lower systematic risk, the stock may be viewed as a defensive holding. The fund's current holding is relatively small compared to its AUM, and the stock's very low S&P 500 weight indicates limited benchmark pressure. With the fund's substantial AUM and the stock's low volatility, a modest increase in holding might be expected to align with the firm's stable but not aggressively growing profile, though the low beta and negative asset growth could temper the magnitude.","{""holding_log_delta"": -0.02}"
