generation,stage,candidate_idx,risk_aversion,herd_behavior,profit_driven,ticker,company,id,quarter,date,permno,holding_t,y_true,pred,abs_error,reward,valid,best_k,profile_strength_mode,x_risk_mean,x_herd_mean,x_profit_mean,overall_mean,raw_output,reason,answer_body
27,population,0,0.28999979030112744,0.2699998047631187,0.43999940493647705,,,306,NA,2017-07-01 00:00:00,77702,9904.478586,0.09837460587736575,-0.03,0.12837460587736577,-0.12837460587736577,True,1,type_mean,0.0083004769074155,0.0070097321687576,0.0811969348655934,0.03216904798058883,"
<think>Given SBUX's strong profitability (profit=0.8685) and positive asset growth (Gat=0.1279), alongside its low beta (0.7328) indicating lower systematic risk, the fund might increase its holding to capture growth opportunities while managing risk exposure. The current holding is substantial relative to AUM, but the stock's low S&P 500 weight suggests room for allocation adjustment, potentially leading to a modest increase in the normalized log change.</think>
<answer>
{""holding_log_delta"": -0.03}
</answer>","Given SBUX's strong profitability (profit=0.8685) and positive asset growth (Gat=0.1279), alongside its low beta (0.7328) indicating lower systematic risk, the fund might increase its holding to capture growth opportunities while managing risk exposure. The current holding is substantial relative to AUM, but the stock's low S&P 500 weight suggests room for allocation adjustment, potentially leading to a modest increase in the normalized log change.","{""holding_log_delta"": -0.03}"
27,population,1,0.37999962000038,0.27999972000028006,0.33999966000034004,,,306,NA,2017-07-01 00:00:00,77702,9904.478586,0.09837460587736575,-0.04,0.13837460587736575,-0.13837460587736575,True,1,type_mean,0.0083004769074155,0.0070097321687576,0.0811969348655934,0.03216904798058883,"
<think>Given SBUX's strong profitability (profit=0.8685) and positive asset growth (Gat=0.1279), alongside its low beta (0.7328) indicating lower systematic risk, the fund might increase its holding to capture growth opportunities while managing risk exposure. The current holding is substantial relative to AUM, but the stock's low S&P 500 weight suggests limited benchmark-driven pressure, allowing for potential allocation adjustments based on fundamental strength.</think>
<answer>
{""holding_log_delta"": -0.04}
</answer>","Given SBUX's strong profitability (profit=0.8685) and positive asset growth (Gat=0.1279), alongside its low beta (0.7328) indicating lower systematic risk, the fund might increase its holding to capture growth opportunities while managing risk exposure. The current holding is substantial relative to AUM, but the stock's low S&P 500 weight suggests limited benchmark-driven pressure, allowing for potential allocation adjustments based on fundamental strength.","{""holding_log_delta"": -0.04}"
27,population,2,0.33999966000034004,0.27999972000028006,0.37999962000038,,,306,NA,2017-07-01 00:00:00,77702,9904.478586,0.09837460587736575,-0.04,0.13837460587736575,-0.13837460587736575,True,1,type_mean,0.0083004769074155,0.0070097321687576,0.0811969348655934,0.03216904798058883,"
<think>Given SBUX's strong profitability (profit=0.8685) and positive asset growth (Gat=0.1279), alongside its low beta (0.7328) indicating lower systematic risk, the fund might increase its holding to capture growth opportunities while managing risk exposure. The current holding is substantial relative to AUM, but the stock's low S&P 500 weight suggests limited benchmark-driven pressure, allowing for a modest adjustment towards aligning with the firm's growth profile.</think>
<answer>
{""holding_log_delta"": -0.04}
</answer>","Given SBUX's strong profitability (profit=0.8685) and positive asset growth (Gat=0.1279), alongside its low beta (0.7328) indicating lower systematic risk, the fund might increase its holding to capture growth opportunities while managing risk exposure. The current holding is substantial relative to AUM, but the stock's low S&P 500 weight suggests limited benchmark-driven pressure, allowing for a modest adjustment towards aligning with the firm's growth profile.","{""holding_log_delta"": -0.04}"
27,population,3,0.33999952159912217,0.26999978661886426,0.3899996917828039,,,306,NA,2017-07-01 00:00:00,77702,9904.478586,0.09837460587736575,-0.03,0.12837460587736577,-0.12837460587736577,True,1,type_mean,0.0083004769074155,0.0070097321687576,0.0811969348655934,0.03216904798058883,"
<think>Given SBUX's strong profitability (profit=0.8685) and positive asset growth (Gat=0.1279), alongside its low beta (0.733) indicating lower systematic risk, the fund might increase its holding to capture growth opportunities while managing risk exposure. The current holding is substantial relative to AUM, but the stock's low S&P 500 weight suggests room for allocation adjustment, potentially leading to a modest increase in the normalized log change.</think>
<answer>
{""holding_log_delta"": -0.03}
</answer>","Given SBUX's strong profitability (profit=0.8685) and positive asset growth (Gat=0.1279), alongside its low beta (0.733) indicating lower systematic risk, the fund might increase its holding to capture growth opportunities while managing risk exposure. The current holding is substantial relative to AUM, but the stock's low S&P 500 weight suggests room for allocation adjustment, potentially leading to a modest increase in the normalized log change.","{""holding_log_delta"": -0.03}"
27,population,4,0.3168315561419266,0.29702958388305617,0.38613786987640436,,,306,NA,2017-07-01 00:00:00,77702,9904.478586,0.09837460587736575,-0.04,0.13837460587736575,-0.13837460587736575,True,1,type_mean,0.0083004769074155,0.0070097321687576,0.0811969348655934,0.03216904798058883,"
<think>Given SBUX's high profitability (profit=0.8685) and positive asset growth (Gat=0.1279), alongside its low beta (0.7328) indicating lower systematic risk, the fund might increase its holding to capture growth opportunities while managing risk exposure. The current holding is substantial relative to AUM, but the stock's low S&P 500 weight suggests limited benchmark-driven pressure, allowing for potential active allocation adjustments.</think>
<answer>
{""holding_log_delta"": -0.04}
</answer>","Given SBUX's high profitability (profit=0.8685) and positive asset growth (Gat=0.1279), alongside its low beta (0.7328) indicating lower systematic risk, the fund might increase its holding to capture growth opportunities while managing risk exposure. The current holding is substantial relative to AUM, but the stock's low S&P 500 weight suggests limited benchmark-driven pressure, allowing for potential active allocation adjustments.","{""holding_log_delta"": -0.04}"
27,population,5,0.33999952159912217,0.26999978661886426,0.3899996917828039,,,306,NA,2017-07-01 00:00:00,77702,9904.478586,0.09837460587736575,-0.03,0.12837460587736577,-0.12837460587736577,True,1,type_mean,0.0083004769074155,0.0070097321687576,0.0811969348655934,0.03216904798058883,"
<think>Given SBUX's strong profitability (profit=0.8685) and positive asset growth (Gat=0.1279), alongside its low beta (0.733) indicating lower systematic risk, the fund might increase its holding to capture growth opportunities while managing risk exposure. The current holding is substantial relative to AUM, but the stock's low S&P 500 weight suggests room for allocation adjustment, potentially leading to a modest increase in the normalized log change.</think>
<answer>
{""holding_log_delta"": -0.03}
</answer>","Given SBUX's strong profitability (profit=0.8685) and positive asset growth (Gat=0.1279), alongside its low beta (0.733) indicating lower systematic risk, the fund might increase its holding to capture growth opportunities while managing risk exposure. The current holding is substantial relative to AUM, but the stock's low S&P 500 weight suggests room for allocation adjustment, potentially leading to a modest increase in the normalized log change.","{""holding_log_delta"": -0.03}"
27,population,6,0.2899997666188834,0.3199995472392851,0.38999968614263636,,,306,NA,2017-07-01 00:00:00,77702,9904.478586,0.09837460587736575,-0.03,0.12837460587736577,-0.12837460587736577,True,1,type_mean,0.0083004769074155,0.0070097321687576,0.0811969348655934,0.03216904798058883,"
<think>Given SBUX's strong profitability (profit=0.8685) and positive asset growth (Gat=0.1279), alongside its low beta (0.7328) indicating lower systematic risk, the fund might increase its holding to capture growth opportunities while managing risk exposure. The current holding is substantial relative to AUM, but the stock's low S&P 500 weight suggests room for allocation adjustment, potentially leading to a modest increase in the normalized log change.</think>
<answer>
{""holding_log_delta"": -0.03}
</answer>","Given SBUX's strong profitability (profit=0.8685) and positive asset growth (Gat=0.1279), alongside its low beta (0.7328) indicating lower systematic risk, the fund might increase its holding to capture growth opportunities while managing risk exposure. The current holding is substantial relative to AUM, but the stock's low S&P 500 weight suggests room for allocation adjustment, potentially leading to a modest increase in the normalized log change.","{""holding_log_delta"": -0.03}"
27,population,7,0.3267325422713618,0.28712859775362093,0.38613786987640436,,,306,NA,2017-07-01 00:00:00,77702,9904.478586,0.09837460587736575,-0.03,0.12837460587736577,-0.12837460587736577,True,1,type_mean,0.0083004769074155,0.0070097321687576,0.0811969348655934,0.03216904798058883,"
<think>Given SBUX's current fundamentals, the company shows strong profitability (profit=0.8685) and positive asset growth (Gat=0.1279), which are favorable signals. The fund's current holding is substantial relative to its AUM, and the stock's low beta (0.73) suggests lower systematic risk, potentially allowing for a larger position without significant risk exposure. Considering the positive fundamentals and the fund's capacity to increase exposure, a modest increase in the normalized log holding is expected, though constrained by the already high current position.</think>
<answer>
{""holding_log_delta"": -0.03}
</answer>","Given SBUX's current fundamentals, the company shows strong profitability (profit=0.8685) and positive asset growth (Gat=0.1279), which are favorable signals. The fund's current holding is substantial relative to its AUM, and the stock's low beta (0.73) suggests lower systematic risk, potentially allowing for a larger position without significant risk exposure. Considering the positive fundamentals and the fund's capacity to increase exposure, a modest increase in the normalized log holding is expected, though constrained by the already high current position.","{""holding_log_delta"": -0.03}"
27,population,8,0.3069305228898734,0.3069305228898734,0.3861379641217923,,,306,NA,2017-07-01 00:00:00,77702,9904.478586,0.09837460587736575,-0.01,0.10837460587736575,-0.10837460587736575,True,1,type_mean,0.0083004769074155,0.0070097321687576,0.0811969348655934,0.03216904798058883,"
<think>Given SBUX's current fundamentals, the firm shows strong profitability (profit=0.8685) and positive asset growth (Gat=0.1279), which are favorable signals. The fund's current holding is substantial relative to its AUM, and the stock's low beta (0.73) suggests lower systematic risk, potentially allowing for a larger position without significant risk exposure. Considering the positive fundamentals and the fund's capacity to increase exposure, a modest increase in the normalized log holding is expected, though constrained by the already high current position.</think>
<answer>
{""holding_log_delta"": -0.01}
</answer>","Given SBUX's current fundamentals, the firm shows strong profitability (profit=0.8685) and positive asset growth (Gat=0.1279), which are favorable signals. The fund's current holding is substantial relative to its AUM, and the stock's low beta (0.73) suggests lower systematic risk, potentially allowing for a larger position without significant risk exposure. Considering the positive fundamentals and the fund's capacity to increase exposure, a modest increase in the normalized log holding is expected, though constrained by the already high current position.","{""holding_log_delta"": -0.01}"
27,population,9,0.33999966000034004,0.28999971000029,0.36999963000037,,,306,NA,2017-07-01 00:00:00,77702,9904.478586,0.09837460587736575,-0.03,0.12837460587736577,-0.12837460587736577,True,1,type_mean,0.0083004769074155,0.0070097321687576,0.0811969348655934,0.03216904798058883,"
<think>Given SBUX's strong profitability (profit=0.8685) and positive asset growth (Gat=0.1279), alongside its low beta (0.7328) indicating lower systematic risk, the fund might increase its holding to capture growth opportunities while managing risk exposure. The current holding is substantial relative to AUM, but the stock's low S&P 500 weight suggests limited benchmark-driven pressure, allowing for potential allocation adjustments based on fundamental strength.</think>
<answer>
{""holding_log_delta"": -0.03}
</answer>","Given SBUX's strong profitability (profit=0.8685) and positive asset growth (Gat=0.1279), alongside its low beta (0.7328) indicating lower systematic risk, the fund might increase its holding to capture growth opportunities while managing risk exposure. The current holding is substantial relative to AUM, but the stock's low S&P 500 weight suggests limited benchmark-driven pressure, allowing for potential allocation adjustments based on fundamental strength.","{""holding_log_delta"": -0.03}"
27,population,10,0.2999997000003,0.30999969000031,0.38999961000039,,,306,NA,2017-07-01 00:00:00,77702,9904.478586,0.09837460587736575,-0.03,0.12837460587736577,-0.12837460587736577,True,1,type_mean,0.0083004769074155,0.0070097321687576,0.0811969348655934,0.03216904798058883,"
<think>Given SBUX's high profitability (profit=0.8685) and positive asset growth (Gat=0.1279), alongside its low beta (0.7328) indicating lower systematic risk, the fund might increase its holding to capture growth opportunities while managing risk exposure. The current holding is substantial relative to AUM, but the stock's low S&P 500 weight suggests limited benchmark-driven pressure, allowing for potential allocation adjustments based on fundamental strength.</think>
<answer>
{""holding_log_delta"": -0.03}
</answer>","Given SBUX's high profitability (profit=0.8685) and positive asset growth (Gat=0.1279), alongside its low beta (0.7328) indicating lower systematic risk, the fund might increase its holding to capture growth opportunities while managing risk exposure. The current holding is substantial relative to AUM, but the stock's low S&P 500 weight suggests limited benchmark-driven pressure, allowing for potential allocation adjustments based on fundamental strength.","{""holding_log_delta"": -0.03}"
27,population,11,0.30693057001249135,0.30693057001249135,0.38613786987640436,,,306,NA,2017-07-01 00:00:00,77702,9904.478586,0.09837460587736575,-0.03,0.12837460587736577,-0.12837460587736577,True,1,type_mean,0.0083004769074155,0.0070097321687576,0.0811969348655934,0.03216904798058883,"
<think>Given SBUX's strong profitability (profit=0.8685) and positive asset growth (Gat=0.1279), alongside its low beta (0.7328) indicating lower systematic risk, the fund might increase its holding to capture growth opportunities while managing risk exposure. The current holding is substantial relative to AUM, but the stock's low S&P 500 weight suggests room for a modest increase to align with its fundamental strength.</think>
<answer>
{""holding_log_delta"": -0.03}
</answer>","Given SBUX's strong profitability (profit=0.8685) and positive asset growth (Gat=0.1279), alongside its low beta (0.7328) indicating lower systematic risk, the fund might increase its holding to capture growth opportunities while managing risk exposure. The current holding is substantial relative to AUM, but the stock's low S&P 500 weight suggests room for a modest increase to align with its fundamental strength.","{""holding_log_delta"": -0.03}"
