generation,stage,candidate_idx,risk_aversion,herd_behavior,profit_driven,ticker,company,id,quarter,date,permno,holding_t,y_true,pred,abs_error,reward,valid,best_k,profile_strength_mode,x_risk_mean,x_herd_mean,x_profit_mean,overall_mean,raw_output,reason,answer_body
18,population,0,0.5833539583892446,0.2705072964735891,0.1461377451371662,NWS,NEWS CORP NEW,732,NA,2019-01-01 00:00:00,13964,245.823042,0.2792282262506703,-0.02,0.2992282262506703,-0.2992282262506703,True,1,type_mean,0.0082565895035254,0.0069532062192367,0.2194993243101532,0.0782363733443051,"
<think>Given the firm's moderate profitability (profit=0.117) and positive asset growth (Gat=0.105), alongside a beta above 1 indicating higher systematic risk than the market, the stock presents mixed fundamental signals. The fund's current holding is relatively small compared to its AUM, and the stock's very low S&P 500 weight suggests limited benchmark-driven pressure. Considering the high beta and the fund's low turnover constraint, a modest increase in holding might be expected to align with the firm's growth while managing risk exposure.</think>
<answer>
{""holding_log_delta"": -0.02}
</answer>","Given the firm's moderate profitability (profit=0.117) and positive asset growth (Gat=0.105), alongside a beta above 1 indicating higher systematic risk than the market, the stock presents mixed fundamental signals. The fund's current holding is relatively small compared to its AUM, and the stock's very low S&P 500 weight suggests limited benchmark-driven pressure. Considering the high beta and the fund's low turnover constraint, a modest increase in holding might be expected to align with the firm's growth while managing risk exposure.","{""holding_log_delta"": -0.02}"
18,population,1,0.5633539583892447,0.2705072964735892,0.16613774513716623,NWS,NEWS CORP NEW,732,NA,2019-01-01 00:00:00,13964,245.823042,0.2792282262506703,-0.04,0.31922822625067027,-0.31922822625067027,True,1,type_mean,0.0082565895035254,0.0069532062192367,0.2194993243101532,0.0782363733443051,"
<think>Given the firm's moderate profitability (profit=0.117) and positive asset growth (Gat=0.105), alongside a beta above 1 indicating higher systematic risk than the market, the stock presents mixed fundamental signals. The fund's current holding is relatively small compared to its AUM, and the stock's very low S&P 500 weight suggests limited benchmark-driven pressure. Considering the high beta and the fund's low turnover constraint, a modest increase in holding might be expected to align with the firm's growth while managing risk exposure.</think>
<answer>
{""holding_log_delta"": -0.04}
</answer>","Given the firm's moderate profitability (profit=0.117) and positive asset growth (Gat=0.105), alongside a beta above 1 indicating higher systematic risk than the market, the stock presents mixed fundamental signals. The fund's current holding is relatively small compared to its AUM, and the stock's very low S&P 500 weight suggests limited benchmark-driven pressure. Considering the high beta and the fund's low turnover constraint, a modest increase in holding might be expected to align with the firm's growth while managing risk exposure.","{""holding_log_delta"": -0.04}"
18,population,2,0.5833539583892446,0.280507296473579,0.13613774513717622,NWS,NEWS CORP NEW,732,NA,2019-01-01 00:00:00,13964,245.823042,0.2792282262506703,-0.04,0.31922822625067027,-0.31922822625067027,True,1,type_mean,0.0082565895035254,0.0069532062192367,0.2194993243101532,0.0782363733443051,"
<think>Given the firm's moderate profitability (profit=0.117) and positive asset growth (Gat=0.105), alongside a beta above 1 indicating higher systematic risk than the market, the stock presents mixed fundamental signals. The fund's current holding is relatively small compared to its AUM, and the stock's very low S&P 500 weight suggests limited benchmark-driven pressure. Considering the high beta and the fund's low turnover constraint, a modest increase in holding might be expected to align with the firm's growth while managing risk exposure.</think>
<answer>
{""holding_log_delta"": -0.04}
</answer>","Given the firm's moderate profitability (profit=0.117) and positive asset growth (Gat=0.105), alongside a beta above 1 indicating higher systematic risk than the market, the stock presents mixed fundamental signals. The fund's current holding is relatively small compared to its AUM, and the stock's very low S&P 500 weight suggests limited benchmark-driven pressure. Considering the high beta and the fund's low turnover constraint, a modest increase in holding might be expected to align with the firm's growth while managing risk exposure.","{""holding_log_delta"": -0.04}"
18,population,3,0.6033539583892247,0.2705072964735891,0.12613774513718623,NWS,NEWS CORP NEW,732,NA,2019-01-01 00:00:00,13964,245.823042,0.2792282262506703,-0.02,0.2992282262506703,-0.2992282262506703,True,1,type_mean,0.0082565895035254,0.0069532062192367,0.2194993243101532,0.0782363733443051,"
<think>Given the firm's moderate profitability (profit=0.117) and positive asset growth (Gat=0.105), alongside a beta above 1 indicating higher systematic risk than the market, the stock presents mixed fundamental signals. The fund's current holding is relatively small compared to its AUM, and the stock's very low S&P 500 weight suggests limited benchmark-driven pressure. Considering the high beta and the fund's low turnover constraint, a modest increase in holding might be expected to align with the firm's growth while managing risk exposure, but the magnitude would likely be tempered by the low benchmark weight and the fund's existing low allocation.</think>
<answer>
{""holding_log_delta"": -0.02}
</answer>","Given the firm's moderate profitability (profit=0.117) and positive asset growth (Gat=0.105), alongside a beta above 1 indicating higher systematic risk than the market, the stock presents mixed fundamental signals. The fund's current holding is relatively small compared to its AUM, and the stock's very low S&P 500 weight suggests limited benchmark-driven pressure. Considering the high beta and the fund's low turnover constraint, a modest increase in holding might be expected to align with the firm's growth while managing risk exposure, but the magnitude would likely be tempered by the low benchmark weight and the fund's existing low allocation.","{""holding_log_delta"": -0.02}"
18,population,4,0.6033539583892247,0.2505072964736091,0.1461377451371662,NWS,NEWS CORP NEW,732,NA,2019-01-01 00:00:00,13964,245.823042,0.2792282262506703,-0.04,0.31922822625067027,-0.31922822625067027,True,1,type_mean,0.0082565895035254,0.0069532062192367,0.2194993243101532,0.0782363733443051,"
<think>Given the firm's moderate profitability (profit=0.117) and positive asset growth (Gat=0.105), alongside a beta above 1 indicating higher systematic risk than the market, the stock presents mixed fundamental signals. The fund's current holding is relatively small compared to its AUM, and the stock's very low S&P 500 weight suggests limited benchmark-driven pressure. Considering the high beta and the fund's low turnover constraint, a modest increase in holding might be expected to align with the firm's growth while managing risk exposure.</think>
<answer>
{""holding_log_delta"": -0.04}
</answer>","Given the firm's moderate profitability (profit=0.117) and positive asset growth (Gat=0.105), alongside a beta above 1 indicating higher systematic risk than the market, the stock presents mixed fundamental signals. The fund's current holding is relatively small compared to its AUM, and the stock's very low S&P 500 weight suggests limited benchmark-driven pressure. Considering the high beta and the fund's low turnover constraint, a modest increase in holding might be expected to align with the firm's growth while managing risk exposure.","{""holding_log_delta"": -0.04}"
18,population,5,0.6133539583898281,0.2705072964738596,0.11613774513731237,NWS,NEWS CORP NEW,732,NA,2019-01-01 00:00:00,13964,245.823042,0.2792282262506703,-0.02,0.2992282262506703,-0.2992282262506703,True,1,type_mean,0.0082565895035254,0.0069532062192367,0.2194993243101532,0.0782363733443051,"
<think>Given the firm's moderate profitability (profit=0.117) and positive asset growth (Gat=0.105), alongside a beta above 1 indicating higher systematic risk than the market, the stock presents mixed fundamental signals. The fund's current holding is relatively small compared to its AUM, and the stock's very low S&P 500 weight suggests limited benchmark-driven pressure. Considering the high beta and the fund's low turnover constraint, a modest increase in holding might be expected to align with the firm's growth while managing risk exposure, but the magnitude would likely be tempered by the low benchmark weight and the fund's existing low allocation.</think>
<answer>
{""holding_log_delta"": -0.02}
</answer>","Given the firm's moderate profitability (profit=0.117) and positive asset growth (Gat=0.105), alongside a beta above 1 indicating higher systematic risk than the market, the stock presents mixed fundamental signals. The fund's current holding is relatively small compared to its AUM, and the stock's very low S&P 500 weight suggests limited benchmark-driven pressure. Considering the high beta and the fund's low turnover constraint, a modest increase in holding might be expected to align with the firm's growth while managing risk exposure, but the magnitude would likely be tempered by the low benchmark weight and the fund's existing low allocation.","{""holding_log_delta"": -0.02}"
18,population,6,0.6133539583898281,0.2705072964738596,0.11613774513731237,NWS,NEWS CORP NEW,732,NA,2019-01-01 00:00:00,13964,245.823042,0.2792282262506703,-0.02,0.2992282262506703,-0.2992282262506703,True,1,type_mean,0.0082565895035254,0.0069532062192367,0.2194993243101532,0.0782363733443051,"
<think>Given the firm's moderate profitability (profit=0.117) and positive asset growth (Gat=0.105), alongside a beta above 1 indicating higher systematic risk than the market, the stock presents mixed fundamental signals. The fund's current holding is relatively small compared to its AUM, and the stock's very low S&P 500 weight suggests limited benchmark-driven pressure. Considering the high beta and the fund's low turnover constraint, a modest increase in holding might be expected to align with the firm's growth while managing risk exposure, but the magnitude would likely be tempered by the low benchmark weight and the fund's existing low allocation.</think>
<answer>
{""holding_log_delta"": -0.02}
</answer>","Given the firm's moderate profitability (profit=0.117) and positive asset growth (Gat=0.105), alongside a beta above 1 indicating higher systematic risk than the market, the stock presents mixed fundamental signals. The fund's current holding is relatively small compared to its AUM, and the stock's very low S&P 500 weight suggests limited benchmark-driven pressure. Considering the high beta and the fund's low turnover constraint, a modest increase in holding might be expected to align with the firm's growth while managing risk exposure, but the magnitude would likely be tempered by the low benchmark weight and the fund's existing low allocation.","{""holding_log_delta"": -0.02}"
18,population,7,0.6133539583898281,0.2705072964738596,0.11613774513731237,NWS,NEWS CORP NEW,732,NA,2019-01-01 00:00:00,13964,245.823042,0.2792282262506703,-0.02,0.2992282262506703,-0.2992282262506703,True,1,type_mean,0.0082565895035254,0.0069532062192367,0.2194993243101532,0.0782363733443051,"
<think>Given the firm's moderate profitability (profit=0.117) and positive asset growth (Gat=0.105), alongside a beta above 1 indicating higher systematic risk than the market, the stock presents mixed fundamental signals. The fund's current holding is relatively small compared to its AUM, and the stock's very low S&P 500 weight suggests limited benchmark-driven pressure. Considering the high beta and the fund's low turnover constraint, a modest increase in holding might be expected to align with the firm's growth while managing risk exposure, but the magnitude would likely be tempered by the low benchmark weight and the fund's existing low allocation.</think>
<answer>
{""holding_log_delta"": -0.02}
</answer>","Given the firm's moderate profitability (profit=0.117) and positive asset growth (Gat=0.105), alongside a beta above 1 indicating higher systematic risk than the market, the stock presents mixed fundamental signals. The fund's current holding is relatively small compared to its AUM, and the stock's very low S&P 500 weight suggests limited benchmark-driven pressure. Considering the high beta and the fund's low turnover constraint, a modest increase in holding might be expected to align with the firm's growth while managing risk exposure, but the magnitude would likely be tempered by the low benchmark weight and the fund's existing low allocation.","{""holding_log_delta"": -0.02}"
18,population,8,0.6133539583898281,0.2705072964738596,0.11613774513731237,NWS,NEWS CORP NEW,732,NA,2019-01-01 00:00:00,13964,245.823042,0.2792282262506703,-0.02,0.2992282262506703,-0.2992282262506703,True,1,type_mean,0.0082565895035254,0.0069532062192367,0.2194993243101532,0.0782363733443051,"
<think>Given the firm's moderate profitability (profit=0.117) and positive asset growth (Gat=0.105), alongside a beta above 1 indicating higher systematic risk than the market, the stock presents mixed fundamental signals. The fund's current holding is relatively small compared to its AUM, and the stock's very low S&P 500 weight suggests limited benchmark-driven pressure. Considering the high beta and the fund's low turnover constraint, a modest increase in holding might be expected to align with the firm's growth while managing risk exposure, but the magnitude would likely be tempered by the low benchmark weight and the fund's existing low allocation.</think>
<answer>
{""holding_log_delta"": -0.02}
</answer>","Given the firm's moderate profitability (profit=0.117) and positive asset growth (Gat=0.105), alongside a beta above 1 indicating higher systematic risk than the market, the stock presents mixed fundamental signals. The fund's current holding is relatively small compared to its AUM, and the stock's very low S&P 500 weight suggests limited benchmark-driven pressure. Considering the high beta and the fund's low turnover constraint, a modest increase in holding might be expected to align with the firm's growth while managing risk exposure, but the magnitude would likely be tempered by the low benchmark weight and the fund's existing low allocation.","{""holding_log_delta"": -0.02}"
18,population,9,0.6133539583898281,0.2705072964738596,0.11613774513731237,NWS,NEWS CORP NEW,732,NA,2019-01-01 00:00:00,13964,245.823042,0.2792282262506703,-0.02,0.2992282262506703,-0.2992282262506703,True,1,type_mean,0.0082565895035254,0.0069532062192367,0.2194993243101532,0.0782363733443051,"
<think>Given the firm's moderate profitability (profit=0.117) and positive asset growth (Gat=0.105), alongside a beta above 1 indicating higher systematic risk than the market, the stock presents mixed fundamental signals. The fund's current holding is relatively small compared to its AUM, and the stock's very low S&P 500 weight suggests limited benchmark-driven pressure. Considering the high beta and the fund's low turnover constraint, a modest increase in holding might be expected to align with the firm's growth while managing risk exposure, but the magnitude would likely be tempered by the low benchmark weight and the fund's existing low allocation.</think>
<answer>
{""holding_log_delta"": -0.02}
</answer>","Given the firm's moderate profitability (profit=0.117) and positive asset growth (Gat=0.105), alongside a beta above 1 indicating higher systematic risk than the market, the stock presents mixed fundamental signals. The fund's current holding is relatively small compared to its AUM, and the stock's very low S&P 500 weight suggests limited benchmark-driven pressure. Considering the high beta and the fund's low turnover constraint, a modest increase in holding might be expected to align with the firm's growth while managing risk exposure, but the magnitude would likely be tempered by the low benchmark weight and the fund's existing low allocation.","{""holding_log_delta"": -0.02}"
18,population,10,0.6133539583898281,0.2705072964738596,0.11613774513731237,NWS,NEWS CORP NEW,732,NA,2019-01-01 00:00:00,13964,245.823042,0.2792282262506703,-0.02,0.2992282262506703,-0.2992282262506703,True,1,type_mean,0.0082565895035254,0.0069532062192367,0.2194993243101532,0.0782363733443051,"
<think>Given the firm's moderate profitability (profit=0.117) and positive asset growth (Gat=0.105), alongside a beta above 1 indicating higher systematic risk than the market, the stock presents mixed fundamental signals. The fund's current holding is relatively small compared to its AUM, and the stock's very low S&P 500 weight suggests limited benchmark-driven pressure. Considering the high beta and the fund's low turnover constraint, a modest increase in holding might be expected to align with the firm's growth while managing risk exposure, but the magnitude would likely be tempered by the low benchmark weight and the fund's existing low allocation.</think>
<answer>
{""holding_log_delta"": -0.02}
</answer>","Given the firm's moderate profitability (profit=0.117) and positive asset growth (Gat=0.105), alongside a beta above 1 indicating higher systematic risk than the market, the stock presents mixed fundamental signals. The fund's current holding is relatively small compared to its AUM, and the stock's very low S&P 500 weight suggests limited benchmark-driven pressure. Considering the high beta and the fund's low turnover constraint, a modest increase in holding might be expected to align with the firm's growth while managing risk exposure, but the magnitude would likely be tempered by the low benchmark weight and the fund's existing low allocation.","{""holding_log_delta"": -0.02}"
18,population,11,0.6133539583898281,0.2705072964738596,0.11613774513731237,NWS,NEWS CORP NEW,732,NA,2019-01-01 00:00:00,13964,245.823042,0.2792282262506703,-0.02,0.2992282262506703,-0.2992282262506703,True,1,type_mean,0.0082565895035254,0.0069532062192367,0.2194993243101532,0.0782363733443051,"
<think>Given the firm's moderate profitability (profit=0.117) and positive asset growth (Gat=0.105), alongside a beta above 1 indicating higher systematic risk than the market, the stock presents mixed fundamental signals. The fund's current holding is relatively small compared to its AUM, and the stock's very low S&P 500 weight suggests limited benchmark-driven pressure. Considering the high beta and the fund's low turnover constraint, a modest increase in holding might be expected to align with the firm's growth while managing risk exposure, but the magnitude would likely be tempered by the low benchmark weight and the fund's existing low allocation.</think>
<answer>
{""holding_log_delta"": -0.02}
</answer>","Given the firm's moderate profitability (profit=0.117) and positive asset growth (Gat=0.105), alongside a beta above 1 indicating higher systematic risk than the market, the stock presents mixed fundamental signals. The fund's current holding is relatively small compared to its AUM, and the stock's very low S&P 500 weight suggests limited benchmark-driven pressure. Considering the high beta and the fund's low turnover constraint, a modest increase in holding might be expected to align with the firm's growth while managing risk exposure, but the magnitude would likely be tempered by the low benchmark weight and the fund's existing low allocation.","{""holding_log_delta"": -0.02}"
