generation,stage,candidate_idx,risk_aversion,herd_behavior,profit_driven,ticker,company,id,quarter,date,permno,holding_t,y_true,pred,abs_error,reward,valid,best_k,profile_strength_mode,x_risk_mean,x_herd_mean,x_profit_mean,overall_mean,raw_output,reason,answer_body
88,population,0,0.45999954000046006,0.28999971000029,0.24999975000025002,SMCI,SUPER MICRO COMPUTER INC,538,NA,2017-04-01 00:00:00,91907,339.609602,-0.11922652520333638,-0.04,0.07922652520333637,-0.07922652520333637,True,1,type_mean,0.0082565895035254,0.0069532062192367,0.2194993243101532,0.0782363733443051,"
<think>Given the firm's moderate profitability and low beta, combined with the fund's substantial AUM and the stock's very small S&P 500 weight, a modest adjustment is expected. The current holding is relatively small compared to the fund's total AUM, suggesting limited active risk exposure, and the low stock volatility may support a slight increase to align closer to the benchmark, but the magnitude would likely be constrained by the fund's large scale and the stock's minimal market importance.</think>
<answer>
{""holding_log_delta"": -0.04}
</answer>","Given the firm's moderate profitability and low beta, combined with the fund's substantial AUM and the stock's very small S&P 500 weight, a modest adjustment is expected. The current holding is relatively small compared to the fund's total AUM, suggesting limited active risk exposure, and the low stock volatility may support a slight increase to align closer to the benchmark, but the magnitude would likely be constrained by the fund's large scale and the stock's minimal market importance.","{""holding_log_delta"": -0.04}"
88,population,1,0.5119994880005121,0.24999975000025002,0.237999762000238,SMCI,SUPER MICRO COMPUTER INC,538,NA,2017-04-01 00:00:00,91907,339.609602,-0.11922652520333638,-0.02,0.09922652520333637,-0.09922652520333637,True,1,type_mean,0.0082565895035254,0.0069532062192367,0.2194993243101532,0.0782363733443051,"
<think>Given the firm's moderate profitability and low beta, the stock appears stable but not highly growth-oriented. The fund's current holding is relatively small compared to its AUM and the stock's minimal S&P 500 weight, suggesting limited active allocation pressure. With low volatility and no extreme signals, a modest adjustment around the benchmark weight is expected, likely resulting in a slight increase or decrease that normalizes the position size.</think>
<answer>
{""holding_log_delta"": -0.02}
</answer>","Given the firm's moderate profitability and low beta, the stock appears stable but not highly growth-oriented. The fund's current holding is relatively small compared to its AUM and the stock's minimal S&P 500 weight, suggesting limited active allocation pressure. With low volatility and no extreme signals, a modest adjustment around the benchmark weight is expected, likely resulting in a slight increase or decrease that normalizes the position size.","{""holding_log_delta"": -0.02}"
88,population,2,0.5088423873511602,0.2227346451524601,0.26842196749636954,SMCI,SUPER MICRO COMPUTER INC,538,NA,2017-04-01 00:00:00,91907,339.609602,-0.11922652520333638,-0.02,0.09922652520333637,-0.09922652520333637,True,1,type_mean,0.0082565895035254,0.0069532062192367,0.2194993243101532,0.0782363733443051,"
<think>Given the firm's moderate profitability and low beta, the stock appears stable but not highly growth-oriented. The fund's current holding is relatively small compared to its AUM and the stock's minimal S&P 500 weight, suggesting limited active allocation pressure. With low volatility and no extreme signals, a modest adjustment around the benchmark weight is expected, likely resulting in a slight increase or decrease that normalizes the position size.</think>
<answer>
{""holding_log_delta"": -0.02}
</answer>","Given the firm's moderate profitability and low beta, the stock appears stable but not highly growth-oriented. The fund's current holding is relatively small compared to its AUM and the stock's minimal S&P 500 weight, suggesting limited active allocation pressure. With low volatility and no extreme signals, a modest adjustment around the benchmark weight is expected, likely resulting in a slight increase or decrease that normalizes the position size.","{""holding_log_delta"": -0.02}"
88,population,3,0.47999952000048,0.26999973000027006,0.24999975000025002,SMCI,SUPER MICRO COMPUTER INC,538,NA,2017-04-01 00:00:00,91907,339.609602,-0.11922652520333638,-0.02,0.09922652520333637,-0.09922652520333637,True,1,type_mean,0.0082565895035254,0.0069532062192367,0.2194993243101532,0.0782363733443051,"
<think>Given the firm's moderate profitability and low beta, the stock appears stable but not highly growth-oriented. The fund's current holding is relatively small compared to its AUM and the stock's minimal S&P 500 weight, suggesting limited active allocation pressure. With low volatility and no extreme signals, a modest adjustment around the benchmark weight is expected, likely resulting in a slight increase or decrease that normalizes the position size.</think>
<answer>
{""holding_log_delta"": -0.02}
</answer>","Given the firm's moderate profitability and low beta, the stock appears stable but not highly growth-oriented. The fund's current holding is relatively small compared to its AUM and the stock's minimal S&P 500 weight, suggesting limited active allocation pressure. With low volatility and no extreme signals, a modest adjustment around the benchmark weight is expected, likely resulting in a slight increase or decrease that normalizes the position size.","{""holding_log_delta"": -0.02}"
88,population,4,0.47999952000048,0.26999973000027006,0.24999975000025002,SMCI,SUPER MICRO COMPUTER INC,538,NA,2017-04-01 00:00:00,91907,339.609602,-0.11922652520333638,-0.02,0.09922652520333637,-0.09922652520333637,True,1,type_mean,0.0082565895035254,0.0069532062192367,0.2194993243101532,0.0782363733443051,"
<think>Given the firm's moderate profitability and low beta, the stock appears stable but not highly growth-oriented. The fund's current holding is relatively small compared to its AUM and the stock's minimal S&P 500 weight, suggesting limited active allocation pressure. With low volatility and no extreme signals, a modest adjustment around the benchmark weight is expected, likely resulting in a slight increase or decrease that normalizes the position size.</think>
<answer>
{""holding_log_delta"": -0.02}
</answer>","Given the firm's moderate profitability and low beta, the stock appears stable but not highly growth-oriented. The fund's current holding is relatively small compared to its AUM and the stock's minimal S&P 500 weight, suggesting limited active allocation pressure. With low volatility and no extreme signals, a modest adjustment around the benchmark weight is expected, likely resulting in a slight increase or decrease that normalizes the position size.","{""holding_log_delta"": -0.02}"
88,population,5,0.47999952000048,0.26999973000027006,0.24999975000025002,SMCI,SUPER MICRO COMPUTER INC,538,NA,2017-04-01 00:00:00,91907,339.609602,-0.11922652520333638,-0.02,0.09922652520333637,-0.09922652520333637,True,1,type_mean,0.0082565895035254,0.0069532062192367,0.2194993243101532,0.0782363733443051,"
<think>Given the firm's moderate profitability and low beta, the stock appears stable but not highly growth-oriented. The fund's current holding is relatively small compared to its AUM and the stock's minimal S&P 500 weight, suggesting limited active allocation pressure. With low volatility and no extreme signals, a modest adjustment around the benchmark weight is expected, likely resulting in a slight increase or decrease that normalizes the position size.</think>
<answer>
{""holding_log_delta"": -0.02}
</answer>","Given the firm's moderate profitability and low beta, the stock appears stable but not highly growth-oriented. The fund's current holding is relatively small compared to its AUM and the stock's minimal S&P 500 weight, suggesting limited active allocation pressure. With low volatility and no extreme signals, a modest adjustment around the benchmark weight is expected, likely resulting in a slight increase or decrease that normalizes the position size.","{""holding_log_delta"": -0.02}"
88,population,6,0.48999951000049,0.25999974000026005,0.24999975000025002,SMCI,SUPER MICRO COMPUTER INC,538,NA,2017-04-01 00:00:00,91907,339.609602,-0.11922652520333638,-0.02,0.09922652520333637,-0.09922652520333637,True,1,type_mean,0.0082565895035254,0.0069532062192367,0.2194993243101532,0.0782363733443051,"
<think>Given the firm's moderate profitability and low beta, the stock appears stable but not highly growth-oriented. The fund's current holding is relatively small compared to its AUM and the stock's minimal S&P 500 weight, suggesting limited active allocation pressure. With low volatility and no extreme signals, a modest adjustment around the benchmark weight is expected, likely resulting in a slight increase or decrease that normalizes the position size.</think>
<answer>
{""holding_log_delta"": -0.02}
</answer>","Given the firm's moderate profitability and low beta, the stock appears stable but not highly growth-oriented. The fund's current holding is relatively small compared to its AUM and the stock's minimal S&P 500 weight, suggesting limited active allocation pressure. With low volatility and no extreme signals, a modest adjustment around the benchmark weight is expected, likely resulting in a slight increase or decrease that normalizes the position size.","{""holding_log_delta"": -0.02}"
88,population,7,0.5288423873511655,0.24273464515246254,0.22842196749637184,SMCI,SUPER MICRO COMPUTER INC,538,NA,2017-04-01 00:00:00,91907,339.609602,-0.11922652520333638,-0.02,0.09922652520333637,-0.09922652520333637,True,1,type_mean,0.0082565895035254,0.0069532062192367,0.2194993243101532,0.0782363733443051,"
<think>Given the firm's moderate profitability and low beta, the stock appears stable but not highly growth-oriented. The fund's current holding is relatively small compared to its AUM and the stock's minimal S&P 500 weight, suggesting limited active allocation pressure. With low volatility and no extreme signals, a modest adjustment around the benchmark weight is expected, likely resulting in a slight increase or decrease that normalizes the position size.</think>
<answer>
{""holding_log_delta"": -0.02}
</answer>","Given the firm's moderate profitability and low beta, the stock appears stable but not highly growth-oriented. The fund's current holding is relatively small compared to its AUM and the stock's minimal S&P 500 weight, suggesting limited active allocation pressure. With low volatility and no extreme signals, a modest adjustment around the benchmark weight is expected, likely resulting in a slight increase or decrease that normalizes the position size.","{""holding_log_delta"": -0.02}"
88,population,8,0.5088423873511654,0.26273464515246275,0.22842196749637186,SMCI,SUPER MICRO COMPUTER INC,538,NA,2017-04-01 00:00:00,91907,339.609602,-0.11922652520333638,-0.02,0.09922652520333637,-0.09922652520333637,True,1,type_mean,0.0082565895035254,0.0069532062192367,0.2194993243101532,0.0782363733443051,"
<think>Given the firm's moderate profitability and low beta, the stock appears stable but not highly growth-oriented. The fund's current holding is relatively small compared to its AUM and the stock's minimal S&P 500 weight, suggesting limited active allocation pressure. With low volatility and no extreme signals, a modest adjustment around the benchmark weight is expected, likely resulting in a slight increase or decrease that normalizes the position size.</think>
<answer>
{""holding_log_delta"": -0.02}
</answer>","Given the firm's moderate profitability and low beta, the stock appears stable but not highly growth-oriented. The fund's current holding is relatively small compared to its AUM and the stock's minimal S&P 500 weight, suggesting limited active allocation pressure. With low volatility and no extreme signals, a modest adjustment around the benchmark weight is expected, likely resulting in a slight increase or decrease that normalizes the position size.","{""holding_log_delta"": -0.02}"
88,population,9,0.501999498000502,0.26999973000027006,0.22799977200022803,SMCI,SUPER MICRO COMPUTER INC,538,NA,2017-04-01 00:00:00,91907,339.609602,-0.11922652520333638,-0.02,0.09922652520333637,-0.09922652520333637,True,1,type_mean,0.0082565895035254,0.0069532062192367,0.2194993243101532,0.0782363733443051,"
<think>Given the firm's moderate profitability and low beta, the stock appears stable but not highly growth-oriented. The fund's current holding is relatively small compared to its AUM and the stock's minimal S&P 500 weight, suggesting limited active allocation pressure. With low volatility and no extreme signals, a modest adjustment around the benchmark weight is expected, likely resulting in a slight increase or decrease that normalizes the position size.</think>
<answer>
{""holding_log_delta"": -0.02}
</answer>","Given the firm's moderate profitability and low beta, the stock appears stable but not highly growth-oriented. The fund's current holding is relatively small compared to its AUM and the stock's minimal S&P 500 weight, suggesting limited active allocation pressure. With low volatility and no extreme signals, a modest adjustment around the benchmark weight is expected, likely resulting in a slight increase or decrease that normalizes the position size.","{""holding_log_delta"": -0.02}"
88,population,10,0.4988423872501501,0.23273464525347023,0.26842196749636954,SMCI,SUPER MICRO COMPUTER INC,538,NA,2017-04-01 00:00:00,91907,339.609602,-0.11922652520333638,-0.02,0.09922652520333637,-0.09922652520333637,True,1,type_mean,0.0082565895035254,0.0069532062192367,0.2194993243101532,0.0782363733443051,"
<think>Given the firm's moderate profitability and low beta, the stock appears stable but not highly growth-oriented. The fund's current holding is relatively small compared to its AUM and the stock's minimal S&P 500 weight, suggesting limited active allocation pressure. With low volatility and no extreme signals, a modest adjustment around the benchmark weight is expected, likely resulting in a slight increase or decrease that normalizes the position size.</think>
<answer>
{""holding_log_delta"": -0.02}
</answer>","Given the firm's moderate profitability and low beta, the stock appears stable but not highly growth-oriented. The fund's current holding is relatively small compared to its AUM and the stock's minimal S&P 500 weight, suggesting limited active allocation pressure. With low volatility and no extreme signals, a modest adjustment around the benchmark weight is expected, likely resulting in a slight increase or decrease that normalizes the position size.","{""holding_log_delta"": -0.02}"
88,population,11,0.4988423872501501,0.23273464525347023,0.26842196749636954,SMCI,SUPER MICRO COMPUTER INC,538,NA,2017-04-01 00:00:00,91907,339.609602,-0.11922652520333638,-0.02,0.09922652520333637,-0.09922652520333637,True,1,type_mean,0.0082565895035254,0.0069532062192367,0.2194993243101532,0.0782363733443051,"
<think>Given the firm's moderate profitability and low beta, the stock appears stable but not highly growth-oriented. The fund's current holding is relatively small compared to its AUM and the stock's minimal S&P 500 weight, suggesting limited active allocation pressure. With low volatility and no extreme signals, a modest adjustment around the benchmark weight is expected, likely resulting in a slight increase or decrease that normalizes the position size.</think>
<answer>
{""holding_log_delta"": -0.02}
</answer>","Given the firm's moderate profitability and low beta, the stock appears stable but not highly growth-oriented. The fund's current holding is relatively small compared to its AUM and the stock's minimal S&P 500 weight, suggesting limited active allocation pressure. With low volatility and no extreme signals, a modest adjustment around the benchmark weight is expected, likely resulting in a slight increase or decrease that normalizes the position size.","{""holding_log_delta"": -0.02}"
