generation,stage,candidate_idx,risk_aversion,herd_behavior,profit_driven,ticker,company,id,quarter,date,permno,holding_t,y_true,pred,abs_error,reward,valid,best_k,profile_strength_mode,x_risk_mean,x_herd_mean,x_profit_mean,overall_mean,raw_output,reason,answer_body
56,population,0,0.5429994570005431,0.23999976000024,0.21699978300021702,WMT,WALMART INC,666,NA,2019-10-01 00:00:00,55976,33944.379982,-0.07137018679186627,-0.04,0.03137018679186627,-0.03137018679186627,True,1,type_mean,0.0082565895035254,0.0069532062192367,0.2194993243101532,0.0782363733443051,"
<think>Given Walmart's low beta of 0.3089 and positive profitability, the stock appears stable with low systematic risk. The fund's current holding is substantial relative to its AUM and the stock's S&P 500 weight, suggesting the position is already significant. With moderate volatility and no extreme signals, a modest adjustment to align with the benchmark weight might be expected, but the low risk profile and existing large exposure could lead to a small net change rather than a major rebalancing.</think>
<answer>
{""holding_log_delta"": -0.04}
</answer>","Given Walmart's low beta of 0.3089 and positive profitability, the stock appears stable with low systematic risk. The fund's current holding is substantial relative to its AUM and the stock's S&P 500 weight, suggesting the position is already significant. With moderate volatility and no extreme signals, a modest adjustment to align with the benchmark weight might be expected, but the low risk profile and existing large exposure could lead to a small net change rather than a major rebalancing.","{""holding_log_delta"": -0.04}"
56,population,1,0.5533539583892247,0.25050729647358905,0.1961377451371862,WMT,WALMART INC,666,NA,2019-10-01 00:00:00,55976,33944.379982,-0.07137018679186627,-0.02,0.051370186791866265,-0.051370186791866265,True,1,type_mean,0.0082565895035254,0.0069532062192367,0.2194993243101532,0.0782363733443051,"
<think>Given Walmart's low beta of 0.308928, the stock is considered less volatile than the market, which typically leads to lower risk-adjusted returns but also lower expected volatility-driven portfolio adjustments. The fund's current holding is substantial relative to its AUM and the stock's S&P 500 weight, suggesting the position is already significant. With moderate profitability and growth, but average stock volatility, a modest increase or slight adjustment to align with the benchmark weight might be expected, rather than a large directional shift.</think>
<answer>
{""holding_log_delta"": -0.02}
</answer>","Given Walmart's low beta of 0.308928, the stock is considered less volatile than the market, which typically leads to lower risk-adjusted returns but also lower expected volatility-driven portfolio adjustments. The fund's current holding is substantial relative to its AUM and the stock's S&P 500 weight, suggesting the position is already significant. With moderate profitability and growth, but average stock volatility, a modest increase or slight adjustment to align with the benchmark weight might be expected, rather than a large directional shift.","{""holding_log_delta"": -0.02}"
56,population,2,0.5333539583892248,0.2605072964735891,0.20613774513718625,WMT,WALMART INC,666,NA,2019-10-01 00:00:00,55976,33944.379982,-0.07137018679186627,-0.04,0.03137018679186627,-0.03137018679186627,True,1,type_mean,0.0082565895035254,0.0069532062192367,0.2194993243101532,0.0782363733443051,"
<think>Given Walmart's low beta of 0.308928 and positive profitability, the stock appears stable with low systematic risk. The fund's current holding is substantial relative to its AUM and the stock's S&P 500 weight, suggesting the position is already significant. With moderate volatility and no extreme signals, a modest adjustment to align with the benchmark weight might be expected, but the low risk profile and existing large exposure could lead to a small or neutral change rather than a major rebalancing.</think>
<answer>
{""holding_log_delta"": -0.04}
</answer>","Given Walmart's low beta of 0.308928 and positive profitability, the stock appears stable with low systematic risk. The fund's current holding is substantial relative to its AUM and the stock's S&P 500 weight, suggesting the position is already significant. With moderate volatility and no extreme signals, a modest adjustment to align with the benchmark weight might be expected, but the low risk profile and existing large exposure could lead to a small or neutral change rather than a major rebalancing.","{""holding_log_delta"": -0.04}"
56,population,3,0.5529994470005531,0.19999980000020004,0.246999753000247,WMT,WALMART INC,666,NA,2019-10-01 00:00:00,55976,33944.379982,-0.07137018679186627,-0.04,0.03137018679186627,-0.03137018679186627,True,1,type_mean,0.0082565895035254,0.0069532062192367,0.2194993243101532,0.0782363733443051,"
<think>Given Walmart's low beta and positive profitability, the stock appears stable with moderate growth potential. The fund's current holding is substantial relative to AUM, and the stock's S&P 500 weight suggests it is a significant benchmark component. Considering the low risk profile and the fund's existing large position, a modest adjustment to align with the benchmark weight might be expected, but the high current holding and low volatility may limit the magnitude of any change.</think>
<answer>
{""holding_log_delta"": -0.04}
</answer>","Given Walmart's low beta and positive profitability, the stock appears stable with moderate growth potential. The fund's current holding is substantial relative to AUM, and the stock's S&P 500 weight suggests it is a significant benchmark component. Considering the low risk profile and the fund's existing large position, a modest adjustment to align with the benchmark weight might be expected, but the high current holding and low volatility may limit the magnitude of any change.","{""holding_log_delta"": -0.04}"
56,population,4,0.5633539583892248,0.25050729647358905,0.1861377451371862,WMT,WALMART INC,666,NA,2019-10-01 00:00:00,55976,33944.379982,-0.07137018679186627,-0.02,0.051370186791866265,-0.051370186791866265,True,1,type_mean,0.0082565895035254,0.0069532062192367,0.2194993243101532,0.0782363733443051,"
<think>Given Walmart's low beta of 0.308928, the stock is considered less volatile than the market, which typically leads to lower risk-adjusted returns but also lower expected volatility-driven portfolio adjustments. The fund's current holding is substantial relative to its AUM and the stock's S&P 500 weight, suggesting the position is already significant. With moderate profitability and growth, but average stock volatility, a modest increase or slight adjustment to align with the benchmark weight might be expected, rather than a large directional shift.</think>
<answer>
{""holding_log_delta"": -0.02}
</answer>","Given Walmart's low beta of 0.308928, the stock is considered less volatile than the market, which typically leads to lower risk-adjusted returns but also lower expected volatility-driven portfolio adjustments. The fund's current holding is substantial relative to its AUM and the stock's S&P 500 weight, suggesting the position is already significant. With moderate profitability and growth, but average stock volatility, a modest increase or slight adjustment to align with the benchmark weight might be expected, rather than a large directional shift.","{""holding_log_delta"": -0.02}"
56,population,5,0.5833539583892248,0.24050729647358912,0.17613774513718625,WMT,WALMART INC,666,NA,2019-10-01 00:00:00,55976,33944.379982,-0.07137018679186627,-0.02,0.051370186791866265,-0.051370186791866265,True,1,type_mean,0.0082565895035254,0.0069532062192367,0.2194993243101532,0.0782363733443051,"
<think>Given Walmart's low beta of 0.308928, the stock is considered less volatile than the market, which typically leads to lower risk-adjusted returns but also lower expected volatility-driven portfolio adjustments. The fund's current holding is substantial relative to its AUM and the stock's S&P 500 weight, suggesting the position is already significant. With moderate profitability and growth, but average stock volatility, a modest increase or slight adjustment to align with the benchmark weight might be expected, rather than a large directional shift.</think>
<answer>
{""holding_log_delta"": -0.02}
</answer>","Given Walmart's low beta of 0.308928, the stock is considered less volatile than the market, which typically leads to lower risk-adjusted returns but also lower expected volatility-driven portfolio adjustments. The fund's current holding is substantial relative to its AUM and the stock's S&P 500 weight, suggesting the position is already significant. With moderate profitability and growth, but average stock volatility, a modest increase or slight adjustment to align with the benchmark weight might be expected, rather than a large directional shift.","{""holding_log_delta"": -0.02}"
56,population,6,0.5429994570005431,0.24999975000025002,0.20699979300020702,WMT,WALMART INC,666,NA,2019-10-01 00:00:00,55976,33944.379982,-0.07137018679186627,-0.02,0.051370186791866265,-0.051370186791866265,True,1,type_mean,0.0082565895035254,0.0069532062192367,0.2194993243101532,0.0782363733443051,"
<think>Given Walmart's strong profitability (profit=0.442) and low beta (0.309), the stock appears fundamentally sound with low systematic risk. The fund's current holding is substantial relative to its AUM and the stock's S&P 500 weight, suggesting the position is already significant. With moderate volatility and a defensive profile, a modest increase in holding might be expected to align closer with the benchmark weight, but the low turnover constraint may limit the magnitude of any adjustment.</think>
<answer>
{""holding_log_delta"": -0.02}
</answer>","Given Walmart's strong profitability (profit=0.442) and low beta (0.309), the stock appears fundamentally sound with low systematic risk. The fund's current holding is substantial relative to its AUM and the stock's S&P 500 weight, suggesting the position is already significant. With moderate volatility and a defensive profile, a modest increase in holding might be expected to align closer with the benchmark weight, but the low turnover constraint may limit the magnitude of any adjustment.","{""holding_log_delta"": -0.02}"
56,population,7,0.5488423822113381,0.22273464290261522,0.22842196478503657,WMT,WALMART INC,666,NA,2019-10-01 00:00:00,55976,33944.379982,-0.07137018679186627,-0.04,0.03137018679186627,-0.03137018679186627,True,1,type_mean,0.0082565895035254,0.0069532062192367,0.2194993243101532,0.0782363733443051,"
<think>Given Walmart's low beta of 0.308928 and positive profitability, the stock appears stable with low systematic risk. The fund's current holding is substantial relative to its AUM and the stock's S&P 500 weight, suggesting the position is already significant. With moderate volatility and no extreme signals, a modest adjustment to align with the benchmark weight might be expected, but the low risk profile and existing large exposure could lead to a small or neutral change rather than a major rebalancing.</think>
<answer>
{""holding_log_delta"": -0.04}
</answer>","Given Walmart's low beta of 0.308928 and positive profitability, the stock appears stable with low systematic risk. The fund's current holding is substantial relative to its AUM and the stock's S&P 500 weight, suggesting the position is already significant. With moderate volatility and no extreme signals, a modest adjustment to align with the benchmark weight might be expected, but the low risk profile and existing large exposure could lead to a small or neutral change rather than a major rebalancing.","{""holding_log_delta"": -0.04}"
56,population,8,0.5433539583892247,0.27050729647358907,0.1861377451371862,WMT,WALMART INC,666,NA,2019-10-01 00:00:00,55976,33944.379982,-0.07137018679186627,-0.04,0.03137018679186627,-0.03137018679186627,True,1,type_mean,0.0082565895035254,0.0069532062192367,0.2194993243101532,0.0782363733443051,"
<think>Given Walmart's low beta of 0.308928 and positive profitability, the stock appears stable with low systematic risk. The fund's current holding is substantial relative to its AUM and the stock's S&P 500 weight, suggesting the position is already significant. With moderate volatility and no extreme signals, a modest adjustment to align with the benchmark weight might be expected, but the low risk profile and existing large exposure could lead to a small or neutral change rather than a major rebalancing.</think>
<answer>
{""holding_log_delta"": -0.04}
</answer>","Given Walmart's low beta of 0.308928 and positive profitability, the stock appears stable with low systematic risk. The fund's current holding is substantial relative to its AUM and the stock's S&P 500 weight, suggesting the position is already significant. With moderate volatility and no extreme signals, a modest adjustment to align with the benchmark weight might be expected, but the low risk profile and existing large exposure could lead to a small or neutral change rather than a major rebalancing.","{""holding_log_delta"": -0.04}"
56,population,9,0.572999427000573,0.25999974000026005,0.16699983300016702,WMT,WALMART INC,666,NA,2019-10-01 00:00:00,55976,33944.379982,-0.07137018679186627,-0.04,0.03137018679186627,-0.03137018679186627,True,1,type_mean,0.0082565895035254,0.0069532062192367,0.2194993243101532,0.0782363733443051,"
<think>Given Walmart's low beta of 0.3089 and positive profitability, the stock appears stable with low systematic risk. The fund's current holding is substantial relative to its AUM and the stock's S&P 500 weight, suggesting the position is already significant. With moderate volatility and no extreme signals, a modest adjustment to align with the benchmark weight might be expected, but the low risk profile and existing large exposure could lead to a small net change rather than a major rebalancing.</think>
<answer>
{""holding_log_delta"": -0.04}
</answer>","Given Walmart's low beta of 0.3089 and positive profitability, the stock appears stable with low systematic risk. The fund's current holding is substantial relative to its AUM and the stock's S&P 500 weight, suggesting the position is already significant. With moderate volatility and no extreme signals, a modest adjustment to align with the benchmark weight might be expected, but the low risk profile and existing large exposure could lead to a small net change rather than a major rebalancing.","{""holding_log_delta"": -0.04}"
56,population,10,0.5433539583892247,0.26050729647358906,0.1961377451371862,WMT,WALMART INC,666,NA,2019-10-01 00:00:00,55976,33944.379982,-0.07137018679186627,-0.04,0.03137018679186627,-0.03137018679186627,True,1,type_mean,0.0082565895035254,0.0069532062192367,0.2194993243101532,0.0782363733443051,"
<think>Given Walmart's low beta of 0.3089 and positive profitability, the stock appears stable with low systematic risk. The fund's current holding is substantial relative to its AUM and the stock's S&P 500 weight, suggesting the position is already significant. With moderate volatility and no extreme signals, a modest adjustment to align with the benchmark weight might be expected, but the low risk profile and existing large exposure could lead to a small net change rather than a major rebalancing.</think>
<answer>
{""holding_log_delta"": -0.04}
</answer>","Given Walmart's low beta of 0.3089 and positive profitability, the stock appears stable with low systematic risk. The fund's current holding is substantial relative to its AUM and the stock's S&P 500 weight, suggesting the position is already significant. With moderate volatility and no extreme signals, a modest adjustment to align with the benchmark weight might be expected, but the low risk profile and existing large exposure could lead to a small net change rather than a major rebalancing.","{""holding_log_delta"": -0.04}"
56,population,11,0.5533539583892247,0.24050729647358904,0.2061377451371862,WMT,WALMART INC,666,NA,2019-10-01 00:00:00,55976,33944.379982,-0.07137018679186627,-0.02,0.051370186791866265,-0.051370186791866265,True,1,type_mean,0.0082565895035254,0.0069532062192367,0.2194993243101532,0.0782363733443051,"
<think>Given Walmart's low beta of 0.308928, the stock is considered less volatile than the market, which typically leads to lower risk-adjusted returns but also lower expected volatility-driven portfolio adjustments. The fund's current holding is substantial relative to its AUM and the stock's S&P 500 weight, suggesting the position is already significant. With moderate profitability and growth, but average stock volatility, a modest increase or slight adjustment to align with the benchmark weight might be expected, rather than a large directional shift.</think>
<answer>
{""holding_log_delta"": -0.02}
</answer>","Given Walmart's low beta of 0.308928, the stock is considered less volatile than the market, which typically leads to lower risk-adjusted returns but also lower expected volatility-driven portfolio adjustments. The fund's current holding is substantial relative to its AUM and the stock's S&P 500 weight, suggesting the position is already significant. With moderate profitability and growth, but average stock volatility, a modest increase or slight adjustment to align with the benchmark weight might be expected, rather than a large directional shift.","{""holding_log_delta"": -0.02}"
