generation,stage,candidate_idx,risk_aversion,herd_behavior,profit_driven,ticker,company,id,quarter,date,permno,holding_t,y_true,pred,abs_error,reward,valid,best_k,profile_strength_mode,x_risk_mean,x_herd_mean,x_profit_mean,overall_mean,raw_output,reason,answer_body
85,population,0,0.5088423873511602,0.2227346451524601,0.26842196749636954,ODFL,OLD DOMINION FREIGHT LINE INC,765,NA,2018-07-01 00:00:00,77037,4949.596552,-0.29623246738310155,-0.04,0.25623246738310157,-0.25623246738310157,True,1,type_mean,0.0082565895035254,0.0069532062192367,0.2194993243101532,0.0782363733443051,"
<think>Given the firm's moderate profitability (profit=0.3287) and positive asset growth (Gat=0.1357), alongside a beta above 1 indicating higher systematic risk than the market, the stock presents a mixed signal for growth but with elevated volatility. The fund's current holding is relatively small compared to its AUM and the stock's S&P 500 weight, suggesting potential for increased allocation to align with benchmark exposure. However, the high stock volatility may temper aggressive increases, leading to a modest positive adjustment.</think>
<answer>
{""holding_log_delta"": -0.04}
</answer>","Given the firm's moderate profitability (profit=0.3287) and positive asset growth (Gat=0.1357), alongside a beta above 1 indicating higher systematic risk than the market, the stock presents a mixed signal for growth but with elevated volatility. The fund's current holding is relatively small compared to its AUM and the stock's S&P 500 weight, suggesting potential for increased allocation to align with benchmark exposure. However, the high stock volatility may temper aggressive increases, leading to a modest positive adjustment.","{""holding_log_delta"": -0.04}"
85,population,1,0.49699950300049706,0.27899972100027903,0.22399977600022403,ODFL,OLD DOMINION FREIGHT LINE INC,765,NA,2018-07-01 00:00:00,77037,4949.596552,-0.29623246738310155,-0.02,0.27623246738310153,-0.27623246738310153,True,1,type_mean,0.0082565895035254,0.0069532062192367,0.2194993243101532,0.0782363733443051,"
<think>Given the firm's moderate profitability (profit=0.3287) and positive asset growth (Gat=0.1357), alongside a beta above 1 indicating higher systematic risk than the market, the stock presents a mixed signal for active management. The fund's current holding is relatively small compared to its AUM and the stock's S&P 500 weight, suggesting potential for increased allocation to align with benchmark exposure. However, the high stock volatility (stock_vol_q_prev=0.2892) and the fund's existing position size may limit aggressive increases due to risk management constraints.</think>
<answer>
{""holding_log_delta"": -0.02}
</answer>","Given the firm's moderate profitability (profit=0.3287) and positive asset growth (Gat=0.1357), alongside a beta above 1 indicating higher systematic risk than the market, the stock presents a mixed signal for active management. The fund's current holding is relatively small compared to its AUM and the stock's S&P 500 weight, suggesting potential for increased allocation to align with benchmark exposure. However, the high stock volatility (stock_vol_q_prev=0.2892) and the fund's existing position size may limit aggressive increases due to risk management constraints.","{""holding_log_delta"": -0.02}"
85,population,2,0.5429994570005431,0.23999976000024,0.21699978300021702,ODFL,OLD DOMINION FREIGHT LINE INC,765,NA,2018-07-01 00:00:00,77037,4949.596552,-0.29623246738310155,-0.02,0.27623246738310153,-0.27623246738310153,True,1,type_mean,0.0082565895035254,0.0069532062192367,0.2194993243101532,0.0782363733443051,"
<think>Given the firm's moderate profitability (profit=0.3287) and positive asset growth (Gat=0.1357), alongside a beta above 1 indicating higher systematic risk than the market, the stock presents a mixed signal for active management. The fund's current holding is relatively small compared to its AUM and the stock's S&P 500 weight, suggesting potential for increased allocation to align with benchmark exposure. However, the high stock volatility (stock_vol_q_prev=0.2892) and the fund's existing position size may limit aggressive increases due to risk management constraints.</think>
<answer>
{""holding_log_delta"": -0.02}
</answer>","Given the firm's moderate profitability (profit=0.3287) and positive asset growth (Gat=0.1357), alongside a beta above 1 indicating higher systematic risk than the market, the stock presents a mixed signal for active management. The fund's current holding is relatively small compared to its AUM and the stock's S&P 500 weight, suggesting potential for increased allocation to align with benchmark exposure. However, the high stock volatility (stock_vol_q_prev=0.2892) and the fund's existing position size may limit aggressive increases due to risk management constraints.","{""holding_log_delta"": -0.02}"
85,population,3,0.5119994880005121,0.24999975000025002,0.237999762000238,ODFL,OLD DOMINION FREIGHT LINE INC,765,NA,2018-07-01 00:00:00,77037,4949.596552,-0.29623246738310155,-0.02,0.27623246738310153,-0.27623246738310153,True,1,type_mean,0.0082565895035254,0.0069532062192367,0.2194993243101532,0.0782363733443051,"
<think>Given the firm's moderate profitability and asset growth, alongside a beta above 1 indicating higher systematic risk than the market, the stock presents a mixed signal. The fund's current holding is relatively small compared to its AUM and the stock's S&P 500 weight, suggesting potential for increased allocation to align with benchmark exposure. However, the high stock volatility and the fund's existing position size limit the magnitude of any expected increase, leading to a modest positive adjustment.</think>
<answer>
{""holding_log_delta"": -0.02}
</answer>","Given the firm's moderate profitability and asset growth, alongside a beta above 1 indicating higher systematic risk than the market, the stock presents a mixed signal. The fund's current holding is relatively small compared to its AUM and the stock's S&P 500 weight, suggesting potential for increased allocation to align with benchmark exposure. However, the high stock volatility and the fund's existing position size limit the magnitude of any expected increase, leading to a modest positive adjustment.","{""holding_log_delta"": -0.02}"
85,population,4,0.4988423872501501,0.23273464525347023,0.26842196749636954,ODFL,OLD DOMINION FREIGHT LINE INC,765,NA,2018-07-01 00:00:00,77037,4949.596552,-0.29623246738310155,-0.04,0.25623246738310157,-0.25623246738310157,True,1,type_mean,0.0082565895035254,0.0069532062192367,0.2194993243101532,0.0782363733443051,"
<think>Given the firm's moderate profitability (profit=0.3287) and positive asset growth (Gat=0.1357), alongside a beta above 1 indicating higher systematic risk than the market, the stock presents a mixed signal for growth but with elevated volatility. The fund's current holding is relatively small compared to its AUM and the stock's S&P 500 weight, suggesting potential for increased allocation to align with benchmark exposure. However, the high stock volatility may temper the magnitude of any increase due to risk management considerations.</think>
<answer>
{""holding_log_delta"": -0.04}
</answer>","Given the firm's moderate profitability (profit=0.3287) and positive asset growth (Gat=0.1357), alongside a beta above 1 indicating higher systematic risk than the market, the stock presents a mixed signal for growth but with elevated volatility. The fund's current holding is relatively small compared to its AUM and the stock's S&P 500 weight, suggesting potential for increased allocation to align with benchmark exposure. However, the high stock volatility may temper the magnitude of any increase due to risk management considerations.","{""holding_log_delta"": -0.04}"
85,population,5,0.4988423872501501,0.23273464525347023,0.26842196749636954,ODFL,OLD DOMINION FREIGHT LINE INC,765,NA,2018-07-01 00:00:00,77037,4949.596552,-0.29623246738310155,-0.04,0.25623246738310157,-0.25623246738310157,True,1,type_mean,0.0082565895035254,0.0069532062192367,0.2194993243101532,0.0782363733443051,"
<think>Given the firm's moderate profitability (profit=0.3287) and positive asset growth (Gat=0.1357), alongside a beta above 1 indicating higher systematic risk than the market, the stock presents a mixed signal for growth but with elevated volatility. The fund's current holding is relatively small compared to its AUM and the stock's S&P 500 weight, suggesting potential for increased allocation to align with benchmark exposure. However, the high stock volatility may temper the magnitude of any increase due to risk management considerations.</think>
<answer>
{""holding_log_delta"": -0.04}
</answer>","Given the firm's moderate profitability (profit=0.3287) and positive asset growth (Gat=0.1357), alongside a beta above 1 indicating higher systematic risk than the market, the stock presents a mixed signal for growth but with elevated volatility. The fund's current holding is relatively small compared to its AUM and the stock's S&P 500 weight, suggesting potential for increased allocation to align with benchmark exposure. However, the high stock volatility may temper the magnitude of any increase due to risk management considerations.","{""holding_log_delta"": -0.04}"
85,population,6,0.5429994570000001,0.22999976000001,0.22699978299999002,ODFL,OLD DOMINION FREIGHT LINE INC,765,NA,2018-07-01 00:00:00,77037,4949.596552,-0.29623246738310155,-0.02,0.27623246738310153,-0.27623246738310153,True,1,type_mean,0.0082565895035254,0.0069532062192367,0.2194993243101532,0.0782363733443051,"
<think>Given the firm's moderate profitability (profit=0.3287) and positive asset growth (Gat=0.1357), alongside a beta above 1 indicating higher systematic risk than the market, the stock presents a mixed signal for growth but with elevated volatility. The fund's current holding is relatively small compared to its AUM and the stock's S&P 500 weight, suggesting potential for increased allocation to align with benchmark exposure. However, the high stock volatility may temper aggressive increases, leading to a modest positive adjustment.</think>
<answer>
{""holding_log_delta"": -0.02}
</answer>","Given the firm's moderate profitability (profit=0.3287) and positive asset growth (Gat=0.1357), alongside a beta above 1 indicating higher systematic risk than the market, the stock presents a mixed signal for growth but with elevated volatility. The fund's current holding is relatively small compared to its AUM and the stock's S&P 500 weight, suggesting potential for increased allocation to align with benchmark exposure. However, the high stock volatility may temper aggressive increases, leading to a modest positive adjustment.","{""holding_log_delta"": -0.02}"
85,population,7,0.47999952000048,0.26999973000027006,0.24999975000025002,ODFL,OLD DOMINION FREIGHT LINE INC,765,NA,2018-07-01 00:00:00,77037,4949.596552,-0.29623246738310155,-0.04,0.25623246738310157,-0.25623246738310157,True,1,type_mean,0.0082565895035254,0.0069532062192367,0.2194993243101532,0.0782363733443051,"
<think>Given the firm's moderate profitability (profit=0.3287) and positive asset growth (Gat=0.1357), alongside a beta above 1 indicating higher systematic risk than the market, the stock presents a mixed signal for growth but with elevated volatility. The fund's current holding is relatively small compared to its AUM and the stock's S&P 500 weight, suggesting potential for increased allocation to align with benchmark exposure. However, the high stock volatility may temper aggressive increases, leading to a modest positive adjustment.</think>
<answer>
{""holding_log_delta"": -0.04}
</answer>","Given the firm's moderate profitability (profit=0.3287) and positive asset growth (Gat=0.1357), alongside a beta above 1 indicating higher systematic risk than the market, the stock presents a mixed signal for growth but with elevated volatility. The fund's current holding is relatively small compared to its AUM and the stock's S&P 500 weight, suggesting potential for increased allocation to align with benchmark exposure. However, the high stock volatility may temper aggressive increases, leading to a modest positive adjustment.","{""holding_log_delta"": -0.04}"
85,population,8,0.47999952000048,0.26999973000027006,0.24999975000025002,ODFL,OLD DOMINION FREIGHT LINE INC,765,NA,2018-07-01 00:00:00,77037,4949.596552,-0.29623246738310155,-0.04,0.25623246738310157,-0.25623246738310157,True,1,type_mean,0.0082565895035254,0.0069532062192367,0.2194993243101532,0.0782363733443051,"
<think>Given the firm's moderate profitability (profit=0.3287) and positive asset growth (Gat=0.1357), alongside a beta above 1 indicating higher systematic risk than the market, the stock presents a mixed signal for growth but with elevated volatility. The fund's current holding is relatively small compared to its AUM and the stock's S&P 500 weight, suggesting potential for increased allocation to align with benchmark exposure. However, the high stock volatility may temper aggressive increases, leading to a modest positive adjustment.</think>
<answer>
{""holding_log_delta"": -0.04}
</answer>","Given the firm's moderate profitability (profit=0.3287) and positive asset growth (Gat=0.1357), alongside a beta above 1 indicating higher systematic risk than the market, the stock presents a mixed signal for growth but with elevated volatility. The fund's current holding is relatively small compared to its AUM and the stock's S&P 500 weight, suggesting potential for increased allocation to align with benchmark exposure. However, the high stock volatility may temper aggressive increases, leading to a modest positive adjustment.","{""holding_log_delta"": -0.04}"
85,population,9,0.537999462000538,0.24999975000025002,0.21199978800021202,ODFL,OLD DOMINION FREIGHT LINE INC,765,NA,2018-07-01 00:00:00,77037,4949.596552,-0.29623246738310155,-0.02,0.27623246738310153,-0.27623246738310153,True,1,type_mean,0.0082565895035254,0.0069532062192367,0.2194993243101532,0.0782363733443051,"
<think>Given the firm's moderate profitability (profit=0.3287) and positive asset growth (Gat=0.1357), alongside a beta above 1 indicating higher systematic risk than the market, the stock presents a mixed signal for growth but with elevated volatility. The fund's current holding is relatively small compared to its AUM and the stock's S&P 500 weight, suggesting potential for increased allocation to align with benchmark exposure. However, the high stock volatility may temper aggressive increases, leading to a modest positive adjustment.</think>
<answer>
{""holding_log_delta"": -0.02}
</answer>","Given the firm's moderate profitability (profit=0.3287) and positive asset growth (Gat=0.1357), alongside a beta above 1 indicating higher systematic risk than the market, the stock presents a mixed signal for growth but with elevated volatility. The fund's current holding is relatively small compared to its AUM and the stock's S&P 500 weight, suggesting potential for increased allocation to align with benchmark exposure. However, the high stock volatility may temper aggressive increases, leading to a modest positive adjustment.","{""holding_log_delta"": -0.02}"
85,population,10,0.5488423822113381,0.22273464290261522,0.22842196478503657,ODFL,OLD DOMINION FREIGHT LINE INC,765,NA,2018-07-01 00:00:00,77037,4949.596552,-0.29623246738310155,-0.02,0.27623246738310153,-0.27623246738310153,True,1,type_mean,0.0082565895035254,0.0069532062192367,0.2194993243101532,0.0782363733443051,"
<think>Given the firm's moderate profitability (profit=0.3287) and positive asset growth (Gat=0.1357), alongside a beta above 1 indicating higher systematic risk than the market, the stock presents a mixed signal for growth but with elevated volatility. The fund's current holding is relatively small compared to its AUM and the stock's S&P 500 weight, suggesting potential for increased allocation to align with benchmark exposure. However, the high stock volatility may temper aggressive increases, leading to a modest positive adjustment.</think>
<answer>
{""holding_log_delta"": -0.02}
</answer>","Given the firm's moderate profitability (profit=0.3287) and positive asset growth (Gat=0.1357), alongside a beta above 1 indicating higher systematic risk than the market, the stock presents a mixed signal for growth but with elevated volatility. The fund's current holding is relatively small compared to its AUM and the stock's S&P 500 weight, suggesting potential for increased allocation to align with benchmark exposure. However, the high stock volatility may temper aggressive increases, leading to a modest positive adjustment.","{""holding_log_delta"": -0.02}"
85,population,11,0.501999498000502,0.26999973000027006,0.22799977200022803,ODFL,OLD DOMINION FREIGHT LINE INC,765,NA,2018-07-01 00:00:00,77037,4949.596552,-0.29623246738310155,-0.05,0.24623246738310156,-0.24623246738310156,True,1,type_mean,0.0082565895035254,0.0069532062192367,0.2194993243101532,0.0782363733443051,"
<think>Given the firm's moderate profitability and growth, along with its beta above 1 indicating higher systematic risk, a fund with low risk tolerance might adjust its position cautiously. The current holding is relatively small compared to AUM, and the stock's low S&P 500 weight suggests limited benchmark-driven pressure. Considering the high stock volatility and the fund's medium turnover constraint, a modest reduction or slight increase in holding is likely to manage risk exposure without significant deviation from the benchmark.</think>
<answer>
{""holding_log_delta"": -0.05}
</answer>","Given the firm's moderate profitability and growth, along with its beta above 1 indicating higher systematic risk, a fund with low risk tolerance might adjust its position cautiously. The current holding is relatively small compared to AUM, and the stock's low S&P 500 weight suggests limited benchmark-driven pressure. Considering the high stock volatility and the fund's medium turnover constraint, a modest reduction or slight increase in holding is likely to manage risk exposure without significant deviation from the benchmark.","{""holding_log_delta"": -0.05}"
