generation,stage,candidate_idx,risk_aversion,herd_behavior,profit_driven,ticker,company,id,quarter,date,permno,holding_t,y_true,pred,abs_error,reward,valid,best_k,profile_strength_mode,x_risk_mean,x_herd_mean,x_profit_mean,overall_mean,raw_output,reason,answer_body
38,population,0,0.30786450319035424,0.32804754548988657,0.3640869513197653,,,503,NA,2018-10-01 00:00:00,13447,3255.345182,0.334589478617843,-0.03,0.36458947861784297,-0.36458947861784297,True,1,type_mean,0.0083004769074155,0.0070097321687576,0.0811969348655934,0.03216904798058883,"
<think>Given NOW's high market capitalization relative to book equity and positive profitability, the firm appears fundamentally strong. The fund's current holding is modest relative to its AUM and the stock's S&P 500 weight, suggesting room for potential increase. Considering the stock's elevated beta and recent volatility, a moderate positive adjustment might be expected to align with the benchmark while managing risk.</think>
<answer>
{""holding_log_delta"": -0.03}
</answer>","Given NOW's high market capitalization relative to book equity and positive profitability, the firm appears fundamentally strong. The fund's current holding is modest relative to its AUM and the stock's S&P 500 weight, suggesting room for potential increase. Considering the stock's elevated beta and recent volatility, a moderate positive adjustment might be expected to align with the benchmark while managing risk.","{""holding_log_delta"": -0.03}"
38,population,1,0.3478645050687631,0.31804754749144054,0.3340869535412106,,,503,NA,2018-10-01 00:00:00,13447,3255.345182,0.334589478617843,-0.03,0.36458947861784297,-0.36458947861784297,True,1,type_mean,0.0083004769074155,0.0070097321687576,0.0811969348655934,0.03216904798058883,"
<think>Given NOW's high market capitalization relative to book equity and positive profitability, the stock appears fundamentally strong. The fund's current holding is modest relative to its AUM and the stock's S&P 500 weight, suggesting room for increase. With elevated stock volatility and recent trading volume, the fund might adjust for risk management, but the positive fundamentals support a potential increase in alignment with the benchmark.</think>
<answer>
{""holding_log_delta"": -0.03}
</answer>","Given NOW's high market capitalization relative to book equity and positive profitability, the stock appears fundamentally strong. The fund's current holding is modest relative to its AUM and the stock's S&P 500 weight, suggesting room for increase. With elevated stock volatility and recent trading volume, the fund might adjust for risk management, but the positive fundamentals support a potential increase in alignment with the benchmark.","{""holding_log_delta"": -0.03}"
38,population,2,0.3178645031293401,0.29804754567292896,0.384086951197737,,,503,NA,2018-10-01 00:00:00,13447,3255.345182,0.334589478617843,-0.03,0.36458947861784297,-0.36458947861784297,True,1,type_mean,0.0083004769074155,0.0070097321687576,0.0811969348655934,0.03216904798058883,"
<think>Given NOW's high market capitalization relative to book equity and positive profitability, the firm appears fundamentally strong. The fund's current holding is modest relative to its AUM, and the stock's low S&P 500 weight suggests limited benchmark-driven pressure. With moderate beta and recent stock volatility, a slight increase in holding might be expected to align with the firm's solid fundamentals, but the low benchmark weight and existing position size likely limit the magnitude.</think>
<answer>
{""holding_log_delta"": -0.03}
</answer>","Given NOW's high market capitalization relative to book equity and positive profitability, the firm appears fundamentally strong. The fund's current holding is modest relative to its AUM, and the stock's low S&P 500 weight suggests limited benchmark-driven pressure. With moderate beta and recent stock volatility, a slight increase in holding might be expected to align with the firm's solid fundamentals, but the low benchmark weight and existing position size likely limit the magnitude.","{""holding_log_delta"": -0.03}"
38,population,3,0.327864503068326,0.31804754555090076,0.3540869513807795,,,503,NA,2018-10-01 00:00:00,13447,3255.345182,0.334589478617843,-0.03,0.36458947861784297,-0.36458947861784297,True,1,type_mean,0.0083004769074155,0.0070097321687576,0.0811969348655934,0.03216904798058883,"
<think>Given NOW's high market capitalization relative to book equity and positive profitability, the firm appears strong, but its beta above 1 suggests higher systematic risk. The fund's current holding is modest relative to AUM, and the stock's low S&P 500 weight indicates limited benchmark pressure. Considering the moderate risk profile and the stock's elevated volatility, a slight increase in holding might be expected to align with the firm's fundamentals, but the high beta could temper the magnitude.</think>
<answer>
{""holding_log_delta"": -0.03}
</answer>","Given NOW's high market capitalization relative to book equity and positive profitability, the firm appears strong, but its beta above 1 suggests higher systematic risk. The fund's current holding is modest relative to AUM, and the stock's low S&P 500 weight indicates limited benchmark pressure. Considering the moderate risk profile and the stock's elevated volatility, a slight increase in holding might be expected to align with the firm's fundamentals, but the high beta could temper the magnitude.","{""holding_log_delta"": -0.03}"
38,population,4,0.34999965000035,0.30999969000031,0.33999966000034004,,,503,NA,2018-10-01 00:00:00,13447,3255.345182,0.334589478617843,-0.01,0.344589478617843,-0.344589478617843,True,1,type_mean,0.0083004769074155,0.0070097321687576,0.0811969348655934,0.03216904798058883,"
<think>Given NOW's high market capitalization relative to book equity and positive profitability, the firm appears fundamentally strong. The fund's current holding is modest compared to its AUM, and the stock's low S&P 500 weight suggests limited benchmark-driven pressure. With moderate beta and recent stock volatility, a slight increase in holding might be expected to align with the firm's solid fundamentals, but the low benchmark weight and existing position size likely limit the magnitude.</think>
<answer>
{""holding_log_delta"": -0.01}
</answer>","Given NOW's high market capitalization relative to book equity and positive profitability, the firm appears fundamentally strong. The fund's current holding is modest compared to its AUM, and the stock's low S&P 500 weight suggests limited benchmark-driven pressure. With moderate beta and recent stock volatility, a slight increase in holding might be expected to align with the firm's solid fundamentals, but the low benchmark weight and existing position size likely limit the magnitude.","{""holding_log_delta"": -0.01}"
38,population,5,0.3586299977764513,0.2906203281632827,0.35074867192120324,,,503,NA,2018-10-01 00:00:00,13447,3255.345182,0.334589478617843,-0.03,0.36458947861784297,-0.36458947861784297,True,1,type_mean,0.0083004769074155,0.0070097321687576,0.0811969348655934,0.03216904798058883,"
<think>Given NOW's high market capitalization relative to book equity and positive profitability, the stock appears fundamentally strong. The fund's current holding is modest relative to its AUM and the stock's S&P 500 weight, suggesting room for increase. With elevated stock volatility and recent trading volume, the fund might adjust for risk management, but the positive fundamentals support a potential increase in alignment with the benchmark.</think>
<answer>
{""holding_log_delta"": -0.03}
</answer>","Given NOW's high market capitalization relative to book equity and positive profitability, the stock appears fundamentally strong. The fund's current holding is modest relative to its AUM and the stock's S&P 500 weight, suggesting room for increase. With elevated stock volatility and recent trading volume, the fund might adjust for risk management, but the positive fundamentals support a potential increase in alignment with the benchmark.","{""holding_log_delta"": -0.03}"
38,population,6,0.2978645032513684,0.33804754542887244,0.3640869513197653,,,503,NA,2018-10-01 00:00:00,13447,3255.345182,0.334589478617843,-0.01,0.344589478617843,-0.344589478617843,True,1,type_mean,0.0083004769074155,0.0070097321687576,0.0811969348655934,0.03216904798058883,"
<think>Given NOW's high market capitalization relative to book equity and positive profitability, the firm appears strong, but its beta above 1 suggests higher systematic risk. The fund's current holding is modest relative to AUM, and the stock's low S&P 500 weight indicates limited benchmark pressure. Considering the moderate risk profile and the stock's elevated volatility, a slight increase in holding might be expected to align with the firm's fundamentals, but the high beta could temper the magnitude.</think>
<answer>
{""holding_log_delta"": -0.01}
</answer>","Given NOW's high market capitalization relative to book equity and positive profitability, the firm appears strong, but its beta above 1 suggests higher systematic risk. The fund's current holding is modest relative to AUM, and the stock's low S&P 500 weight indicates limited benchmark pressure. Considering the moderate risk profile and the stock's elevated volatility, a slight increase in holding might be expected to align with the firm's fundamentals, but the high beta could temper the magnitude.","{""holding_log_delta"": -0.01}"
38,population,7,0.2978645032513684,0.3180475455509007,0.384086951197737,,,503,NA,2018-10-01 00:00:00,13447,3255.345182,0.334589478617843,-0.01,0.344589478617843,-0.344589478617843,True,1,type_mean,0.0083004769074155,0.0070097321687576,0.0811969348655934,0.03216904798058883,"
<think>Given NOW's high market capitalization relative to book equity and positive profitability, the firm appears strong financially. The fund's current holding is modest compared to its AUM, and the stock's low S&P 500 weight suggests limited benchmark-driven pressure. With moderate beta and recent stock volatility, a slight increase in holding might be expected to align with the firm's solid fundamentals, but the low benchmark weight and existing position size likely limit the magnitude.</think>
<answer>
{""holding_log_delta"": -0.01}
</answer>","Given NOW's high market capitalization relative to book equity and positive profitability, the firm appears strong financially. The fund's current holding is modest compared to its AUM, and the stock's low S&P 500 weight suggests limited benchmark-driven pressure. With moderate beta and recent stock volatility, a slight increase in holding might be expected to align with the firm's solid fundamentals, but the low benchmark weight and existing position size likely limit the magnitude.","{""holding_log_delta"": -0.01}"
38,population,8,0.3168315561419266,0.29702958388305617,0.38613786987640436,,,503,NA,2018-10-01 00:00:00,13447,3255.345182,0.334589478617843,-0.01,0.344589478617843,-0.344589478617843,True,1,type_mean,0.0083004769074155,0.0070097321687576,0.0811969348655934,0.03216904798058883,"
<think>Given NOW's high market capitalization relative to book equity and positive profitability, the firm appears strong financially. The fund's current holding is modest compared to its AUM, and the stock's low S&P 500 weight suggests limited benchmark-driven pressure. With moderate beta and recent stock volatility, a slight increase in holding might be expected to align with the firm's fundamentals without significant active adjustment.</think>
<answer>
{""holding_log_delta"": -0.01}
</answer>","Given NOW's high market capitalization relative to book equity and positive profitability, the firm appears strong financially. The fund's current holding is modest compared to its AUM, and the stock's low S&P 500 weight suggests limited benchmark-driven pressure. With moderate beta and recent stock volatility, a slight increase in holding might be expected to align with the firm's fundamentals without significant active adjustment.","{""holding_log_delta"": -0.01}"
38,population,9,0.32999967000033004,0.32999967000033004,0.33999966000034004,,,503,NA,2018-10-01 00:00:00,13447,3255.345182,0.334589478617843,-0.01,0.344589478617843,-0.344589478617843,True,1,type_mean,0.0083004769074155,0.0070097321687576,0.0811969348655934,0.03216904798058883,"
<think>Given NOW's high market capitalization relative to book equity and positive profitability, the stock appears fundamentally strong. The fund's current holding is modest relative to its AUM and the stock's S&P 500 weight, suggesting room for increase. With elevated stock volatility and recent trading volume, the fund might adjust for risk management, but the positive fundamentals support a potential increase in alignment with the benchmark.</think>
<answer>
{""holding_log_delta"": -0.01}
</answer>","Given NOW's high market capitalization relative to book equity and positive profitability, the stock appears fundamentally strong. The fund's current holding is modest relative to its AUM and the stock's S&P 500 weight, suggesting room for increase. With elevated stock volatility and recent trading volume, the fund might adjust for risk management, but the positive fundamentals support a potential increase in alignment with the benchmark.","{""holding_log_delta"": -0.01}"
38,population,10,0.327864503068326,0.3080475456119149,0.3640869513197654,,,503,NA,2018-10-01 00:00:00,13447,3255.345182,0.334589478617843,-0.01,0.344589478617843,-0.344589478617843,True,1,type_mean,0.0083004769074155,0.0070097321687576,0.0811969348655934,0.03216904798058883,"
<think>Given NOW's high market capitalization relative to book equity and positive profitability, the firm appears strong financially. The fund's current holding is modest relative to its AUM, and the stock's low S&P 500 weight suggests limited benchmark-driven pressure. With moderate beta and recent volatility, a slight increase in holding might be expected to align with the firm's solid fundamentals, but the low benchmark weight and existing position size likely limit the magnitude.</think>
<answer>
{""holding_log_delta"": -0.01}
</answer>","Given NOW's high market capitalization relative to book equity and positive profitability, the firm appears strong financially. The fund's current holding is modest relative to its AUM, and the stock's low S&P 500 weight suggests limited benchmark-driven pressure. With moderate beta and recent volatility, a slight increase in holding might be expected to align with the firm's solid fundamentals, but the low benchmark weight and existing position size likely limit the magnitude.","{""holding_log_delta"": -0.01}"
38,population,11,0.2999997000003,0.30999969000031,0.38999961000039,,,503,NA,2018-10-01 00:00:00,13447,3255.345182,0.334589478617843,-0.01,0.344589478617843,-0.344589478617843,True,1,type_mean,0.0083004769074155,0.0070097321687576,0.0811969348655934,0.03216904798058883,"
<think>Given NOW's high market capitalization relative to book equity and positive profitability, the firm appears strong financially. The fund's current holding is modest compared to its AUM, and the stock's low S&P 500 weight suggests limited benchmark-driven pressure. With moderate beta and recent volatility, a slight increase in holding might be expected to align with the firm's fundamentals without significant active adjustment.</think>
<answer>
{""holding_log_delta"": -0.01}
</answer>","Given NOW's high market capitalization relative to book equity and positive profitability, the firm appears strong financially. The fund's current holding is modest compared to its AUM, and the stock's low S&P 500 weight suggests limited benchmark-driven pressure. With moderate beta and recent volatility, a slight increase in holding might be expected to align with the firm's fundamentals without significant active adjustment.","{""holding_log_delta"": -0.01}"
