generation,stage,candidate_idx,risk_aversion,herd_behavior,profit_driven,ticker,company,id,quarter,date,permno,holding_t,y_true,pred,abs_error,reward,valid,best_k,profile_strength_mode,x_risk_mean,x_herd_mean,x_profit_mean,overall_mean,raw_output,reason,answer_body
77,population,0,0.5488423822113381,0.22273464290261522,0.22842196478503657,GS,GOLDMAN SACHS GROUP INC,891,NA,2019-01-01 00:00:00,86868,21618.811092,0.037234941586340234,-0.04,0.07723494158634023,-0.07723494158634023,True,1,type_mean,0.0082565895035254,0.0069532062192367,0.2194993243101532,0.0782363733443051,"
<think>Given the firm's moderate profitability and low asset growth, combined with its beta above 1 indicating higher systematic risk than the market, a fund with a low risk tolerance might reduce exposure to align with its benchmark weight while managing volatility. The current holding is substantial relative to AUM and the stock's low S&P 500 weight, suggesting potential for a modest decrease to rebalance towards the benchmark.</think>
<answer>
{""holding_log_delta"": -0.04}
</answer>","Given the firm's moderate profitability and low asset growth, combined with its beta above 1 indicating higher systematic risk than the market, a fund with a low risk tolerance might reduce exposure to align with its benchmark weight while managing volatility. The current holding is substantial relative to AUM and the stock's low S&P 500 weight, suggesting potential for a modest decrease to rebalance towards the benchmark.","{""holding_log_delta"": -0.04}"
77,population,1,0.5429994570005431,0.23999976000024,0.21699978300021702,GS,GOLDMAN SACHS GROUP INC,891,NA,2019-01-01 00:00:00,86868,21618.811092,0.037234941586340234,-0.05,0.08723494158634024,-0.08723494158634024,True,1,type_mean,0.0082565895035254,0.0069532062192367,0.2194993243101532,0.0782363733443051,"
<think>Given the firm's moderate profitability and low asset growth, combined with its beta above 1 indicating higher systematic risk than the market, a fund with a low risk tolerance might reduce exposure to align with the benchmark weight while managing volatility. The current holding is substantial relative to AUM and the stock's low S&P 500 weight, suggesting potential for a modest decrease to rebalance towards the benchmark.</think>
<answer>
{""holding_log_delta"": -0.05}
</answer>","Given the firm's moderate profitability and low asset growth, combined with its beta above 1 indicating higher systematic risk than the market, a fund with a low risk tolerance might reduce exposure to align with the benchmark weight while managing volatility. The current holding is substantial relative to AUM and the stock's low S&P 500 weight, suggesting potential for a modest decrease to rebalance towards the benchmark.","{""holding_log_delta"": -0.05}"
77,population,2,0.47999952000048,0.26999973000027006,0.24999975000025002,GS,GOLDMAN SACHS GROUP INC,891,NA,2019-01-01 00:00:00,86868,21618.811092,0.037234941586340234,-0.05,0.08723494158634024,-0.08723494158634024,True,1,type_mean,0.0082565895035254,0.0069532062192367,0.2194993243101532,0.0782363733443051,"
<think>Given the firm's moderate profitability and low asset growth, combined with its beta above 1 indicating higher systematic risk than the market, a fund with a low risk tolerance might reduce exposure to align with the benchmark and manage volatility. The current holding is substantial relative to AUM and the stock's small S&P 500 weight, suggesting potential for a modest decrease to rebalance towards the benchmark.</think>
<answer>
{""holding_log_delta"": -0.05}
</answer>","Given the firm's moderate profitability and low asset growth, combined with its beta above 1 indicating higher systematic risk than the market, a fund with a low risk tolerance might reduce exposure to align with the benchmark and manage volatility. The current holding is substantial relative to AUM and the stock's small S&P 500 weight, suggesting potential for a modest decrease to rebalance towards the benchmark.","{""holding_log_delta"": -0.05}"
77,population,3,0.47999952000048,0.26999973000027006,0.24999975000025002,GS,GOLDMAN SACHS GROUP INC,891,NA,2019-01-01 00:00:00,86868,21618.811092,0.037234941586340234,-0.05,0.08723494158634024,-0.08723494158634024,True,1,type_mean,0.0082565895035254,0.0069532062192367,0.2194993243101532,0.0782363733443051,"
<think>Given the firm's moderate profitability and low asset growth, combined with its beta above 1 indicating higher systematic risk than the market, a fund with a low risk tolerance might reduce exposure to align with the benchmark and manage volatility. The current holding is substantial relative to AUM and the stock's small S&P 500 weight, suggesting potential for a modest decrease to rebalance towards the benchmark.</think>
<answer>
{""holding_log_delta"": -0.05}
</answer>","Given the firm's moderate profitability and low asset growth, combined with its beta above 1 indicating higher systematic risk than the market, a fund with a low risk tolerance might reduce exposure to align with the benchmark and manage volatility. The current holding is substantial relative to AUM and the stock's small S&P 500 weight, suggesting potential for a modest decrease to rebalance towards the benchmark.","{""holding_log_delta"": -0.05}"
77,population,4,0.5429994570000001,0.22999976000001,0.22699978299999002,GS,GOLDMAN SACHS GROUP INC,891,NA,2019-01-01 00:00:00,86868,21618.811092,0.037234941586340234,-0.05,0.08723494158634024,-0.08723494158634024,True,1,type_mean,0.0082565895035254,0.0069532062192367,0.2194993243101532,0.0782363733443051,"
<think>Given the firm's moderate profitability and low asset growth, combined with its beta above 1 indicating higher systematic risk than the market, a fund with a low risk tolerance might reduce exposure to align with the benchmark weight while managing volatility. The current holding is substantial relative to AUM and the stock's low S&P 500 weight, suggesting potential for a modest decrease to rebalance towards the benchmark.</think>
<answer>
{""holding_log_delta"": -0.05}
</answer>","Given the firm's moderate profitability and low asset growth, combined with its beta above 1 indicating higher systematic risk than the market, a fund with a low risk tolerance might reduce exposure to align with the benchmark weight while managing volatility. The current holding is substantial relative to AUM and the stock's low S&P 500 weight, suggesting potential for a modest decrease to rebalance towards the benchmark.","{""holding_log_delta"": -0.05}"
77,population,5,0.5119994880005121,0.24999975000025002,0.237999762000238,GS,GOLDMAN SACHS GROUP INC,891,NA,2019-01-01 00:00:00,86868,21618.811092,0.037234941586340234,-0.05,0.08723494158634024,-0.08723494158634024,True,1,type_mean,0.0082565895035254,0.0069532062192367,0.2194993243101532,0.0782363733443051,"
<think>Given the firm's moderate profitability and low asset growth, combined with its beta above 1 indicating higher systematic risk than the market, a fund with a low risk tolerance might reduce exposure to align with the benchmark while managing volatility. The current holding is substantial relative to AUM and the stock's low S&P 500 weight, suggesting potential for a modest decrease to rebalance towards the benchmark.</think>
<answer>
{""holding_log_delta"": -0.05}
</answer>","Given the firm's moderate profitability and low asset growth, combined with its beta above 1 indicating higher systematic risk than the market, a fund with a low risk tolerance might reduce exposure to align with the benchmark while managing volatility. The current holding is substantial relative to AUM and the stock's low S&P 500 weight, suggesting potential for a modest decrease to rebalance towards the benchmark.","{""holding_log_delta"": -0.05}"
77,population,6,0.4988423872501501,0.23273464525347023,0.26842196749636954,GS,GOLDMAN SACHS GROUP INC,891,NA,2019-01-01 00:00:00,86868,21618.811092,0.037234941586340234,-0.04,0.07723494158634023,-0.07723494158634023,True,1,type_mean,0.0082565895035254,0.0069532062192367,0.2194993243101532,0.0782363733443051,"
<think>Given the firm's moderate profitability and low asset growth, combined with its beta above 1 indicating higher systematic risk than the market, a fund with a low risk tolerance might reduce exposure to align with its benchmark weight and manage volatility. The current holding is substantial relative to the fund's AUM and the stock's S&P 500 weight, suggesting potential for a modest decrease to rebalance towards the benchmark.</think>
<answer>
{""holding_log_delta"": -0.04}
</answer>","Given the firm's moderate profitability and low asset growth, combined with its beta above 1 indicating higher systematic risk than the market, a fund with a low risk tolerance might reduce exposure to align with its benchmark weight and manage volatility. The current holding is substantial relative to the fund's AUM and the stock's S&P 500 weight, suggesting potential for a modest decrease to rebalance towards the benchmark.","{""holding_log_delta"": -0.04}"
77,population,7,0.537999462000538,0.24999975000025002,0.21199978800021202,GS,GOLDMAN SACHS GROUP INC,891,NA,2019-01-01 00:00:00,86868,21618.811092,0.037234941586340234,-0.05,0.08723494158634024,-0.08723494158634024,True,1,type_mean,0.0082565895035254,0.0069532062192367,0.2194993243101532,0.0782363733443051,"
<think>Given the firm's moderate profitability and low asset growth, combined with its beta above 1 indicating higher systematic risk than the market, a fund with a low risk tolerance might reduce exposure to align with the benchmark weight while managing volatility. The current holding is substantial relative to AUM and the stock's low S&P 500 weight, suggesting potential for a modest decrease to rebalance towards the benchmark.</think>
<answer>
{""holding_log_delta"": -0.05}
</answer>","Given the firm's moderate profitability and low asset growth, combined with its beta above 1 indicating higher systematic risk than the market, a fund with a low risk tolerance might reduce exposure to align with the benchmark weight while managing volatility. The current holding is substantial relative to AUM and the stock's low S&P 500 weight, suggesting potential for a modest decrease to rebalance towards the benchmark.","{""holding_log_delta"": -0.05}"
77,population,8,0.49699950300049706,0.27899972100027903,0.22399977600022403,GS,GOLDMAN SACHS GROUP INC,891,NA,2019-01-01 00:00:00,86868,21618.811092,0.037234941586340234,-0.05,0.08723494158634024,-0.08723494158634024,True,1,type_mean,0.0082565895035254,0.0069532062192367,0.2194993243101532,0.0782363733443051,"
<think>Given the firm's moderate profitability and low asset growth, combined with its beta above 1 indicating higher systematic risk than the market, a fund with a low risk tolerance might reduce exposure to align with its benchmark weight while managing volatility. The current holding is substantial relative to AUM and the stock's low S&P 500 weight, suggesting potential for a modest decrease to rebalance towards the benchmark.</think>
<answer>
{""holding_log_delta"": -0.05}
</answer>","Given the firm's moderate profitability and low asset growth, combined with its beta above 1 indicating higher systematic risk than the market, a fund with a low risk tolerance might reduce exposure to align with its benchmark weight while managing volatility. The current holding is substantial relative to AUM and the stock's low S&P 500 weight, suggesting potential for a modest decrease to rebalance towards the benchmark.","{""holding_log_delta"": -0.05}"
77,population,9,0.501999498000502,0.26999973000027006,0.22799977200022803,GS,GOLDMAN SACHS GROUP INC,891,NA,2019-01-01 00:00:00,86868,21618.811092,0.037234941586340234,-0.05,0.08723494158634024,-0.08723494158634024,True,1,type_mean,0.0082565895035254,0.0069532062192367,0.2194993243101532,0.0782363733443051,"
<think>Given the firm's moderate profitability and low asset growth, combined with its beta above 1 indicating higher systematic risk than the market, a fund with a low risk tolerance might reduce exposure to align with its benchmark weight while managing volatility. The current holding is substantial relative to AUM and the stock's low S&P 500 weight, suggesting potential for a modest decrease to rebalance towards the benchmark.</think>
<answer>
{""holding_log_delta"": -0.05}
</answer>","Given the firm's moderate profitability and low asset growth, combined with its beta above 1 indicating higher systematic risk than the market, a fund with a low risk tolerance might reduce exposure to align with its benchmark weight while managing volatility. The current holding is substantial relative to AUM and the stock's low S&P 500 weight, suggesting potential for a modest decrease to rebalance towards the benchmark.","{""holding_log_delta"": -0.05}"
77,population,10,0.4988423872501501,0.24273464535448036,0.2584219673953595,GS,GOLDMAN SACHS GROUP INC,891,NA,2019-01-01 00:00:00,86868,21618.811092,0.037234941586340234,-0.05,0.08723494158634024,-0.08723494158634024,True,1,type_mean,0.0082565895035254,0.0069532062192367,0.2194993243101532,0.0782363733443051,"
<think>Given the firm's moderate profitability and low asset growth, combined with its beta above 1 indicating higher systematic risk than the market, a fund with a low risk tolerance might reduce exposure to align with the benchmark weight while managing volatility. The current holding is substantial relative to AUM and the stock's low S&P 500 weight, suggesting potential for a modest decrease to rebalance towards the benchmark.</think>
<answer>
{""holding_log_delta"": -0.05}
</answer>","Given the firm's moderate profitability and low asset growth, combined with its beta above 1 indicating higher systematic risk than the market, a fund with a low risk tolerance might reduce exposure to align with the benchmark weight while managing volatility. The current holding is substantial relative to AUM and the stock's low S&P 500 weight, suggesting potential for a modest decrease to rebalance towards the benchmark.","{""holding_log_delta"": -0.05}"
77,population,11,0.49799946200003997,0.27999974999997,0.22199978799999,GS,GOLDMAN SACHS GROUP INC,891,NA,2019-01-01 00:00:00,86868,21618.811092,0.037234941586340234,-0.05,0.08723494158634024,-0.08723494158634024,True,1,type_mean,0.0082565895035254,0.0069532062192367,0.2194993243101532,0.0782363733443051,"
<think>Given the firm's moderate profitability and low asset growth, combined with its beta above 1 indicating higher systematic risk than the market, a fund with a low risk tolerance might reduce exposure to align with its benchmark weight while managing volatility. The current holding is substantial relative to AUM and the stock's low S&P 500 weight, suggesting potential for a modest decrease to rebalance towards the benchmark.</think>
<answer>
{""holding_log_delta"": -0.05}
</answer>","Given the firm's moderate profitability and low asset growth, combined with its beta above 1 indicating higher systematic risk than the market, a fund with a low risk tolerance might reduce exposure to align with its benchmark weight while managing volatility. The current holding is substantial relative to AUM and the stock's low S&P 500 weight, suggesting potential for a modest decrease to rebalance towards the benchmark.","{""holding_log_delta"": -0.05}"
