generation,stage,candidate_idx,risk_aversion,herd_behavior,profit_driven,ticker,company,id,quarter,date,permno,holding_t,y_true,pred,abs_error,reward,valid,best_k,profile_strength_mode,x_risk_mean,x_herd_mean,x_profit_mean,overall_mean,raw_output,reason,answer_body
33,population,0,0.5233539583892647,0.26050729647358917,0.21613774513714626,CI,CIGNA CORP,496,NA,2016-01-01 00:00:00,64186,14106.455507,-0.06969736121699117,-0.04,0.029697361216991174,-0.029697361216991174,True,1,type_mean,0.0082565895035254,0.0069532062192367,0.2194993243101532,0.0782363733443051,"
<think>Given the firm's moderate profitability (profit=0.35) and low beta (0.68), it appears stable but not growth-oriented, which might support a modest increase in holding for diversification. The fund's current position is relatively small compared to AUM, allowing for potential adjustment without significant turnover impact. Considering the stock's low S&P 500 weight (0.0023) and recent volatility (0.1324), a slight positive adjustment could be expected to align with the benchmark while managing risk.</think>
<answer>
{""holding_log_delta"": -0.04}
</answer>","Given the firm's moderate profitability (profit=0.35) and low beta (0.68), it appears stable but not growth-oriented, which might support a modest increase in holding for diversification. The fund's current position is relatively small compared to AUM, allowing for potential adjustment without significant turnover impact. Considering the stock's low S&P 500 weight (0.0023) and recent volatility (0.1324), a slight positive adjustment could be expected to align with the benchmark while managing risk.","{""holding_log_delta"": -0.04}"
33,population,1,0.5633539583892646,0.2705072964735891,0.16613774513714621,CI,CIGNA CORP,496,NA,2016-01-01 00:00:00,64186,14106.455507,-0.06969736121699117,-0.05,0.01969736121699117,-0.01969736121699117,True,1,type_mean,0.0082565895035254,0.0069532062192367,0.2194993243101532,0.0782363733443051,"
<think>Given the firm's moderate profitability (profit=0.35) and low beta (0.68), it appears relatively stable but not growth-oriented. The fund's current holding is substantial relative to its AUM, and the stock's low S&P 500 weight suggests limited benchmark-driven pressure. Considering the low risk profile and the fund's existing large position, a modest adjustment to align with the benchmark or manage concentration is likely, rather than a significant increase or decrease.</think>
<answer>
{""holding_log_delta"": -0.05}
</answer>","Given the firm's moderate profitability (profit=0.35) and low beta (0.68), it appears relatively stable but not growth-oriented. The fund's current holding is substantial relative to its AUM, and the stock's low S&P 500 weight suggests limited benchmark-driven pressure. Considering the low risk profile and the fund's existing large position, a modest adjustment to align with the benchmark or manage concentration is likely, rather than a significant increase or decrease.","{""holding_log_delta"": -0.05}"
33,population,2,0.5833539583892248,0.24050729647358912,0.17613774513718625,CI,CIGNA CORP,496,NA,2016-01-01 00:00:00,64186,14106.455507,-0.06969736121699117,-0.05,0.01969736121699117,-0.01969736121699117,True,1,type_mean,0.0082565895035254,0.0069532062192367,0.2194993243101532,0.0782363733443051,"
<think>Given the firm's moderate profitability (profit=0.35) and low beta (0.68), it appears relatively stable but not growth-oriented. The fund's current holding is substantial relative to its AUM, and the stock's low S&P 500 weight suggests limited benchmark-driven pressure. Considering the low risk profile and the fund's existing large position, a modest adjustment to align with the benchmark or manage concentration is likely, rather than a significant increase or decrease.</think>
<answer>
{""holding_log_delta"": -0.05}
</answer>","Given the firm's moderate profitability (profit=0.35) and low beta (0.68), it appears relatively stable but not growth-oriented. The fund's current holding is substantial relative to its AUM, and the stock's low S&P 500 weight suggests limited benchmark-driven pressure. Considering the low risk profile and the fund's existing large position, a modest adjustment to align with the benchmark or manage concentration is likely, rather than a significant increase or decrease.","{""holding_log_delta"": -0.05}"
33,population,3,0.6133539583898281,0.2705072964738596,0.11613774513731237,CI,CIGNA CORP,496,NA,2016-01-01 00:00:00,64186,14106.455507,-0.06969736121699117,-0.04,0.029697361216991174,-0.029697361216991174,True,1,type_mean,0.0082565895035254,0.0069532062192367,0.2194993243101532,0.0782363733443051,"
<think>Given the firm's moderate profitability (profit=0.35) and low beta (0.68), it appears stable but not growth-oriented, which might support a modest increase in holding for diversification. The fund's current position is relatively small compared to AUM, allowing for potential adjustment without significant turnover impact. Considering the stock's low S&P 500 weight (0.0023) and recent volatility (0.1324), a slight positive adjustment could be expected to align with the benchmark while managing risk.</think>
<answer>
{""holding_log_delta"": -0.04}
</answer>","Given the firm's moderate profitability (profit=0.35) and low beta (0.68), it appears stable but not growth-oriented, which might support a modest increase in holding for diversification. The fund's current position is relatively small compared to AUM, allowing for potential adjustment without significant turnover impact. Considering the stock's low S&P 500 weight (0.0023) and recent volatility (0.1324), a slight positive adjustment could be expected to align with the benchmark while managing risk.","{""holding_log_delta"": -0.04}"
33,population,4,0.6133539583898281,0.2705072964738596,0.11613774513731237,CI,CIGNA CORP,496,NA,2016-01-01 00:00:00,64186,14106.455507,-0.06969736121699117,-0.04,0.029697361216991174,-0.029697361216991174,True,1,type_mean,0.0082565895035254,0.0069532062192367,0.2194993243101532,0.0782363733443051,"
<think>Given the firm's moderate profitability (profit=0.35) and low beta (0.68), it appears stable but not growth-oriented, which might support a modest increase in holding for diversification. The fund's current position is relatively small compared to AUM, allowing for potential adjustment without significant turnover impact. Considering the stock's low S&P 500 weight (0.0023) and recent volatility (0.1324), a slight positive adjustment could be expected to align with the benchmark while managing risk.</think>
<answer>
{""holding_log_delta"": -0.04}
</answer>","Given the firm's moderate profitability (profit=0.35) and low beta (0.68), it appears stable but not growth-oriented, which might support a modest increase in holding for diversification. The fund's current position is relatively small compared to AUM, allowing for potential adjustment without significant turnover impact. Considering the stock's low S&P 500 weight (0.0023) and recent volatility (0.1324), a slight positive adjustment could be expected to align with the benchmark while managing risk.","{""holding_log_delta"": -0.04}"
33,population,5,0.6133539583898281,0.2705072964738596,0.11613774513731237,CI,CIGNA CORP,496,NA,2016-01-01 00:00:00,64186,14106.455507,-0.06969736121699117,-0.04,0.029697361216991174,-0.029697361216991174,True,1,type_mean,0.0082565895035254,0.0069532062192367,0.2194993243101532,0.0782363733443051,"
<think>Given the firm's moderate profitability (profit=0.35) and low beta (0.68), it appears stable but not growth-oriented, which might support a modest increase in holding for diversification. The fund's current position is relatively small compared to AUM, allowing for potential adjustment without significant turnover impact. Considering the stock's low S&P 500 weight (0.0023) and recent volatility (0.1324), a slight positive adjustment could be expected to align with the benchmark while managing risk.</think>
<answer>
{""holding_log_delta"": -0.04}
</answer>","Given the firm's moderate profitability (profit=0.35) and low beta (0.68), it appears stable but not growth-oriented, which might support a modest increase in holding for diversification. The fund's current position is relatively small compared to AUM, allowing for potential adjustment without significant turnover impact. Considering the stock's low S&P 500 weight (0.0023) and recent volatility (0.1324), a slight positive adjustment could be expected to align with the benchmark while managing risk.","{""holding_log_delta"": -0.04}"
33,population,6,0.6133539583898281,0.2705072964738596,0.11613774513731237,CI,CIGNA CORP,496,NA,2016-01-01 00:00:00,64186,14106.455507,-0.06969736121699117,-0.04,0.029697361216991174,-0.029697361216991174,True,1,type_mean,0.0082565895035254,0.0069532062192367,0.2194993243101532,0.0782363733443051,"
<think>Given the firm's moderate profitability (profit=0.35) and low beta (0.68), it appears stable but not growth-oriented, which might support a modest increase in holding for diversification. The fund's current position is relatively small compared to AUM, allowing for potential adjustment without significant turnover impact. Considering the stock's low S&P 500 weight (0.0023) and recent volatility (0.1324), a slight positive adjustment could be expected to align with the benchmark while managing risk.</think>
<answer>
{""holding_log_delta"": -0.04}
</answer>","Given the firm's moderate profitability (profit=0.35) and low beta (0.68), it appears stable but not growth-oriented, which might support a modest increase in holding for diversification. The fund's current position is relatively small compared to AUM, allowing for potential adjustment without significant turnover impact. Considering the stock's low S&P 500 weight (0.0023) and recent volatility (0.1324), a slight positive adjustment could be expected to align with the benchmark while managing risk.","{""holding_log_delta"": -0.04}"
33,population,7,0.6133539583898281,0.2705072964738596,0.11613774513731237,CI,CIGNA CORP,496,NA,2016-01-01 00:00:00,64186,14106.455507,-0.06969736121699117,-0.04,0.029697361216991174,-0.029697361216991174,True,1,type_mean,0.0082565895035254,0.0069532062192367,0.2194993243101532,0.0782363733443051,"
<think>Given the firm's moderate profitability (profit=0.35) and low beta (0.68), it appears stable but not growth-oriented, which might support a modest increase in holding for diversification. The fund's current position is relatively small compared to AUM, allowing for potential adjustment without significant turnover impact. Considering the stock's low S&P 500 weight (0.0023) and recent volatility (0.1324), a slight positive adjustment could be expected to align with the benchmark while managing risk.</think>
<answer>
{""holding_log_delta"": -0.04}
</answer>","Given the firm's moderate profitability (profit=0.35) and low beta (0.68), it appears stable but not growth-oriented, which might support a modest increase in holding for diversification. The fund's current position is relatively small compared to AUM, allowing for potential adjustment without significant turnover impact. Considering the stock's low S&P 500 weight (0.0023) and recent volatility (0.1324), a slight positive adjustment could be expected to align with the benchmark while managing risk.","{""holding_log_delta"": -0.04}"
33,population,8,0.6133539583898281,0.2705072964738596,0.11613774513731237,CI,CIGNA CORP,496,NA,2016-01-01 00:00:00,64186,14106.455507,-0.06969736121699117,-0.04,0.029697361216991174,-0.029697361216991174,True,1,type_mean,0.0082565895035254,0.0069532062192367,0.2194993243101532,0.0782363733443051,"
<think>Given the firm's moderate profitability (profit=0.35) and low beta (0.68), it appears stable but not growth-oriented, which might support a modest increase in holding for diversification. The fund's current position is relatively small compared to AUM, allowing for potential adjustment without significant turnover impact. Considering the stock's low S&P 500 weight (0.0023) and recent volatility (0.1324), a slight positive adjustment could be expected to align with the benchmark while managing risk.</think>
<answer>
{""holding_log_delta"": -0.04}
</answer>","Given the firm's moderate profitability (profit=0.35) and low beta (0.68), it appears stable but not growth-oriented, which might support a modest increase in holding for diversification. The fund's current position is relatively small compared to AUM, allowing for potential adjustment without significant turnover impact. Considering the stock's low S&P 500 weight (0.0023) and recent volatility (0.1324), a slight positive adjustment could be expected to align with the benchmark while managing risk.","{""holding_log_delta"": -0.04}"
33,population,9,0.6133539583898281,0.2705072964738596,0.11613774513731237,CI,CIGNA CORP,496,NA,2016-01-01 00:00:00,64186,14106.455507,-0.06969736121699117,-0.04,0.029697361216991174,-0.029697361216991174,True,1,type_mean,0.0082565895035254,0.0069532062192367,0.2194993243101532,0.0782363733443051,"
<think>Given the firm's moderate profitability (profit=0.35) and low beta (0.68), it appears stable but not growth-oriented, which might support a modest increase in holding for diversification. The fund's current position is relatively small compared to AUM, allowing for potential adjustment without significant turnover impact. Considering the stock's low S&P 500 weight (0.0023) and recent volatility (0.1324), a slight positive adjustment could be expected to align with the benchmark while managing risk.</think>
<answer>
{""holding_log_delta"": -0.04}
</answer>","Given the firm's moderate profitability (profit=0.35) and low beta (0.68), it appears stable but not growth-oriented, which might support a modest increase in holding for diversification. The fund's current position is relatively small compared to AUM, allowing for potential adjustment without significant turnover impact. Considering the stock's low S&P 500 weight (0.0023) and recent volatility (0.1324), a slight positive adjustment could be expected to align with the benchmark while managing risk.","{""holding_log_delta"": -0.04}"
33,population,10,0.5233539583892647,0.26050729647358917,0.21613774513714623,CI,CIGNA CORP,496,NA,2016-01-01 00:00:00,64186,14106.455507,-0.06969736121699117,-0.04,0.029697361216991174,-0.029697361216991174,True,1,type_mean,0.0082565895035254,0.0069532062192367,0.2194993243101532,0.0782363733443051,"
<think>Given the firm's moderate profitability (profit=0.35) and low beta (0.68), it appears relatively stable but not growth-oriented. The fund's current holding is substantial relative to its AUM, and the stock's low S&P 500 weight suggests limited benchmark-driven pressure. Considering the low risk profile and the fund's existing large position, a modest adjustment to align with the benchmark or manage concentration is likely, rather than a significant increase or decrease.</think>
<answer>
{""holding_log_delta"": -0.04}
</answer>","Given the firm's moderate profitability (profit=0.35) and low beta (0.68), it appears relatively stable but not growth-oriented. The fund's current holding is substantial relative to its AUM, and the stock's low S&P 500 weight suggests limited benchmark-driven pressure. Considering the low risk profile and the fund's existing large position, a modest adjustment to align with the benchmark or manage concentration is likely, rather than a significant increase or decrease.","{""holding_log_delta"": -0.04}"
33,population,11,0.5529994470005531,0.264999735000265,0.181999818000182,CI,CIGNA CORP,496,NA,2016-01-01 00:00:00,64186,14106.455507,-0.06969736121699117,-0.04,0.029697361216991174,-0.029697361216991174,True,1,type_mean,0.0082565895035254,0.0069532062192367,0.2194993243101532,0.0782363733443051,"
<think>Given the firm's moderate profitability (profit=0.35) and low beta (0.68), it appears relatively stable but not growth-oriented. The fund's current holding is substantial relative to its AUM, and the stock's low S&P 500 weight suggests limited benchmark-driven demand. With average volatility and no extreme signals, a modest adjustment to align with the benchmark or manage concentration is expected, likely resulting in a small negative or neutral normalized log change.</think>
<answer>
{""holding_log_delta"": -0.04}
</answer>","Given the firm's moderate profitability (profit=0.35) and low beta (0.68), it appears relatively stable but not growth-oriented. The fund's current holding is substantial relative to its AUM, and the stock's low S&P 500 weight suggests limited benchmark-driven demand. With average volatility and no extreme signals, a modest adjustment to align with the benchmark or manage concentration is expected, likely resulting in a small negative or neutral normalized log change.","{""holding_log_delta"": -0.04}"
