generation,stage,candidate_idx,risk_aversion,herd_behavior,profit_driven,ticker,company,id,quarter,date,permno,holding_t,y_true,pred,abs_error,reward,valid,best_k,profile_strength_mode,x_risk_mean,x_herd_mean,x_profit_mean,overall_mean,raw_output,reason,answer_body
27,population,0,0.5633539583892646,0.2705072964735891,0.16613774513714621,ORCL,ORACLE SYSTEMS CORP,554,NA,2018-01-01 00:00:00,10104,53851.743197,-0.09972025367897093,-0.05,0.04972025367897093,-0.04972025367897093,True,1,type_mean,0.0082565895035254,0.0069532062192367,0.2194993243101532,0.0782363733443051,"
<think>Given the firm's moderate profitability (profit=0.25) and low beta (0.98), the stock appears stable but not highly growth-oriented. The fund's current holding is substantial relative to its AUM, and the stock's low volatility suggests limited near-term risk. Considering the fund's existing large position and the stock's modest market weight, a small adjustment to align with the benchmark or manage concentration is likely, rather than a significant increase or decrease.</think>
<answer>
{""holding_log_delta"": -0.05}
</answer>","Given the firm's moderate profitability (profit=0.25) and low beta (0.98), the stock appears stable but not highly growth-oriented. The fund's current holding is substantial relative to its AUM, and the stock's low volatility suggests limited near-term risk. Considering the fund's existing large position and the stock's modest market weight, a small adjustment to align with the benchmark or manage concentration is likely, rather than a significant increase or decrease.","{""holding_log_delta"": -0.05}"
27,population,1,0.587999412000588,0.264999735000265,0.146999853000147,ORCL,ORACLE SYSTEMS CORP,554,NA,2018-01-01 00:00:00,10104,53851.743197,-0.09972025367897093,-0.02,0.07972025367897093,-0.07972025367897093,True,1,type_mean,0.0082565895035254,0.0069532062192367,0.2194993243101532,0.0782363733443051,"
<think>Given the firm's moderate profitability (profit=0.25) and low beta (0.98), it appears stable but not growth-oriented, which might support a modest increase in holding for benchmark tracking. The fund's current position is relatively small compared to AUM, allowing for potential adjustment without significant turnover impact. Considering the low stock volatility (0.11) and the fund's substantial AUM relative to the stock's S&P 500 weight, a slight positive adjustment could be expected to align closer to the benchmark.</think>
<answer>
{""holding_log_delta"": -0.02}
</answer>","Given the firm's moderate profitability (profit=0.25) and low beta (0.98), it appears stable but not growth-oriented, which might support a modest increase in holding for benchmark tracking. The fund's current position is relatively small compared to AUM, allowing for potential adjustment without significant turnover impact. Considering the low stock volatility (0.11) and the fund's substantial AUM relative to the stock's S&P 500 weight, a slight positive adjustment could be expected to align closer to the benchmark.","{""holding_log_delta"": -0.02}"
27,population,2,0.5933539583892347,0.2505072964736091,0.15613774513715623,ORCL,ORACLE SYSTEMS CORP,554,NA,2018-01-01 00:00:00,10104,53851.743197,-0.09972025367897093,-0.02,0.07972025367897093,-0.07972025367897093,True,1,type_mean,0.0082565895035254,0.0069532062192367,0.2194993243101532,0.0782363733443051,"
<think>Given the firm's moderate profitability (profit=0.25) and low beta (0.98), the stock appears stable but not highly growth-oriented. The fund's current holding is substantial relative to its AUM, and the stock's low volatility suggests limited near-term risk. Considering the fund's high AUM and the stock's modest S&P 500 weight, a modest adjustment to align with the benchmark might be expected, likely resulting in a small positive or neutral change.</think>
<answer>
{""holding_log_delta"": -0.02}
</answer>","Given the firm's moderate profitability (profit=0.25) and low beta (0.98), the stock appears stable but not highly growth-oriented. The fund's current holding is substantial relative to its AUM, and the stock's low volatility suggests limited near-term risk. Considering the fund's high AUM and the stock's modest S&P 500 weight, a modest adjustment to align with the benchmark might be expected, likely resulting in a small positive or neutral change.","{""holding_log_delta"": -0.02}"
27,population,3,0.6133539583898281,0.2705072964738596,0.11613774513731237,ORCL,ORACLE SYSTEMS CORP,554,NA,2018-01-01 00:00:00,10104,53851.743197,-0.09972025367897093,-0.04,0.05972025367897093,-0.05972025367897093,True,1,type_mean,0.0082565895035254,0.0069532062192367,0.2194993243101532,0.0782363733443051,"
<think>Given the firm's moderate profitability (profit=0.25) and low beta (0.98), it appears stable but not growth-oriented, which might support a modest increase in holding for diversification. The fund's current position is relatively small compared to AUM, allowing for potential adjustment without significant turnover impact. Considering the stock's low volatility (0.11) and positive S&P 500 weight, a slight increase in holding could align the portfolio closer to the benchmark while managing risk.</think>
<answer>
{""holding_log_delta"": -0.04}
</answer>","Given the firm's moderate profitability (profit=0.25) and low beta (0.98), it appears stable but not growth-oriented, which might support a modest increase in holding for diversification. The fund's current position is relatively small compared to AUM, allowing for potential adjustment without significant turnover impact. Considering the stock's low volatility (0.11) and positive S&P 500 weight, a slight increase in holding could align the portfolio closer to the benchmark while managing risk.","{""holding_log_delta"": -0.04}"
27,population,4,0.6133539583898281,0.2705072964738596,0.11613774513731237,ORCL,ORACLE SYSTEMS CORP,554,NA,2018-01-01 00:00:00,10104,53851.743197,-0.09972025367897093,-0.04,0.05972025367897093,-0.05972025367897093,True,1,type_mean,0.0082565895035254,0.0069532062192367,0.2194993243101532,0.0782363733443051,"
<think>Given the firm's moderate profitability (profit=0.25) and low beta (0.98), it appears stable but not growth-oriented, which might support a modest increase in holding for diversification. The fund's current position is relatively small compared to AUM, allowing for potential adjustment without significant turnover impact. Considering the stock's low volatility (0.11) and positive S&P 500 weight, a slight increase in holding could align the portfolio closer to the benchmark while managing risk.</think>
<answer>
{""holding_log_delta"": -0.04}
</answer>","Given the firm's moderate profitability (profit=0.25) and low beta (0.98), it appears stable but not growth-oriented, which might support a modest increase in holding for diversification. The fund's current position is relatively small compared to AUM, allowing for potential adjustment without significant turnover impact. Considering the stock's low volatility (0.11) and positive S&P 500 weight, a slight increase in holding could align the portfolio closer to the benchmark while managing risk.","{""holding_log_delta"": -0.04}"
27,population,5,0.6133539583898281,0.2705072964738596,0.11613774513731237,ORCL,ORACLE SYSTEMS CORP,554,NA,2018-01-01 00:00:00,10104,53851.743197,-0.09972025367897093,-0.04,0.05972025367897093,-0.05972025367897093,True,1,type_mean,0.0082565895035254,0.0069532062192367,0.2194993243101532,0.0782363733443051,"
<think>Given the firm's moderate profitability (profit=0.25) and low beta (0.98), it appears stable but not growth-oriented, which might support a modest increase in holding for diversification. The fund's current position is relatively small compared to AUM, allowing for potential adjustment without significant turnover impact. Considering the stock's low volatility (0.11) and positive S&P 500 weight, a slight increase in holding could align the portfolio closer to the benchmark while managing risk.</think>
<answer>
{""holding_log_delta"": -0.04}
</answer>","Given the firm's moderate profitability (profit=0.25) and low beta (0.98), it appears stable but not growth-oriented, which might support a modest increase in holding for diversification. The fund's current position is relatively small compared to AUM, allowing for potential adjustment without significant turnover impact. Considering the stock's low volatility (0.11) and positive S&P 500 weight, a slight increase in holding could align the portfolio closer to the benchmark while managing risk.","{""holding_log_delta"": -0.04}"
27,population,6,0.6133539583898281,0.2705072964738596,0.11613774513731237,ORCL,ORACLE SYSTEMS CORP,554,NA,2018-01-01 00:00:00,10104,53851.743197,-0.09972025367897093,-0.04,0.05972025367897093,-0.05972025367897093,True,1,type_mean,0.0082565895035254,0.0069532062192367,0.2194993243101532,0.0782363733443051,"
<think>Given the firm's moderate profitability (profit=0.25) and low beta (0.98), it appears stable but not growth-oriented, which might support a modest increase in holding for diversification. The fund's current position is relatively small compared to AUM, allowing for potential adjustment without significant turnover impact. Considering the stock's low volatility (0.11) and positive S&P 500 weight, a slight increase in holding could align the portfolio closer to the benchmark while managing risk.</think>
<answer>
{""holding_log_delta"": -0.04}
</answer>","Given the firm's moderate profitability (profit=0.25) and low beta (0.98), it appears stable but not growth-oriented, which might support a modest increase in holding for diversification. The fund's current position is relatively small compared to AUM, allowing for potential adjustment without significant turnover impact. Considering the stock's low volatility (0.11) and positive S&P 500 weight, a slight increase in holding could align the portfolio closer to the benchmark while managing risk.","{""holding_log_delta"": -0.04}"
27,population,7,0.6133539583898281,0.2705072964738596,0.11613774513731237,ORCL,ORACLE SYSTEMS CORP,554,NA,2018-01-01 00:00:00,10104,53851.743197,-0.09972025367897093,-0.04,0.05972025367897093,-0.05972025367897093,True,1,type_mean,0.0082565895035254,0.0069532062192367,0.2194993243101532,0.0782363733443051,"
<think>Given the firm's moderate profitability (profit=0.25) and low beta (0.98), it appears stable but not growth-oriented, which might support a modest increase in holding for diversification. The fund's current position is relatively small compared to AUM, allowing for potential adjustment without significant turnover impact. Considering the stock's low volatility (0.11) and positive S&P 500 weight, a slight increase in holding could align the portfolio closer to the benchmark while managing risk.</think>
<answer>
{""holding_log_delta"": -0.04}
</answer>","Given the firm's moderate profitability (profit=0.25) and low beta (0.98), it appears stable but not growth-oriented, which might support a modest increase in holding for diversification. The fund's current position is relatively small compared to AUM, allowing for potential adjustment without significant turnover impact. Considering the stock's low volatility (0.11) and positive S&P 500 weight, a slight increase in holding could align the portfolio closer to the benchmark while managing risk.","{""holding_log_delta"": -0.04}"
27,population,8,0.6133539583898281,0.2705072964738596,0.11613774513731237,ORCL,ORACLE SYSTEMS CORP,554,NA,2018-01-01 00:00:00,10104,53851.743197,-0.09972025367897093,-0.04,0.05972025367897093,-0.05972025367897093,True,1,type_mean,0.0082565895035254,0.0069532062192367,0.2194993243101532,0.0782363733443051,"
<think>Given the firm's moderate profitability (profit=0.25) and low beta (0.98), it appears stable but not growth-oriented, which might support a modest increase in holding for diversification. The fund's current position is relatively small compared to AUM, allowing for potential adjustment without significant turnover impact. Considering the stock's low volatility (0.11) and positive S&P 500 weight, a slight increase in holding could align the portfolio closer to the benchmark while managing risk.</think>
<answer>
{""holding_log_delta"": -0.04}
</answer>","Given the firm's moderate profitability (profit=0.25) and low beta (0.98), it appears stable but not growth-oriented, which might support a modest increase in holding for diversification. The fund's current position is relatively small compared to AUM, allowing for potential adjustment without significant turnover impact. Considering the stock's low volatility (0.11) and positive S&P 500 weight, a slight increase in holding could align the portfolio closer to the benchmark while managing risk.","{""holding_log_delta"": -0.04}"
27,population,9,0.6133539583898281,0.2705072964738596,0.11613774513731237,ORCL,ORACLE SYSTEMS CORP,554,NA,2018-01-01 00:00:00,10104,53851.743197,-0.09972025367897093,-0.04,0.05972025367897093,-0.05972025367897093,True,1,type_mean,0.0082565895035254,0.0069532062192367,0.2194993243101532,0.0782363733443051,"
<think>Given the firm's moderate profitability (profit=0.25) and low beta (0.98), it appears stable but not growth-oriented, which might support a modest increase in holding for diversification. The fund's current position is relatively small compared to AUM, allowing for potential adjustment without significant turnover impact. Considering the stock's low volatility (0.11) and positive S&P 500 weight, a slight increase in holding could align the portfolio closer to the benchmark while managing risk.</think>
<answer>
{""holding_log_delta"": -0.04}
</answer>","Given the firm's moderate profitability (profit=0.25) and low beta (0.98), it appears stable but not growth-oriented, which might support a modest increase in holding for diversification. The fund's current position is relatively small compared to AUM, allowing for potential adjustment without significant turnover impact. Considering the stock's low volatility (0.11) and positive S&P 500 weight, a slight increase in holding could align the portfolio closer to the benchmark while managing risk.","{""holding_log_delta"": -0.04}"
27,population,10,0.5833539583892248,0.24050729647358912,0.17613774513718625,ORCL,ORACLE SYSTEMS CORP,554,NA,2018-01-01 00:00:00,10104,53851.743197,-0.09972025367897093,-0.05,0.04972025367897093,-0.04972025367897093,True,1,type_mean,0.0082565895035254,0.0069532062192367,0.2194993243101532,0.0782363733443051,"
<think>Given the firm's moderate profitability (profit=0.25) and low beta (0.98), the stock appears stable but not highly growth-oriented. The fund's current holding is substantial relative to its AUM, and the stock's low S&P 500 weight suggests limited benchmark-driven demand. With average volatility and no extreme signals, a modest adjustment to align with the benchmark or manage concentration is expected, likely resulting in a small negative or neutral normalized log change.</think>
<answer>
{""holding_log_delta"": -0.05}
</answer>","Given the firm's moderate profitability (profit=0.25) and low beta (0.98), the stock appears stable but not highly growth-oriented. The fund's current holding is substantial relative to its AUM, and the stock's low S&P 500 weight suggests limited benchmark-driven demand. With average volatility and no extreme signals, a modest adjustment to align with the benchmark or manage concentration is expected, likely resulting in a small negative or neutral normalized log change.","{""holding_log_delta"": -0.05}"
27,population,11,0.5429994570005431,0.27099972900027103,0.185999814000186,ORCL,ORACLE SYSTEMS CORP,554,NA,2018-01-01 00:00:00,10104,53851.743197,-0.09972025367897093,-0.04,0.05972025367897093,-0.05972025367897093,True,1,type_mean,0.0082565895035254,0.0069532062192367,0.2194993243101532,0.0782363733443051,"
<think>Given the firm's moderate profitability and low beta, the stock appears stable but not highly growth-oriented. The fund's current holding is substantial relative to AUM, and the stock's low volatility suggests limited near-term risk. Considering the low risk tolerance and high concentration constraint, a modest adjustment to align with the benchmark weight might be expected, likely resulting in a small negative or minimal change.</think>
<answer>
{""holding_log_delta"": -0.04}
</answer>","Given the firm's moderate profitability and low beta, the stock appears stable but not highly growth-oriented. The fund's current holding is substantial relative to AUM, and the stock's low volatility suggests limited near-term risk. Considering the low risk tolerance and high concentration constraint, a modest adjustment to align with the benchmark weight might be expected, likely resulting in a small negative or minimal change.","{""holding_log_delta"": -0.04}"
