generation,stage,candidate_idx,risk_aversion,herd_behavior,profit_driven,ticker,company,id,quarter,date,permno,holding_t,y_true,pred,abs_error,reward,valid,best_k,profile_strength_mode,x_risk_mean,x_herd_mean,x_profit_mean,overall_mean,raw_output,reason,answer_body
92,population,0,0.3478996521003479,0.32699967300032706,0.32509967490032515,,,678,NA,2019-10-01 00:00:00,84788,87294.903594,0.03913504829459398,-0.05,0.08913504829459398,-0.08913504829459398,True,1,type_mean,0.0083004769074155,0.0070097321687576,0.0811969348655934,0.03216904798058883,"
<think>Given the high market capitalization (me) and positive profitability (profit), the stock appears fundamentally strong. The fund's current holding is substantial relative to its AUM, and the stock's S&P 500 weight suggests it is a significant market component. With moderate beta and recent volatility, the fund might adjust the position to align with its benchmark weight, potentially reducing exposure slightly due to the large existing holding and high stock-specific risk.</think>
<answer>
{""holding_log_delta"": -0.05}
</answer>","Given the high market capitalization (me) and positive profitability (profit), the stock appears fundamentally strong. The fund's current holding is substantial relative to its AUM, and the stock's S&P 500 weight suggests it is a significant market component. With moderate beta and recent volatility, the fund might adjust the position to align with its benchmark weight, potentially reducing exposure slightly due to the large existing holding and high stock-specific risk.","{""holding_log_delta"": -0.05}"
92,population,1,0.3478996521003479,0.32699967300032706,0.32509967490032515,,,678,NA,2019-10-01 00:00:00,84788,87294.903594,0.03913504829459398,-0.05,0.08913504829459398,-0.08913504829459398,True,1,type_mean,0.0083004769074155,0.0070097321687576,0.0811969348655934,0.03216904798058883,"
<think>Given the high market capitalization (me) and positive profitability (profit), the stock appears fundamentally strong. The fund's current holding is substantial relative to its AUM, and the stock's S&P 500 weight suggests it is a significant market component. With moderate beta and recent volatility, the fund might adjust the position to align with its benchmark weight, potentially reducing exposure slightly due to the large existing holding and high stock-specific risk.</think>
<answer>
{""holding_log_delta"": -0.05}
</answer>","Given the high market capitalization (me) and positive profitability (profit), the stock appears fundamentally strong. The fund's current holding is substantial relative to its AUM, and the stock's S&P 500 weight suggests it is a significant market component. With moderate beta and recent volatility, the fund might adjust the position to align with its benchmark weight, potentially reducing exposure slightly due to the large existing holding and high stock-specific risk.","{""holding_log_delta"": -0.05}"
92,population,2,0.32789967210032794,0.33699966300033707,0.33509966490033516,,,678,NA,2019-10-01 00:00:00,84788,87294.903594,0.03913504829459398,-0.03,0.06913504829459398,-0.06913504829459398,True,1,type_mean,0.0083004769074155,0.0070097321687576,0.0811969348655934,0.03216904798058883,"
<think>Given the high market capitalization (me) and positive profitability (profit), the stock appears fundamentally strong. The fund's current holding is substantial relative to its AUM, and the stock's S&P 500 weight suggests it is a significant market component. With moderate beta and recent volatility, the fund might adjust the position to align with its benchmark weight, potentially increasing or slightly reducing exposure depending on the magnitude of the discrepancy.</think>
<answer>
{""holding_log_delta"": -0.03}
</answer>","Given the high market capitalization (me) and positive profitability (profit), the stock appears fundamentally strong. The fund's current holding is substantial relative to its AUM, and the stock's S&P 500 weight suggests it is a significant market component. With moderate beta and recent volatility, the fund might adjust the position to align with its benchmark weight, potentially increasing or slightly reducing exposure depending on the magnitude of the discrepancy.","{""holding_log_delta"": -0.03}"
92,population,3,0.3478996521003479,0.297999702000298,0.35409964590035414,,,678,NA,2019-10-01 00:00:00,84788,87294.903594,0.03913504829459398,-0.03,0.06913504829459398,-0.06913504829459398,True,1,type_mean,0.0083004769074155,0.0070097321687576,0.0811969348655934,0.03216904798058883,"
<think>Given the high market capitalization (me) and positive profitability (profit), Amazon appears fundamentally strong, which could support a modest increase in holding. However, its beta above 1 suggests higher systematic risk than the market, and the fund's current holding is already substantial relative to AUM, limiting room for large increases. Considering the moderate stock volatility and the fund's existing position size, a small positive adjustment might be expected, but likely not a significant shift.</think>
<answer>
{""holding_log_delta"": -0.03}
</answer>","Given the high market capitalization (me) and positive profitability (profit), Amazon appears fundamentally strong, which could support a modest increase in holding. However, its beta above 1 suggests higher systematic risk than the market, and the fund's current holding is already substantial relative to AUM, limiting room for large increases. Considering the moderate stock volatility and the fund's existing position size, a small positive adjustment might be expected, but likely not a significant shift.","{""holding_log_delta"": -0.03}"
92,population,4,0.3478996521003479,0.307999692000308,0.34409965590034414,,,678,NA,2019-10-01 00:00:00,84788,87294.903594,0.03913504829459398,-0.07,0.10913504829459399,-0.10913504829459399,True,1,type_mean,0.0083004769074155,0.0070097321687576,0.0811969348655934,0.03216904798058883,"
<think>Given the high market capitalization (me) and positive profitability (profit), the stock appears fundamentally strong. The fund's current holding is substantial relative to its AUM, and the stock's S&P 500 weight suggests it is a significant market component. With moderate beta and recent volatility, the fund might adjust the position to align with its benchmark weight, potentially reducing exposure slightly due to the large existing holding and high stock-specific risk.</think>
<answer>
{""holding_log_delta"": -0.07}
</answer>","Given the high market capitalization (me) and positive profitability (profit), the stock appears fundamentally strong. The fund's current holding is substantial relative to its AUM, and the stock's S&P 500 weight suggests it is a significant market component. With moderate beta and recent volatility, the fund might adjust the position to align with its benchmark weight, potentially reducing exposure slightly due to the large existing holding and high stock-specific risk.","{""holding_log_delta"": -0.07}"
92,population,5,0.35141378645072074,0.3111107968577809,0.3374744065915085,,,678,NA,2019-10-01 00:00:00,84788,87294.903594,0.03913504829459398,-0.05,0.08913504829459398,-0.08913504829459398,True,1,type_mean,0.0083004769074155,0.0070097321687576,0.0811969348655934,0.03216904798058883,"
<think>Given the high market capitalization (me) and positive profitability (profit), the stock appears fundamentally strong. The fund's current holding is substantial relative to its AUM, and the stock's S&P 500 weight suggests it is a significant market component. With moderate beta and recent volatility, the fund might adjust the position to align with its benchmark weight, potentially reducing exposure slightly due to the large existing holding and high stock-specific risk.</think>
<answer>
{""holding_log_delta"": -0.05}
</answer>","Given the high market capitalization (me) and positive profitability (profit), the stock appears fundamentally strong. The fund's current holding is substantial relative to its AUM, and the stock's S&P 500 weight suggests it is a significant market component. With moderate beta and recent volatility, the fund might adjust the position to align with its benchmark weight, potentially reducing exposure slightly due to the large existing holding and high stock-specific risk.","{""holding_log_delta"": -0.05}"
92,population,6,0.32789967210032794,0.31699968300031706,0.35509964490035517,,,678,NA,2019-10-01 00:00:00,84788,87294.903594,0.03913504829459398,-0.05,0.08913504829459398,-0.08913504829459398,True,1,type_mean,0.0083004769074155,0.0070097321687576,0.0811969348655934,0.03216904798058883,"
<think>Given the high market capitalization (me) and positive profitability (profit), Amazon appears fundamentally strong, which could support a modest increase in holding. However, its high beta (1.415) indicates above-market volatility, potentially leading to a slight reduction to manage risk exposure. The fund's current holding is substantial relative to its AUM, and the stock's S&P 500 weight is moderate, suggesting limited room for large directional changes. Considering these factors, a small normalized log decrease in holding is expected.</think>
<answer>
{""holding_log_delta"": -0.05}
</answer>","Given the high market capitalization (me) and positive profitability (profit), Amazon appears fundamentally strong, which could support a modest increase in holding. However, its high beta (1.415) indicates above-market volatility, potentially leading to a slight reduction to manage risk exposure. The fund's current holding is substantial relative to its AUM, and the stock's S&P 500 weight is moderate, suggesting limited room for large directional changes. Considering these factors, a small normalized log decrease in holding is expected.","{""holding_log_delta"": -0.05}"
92,population,7,0.3578996421003579,0.306999693000307,0.33509966490033516,,,678,NA,2019-10-01 00:00:00,84788,87294.903594,0.03913504829459398,-0.04,0.07913504829459397,-0.07913504829459397,True,1,type_mean,0.0083004769074155,0.0070097321687576,0.0811969348655934,0.03216904798058883,"
<think>Given the high market capitalization (me) and positive profitability (profit), the stock appears fundamentally strong. The fund's current holding is substantial relative to its AUM, and the stock's S&P 500 weight suggests it is a significant market component. With moderate beta and recent stock volatility, the fund might adjust the position to align with its benchmark weight or manage risk exposure, potentially leading to a modest increase or decrease in holding.</think>
<answer>
{""holding_log_delta"": -0.04}
</answer>","Given the high market capitalization (me) and positive profitability (profit), the stock appears fundamentally strong. The fund's current holding is substantial relative to its AUM, and the stock's S&P 500 weight suggests it is a significant market component. With moderate beta and recent stock volatility, the fund might adjust the position to align with its benchmark weight or manage risk exposure, potentially leading to a modest increase or decrease in holding.","{""holding_log_delta"": -0.04}"
92,population,8,0.32789967210032794,0.307999692000308,0.3640996359003641,,,678,NA,2019-10-01 00:00:00,84788,87294.903594,0.03913504829459398,-0.02,0.059135048294593984,-0.059135048294593984,True,1,type_mean,0.0083004769074155,0.0070097321687576,0.0811969348655934,0.03216904798058883,"
<think>Given the high market capitalization (me) and positive profitability (profit), Amazon appears fundamentally strong, which could support a modest increase in holding. However, its high beta (1.415) indicates above-market volatility, potentially leading to a slight reduction in exposure for risk management. The fund's current holding is substantial relative to its AUM, and the stock's S&P 500 weight suggests it is already a significant benchmark component, limiting further large increases. Therefore, the expected normalized log change is likely a small positive adjustment.</think>
<answer>
{""holding_log_delta"": -0.02}
</answer>","Given the high market capitalization (me) and positive profitability (profit), Amazon appears fundamentally strong, which could support a modest increase in holding. However, its high beta (1.415) indicates above-market volatility, potentially leading to a slight reduction in exposure for risk management. The fund's current holding is substantial relative to its AUM, and the stock's S&P 500 weight suggests it is already a significant benchmark component, limiting further large increases. Therefore, the expected normalized log change is likely a small positive adjustment.","{""holding_log_delta"": -0.02}"
92,population,9,0.3378996621003379,0.306999693000307,0.35509964490035517,,,678,NA,2019-10-01 00:00:00,84788,87294.903594,0.03913504829459398,-0.04,0.07913504829459397,-0.07913504829459397,True,1,type_mean,0.0083004769074155,0.0070097321687576,0.0811969348655934,0.03216904798058883,"
<think>Given the high market capitalization (me) and positive profitability (profit), Amazon appears fundamentally strong, which could support a modest increase in holding. However, its high beta (1.415) indicates above-market volatility, potentially leading to a slight reduction in exposure for risk management. The fund's current holding is substantial relative to its AUM, and the stock's S&P 500 weight is moderate, suggesting the position may be adjusted to align with benchmark importance without a large directional shift.</think>
<answer>
{""holding_log_delta"": -0.04}
</answer>","Given the high market capitalization (me) and positive profitability (profit), Amazon appears fundamentally strong, which could support a modest increase in holding. However, its high beta (1.415) indicates above-market volatility, potentially leading to a slight reduction in exposure for risk management. The fund's current holding is substantial relative to its AUM, and the stock's S&P 500 weight is moderate, suggesting the position may be adjusted to align with benchmark importance without a large directional shift.","{""holding_log_delta"": -0.04}"
92,population,10,0.3378996621003379,0.306999693000307,0.35509964490035517,,,678,NA,2019-10-01 00:00:00,84788,87294.903594,0.03913504829459398,-0.04,0.07913504829459397,-0.07913504829459397,True,1,type_mean,0.0083004769074155,0.0070097321687576,0.0811969348655934,0.03216904798058883,"
<think>Given the high market capitalization (me) and positive profitability (profit), Amazon appears fundamentally strong, which could support a modest increase in holding. However, its high beta (1.415) indicates above-market volatility, potentially leading to a slight reduction in exposure for risk management. The fund's current holding is substantial relative to its AUM, and the stock's S&P 500 weight is moderate, suggesting the position may be adjusted to align with benchmark importance without a large directional shift.</think>
<answer>
{""holding_log_delta"": -0.04}
</answer>","Given the high market capitalization (me) and positive profitability (profit), Amazon appears fundamentally strong, which could support a modest increase in holding. However, its high beta (1.415) indicates above-market volatility, potentially leading to a slight reduction in exposure for risk management. The fund's current holding is substantial relative to its AUM, and the stock's S&P 500 weight is moderate, suggesting the position may be adjusted to align with benchmark importance without a large directional shift.","{""holding_log_delta"": -0.04}"
92,population,11,0.3478996521003479,0.31699968300031706,0.33509966490033516,,,678,NA,2019-10-01 00:00:00,84788,87294.903594,0.03913504829459398,-0.08,0.11913504829459398,-0.11913504829459398,True,1,type_mean,0.0083004769074155,0.0070097321687576,0.0811969348655934,0.03216904798058883,"
<think>Given the high market capitalization (me) and positive profitability (profit), the stock appears fundamentally strong. The fund's current holding is substantial relative to its AUM, and the stock's S&P 500 weight suggests it is a significant market component. With moderate beta and recent volatility, the fund might adjust the position to align with its benchmark weight, potentially reducing exposure slightly due to the large existing holding and high stock-specific risk.</think>
<answer>
{""holding_log_delta"": -0.08}
</answer>","Given the high market capitalization (me) and positive profitability (profit), the stock appears fundamentally strong. The fund's current holding is substantial relative to its AUM, and the stock's S&P 500 weight suggests it is a significant market component. With moderate beta and recent volatility, the fund might adjust the position to align with its benchmark weight, potentially reducing exposure slightly due to the large existing holding and high stock-specific risk.","{""holding_log_delta"": -0.08}"
