generation,stage,candidate_idx,risk_aversion,herd_behavior,profit_driven,ticker,company,id,quarter,date,permno,holding_t,y_true,pred,abs_error,reward,valid,best_k,profile_strength_mode,x_risk_mean,x_herd_mean,x_profit_mean,overall_mean,raw_output,reason,answer_body
65,population,0,0.33793356528505536,0.28692849920178276,0.3751369354138268,,,261,NA,2019-07-01 00:00:00,21776,6462.75058,-0.11742223399216824,-0.03,0.08742223399216824,-0.08742223399216824,True,1,type_mean,0.0083004769074155,0.0070097321687576,0.0811969348655934,0.03216904798058883,"
<think>Given EXC's current fundamentals, the company shows strong profitability (profit=0.1598) and positive asset growth (Gat=0.038352), which are favorable signals. The fund's current holding is relatively small compared to its AUM, and the stock's low beta (0.2216) suggests lower systematic risk, potentially allowing for increased allocation without significant risk exposure. Considering the positive fundamentals and the fund's capacity to adjust positions, a modest increase in holding might be expected to align with the stock's positive performance indicators and the fund's active growth orientation.</think>
<answer>
{""holding_log_delta"": -0.03}
</answer>","Given EXC's current fundamentals, the company shows strong profitability (profit=0.1598) and positive asset growth (Gat=0.038352), which are favorable signals. The fund's current holding is relatively small compared to its AUM, and the stock's low beta (0.2216) suggests lower systematic risk, potentially allowing for increased allocation without significant risk exposure. Considering the positive fundamentals and the fund's capacity to adjust positions, a modest increase in holding might be expected to align with the stock's positive performance indicators and the fund's active growth orientation.","{""holding_log_delta"": -0.03}"
65,population,1,0.3478996521003479,0.32699967300032706,0.32509967490032515,,,261,NA,2019-07-01 00:00:00,21776,6462.75058,-0.11742223399216824,-0.03,0.08742223399216824,-0.08742223399216824,True,1,type_mean,0.0083004769074155,0.0070097321687576,0.0811969348655934,0.03216904798058883,"
<think>Given EXC's current fundamentals, the company shows strong profitability (profit=0.1598) and positive asset growth (Gat=0.0384), which are favorable signals. The fund's current holding is relatively small compared to its AUM, and the stock's low beta (0.22) suggests lower systematic risk, potentially allowing for increased allocation without significant risk exposure. Considering the positive fundamentals and the fund's capacity to adjust positions, a modest increase in holding might be expected to align with the positive growth signals, though the magnitude would likely be tempered by the stock's already elevated S&P 500 weight.</think>
<answer>
{""holding_log_delta"": -0.03}
</answer>","Given EXC's current fundamentals, the company shows strong profitability (profit=0.1598) and positive asset growth (Gat=0.0384), which are favorable signals. The fund's current holding is relatively small compared to its AUM, and the stock's low beta (0.22) suggests lower systematic risk, potentially allowing for increased allocation without significant risk exposure. Considering the positive fundamentals and the fund's capacity to adjust positions, a modest increase in holding might be expected to align with the positive growth signals, though the magnitude would likely be tempered by the stock's already elevated S&P 500 weight.","{""holding_log_delta"": -0.03}"
65,population,2,0.327864503068326,0.3080475456119149,0.3640869513197654,,,261,NA,2019-07-01 00:00:00,21776,6462.75058,-0.11742223399216824,-0.04,0.07742223399216824,-0.07742223399216824,True,1,type_mean,0.0083004769074155,0.0070097321687576,0.0811969348655934,0.03216904798058883,"
<think>Given EXC's current fundamentals, the company shows strong profitability (profit=0.1598) and positive asset growth (Gat=0.038352), which are favorable signals. The fund's current holding is relatively small compared to its AUM, and the stock's low beta (0.2216) suggests lower systematic risk, potentially allowing for increased allocation without significant risk exposure. Considering the positive fundamentals and the fund's capacity to adjust positions, a modest increase in holding might be expected to capture the growth opportunity, though the magnitude would likely be tempered by the stock's already elevated volatility (stock_vol_q_prev=0.1544) and the fund's existing exposure.</think>
<answer>
{""holding_log_delta"": -0.04}
</answer>","Given EXC's current fundamentals, the company shows strong profitability (profit=0.1598) and positive asset growth (Gat=0.038352), which are favorable signals. The fund's current holding is relatively small compared to its AUM, and the stock's low beta (0.2216) suggests lower systematic risk, potentially allowing for increased allocation without significant risk exposure. Considering the positive fundamentals and the fund's capacity to adjust positions, a modest increase in holding might be expected to capture the growth opportunity, though the magnitude would likely be tempered by the stock's already elevated volatility (stock_vol_q_prev=0.1544) and the fund's existing exposure.","{""holding_log_delta"": -0.04}"
65,population,3,0.3378996621003379,0.31599968400031603,0.34609965390034614,,,261,NA,2019-07-01 00:00:00,21776,6462.75058,-0.11742223399216824,-0.03,0.08742223399216824,-0.08742223399216824,True,1,type_mean,0.0083004769074155,0.0070097321687576,0.0811969348655934,0.03216904798058883,"
<think>Given EXC's current fundamentals, the company shows strong profitability (profit=0.1598) and positive asset growth (Gat=0.0384), which are favorable signals. The fund's current holding is relatively small compared to its AUM, and the stock's low beta (0.22) suggests lower systematic risk, potentially allowing for increased allocation without significant risk exposure. Considering the positive fundamentals and the fund's capacity to adjust positions, a modest increase in holding might be expected to align with the stock's positive performance indicators and the fund's active growth orientation.</think>
<answer>
{""holding_log_delta"": -0.03}
</answer>","Given EXC's current fundamentals, the company shows strong profitability (profit=0.1598) and positive asset growth (Gat=0.0384), which are favorable signals. The fund's current holding is relatively small compared to its AUM, and the stock's low beta (0.22) suggests lower systematic risk, potentially allowing for increased allocation without significant risk exposure. Considering the positive fundamentals and the fund's capacity to adjust positions, a modest increase in holding might be expected to align with the stock's positive performance indicators and the fund's active growth orientation.","{""holding_log_delta"": -0.03}"
65,population,4,0.31789968210031794,0.306999693000307,0.37509962490037513,,,261,NA,2019-07-01 00:00:00,21776,6462.75058,-0.11742223399216824,-0.03,0.08742223399216824,-0.08742223399216824,True,1,type_mean,0.0083004769074155,0.0070097321687576,0.0811969348655934,0.03216904798058883,"
<think>Given EXC's current fundamentals, the company shows strong profitability (profit=0.1598) and positive asset growth (Gat=0.0384), which are favorable signals. The fund's current holding is relatively small compared to its AUM, and the stock's low beta (0.22) suggests lower systematic risk, potentially allowing for increased allocation without significant risk exposure. Considering the positive fundamentals and the fund's capacity to adjust positions, a modest increase in holding might be expected to align with the stock's positive performance indicators and the fund's active growth orientation.</think>
<answer>
{""holding_log_delta"": -0.03}
</answer>","Given EXC's current fundamentals, the company shows strong profitability (profit=0.1598) and positive asset growth (Gat=0.0384), which are favorable signals. The fund's current holding is relatively small compared to its AUM, and the stock's low beta (0.22) suggests lower systematic risk, potentially allowing for increased allocation without significant risk exposure. Considering the positive fundamentals and the fund's capacity to adjust positions, a modest increase in holding might be expected to align with the stock's positive performance indicators and the fund's active growth orientation.","{""holding_log_delta"": -0.03}"
65,population,5,0.3279324653140661,0.3069303861082247,0.36513614847869935,,,261,NA,2019-07-01 00:00:00,21776,6462.75058,-0.11742223399216824,-0.03,0.08742223399216824,-0.08742223399216824,True,1,type_mean,0.0083004769074155,0.0070097321687576,0.0811969348655934,0.03216904798058883,"
<think>Given EXC's current fundamentals, the company shows strong profitability (profit=0.1598) and positive asset growth (Gat=0.038352), which are favorable signals. The fund's current holding is relatively small compared to its AUM, and the stock's low beta (0.2216) suggests lower systematic risk, potentially allowing for increased allocation without significant risk exposure. Considering the positive fundamentals and the fund's capacity to adjust positions, a modest increase in holding might be expected to align with the stock's positive performance indicators and the fund's active growth orientation.</think>
<answer>
{""holding_log_delta"": -0.03}
</answer>","Given EXC's current fundamentals, the company shows strong profitability (profit=0.1598) and positive asset growth (Gat=0.038352), which are favorable signals. The fund's current holding is relatively small compared to its AUM, and the stock's low beta (0.2216) suggests lower systematic risk, potentially allowing for increased allocation without significant risk exposure. Considering the positive fundamentals and the fund's capacity to adjust positions, a modest increase in holding might be expected to align with the stock's positive performance indicators and the fund's active growth orientation.","{""holding_log_delta"": -0.03}"
65,population,6,0.3413130113706876,0.2797975511702793,0.3788884273583779,,,261,NA,2019-07-01 00:00:00,21776,6462.75058,-0.11742223399216824,-0.04,0.07742223399216824,-0.07742223399216824,True,1,type_mean,0.0083004769074155,0.0070097321687576,0.0811969348655934,0.03216904798058883,"
<think>Given EXC's current fundamentals, the company shows strong profitability (profit=0.1598) and positive asset growth (Gat=0.038352), which are favorable signals. The fund's current holding is relatively small compared to its AUM, and the stock's low beta (0.2216) suggests lower systematic risk, potentially allowing for increased allocation without significant risk exposure. Considering the positive fundamentals and the fund's capacity to adjust positions, a modest increase in holding might be expected, though the magnitude would likely be tempered by the stock's already elevated S&P 500 weight and the fund's existing exposure.</think>
<answer>
{""holding_log_delta"": -0.04}
</answer>","Given EXC's current fundamentals, the company shows strong profitability (profit=0.1598) and positive asset growth (Gat=0.038352), which are favorable signals. The fund's current holding is relatively small compared to its AUM, and the stock's low beta (0.2216) suggests lower systematic risk, potentially allowing for increased allocation without significant risk exposure. Considering the positive fundamentals and the fund's capacity to adjust positions, a modest increase in holding might be expected, though the magnitude would likely be tempered by the stock's already elevated S&P 500 weight and the fund's existing exposure.","{""holding_log_delta"": -0.04}"
65,population,7,0.3478996521003479,0.307999692000308,0.34409965590034414,,,261,NA,2019-07-01 00:00:00,21776,6462.75058,-0.11742223399216824,-0.03,0.08742223399216824,-0.08742223399216824,True,1,type_mean,0.0083004769074155,0.0070097321687576,0.0811969348655934,0.03216904798058883,"
<think>Given EXC's current fundamentals, the company shows strong profitability (profit=0.1598) and positive asset growth (Gat=0.0384), which are favorable signals. The fund's current holding is relatively small compared to its AUM, and the stock's low beta (0.22) suggests lower systematic risk, potentially allowing for increased allocation without significant risk exposure. Considering the positive fundamentals and the fund's capacity to adjust positions, a modest increase in the normalized log holding is expected.</think>
<answer>
{""holding_log_delta"": -0.03}
</answer>","Given EXC's current fundamentals, the company shows strong profitability (profit=0.1598) and positive asset growth (Gat=0.0384), which are favorable signals. The fund's current holding is relatively small compared to its AUM, and the stock's low beta (0.22) suggests lower systematic risk, potentially allowing for increased allocation without significant risk exposure. Considering the positive fundamentals and the fund's capacity to adjust positions, a modest increase in the normalized log holding is expected.","{""holding_log_delta"": -0.03}"
65,population,8,0.3378996621003379,0.31699968300031706,0.34509965490034517,,,261,NA,2019-07-01 00:00:00,21776,6462.75058,-0.11742223399216824,-0.03,0.08742223399216824,-0.08742223399216824,True,1,type_mean,0.0083004769074155,0.0070097321687576,0.0811969348655934,0.03216904798058883,"
<think>Given EXC's current fundamentals, the company shows strong profitability (profit=0.1598) and positive asset growth (Gat=0.0384), which are favorable signals. The fund's current holding is relatively small compared to its AUM, and the stock's low beta suggests lower systematic risk, potentially allowing for increased allocation without significant risk exposure. Considering the positive fundamentals and the fund's capacity to adjust positions, a modest increase in the normalized log holding is expected.</think>
<answer>
{""holding_log_delta"": -0.03}
</answer>","Given EXC's current fundamentals, the company shows strong profitability (profit=0.1598) and positive asset growth (Gat=0.0384), which are favorable signals. The fund's current holding is relatively small compared to its AUM, and the stock's low beta suggests lower systematic risk, potentially allowing for increased allocation without significant risk exposure. Considering the positive fundamentals and the fund's capacity to adjust positions, a modest increase in the normalized log holding is expected.","{""holding_log_delta"": -0.03}"
65,population,9,0.3478996521003479,0.296999703000297,0.35509964490035517,,,261,NA,2019-07-01 00:00:00,21776,6462.75058,-0.11742223399216824,-0.03,0.08742223399216824,-0.08742223399216824,True,1,type_mean,0.0083004769074155,0.0070097321687576,0.0811969348655934,0.03216904798058883,"
<think>Given EXC's current fundamentals, the company shows strong profitability (profit=0.1598) and positive asset growth (Gat=0.038352), which are favorable signals. The fund's current holding is relatively small compared to its AUM, and the stock's low beta (0.2216) suggests lower systematic risk, potentially allowing for increased allocation without significant risk exposure. Considering the positive fundamentals and the fund's capacity to adjust positions, a modest increase in holding might be expected to align with the stock's positive performance indicators and the fund's active growth orientation.</think>
<answer>
{""holding_log_delta"": -0.03}
</answer>","Given EXC's current fundamentals, the company shows strong profitability (profit=0.1598) and positive asset growth (Gat=0.038352), which are favorable signals. The fund's current holding is relatively small compared to its AUM, and the stock's low beta (0.2216) suggests lower systematic risk, potentially allowing for increased allocation without significant risk exposure. Considering the positive fundamentals and the fund's capacity to adjust positions, a modest increase in holding might be expected to align with the stock's positive performance indicators and the fund's active growth orientation.","{""holding_log_delta"": -0.03}"
65,population,10,0.3478996521003479,0.31699968300031706,0.33509966490033516,,,261,NA,2019-07-01 00:00:00,21776,6462.75058,-0.11742223399216824,-0.03,0.08742223399216824,-0.08742223399216824,True,1,type_mean,0.0083004769074155,0.0070097321687576,0.0811969348655934,0.03216904798058883,"
<think>Given EXC's current fundamentals, the company shows strong profitability (profit=0.1598) and positive asset growth (Gat=0.038352), which are favorable signals. The fund's current holding is relatively small compared to its AUM, and the stock's low beta (0.2216) suggests lower systematic risk, potentially allowing for increased allocation without significant risk exposure. Considering the positive fundamentals and the fund's capacity to adjust positions, a modest increase in holding might be expected to align with the stock's positive performance indicators and the fund's active growth orientation.</think>
<answer>
{""holding_log_delta"": -0.03}
</answer>","Given EXC's current fundamentals, the company shows strong profitability (profit=0.1598) and positive asset growth (Gat=0.038352), which are favorable signals. The fund's current holding is relatively small compared to its AUM, and the stock's low beta (0.2216) suggests lower systematic risk, potentially allowing for increased allocation without significant risk exposure. Considering the positive fundamentals and the fund's capacity to adjust positions, a modest increase in holding might be expected to align with the stock's positive performance indicators and the fund's active growth orientation.","{""holding_log_delta"": -0.03}"
65,population,11,0.3378996621003379,0.296999703000297,0.3650996349003651,,,261,NA,2019-07-01 00:00:00,21776,6462.75058,-0.11742223399216824,-0.03,0.08742223399216824,-0.08742223399216824,True,1,type_mean,0.0083004769074155,0.0070097321687576,0.0811969348655934,0.03216904798058883,"
<think>Given EXC's current fundamentals, the company shows strong profitability (profit=0.1598) and positive asset growth (Gat=0.038352), which are favorable signals. The fund's current holding is relatively small compared to its AUM, and the stock's low beta (0.2216) suggests lower systematic risk, potentially allowing for increased allocation without significant risk exposure. Considering the positive fundamentals and the fund's capacity to adjust positions, a modest increase in holding might be expected to align with the stock's positive performance indicators and the fund's active growth orientation.</think>
<answer>
{""holding_log_delta"": -0.03}
</answer>","Given EXC's current fundamentals, the company shows strong profitability (profit=0.1598) and positive asset growth (Gat=0.038352), which are favorable signals. The fund's current holding is relatively small compared to its AUM, and the stock's low beta (0.2216) suggests lower systematic risk, potentially allowing for increased allocation without significant risk exposure. Considering the positive fundamentals and the fund's capacity to adjust positions, a modest increase in holding might be expected to align with the stock's positive performance indicators and the fund's active growth orientation.","{""holding_log_delta"": -0.03}"
