generation,stage,candidate_idx,risk_aversion,herd_behavior,profit_driven,ticker,company,id,quarter,date,permno,holding_t,y_true,pred,abs_error,reward,valid,best_k,profile_strength_mode,x_risk_mean,x_herd_mean,x_profit_mean,overall_mean,raw_output,reason,answer_body
31,population,0,0.5633539583892646,0.2705072964735891,0.16613774513714621,KR,KROGER CO,940,NA,2016-04-01 00:00:00,16678,13258.515439,-0.3536007172663306,-0.04,0.3136007172663306,-0.3136007172663306,True,1,type_mean,0.0082565895035254,0.0069532062192367,0.2194993243101532,0.0782363733443051,"
<think>Given the firm's moderate profitability (profit=0.6955) and low beta (0.7235), it appears relatively stable but not growth-oriented. The fund's current holding is substantial relative to its AUM, and the stock's low S&P 500 weight suggests limited benchmark-driven pressure. Considering the low risk profile and the fund's existing large position, a modest adjustment to align with the benchmark or manage concentration is likely, rather than a significant increase or decrease.</think>
<answer>
{""holding_log_delta"": -0.04}
</answer>","Given the firm's moderate profitability (profit=0.6955) and low beta (0.7235), it appears relatively stable but not growth-oriented. The fund's current holding is substantial relative to its AUM, and the stock's low S&P 500 weight suggests limited benchmark-driven pressure. Considering the low risk profile and the fund's existing large position, a modest adjustment to align with the benchmark or manage concentration is likely, rather than a significant increase or decrease.","{""holding_log_delta"": -0.04}"
31,population,1,0.5833539583892248,0.24050729647358912,0.17613774513718625,KR,KROGER CO,940,NA,2016-04-01 00:00:00,16678,13258.515439,-0.3536007172663306,-0.04,0.3136007172663306,-0.3136007172663306,True,1,type_mean,0.0082565895035254,0.0069532062192367,0.2194993243101532,0.0782363733443051,"
<think>Given the firm's moderate profitability (profit=0.6955) and low beta (0.7235), it appears relatively stable but not growth-oriented. The fund's current holding is substantial relative to its AUM, and the stock's low S&P 500 weight suggests limited benchmark-driven pressure. Considering the low risk profile and the fund's existing large position, a modest adjustment to align with the benchmark or manage concentration is likely, rather than a significant increase or decrease.</think>
<answer>
{""holding_log_delta"": -0.04}
</answer>","Given the firm's moderate profitability (profit=0.6955) and low beta (0.7235), it appears relatively stable but not growth-oriented. The fund's current holding is substantial relative to its AUM, and the stock's low S&P 500 weight suggests limited benchmark-driven pressure. Considering the low risk profile and the fund's existing large position, a modest adjustment to align with the benchmark or manage concentration is likely, rather than a significant increase or decrease.","{""holding_log_delta"": -0.04}"
31,population,2,0.6133539583898281,0.2705072964738596,0.11613774513731237,KR,KROGER CO,940,NA,2016-04-01 00:00:00,16678,13258.515439,-0.3536007172663306,-0.04,0.3136007172663306,-0.3136007172663306,True,1,type_mean,0.0082565895035254,0.0069532062192367,0.2194993243101532,0.0782363733443051,"
<think>Given the firm's moderate profitability (profit=0.6955) and low beta (0.7235), it appears relatively stable but not growth-oriented. The fund's current holding is substantial relative to its AUM, and the stock's low S&P 500 weight suggests limited benchmark-driven pressure. Considering the low risk profile and the fund's existing large position, a modest adjustment to align with the benchmark or manage concentration is likely, rather than a significant increase or decrease.</think>
<answer>
{""holding_log_delta"": -0.04}
</answer>","Given the firm's moderate profitability (profit=0.6955) and low beta (0.7235), it appears relatively stable but not growth-oriented. The fund's current holding is substantial relative to its AUM, and the stock's low S&P 500 weight suggests limited benchmark-driven pressure. Considering the low risk profile and the fund's existing large position, a modest adjustment to align with the benchmark or manage concentration is likely, rather than a significant increase or decrease.","{""holding_log_delta"": -0.04}"
31,population,3,0.6133539583898281,0.2705072964738596,0.11613774513731237,KR,KROGER CO,940,NA,2016-04-01 00:00:00,16678,13258.515439,-0.3536007172663306,-0.04,0.3136007172663306,-0.3136007172663306,True,1,type_mean,0.0082565895035254,0.0069532062192367,0.2194993243101532,0.0782363733443051,"
<think>Given the firm's moderate profitability (profit=0.6955) and low beta (0.7235), it appears relatively stable but not growth-oriented. The fund's current holding is substantial relative to its AUM, and the stock's low S&P 500 weight suggests limited benchmark-driven pressure. Considering the low risk profile and the fund's existing large position, a modest adjustment to align with the benchmark or manage concentration is likely, rather than a significant increase or decrease.</think>
<answer>
{""holding_log_delta"": -0.04}
</answer>","Given the firm's moderate profitability (profit=0.6955) and low beta (0.7235), it appears relatively stable but not growth-oriented. The fund's current holding is substantial relative to its AUM, and the stock's low S&P 500 weight suggests limited benchmark-driven pressure. Considering the low risk profile and the fund's existing large position, a modest adjustment to align with the benchmark or manage concentration is likely, rather than a significant increase or decrease.","{""holding_log_delta"": -0.04}"
31,population,4,0.6133539583898281,0.2705072964738596,0.11613774513731237,KR,KROGER CO,940,NA,2016-04-01 00:00:00,16678,13258.515439,-0.3536007172663306,-0.04,0.3136007172663306,-0.3136007172663306,True,1,type_mean,0.0082565895035254,0.0069532062192367,0.2194993243101532,0.0782363733443051,"
<think>Given the firm's moderate profitability (profit=0.6955) and low beta (0.7235), it appears relatively stable but not growth-oriented. The fund's current holding is substantial relative to its AUM, and the stock's low S&P 500 weight suggests limited benchmark-driven pressure. Considering the low risk profile and the fund's existing large position, a modest adjustment to align with the benchmark or manage concentration is likely, rather than a significant increase or decrease.</think>
<answer>
{""holding_log_delta"": -0.04}
</answer>","Given the firm's moderate profitability (profit=0.6955) and low beta (0.7235), it appears relatively stable but not growth-oriented. The fund's current holding is substantial relative to its AUM, and the stock's low S&P 500 weight suggests limited benchmark-driven pressure. Considering the low risk profile and the fund's existing large position, a modest adjustment to align with the benchmark or manage concentration is likely, rather than a significant increase or decrease.","{""holding_log_delta"": -0.04}"
31,population,5,0.6133539583898281,0.2705072964738596,0.11613774513731237,KR,KROGER CO,940,NA,2016-04-01 00:00:00,16678,13258.515439,-0.3536007172663306,-0.04,0.3136007172663306,-0.3136007172663306,True,1,type_mean,0.0082565895035254,0.0069532062192367,0.2194993243101532,0.0782363733443051,"
<think>Given the firm's moderate profitability (profit=0.6955) and low beta (0.7235), it appears relatively stable but not growth-oriented. The fund's current holding is substantial relative to its AUM, and the stock's low S&P 500 weight suggests limited benchmark-driven pressure. Considering the low risk profile and the fund's existing large position, a modest adjustment to align with the benchmark or manage concentration is likely, rather than a significant increase or decrease.</think>
<answer>
{""holding_log_delta"": -0.04}
</answer>","Given the firm's moderate profitability (profit=0.6955) and low beta (0.7235), it appears relatively stable but not growth-oriented. The fund's current holding is substantial relative to its AUM, and the stock's low S&P 500 weight suggests limited benchmark-driven pressure. Considering the low risk profile and the fund's existing large position, a modest adjustment to align with the benchmark or manage concentration is likely, rather than a significant increase or decrease.","{""holding_log_delta"": -0.04}"
31,population,6,0.6133539583898281,0.2705072964738596,0.11613774513731237,KR,KROGER CO,940,NA,2016-04-01 00:00:00,16678,13258.515439,-0.3536007172663306,-0.04,0.3136007172663306,-0.3136007172663306,True,1,type_mean,0.0082565895035254,0.0069532062192367,0.2194993243101532,0.0782363733443051,"
<think>Given the firm's moderate profitability (profit=0.6955) and low beta (0.7235), it appears relatively stable but not growth-oriented. The fund's current holding is substantial relative to its AUM, and the stock's low S&P 500 weight suggests limited benchmark-driven pressure. Considering the low risk profile and the fund's existing large position, a modest adjustment to align with the benchmark or manage concentration is likely, rather than a significant increase or decrease.</think>
<answer>
{""holding_log_delta"": -0.04}
</answer>","Given the firm's moderate profitability (profit=0.6955) and low beta (0.7235), it appears relatively stable but not growth-oriented. The fund's current holding is substantial relative to its AUM, and the stock's low S&P 500 weight suggests limited benchmark-driven pressure. Considering the low risk profile and the fund's existing large position, a modest adjustment to align with the benchmark or manage concentration is likely, rather than a significant increase or decrease.","{""holding_log_delta"": -0.04}"
31,population,7,0.6133539583898281,0.2705072964738596,0.11613774513731237,KR,KROGER CO,940,NA,2016-04-01 00:00:00,16678,13258.515439,-0.3536007172663306,-0.04,0.3136007172663306,-0.3136007172663306,True,1,type_mean,0.0082565895035254,0.0069532062192367,0.2194993243101532,0.0782363733443051,"
<think>Given the firm's moderate profitability (profit=0.6955) and low beta (0.7235), it appears relatively stable but not growth-oriented. The fund's current holding is substantial relative to its AUM, and the stock's low S&P 500 weight suggests limited benchmark-driven pressure. Considering the low risk profile and the fund's existing large position, a modest adjustment to align with the benchmark or manage concentration is likely, rather than a significant increase or decrease.</think>
<answer>
{""holding_log_delta"": -0.04}
</answer>","Given the firm's moderate profitability (profit=0.6955) and low beta (0.7235), it appears relatively stable but not growth-oriented. The fund's current holding is substantial relative to its AUM, and the stock's low S&P 500 weight suggests limited benchmark-driven pressure. Considering the low risk profile and the fund's existing large position, a modest adjustment to align with the benchmark or manage concentration is likely, rather than a significant increase or decrease.","{""holding_log_delta"": -0.04}"
31,population,8,0.6133539583898281,0.2705072964738596,0.11613774513731237,KR,KROGER CO,940,NA,2016-04-01 00:00:00,16678,13258.515439,-0.3536007172663306,-0.04,0.3136007172663306,-0.3136007172663306,True,1,type_mean,0.0082565895035254,0.0069532062192367,0.2194993243101532,0.0782363733443051,"
<think>Given the firm's moderate profitability (profit=0.6955) and low beta (0.7235), it appears relatively stable but not growth-oriented. The fund's current holding is substantial relative to its AUM, and the stock's low S&P 500 weight suggests limited benchmark-driven pressure. Considering the low risk profile and the fund's existing large position, a modest adjustment to align with the benchmark or manage concentration is likely, rather than a significant increase or decrease.</think>
<answer>
{""holding_log_delta"": -0.04}
</answer>","Given the firm's moderate profitability (profit=0.6955) and low beta (0.7235), it appears relatively stable but not growth-oriented. The fund's current holding is substantial relative to its AUM, and the stock's low S&P 500 weight suggests limited benchmark-driven pressure. Considering the low risk profile and the fund's existing large position, a modest adjustment to align with the benchmark or manage concentration is likely, rather than a significant increase or decrease.","{""holding_log_delta"": -0.04}"
31,population,9,0.5233539583892647,0.26050729647358917,0.21613774513714623,KR,KROGER CO,940,NA,2016-04-01 00:00:00,16678,13258.515439,-0.3536007172663306,-0.04,0.3136007172663306,-0.3136007172663306,True,1,type_mean,0.0082565895035254,0.0069532062192367,0.2194993243101532,0.0782363733443051,"
<think>Given the firm's moderate profitability (profit=0.6955) and low beta (0.7235), it appears relatively stable but not growth-oriented. The fund's current holding is substantial relative to its AUM, and the stock's low S&P 500 weight suggests limited benchmark-driven pressure. Considering the low risk profile and the fund's existing large position, a modest adjustment to align with the benchmark or manage concentration is likely, rather than a significant increase or decrease.</think>
<answer>
{""holding_log_delta"": -0.04}
</answer>","Given the firm's moderate profitability (profit=0.6955) and low beta (0.7235), it appears relatively stable but not growth-oriented. The fund's current holding is substantial relative to its AUM, and the stock's low S&P 500 weight suggests limited benchmark-driven pressure. Considering the low risk profile and the fund's existing large position, a modest adjustment to align with the benchmark or manage concentration is likely, rather than a significant increase or decrease.","{""holding_log_delta"": -0.04}"
31,population,10,0.5233539583892647,0.26050729647358917,0.21613774513714626,KR,KROGER CO,940,NA,2016-04-01 00:00:00,16678,13258.515439,-0.3536007172663306,-0.04,0.3136007172663306,-0.3136007172663306,True,1,type_mean,0.0082565895035254,0.0069532062192367,0.2194993243101532,0.0782363733443051,"
<think>Given the firm's moderate profitability (profit=0.6955) and low beta (0.7235), it appears relatively stable but not growth-oriented. The fund's current holding is substantial relative to its AUM, and the stock's low S&P 500 weight suggests limited benchmark-driven pressure. Considering the low risk profile and the fund's existing large position, a modest adjustment to align with the benchmark or manage concentration is likely, rather than a significant increase or decrease.</think>
<answer>
{""holding_log_delta"": -0.04}
</answer>","Given the firm's moderate profitability (profit=0.6955) and low beta (0.7235), it appears relatively stable but not growth-oriented. The fund's current holding is substantial relative to its AUM, and the stock's low S&P 500 weight suggests limited benchmark-driven pressure. Considering the low risk profile and the fund's existing large position, a modest adjustment to align with the benchmark or manage concentration is likely, rather than a significant increase or decrease.","{""holding_log_delta"": -0.04}"
31,population,11,0.5529994470005531,0.264999735000265,0.181999818000182,KR,KROGER CO,940,NA,2016-04-01 00:00:00,16678,13258.515439,-0.3536007172663306,-0.04,0.3136007172663306,-0.3136007172663306,True,1,type_mean,0.0082565895035254,0.0069532062192367,0.2194993243101532,0.0782363733443051,"
<think>Given the firm's moderate profitability (profit=0.6955) and low beta (0.7235), it appears relatively stable but not growth-oriented. The fund's current holding is substantial relative to its AUM, and the stock's low S&P 500 weight suggests limited benchmark-driven pressure. Considering the low risk profile and the fund's existing large position, a modest adjustment to align with the benchmark or manage concentration is likely, rather than a significant increase or decrease.</think>
<answer>
{""holding_log_delta"": -0.04}
</answer>","Given the firm's moderate profitability (profit=0.6955) and low beta (0.7235), it appears relatively stable but not growth-oriented. The fund's current holding is substantial relative to its AUM, and the stock's low S&P 500 weight suggests limited benchmark-driven pressure. Considering the low risk profile and the fund's existing large position, a modest adjustment to align with the benchmark or manage concentration is likely, rather than a significant increase or decrease.","{""holding_log_delta"": -0.04}"
