generation,stage,candidate_idx,risk_aversion,herd_behavior,profit_driven,ticker,company,id,quarter,date,permno,holding_t,y_true,pred,abs_error,reward,valid,best_k,profile_strength_mode,x_risk_mean,x_herd_mean,x_profit_mean,overall_mean,raw_output,reason,answer_body
9,population,0,0.28295447293113724,0.2624836746641237,0.45456086230572934,,,450,NA,2019-04-01 00:00:00,85663,1558.162232,-0.07004542019801531,-0.07,4.542019801530295e-05,-4.542019801530295e-05,True,1,type_mean,0.0083004769074155,0.0070097321687576,0.0811969348655934,0.03216904798058883,"
<think>Given URI's high beta of 2.58 and substantial market volatility (stock_vol_q_prev = 0.38), the stock presents significant risk relative to its current holding weight. The fund's AUM is large compared to the stock's S&P 500 weight, suggesting room for adjustment. With positive profitability and asset growth, but elevated beta, a prudent portfolio manager might reduce exposure to manage risk, leading to a modest negative normalized log change.</think>
<answer>
{""holding_log_delta"": -0.07}
</answer>","Given URI's high beta of 2.58 and substantial market volatility (stock_vol_q_prev = 0.38), the stock presents significant risk relative to its current holding weight. The fund's AUM is large compared to the stock's S&P 500 weight, suggesting room for adjustment. With positive profitability and asset growth, but elevated beta, a prudent portfolio manager might reduce exposure to manage risk, leading to a modest negative normalized log change.","{""holding_log_delta"": -0.07}"
9,population,1,0.294999705000295,0.244999755000245,0.45999954000046006,,,450,NA,2019-04-01 00:00:00,85663,1558.162232,-0.07004542019801531,-0.03,0.04004542019801531,-0.04004542019801531,True,1,type_mean,0.0083004769074155,0.0070097321687576,0.0811969348655934,0.03216904798058883,"
<think>Given URI's high beta of 2.58 and substantial positive profit margin, the stock appears fundamentally strong but also carries elevated systematic risk. The fund's current holding is modest relative to its AUM and the stock's S&P 500 weight, suggesting room for adjustment. Considering the high beta and the fund's active growth orientation, a likely response would be a moderate increase in holding to align with the stock's attractive profitability and market importance, though the elevated risk might temper the magnitude of the increase.</think>
<answer>
{""holding_log_delta"": -0.03}
</answer>","Given URI's high beta of 2.58 and substantial positive profit margin, the stock appears fundamentally strong but also carries elevated systematic risk. The fund's current holding is modest relative to its AUM and the stock's S&P 500 weight, suggesting room for adjustment. Considering the high beta and the fund's active growth orientation, a likely response would be a moderate increase in holding to align with the stock's attractive profitability and market importance, though the elevated risk might temper the magnitude of the increase.","{""holding_log_delta"": -0.03}"
9,population,2,0.25578401766073156,0.23510851141102743,0.5091064709292412,,,450,NA,2019-04-01 00:00:00,85663,1558.162232,-0.07004542019801531,-0.05,0.020045420198015307,-0.020045420198015307,True,1,type_mean,0.0083004769074155,0.0070097321687576,0.0811969348655934,0.03216904798058883,"
<think>Given URI's high beta of 2.58 and substantial market volatility (stock_vol_q_prev = 0.382), the fund might reduce its position to manage risk exposure, especially considering the stock's elevated beta relative to the market. The current holding is already a significant portion of the fund's AUM, and the low S&P 500 weight suggests limited benchmark-driven demand, likely leading to a modest decrease in the normalized log holding.</think>
<answer>
{""holding_log_delta"": -0.05}
</answer>","Given URI's high beta of 2.58 and substantial market volatility (stock_vol_q_prev = 0.382), the fund might reduce its position to manage risk exposure, especially considering the stock's elevated beta relative to the market. The current holding is already a significant portion of the fund's AUM, and the low S&P 500 weight suggests limited benchmark-driven demand, likely leading to a modest decrease in the normalized log holding.","{""holding_log_delta"": -0.05}"
9,population,3,0.25578401766073156,0.23510851141102743,0.5091064709292412,,,450,NA,2019-04-01 00:00:00,85663,1558.162232,-0.07004542019801531,-0.05,0.020045420198015307,-0.020045420198015307,True,1,type_mean,0.0083004769074155,0.0070097321687576,0.0811969348655934,0.03216904798058883,"
<think>Given URI's high beta of 2.58 and substantial market volatility (stock_vol_q_prev = 0.382), the fund might reduce its position to manage risk exposure, especially considering the stock's elevated beta relative to the market. The current holding is already a significant portion of the fund's AUM, and the low S&P 500 weight suggests limited benchmark-driven demand, likely leading to a modest decrease in the normalized log holding.</think>
<answer>
{""holding_log_delta"": -0.05}
</answer>","Given URI's high beta of 2.58 and substantial market volatility (stock_vol_q_prev = 0.382), the fund might reduce its position to manage risk exposure, especially considering the stock's elevated beta relative to the market. The current holding is already a significant portion of the fund's AUM, and the low S&P 500 weight suggests limited benchmark-driven demand, likely leading to a modest decrease in the normalized log holding.","{""holding_log_delta"": -0.05}"
9,population,4,0.25578401766073156,0.23510851141102743,0.5091064709292412,,,450,NA,2019-04-01 00:00:00,85663,1558.162232,-0.07004542019801531,-0.05,0.020045420198015307,-0.020045420198015307,True,1,type_mean,0.0083004769074155,0.0070097321687576,0.0811969348655934,0.03216904798058883,"
<think>Given URI's high beta of 2.58 and substantial market volatility (stock_vol_q_prev = 0.382), the fund might reduce its position to manage risk exposure, especially considering the stock's elevated beta relative to the market. The current holding is already a significant portion of the fund's AUM, and the low S&P 500 weight suggests limited benchmark-driven demand, likely leading to a modest decrease in the normalized log holding.</think>
<answer>
{""holding_log_delta"": -0.05}
</answer>","Given URI's high beta of 2.58 and substantial market volatility (stock_vol_q_prev = 0.382), the fund might reduce its position to manage risk exposure, especially considering the stock's elevated beta relative to the market. The current holding is already a significant portion of the fund's AUM, and the low S&P 500 weight suggests limited benchmark-driven demand, likely leading to a modest decrease in the normalized log holding.","{""holding_log_delta"": -0.05}"
9,population,5,0.25578401766073156,0.23510851141102743,0.5091064709292412,,,450,NA,2019-04-01 00:00:00,85663,1558.162232,-0.07004542019801531,-0.05,0.020045420198015307,-0.020045420198015307,True,1,type_mean,0.0083004769074155,0.0070097321687576,0.0811969348655934,0.03216904798058883,"
<think>Given URI's high beta of 2.58 and substantial market volatility (stock_vol_q_prev = 0.382), the fund might reduce its position to manage risk exposure, especially considering the stock's elevated beta relative to the market. The current holding is already a significant portion of the fund's AUM, and the low S&P 500 weight suggests limited benchmark-driven demand, likely leading to a modest decrease in the normalized log holding.</think>
<answer>
{""holding_log_delta"": -0.05}
</answer>","Given URI's high beta of 2.58 and substantial market volatility (stock_vol_q_prev = 0.382), the fund might reduce its position to manage risk exposure, especially considering the stock's elevated beta relative to the market. The current holding is already a significant portion of the fund's AUM, and the low S&P 500 weight suggests limited benchmark-driven demand, likely leading to a modest decrease in the normalized log holding.","{""holding_log_delta"": -0.05}"
9,population,6,0.25578401766073156,0.23510851141102743,0.5091064709292412,,,450,NA,2019-04-01 00:00:00,85663,1558.162232,-0.07004542019801531,-0.05,0.020045420198015307,-0.020045420198015307,True,1,type_mean,0.0083004769074155,0.0070097321687576,0.0811969348655934,0.03216904798058883,"
<think>Given URI's high beta of 2.58 and substantial market volatility (stock_vol_q_prev = 0.382), the fund might reduce its position to manage risk exposure, especially considering the stock's elevated beta relative to the market. The current holding is already a significant portion of the fund's AUM, and the low S&P 500 weight suggests limited benchmark-driven demand, likely leading to a modest decrease in the normalized log holding.</think>
<answer>
{""holding_log_delta"": -0.05}
</answer>","Given URI's high beta of 2.58 and substantial market volatility (stock_vol_q_prev = 0.382), the fund might reduce its position to manage risk exposure, especially considering the stock's elevated beta relative to the market. The current holding is already a significant portion of the fund's AUM, and the low S&P 500 weight suggests limited benchmark-driven demand, likely leading to a modest decrease in the normalized log holding.","{""holding_log_delta"": -0.05}"
9,population,7,0.25578401766073156,0.23510851141102743,0.5091064709292412,,,450,NA,2019-04-01 00:00:00,85663,1558.162232,-0.07004542019801531,-0.05,0.020045420198015307,-0.020045420198015307,True,1,type_mean,0.0083004769074155,0.0070097321687576,0.0811969348655934,0.03216904798058883,"
<think>Given URI's high beta of 2.58 and substantial market volatility (stock_vol_q_prev = 0.382), the fund might reduce its position to manage risk exposure, especially considering the stock's elevated beta relative to the market. The current holding is already a significant portion of the fund's AUM, and the low S&P 500 weight suggests limited benchmark-driven demand, likely leading to a modest decrease in the normalized log holding.</think>
<answer>
{""holding_log_delta"": -0.05}
</answer>","Given URI's high beta of 2.58 and substantial market volatility (stock_vol_q_prev = 0.382), the fund might reduce its position to manage risk exposure, especially considering the stock's elevated beta relative to the market. The current holding is already a significant portion of the fund's AUM, and the low S&P 500 weight suggests limited benchmark-driven demand, likely leading to a modest decrease in the normalized log holding.","{""holding_log_delta"": -0.05}"
9,population,8,0.25578401766073156,0.23510851141102743,0.5091064709292412,,,450,NA,2019-04-01 00:00:00,85663,1558.162232,-0.07004542019801531,-0.05,0.020045420198015307,-0.020045420198015307,True,1,type_mean,0.0083004769074155,0.0070097321687576,0.0811969348655934,0.03216904798058883,"
<think>Given URI's high beta of 2.58 and substantial market volatility (stock_vol_q_prev = 0.382), the fund might reduce its position to manage risk exposure, especially considering the stock's elevated beta relative to the market. The current holding is already a significant portion of the fund's AUM, and the low S&P 500 weight suggests limited benchmark-driven demand, likely leading to a modest decrease in the normalized log holding.</think>
<answer>
{""holding_log_delta"": -0.05}
</answer>","Given URI's high beta of 2.58 and substantial market volatility (stock_vol_q_prev = 0.382), the fund might reduce its position to manage risk exposure, especially considering the stock's elevated beta relative to the market. The current holding is already a significant portion of the fund's AUM, and the low S&P 500 weight suggests limited benchmark-driven demand, likely leading to a modest decrease in the normalized log holding.","{""holding_log_delta"": -0.05}"
9,population,9,0.25578401766073156,0.23510851141102743,0.5091064709292412,,,450,NA,2019-04-01 00:00:00,85663,1558.162232,-0.07004542019801531,-0.05,0.020045420198015307,-0.020045420198015307,True,1,type_mean,0.0083004769074155,0.0070097321687576,0.0811969348655934,0.03216904798058883,"
<think>Given URI's high beta of 2.58 and substantial market volatility (stock_vol_q_prev = 0.382), the fund might reduce its position to manage risk exposure, especially considering the stock's elevated beta relative to the market. The current holding is already a significant portion of the fund's AUM, and the low S&P 500 weight suggests limited benchmark-driven demand, likely leading to a modest decrease in the normalized log holding.</think>
<answer>
{""holding_log_delta"": -0.05}
</answer>","Given URI's high beta of 2.58 and substantial market volatility (stock_vol_q_prev = 0.382), the fund might reduce its position to manage risk exposure, especially considering the stock's elevated beta relative to the market. The current holding is already a significant portion of the fund's AUM, and the low S&P 500 weight suggests limited benchmark-driven demand, likely leading to a modest decrease in the normalized log holding.","{""holding_log_delta"": -0.05}"
9,population,10,0.25578401766073156,0.23510851141102743,0.5091064709292412,,,450,NA,2019-04-01 00:00:00,85663,1558.162232,-0.07004542019801531,-0.05,0.020045420198015307,-0.020045420198015307,True,1,type_mean,0.0083004769074155,0.0070097321687576,0.0811969348655934,0.03216904798058883,"
<think>Given URI's high beta of 2.58 and substantial market volatility (stock_vol_q_prev = 0.382), the fund might reduce its position to manage risk exposure, especially considering the stock's elevated beta relative to the market. The current holding is already a significant portion of the fund's AUM, and the low S&P 500 weight suggests limited benchmark-driven demand, likely leading to a modest decrease in the normalized log holding.</think>
<answer>
{""holding_log_delta"": -0.05}
</answer>","Given URI's high beta of 2.58 and substantial market volatility (stock_vol_q_prev = 0.382), the fund might reduce its position to manage risk exposure, especially considering the stock's elevated beta relative to the market. The current holding is already a significant portion of the fund's AUM, and the low S&P 500 weight suggests limited benchmark-driven demand, likely leading to a modest decrease in the normalized log holding.","{""holding_log_delta"": -0.05}"
9,population,11,0.25578401766073156,0.23510851141102743,0.5091064709292412,,,450,NA,2019-04-01 00:00:00,85663,1558.162232,-0.07004542019801531,-0.05,0.020045420198015307,-0.020045420198015307,True,1,type_mean,0.0083004769074155,0.0070097321687576,0.0811969348655934,0.03216904798058883,"
<think>Given URI's high beta of 2.58 and substantial market volatility (stock_vol_q_prev = 0.382), the fund might reduce its position to manage risk exposure, especially considering the stock's elevated beta relative to the market. The current holding is already a significant portion of the fund's AUM, and the low S&P 500 weight suggests limited benchmark-driven demand, likely leading to a modest decrease in the normalized log holding.</think>
<answer>
{""holding_log_delta"": -0.05}
</answer>","Given URI's high beta of 2.58 and substantial market volatility (stock_vol_q_prev = 0.382), the fund might reduce its position to manage risk exposure, especially considering the stock's elevated beta relative to the market. The current holding is already a significant portion of the fund's AUM, and the low S&P 500 weight suggests limited benchmark-driven demand, likely leading to a modest decrease in the normalized log holding.","{""holding_log_delta"": -0.05}"
