generation,stage,candidate_idx,risk_aversion,herd_behavior,profit_driven,ticker,company,id,quarter,date,permno,holding_t,y_true,pred,abs_error,reward,valid,best_k,profile_strength_mode,x_risk_mean,x_herd_mean,x_profit_mean,overall_mean,raw_output,reason,answer_body
1,population,0,0.37739411440597026,0.6182805725204876,0.004324313074542126,KMB,KIMBERLY CLARK CORP,507,NA,2016-10-01 00:00:00,17750,515.767292,0.22988355381650294,-0.04,0.2698835538165029,-0.2698835538165029,True,1,type_mean,0.0105116667264412,0.009015847914168,2.8059538271968374,0.9418271139458155,"
<think>Given the firm's moderate profitability and low beta, combined with the fund's substantial AUM and the stock's small S&P 500 weight, a modest adjustment is expected. The current holding is relatively large compared to the stock's market capitalization and the fund's total outflows, suggesting a potential reduction to align with the benchmark or manage concentration, but the low beta and positive profit may temper the magnitude.</think>
<answer>
{""holding_log_delta"": -0.04}
</answer>","Given the firm's moderate profitability and low beta, combined with the fund's substantial AUM and the stock's small S&P 500 weight, a modest adjustment is expected. The current holding is relatively large compared to the stock's market capitalization and the fund's total outflows, suggesting a potential reduction to align with the benchmark or manage concentration, but the low beta and positive profit may temper the magnitude.","{""holding_log_delta"": -0.04}"
1,population,1,0.37739411440597026,0.6182805725204876,0.004324313074542126,KMB,KIMBERLY CLARK CORP,507,NA,2016-10-01 00:00:00,17750,515.767292,0.22988355381650294,-0.04,0.2698835538165029,-0.2698835538165029,True,1,type_mean,0.0105116667264412,0.009015847914168,2.8059538271968374,0.9418271139458155,"
<think>Given the firm's moderate profitability and low beta, combined with the fund's substantial AUM and the stock's small S&P 500 weight, a modest adjustment is expected. The current holding is relatively large compared to the stock's market capitalization and the fund's total outflows, suggesting a potential reduction to align with the benchmark or manage concentration, but the low beta and positive profit may temper the magnitude.</think>
<answer>
{""holding_log_delta"": -0.04}
</answer>","Given the firm's moderate profitability and low beta, combined with the fund's substantial AUM and the stock's small S&P 500 weight, a modest adjustment is expected. The current holding is relatively large compared to the stock's market capitalization and the fund's total outflows, suggesting a potential reduction to align with the benchmark or manage concentration, but the low beta and positive profit may temper the magnitude.","{""holding_log_delta"": -0.04}"
1,population,2,0.37739411440597026,0.6182805725204876,0.004324313074542126,KMB,KIMBERLY CLARK CORP,507,NA,2016-10-01 00:00:00,17750,515.767292,0.22988355381650294,-0.04,0.2698835538165029,-0.2698835538165029,True,1,type_mean,0.0105116667264412,0.009015847914168,2.8059538271968374,0.9418271139458155,"
<think>Given the firm's moderate profitability and low beta, combined with the fund's substantial AUM and the stock's small S&P 500 weight, a modest adjustment is expected. The current holding is relatively large compared to the stock's market capitalization and the fund's total outflows, suggesting a potential reduction to align with the benchmark or manage concentration, but the low beta and positive profit may temper the magnitude.</think>
<answer>
{""holding_log_delta"": -0.04}
</answer>","Given the firm's moderate profitability and low beta, combined with the fund's substantial AUM and the stock's small S&P 500 weight, a modest adjustment is expected. The current holding is relatively large compared to the stock's market capitalization and the fund's total outflows, suggesting a potential reduction to align with the benchmark or manage concentration, but the low beta and positive profit may temper the magnitude.","{""holding_log_delta"": -0.04}"
1,population,3,0.37739411440597026,0.6182805725204876,0.004324313074542126,KMB,KIMBERLY CLARK CORP,507,NA,2016-10-01 00:00:00,17750,515.767292,0.22988355381650294,-0.04,0.2698835538165029,-0.2698835538165029,True,1,type_mean,0.0105116667264412,0.009015847914168,2.8059538271968374,0.9418271139458155,"
<think>Given the firm's moderate profitability and low beta, combined with the fund's substantial AUM and the stock's small S&P 500 weight, a modest adjustment is expected. The current holding is relatively large compared to the stock's market capitalization and the fund's total outflows, suggesting a potential reduction to align with the benchmark or manage concentration, but the low beta and positive profit may temper the magnitude.</think>
<answer>
{""holding_log_delta"": -0.04}
</answer>","Given the firm's moderate profitability and low beta, combined with the fund's substantial AUM and the stock's small S&P 500 weight, a modest adjustment is expected. The current holding is relatively large compared to the stock's market capitalization and the fund's total outflows, suggesting a potential reduction to align with the benchmark or manage concentration, but the low beta and positive profit may temper the magnitude.","{""holding_log_delta"": -0.04}"
1,population,4,0.37739411440597026,0.6182805725204876,0.004324313074542126,KMB,KIMBERLY CLARK CORP,507,NA,2016-10-01 00:00:00,17750,515.767292,0.22988355381650294,-0.04,0.2698835538165029,-0.2698835538165029,True,1,type_mean,0.0105116667264412,0.009015847914168,2.8059538271968374,0.9418271139458155,"
<think>Given the firm's moderate profitability and low beta, combined with the fund's substantial AUM and the stock's small S&P 500 weight, a modest adjustment is expected. The current holding is relatively large compared to the stock's market capitalization and the fund's total outflows, suggesting a potential reduction to align with the benchmark or manage concentration, but the low beta and positive profit may temper the magnitude.</think>
<answer>
{""holding_log_delta"": -0.04}
</answer>","Given the firm's moderate profitability and low beta, combined with the fund's substantial AUM and the stock's small S&P 500 weight, a modest adjustment is expected. The current holding is relatively large compared to the stock's market capitalization and the fund's total outflows, suggesting a potential reduction to align with the benchmark or manage concentration, but the low beta and positive profit may temper the magnitude.","{""holding_log_delta"": -0.04}"
1,population,5,0.37739411440597026,0.6182805725204876,0.004324313074542126,KMB,KIMBERLY CLARK CORP,507,NA,2016-10-01 00:00:00,17750,515.767292,0.22988355381650294,-0.04,0.2698835538165029,-0.2698835538165029,True,1,type_mean,0.0105116667264412,0.009015847914168,2.8059538271968374,0.9418271139458155,"
<think>Given the firm's moderate profitability and low beta, combined with the fund's substantial AUM and the stock's small S&P 500 weight, a modest adjustment is expected. The current holding is relatively large compared to the stock's market capitalization and the fund's total outflows, suggesting a potential reduction to align with the benchmark or manage concentration, but the low beta and positive profit may temper the magnitude.</think>
<answer>
{""holding_log_delta"": -0.04}
</answer>","Given the firm's moderate profitability and low beta, combined with the fund's substantial AUM and the stock's small S&P 500 weight, a modest adjustment is expected. The current holding is relatively large compared to the stock's market capitalization and the fund's total outflows, suggesting a potential reduction to align with the benchmark or manage concentration, but the low beta and positive profit may temper the magnitude.","{""holding_log_delta"": -0.04}"
1,population,6,0.37739411440597026,0.6182805725204876,0.004324313074542126,KMB,KIMBERLY CLARK CORP,507,NA,2016-10-01 00:00:00,17750,515.767292,0.22988355381650294,-0.04,0.2698835538165029,-0.2698835538165029,True,1,type_mean,0.0105116667264412,0.009015847914168,2.8059538271968374,0.9418271139458155,"
<think>Given the firm's moderate profitability and low beta, combined with the fund's substantial AUM and the stock's small S&P 500 weight, a modest adjustment is expected. The current holding is relatively large compared to the stock's market capitalization and the fund's total outflows, suggesting a potential reduction to align with the benchmark or manage concentration, but the low beta and positive profit may temper the magnitude.</think>
<answer>
{""holding_log_delta"": -0.04}
</answer>","Given the firm's moderate profitability and low beta, combined with the fund's substantial AUM and the stock's small S&P 500 weight, a modest adjustment is expected. The current holding is relatively large compared to the stock's market capitalization and the fund's total outflows, suggesting a potential reduction to align with the benchmark or manage concentration, but the low beta and positive profit may temper the magnitude.","{""holding_log_delta"": -0.04}"
1,population,7,0.37739411440597026,0.6182805725204876,0.004324313074542126,KMB,KIMBERLY CLARK CORP,507,NA,2016-10-01 00:00:00,17750,515.767292,0.22988355381650294,-0.04,0.2698835538165029,-0.2698835538165029,True,1,type_mean,0.0105116667264412,0.009015847914168,2.8059538271968374,0.9418271139458155,"
<think>Given the firm's moderate profitability and low beta, combined with the fund's substantial AUM and the stock's small S&P 500 weight, a modest adjustment is expected. The current holding is relatively large compared to the stock's market capitalization and the fund's total outflows, suggesting a potential reduction to align with the benchmark or manage concentration, but the low beta and positive profit may temper the magnitude.</think>
<answer>
{""holding_log_delta"": -0.04}
</answer>","Given the firm's moderate profitability and low beta, combined with the fund's substantial AUM and the stock's small S&P 500 weight, a modest adjustment is expected. The current holding is relatively large compared to the stock's market capitalization and the fund's total outflows, suggesting a potential reduction to align with the benchmark or manage concentration, but the low beta and positive profit may temper the magnitude.","{""holding_log_delta"": -0.04}"
1,population,8,0.37739411440597026,0.6182805725204876,0.004324313074542126,KMB,KIMBERLY CLARK CORP,507,NA,2016-10-01 00:00:00,17750,515.767292,0.22988355381650294,-0.04,0.2698835538165029,-0.2698835538165029,True,1,type_mean,0.0105116667264412,0.009015847914168,2.8059538271968374,0.9418271139458155,"
<think>Given the firm's moderate profitability and low beta, combined with the fund's substantial AUM and the stock's small S&P 500 weight, a modest adjustment is expected. The current holding is relatively large compared to the stock's market capitalization and the fund's total outflows, suggesting a potential reduction to align with the benchmark or manage concentration, but the low beta and positive profit may temper the magnitude.</think>
<answer>
{""holding_log_delta"": -0.04}
</answer>","Given the firm's moderate profitability and low beta, combined with the fund's substantial AUM and the stock's small S&P 500 weight, a modest adjustment is expected. The current holding is relatively large compared to the stock's market capitalization and the fund's total outflows, suggesting a potential reduction to align with the benchmark or manage concentration, but the low beta and positive profit may temper the magnitude.","{""holding_log_delta"": -0.04}"
1,population,9,0.37739411440597026,0.6182805725204876,0.004324313074542126,KMB,KIMBERLY CLARK CORP,507,NA,2016-10-01 00:00:00,17750,515.767292,0.22988355381650294,-0.04,0.2698835538165029,-0.2698835538165029,True,1,type_mean,0.0105116667264412,0.009015847914168,2.8059538271968374,0.9418271139458155,"
<think>Given the firm's moderate profitability and low beta, combined with the fund's substantial AUM and the stock's small S&P 500 weight, a modest adjustment is expected. The current holding is relatively large compared to the stock's market capitalization and the fund's total outflows, suggesting a potential reduction to align with the benchmark or manage concentration, but the low beta and positive profit may temper the magnitude.</think>
<answer>
{""holding_log_delta"": -0.04}
</answer>","Given the firm's moderate profitability and low beta, combined with the fund's substantial AUM and the stock's small S&P 500 weight, a modest adjustment is expected. The current holding is relatively large compared to the stock's market capitalization and the fund's total outflows, suggesting a potential reduction to align with the benchmark or manage concentration, but the low beta and positive profit may temper the magnitude.","{""holding_log_delta"": -0.04}"
1,population,10,0.37739411440597026,0.6182805725204876,0.004324313074542126,KMB,KIMBERLY CLARK CORP,507,NA,2016-10-01 00:00:00,17750,515.767292,0.22988355381650294,-0.04,0.2698835538165029,-0.2698835538165029,True,1,type_mean,0.0105116667264412,0.009015847914168,2.8059538271968374,0.9418271139458155,"
<think>Given the firm's moderate profitability and low beta, combined with the fund's substantial AUM and the stock's small S&P 500 weight, a modest adjustment is expected. The current holding is relatively large compared to the stock's market capitalization and the fund's total outflows, suggesting a potential reduction to align with the benchmark or manage concentration, but the low beta and positive profit may temper the magnitude.</think>
<answer>
{""holding_log_delta"": -0.04}
</answer>","Given the firm's moderate profitability and low beta, combined with the fund's substantial AUM and the stock's small S&P 500 weight, a modest adjustment is expected. The current holding is relatively large compared to the stock's market capitalization and the fund's total outflows, suggesting a potential reduction to align with the benchmark or manage concentration, but the low beta and positive profit may temper the magnitude.","{""holding_log_delta"": -0.04}"
1,population,11,0.37739411440597026,0.6182805725204876,0.004324313074542126,KMB,KIMBERLY CLARK CORP,507,NA,2016-10-01 00:00:00,17750,515.767292,0.22988355381650294,-0.04,0.2698835538165029,-0.2698835538165029,True,1,type_mean,0.0105116667264412,0.009015847914168,2.8059538271968374,0.9418271139458155,"
<think>Given the firm's moderate profitability and low beta, combined with the fund's substantial AUM and the stock's small S&P 500 weight, a modest adjustment is expected. The current holding is relatively large compared to the stock's market capitalization and the fund's total outflows, suggesting a potential reduction to align with the benchmark or manage concentration, but the low beta and positive profit may temper the magnitude.</think>
<answer>
{""holding_log_delta"": -0.04}
</answer>","Given the firm's moderate profitability and low beta, combined with the fund's substantial AUM and the stock's small S&P 500 weight, a modest adjustment is expected. The current holding is relatively large compared to the stock's market capitalization and the fund's total outflows, suggesting a potential reduction to align with the benchmark or manage concentration, but the low beta and positive profit may temper the magnitude.","{""holding_log_delta"": -0.04}"
