generation,stage,candidate_idx,risk_aversion,herd_behavior,profit_driven,ticker,company,id,quarter,date,permno,holding_t,y_true,pred,abs_error,reward,valid,best_k,profile_strength_mode,x_risk_mean,x_herd_mean,x_profit_mean,overall_mean,raw_output,reason,answer_body
12,population,0,0.356999643000357,0.5479994520005481,0.094999905000095,INTC,INTEL CORP,418,NA,2018-01-01 00:00:00,59328,4989.373752,-0.06788187220827563,-0.04,0.027881872208275628,-0.027881872208275628,True,1,type_mean,0.0105116667264412,0.009015847914168,2.8059538271968374,0.9418271139458155,"
<think>Given Intel's moderate profitability (profit=0.33) and low beta (0.90), the stock appears stable but not growth-oriented. The fund's current holding is substantial relative to AUM, and the stock's S&P 500 weight is modest, suggesting limited benchmark-driven pressure. With low volatility and positive Gat (growth in total assets), a slight adjustment might be expected to align with the fund's defensive style and low-risk profile, likely resulting in a small negative or neutral normalized log change.</think>
<answer>
{""holding_log_delta"": -0.04}
</answer>","Given Intel's moderate profitability (profit=0.33) and low beta (0.90), the stock appears stable but not growth-oriented. The fund's current holding is substantial relative to AUM, and the stock's S&P 500 weight is modest, suggesting limited benchmark-driven pressure. With low volatility and positive Gat (growth in total assets), a slight adjustment might be expected to align with the fund's defensive style and low-risk profile, likely resulting in a small negative or neutral normalized log change.","{""holding_log_delta"": -0.04}"
12,population,1,0.37699962300037704,0.5579994420005581,0.06499993500006501,INTC,INTEL CORP,418,NA,2018-01-01 00:00:00,59328,4989.373752,-0.06788187220827563,-0.04,0.027881872208275628,-0.027881872208275628,True,1,type_mean,0.0105116667264412,0.009015847914168,2.8059538271968374,0.9418271139458155,"
<think>Given Intel's moderate profitability (profit=0.33) and low beta (0.90), the stock appears stable but not growth-oriented. The fund's current holding is substantial relative to AUM, and the stock's S&P 500 weight is modest, suggesting limited benchmark-driven pressure. With low volatility and positive Gat (growth in total assets), a slight adjustment might be expected to align with the fund's defensive style and low-risk profile, likely resulting in a small negative or neutral change.</think>
<answer>
{""holding_log_delta"": -0.04}
</answer>","Given Intel's moderate profitability (profit=0.33) and low beta (0.90), the stock appears stable but not growth-oriented. The fund's current holding is substantial relative to AUM, and the stock's S&P 500 weight is modest, suggesting limited benchmark-driven pressure. With low volatility and positive Gat (growth in total assets), a slight adjustment might be expected to align with the fund's defensive style and low-risk profile, likely resulting in a small negative or neutral change.","{""holding_log_delta"": -0.04}"
12,population,2,0.36724777727373004,0.5783902323275639,0.05436098972356357,INTC,INTEL CORP,418,NA,2018-01-01 00:00:00,59328,4989.373752,-0.06788187220827563,-0.04,0.027881872208275628,-0.027881872208275628,True,1,type_mean,0.0105116667264412,0.009015847914168,2.8059538271968374,0.9418271139458155,"
<think>Given Intel's moderate profitability (profit=0.33) and low beta (0.90), the stock presents stable but not aggressive growth potential. The fund's current holding is substantial relative to its AUM and the stock's S&P 500 weight, suggesting a significant existing exposure. With low volatility (stock_vol_q_prev=0.24) and high trading volume, the stock is liquid and potentially less risky, but the fund's high existing position may limit further increases due to concentration constraints. Therefore, a modest positive adjustment is expected, likely small in magnitude given the defensive investor profile and existing large exposure.</think>
<answer>
{""holding_log_delta"": -0.04}
</answer>","Given Intel's moderate profitability (profit=0.33) and low beta (0.90), the stock presents stable but not aggressive growth potential. The fund's current holding is substantial relative to its AUM and the stock's S&P 500 weight, suggesting a significant existing exposure. With low volatility (stock_vol_q_prev=0.24) and high trading volume, the stock is liquid and potentially less risky, but the fund's high existing position may limit further increases due to concentration constraints. Therefore, a modest positive adjustment is expected, likely small in magnitude given the defensive investor profile and existing large exposure.","{""holding_log_delta"": -0.04}"
12,population,3,0.35739964260035745,0.5482994517005484,0.0942999057000943,INTC,INTEL CORP,418,NA,2018-01-01 00:00:00,59328,4989.373752,-0.06788187220827563,-0.04,0.027881872208275628,-0.027881872208275628,True,1,type_mean,0.0105116667264412,0.009015847914168,2.8059538271968374,0.9418271139458155,"
<think>Given Intel's moderate profitability (profit=0.33) and low beta (0.90), the stock appears stable but not growth-oriented. The fund's current holding is substantial relative to AUM, and the stock's S&P 500 weight is modest, suggesting limited benchmark-driven pressure. With low volatility and positive Gat (growth in total assets), a slight adjustment might be expected to align with the fund's defensive style and low-risk tolerance, likely resulting in a small negative or neutral normalized log change.</think>
<answer>
{""holding_log_delta"": -0.04}
</answer>","Given Intel's moderate profitability (profit=0.33) and low beta (0.90), the stock appears stable but not growth-oriented. The fund's current holding is substantial relative to AUM, and the stock's S&P 500 weight is modest, suggesting limited benchmark-driven pressure. With low volatility and positive Gat (growth in total assets), a slight adjustment might be expected to align with the fund's defensive style and low-risk tolerance, likely resulting in a small negative or neutral normalized log change.","{""holding_log_delta"": -0.04}"
12,population,4,0.37739964309313706,0.5182995098441254,0.10429984706368328,INTC,INTEL CORP,418,NA,2018-01-01 00:00:00,59328,4989.373752,-0.06788187220827563,-0.04,0.027881872208275628,-0.027881872208275628,True,1,type_mean,0.0105116667264412,0.009015847914168,2.8059538271968374,0.9418271139458155,"
<think>Given Intel's moderate profitability (profit=0.33) and low beta (0.90), the stock appears stable but not growth-oriented. The fund's current holding is substantial relative to AUM, and the stock's S&P 500 weight is modest, suggesting limited benchmark-driven pressure. With low volatility and positive Gat (growth in total assets), a slight adjustment might be expected to align with the fund's defensive style and low-risk profile, likely resulting in a small negative or neutral change.</think>
<answer>
{""holding_log_delta"": -0.04}
</answer>","Given Intel's moderate profitability (profit=0.33) and low beta (0.90), the stock appears stable but not growth-oriented. The fund's current holding is substantial relative to AUM, and the stock's S&P 500 weight is modest, suggesting limited benchmark-driven pressure. With low volatility and positive Gat (growth in total assets), a slight adjustment might be expected to align with the fund's defensive style and low-risk profile, likely resulting in a small negative or neutral change.","{""holding_log_delta"": -0.04}"
12,population,5,0.3973996026003974,0.5182994817005183,0.08429991570008431,INTC,INTEL CORP,418,NA,2018-01-01 00:00:00,59328,4989.373752,-0.06788187220827563,-0.04,0.027881872208275628,-0.027881872208275628,True,1,type_mean,0.0105116667264412,0.009015847914168,2.8059538271968374,0.9418271139458155,"
<think>Given Intel's moderate profitability (profit=0.33) and low beta (0.90), the stock appears stable but not growth-oriented. The fund's current holding is substantial relative to AUM, and the stock's S&P 500 weight is modest, suggesting limited benchmark-driven pressure. With low volatility and positive Gat (growth in total assets), a slight adjustment might be expected to align with the fund's defensive style and low-risk tolerance, likely resulting in a small negative or neutral normalized log change.</think>
<answer>
{""holding_log_delta"": -0.04}
</answer>","Given Intel's moderate profitability (profit=0.33) and low beta (0.90), the stock appears stable but not growth-oriented. The fund's current holding is substantial relative to AUM, and the stock's S&P 500 weight is modest, suggesting limited benchmark-driven pressure. With low volatility and positive Gat (growth in total assets), a slight adjustment might be expected to align with the fund's defensive style and low-risk tolerance, likely resulting in a small negative or neutral normalized log change.","{""holding_log_delta"": -0.04}"
12,population,6,0.37714863971172535,0.5685046283838259,0.054345731510178935,INTC,INTEL CORP,418,NA,2018-01-01 00:00:00,59328,4989.373752,-0.06788187220827563,-0.02,0.047881872208275625,-0.047881872208275625,True,1,type_mean,0.0105116667264412,0.009015847914168,2.8059538271968374,0.9418271139458155,"
<think>Given Intel's moderate profitability (profit=0.33) and low beta (0.90), the stock appears stable but not aggressively growth-oriented. The fund's current holding is substantial relative to AUM, and the stock's S&P 500 weight suggests it is a significant benchmark component. With low volatility (stock_vol_q_prev=0.24) and high trading volume, the fund might maintain or slightly adjust its position to align with the benchmark without large directional bets, leading to a small expected normalized log change.</think>
<answer>
{""holding_log_delta"": -0.02}
</answer>","Given Intel's moderate profitability (profit=0.33) and low beta (0.90), the stock appears stable but not aggressively growth-oriented. The fund's current holding is substantial relative to AUM, and the stock's S&P 500 weight suggests it is a significant benchmark component. With low volatility (stock_vol_q_prev=0.24) and high trading volume, the fund might maintain or slightly adjust its position to align with the benchmark without large directional bets, leading to a small expected normalized log change.","{""holding_log_delta"": -0.02}"
12,population,7,0.37714863971172535,0.5685046283838259,0.054345731510178935,INTC,INTEL CORP,418,NA,2018-01-01 00:00:00,59328,4989.373752,-0.06788187220827563,-0.02,0.047881872208275625,-0.047881872208275625,True,1,type_mean,0.0105116667264412,0.009015847914168,2.8059538271968374,0.9418271139458155,"
<think>Given Intel's moderate profitability (profit=0.33) and low beta (0.90), the stock appears stable but not aggressively growth-oriented. The fund's current holding is substantial relative to AUM, and the stock's S&P 500 weight suggests it is a significant benchmark component. With low volatility (stock_vol_q_prev=0.24) and high trading volume, the fund might maintain or slightly adjust its position to align with the benchmark without large directional bets, leading to a small expected normalized log change.</think>
<answer>
{""holding_log_delta"": -0.02}
</answer>","Given Intel's moderate profitability (profit=0.33) and low beta (0.90), the stock appears stable but not aggressively growth-oriented. The fund's current holding is substantial relative to AUM, and the stock's S&P 500 weight suggests it is a significant benchmark component. With low volatility (stock_vol_q_prev=0.24) and high trading volume, the fund might maintain or slightly adjust its position to align with the benchmark without large directional bets, leading to a small expected normalized log change.","{""holding_log_delta"": -0.02}"
12,population,8,0.38739961260038747,0.5282994717005284,0.08429991570008431,INTC,INTEL CORP,418,NA,2018-01-01 00:00:00,59328,4989.373752,-0.06788187220827563,-0.03,0.03788187220827563,-0.03788187220827563,True,1,type_mean,0.0105116667264412,0.009015847914168,2.8059538271968374,0.9418271139458155,"
<think>Given Intel's moderate profitability (profit=0.33) and low beta (0.90), the stock appears stable but not growth-oriented. The fund's current holding is substantial relative to AUM, and the stock's S&P 500 weight is modest, suggesting limited benchmark-driven pressure. With low volatility and positive Gat (growth in total assets), a slight adjustment might be expected to align with the fund's defensive style and low-risk tolerance, likely resulting in a small negative or neutral change.</think>
<answer>
{""holding_log_delta"": -0.03}
</answer>","Given Intel's moderate profitability (profit=0.33) and low beta (0.90), the stock appears stable but not growth-oriented. The fund's current holding is substantial relative to AUM, and the stock's S&P 500 weight is modest, suggesting limited benchmark-driven pressure. With low volatility and positive Gat (growth in total assets), a slight adjustment might be expected to align with the fund's defensive style and low-risk tolerance, likely resulting in a small negative or neutral change.","{""holding_log_delta"": -0.03}"
12,population,9,0.39239960760039244,0.5682994317005684,0.039299960700039306,INTC,INTEL CORP,418,NA,2018-01-01 00:00:00,59328,4989.373752,-0.06788187220827563,-0.04,0.027881872208275628,-0.027881872208275628,True,1,type_mean,0.0105116667264412,0.009015847914168,2.8059538271968374,0.9418271139458155,"
<think>Given Intel's moderate profitability (profit=0.33) and low beta (0.90), the stock presents stable but not aggressive growth potential. The fund's current holding is substantial relative to its AUM, and the stock's S&P 500 weight suggests it is a significant benchmark component. Considering the fund's defensive profile and low risk tolerance, a modest adjustment to align with the benchmark weight while managing concentration might be expected, likely resulting in a small negative normalized log change.</think>
<answer>
{""holding_log_delta"": -0.04}
</answer>","Given Intel's moderate profitability (profit=0.33) and low beta (0.90), the stock presents stable but not aggressive growth potential. The fund's current holding is substantial relative to its AUM, and the stock's S&P 500 weight suggests it is a significant benchmark component. Considering the fund's defensive profile and low risk tolerance, a modest adjustment to align with the benchmark weight while managing concentration might be expected, likely resulting in a small negative normalized log change.","{""holding_log_delta"": -0.04}"
12,population,10,0.37739962260037746,0.5382994617005383,0.08429991570008431,INTC,INTEL CORP,418,NA,2018-01-01 00:00:00,59328,4989.373752,-0.06788187220827563,-0.04,0.027881872208275628,-0.027881872208275628,True,1,type_mean,0.0105116667264412,0.009015847914168,2.8059538271968374,0.9418271139458155,"
<think>Given Intel's moderate profitability (profit=0.33) and low beta (0.90), the stock appears stable but not aggressively growth-oriented. The fund's current holding is substantial relative to AUM, and the stock's S&P 500 weight suggests it is a significant benchmark component. With low volatility (stock_vol_q_prev=0.24) and high trading volume, the fund might maintain or slightly adjust its position to align with the benchmark while considering the stock's defensive profile and existing exposure scale.</think>
<answer>
{""holding_log_delta"": -0.04}
</answer>","Given Intel's moderate profitability (profit=0.33) and low beta (0.90), the stock appears stable but not aggressively growth-oriented. The fund's current holding is substantial relative to AUM, and the stock's S&P 500 weight suggests it is a significant benchmark component. With low volatility (stock_vol_q_prev=0.24) and high trading volume, the fund might maintain or slightly adjust its position to align with the benchmark while considering the stock's defensive profile and existing exposure scale.","{""holding_log_delta"": -0.04}"
12,population,11,0.36699963300036703,0.537999462000538,0.094999905000095,INTC,INTEL CORP,418,NA,2018-01-01 00:00:00,59328,4989.373752,-0.06788187220827563,-0.04,0.027881872208275628,-0.027881872208275628,True,1,type_mean,0.0105116667264412,0.009015847914168,2.8059538271968374,0.9418271139458155,"
<think>Given Intel's moderate profitability (profit=0.33) and low beta (0.90), the stock appears stable but not aggressively growth-oriented. The fund's current holding is substantial relative to AUM, and the stock's S&P 500 weight suggests it is a significant benchmark component. With low volatility (stock_vol_q_prev=0.24) and high trading volume, the fund might maintain or slightly adjust its position to align with the benchmark while considering the stock's defensive characteristics and existing exposure scale.</think>
<answer>
{""holding_log_delta"": -0.04}
</answer>","Given Intel's moderate profitability (profit=0.33) and low beta (0.90), the stock appears stable but not aggressively growth-oriented. The fund's current holding is substantial relative to AUM, and the stock's S&P 500 weight suggests it is a significant benchmark component. With low volatility (stock_vol_q_prev=0.24) and high trading volume, the fund might maintain or slightly adjust its position to align with the benchmark while considering the stock's defensive characteristics and existing exposure scale.","{""holding_log_delta"": -0.04}"
