generation,stage,candidate_idx,risk_aversion,herd_behavior,profit_driven,ticker,company,id,quarter,date,permno,holding_t,y_true,pred,abs_error,reward,valid,best_k,profile_strength_mode,x_risk_mean,x_herd_mean,x_profit_mean,overall_mean,raw_output,reason,answer_body
4,population,0,0.6033539583892247,0.2505072964736091,0.1461377451371662,CMI,CUMMINS INC,33,NA,2019-01-01 00:00:00,41080,9101.369245,0.0993935019947147,-0.05,0.14939350199471468,-0.14939350199471468,True,1,type_mean,0.0082565895035254,0.0069532062192367,0.2194993243101532,0.0782363733443051,"
<think>Given the firm's moderate profitability and growth, along with its average beta, the stock appears stable but not highly attractive for significant overweighting. The fund's current holding is substantial relative to AUM, and the stock's low S&P 500 weight suggests limited benchmark-driven demand. Considering the high existing exposure and the fund's medium turnover constraint, a modest reduction or minimal adjustment is likely to manage concentration and align with the benchmark.</think>
<answer>
{""holding_log_delta"": -0.05}
</answer>","Given the firm's moderate profitability and growth, along with its average beta, the stock appears stable but not highly attractive for significant overweighting. The fund's current holding is substantial relative to AUM, and the stock's low S&P 500 weight suggests limited benchmark-driven demand. Considering the high existing exposure and the fund's medium turnover constraint, a modest reduction or minimal adjustment is likely to manage concentration and align with the benchmark.","{""holding_log_delta"": -0.05}"
4,population,1,0.6133539583898281,0.2705072964738596,0.11613774513731237,CMI,CUMMINS INC,33,NA,2019-01-01 00:00:00,41080,9101.369245,0.0993935019947147,-0.02,0.1193935019947147,-0.1193935019947147,True,1,type_mean,0.0082565895035254,0.0069532062192367,0.2194993243101532,0.0782363733443051,"
<think>Given the firm's moderate profitability (profit=0.366) and positive asset growth (Gat=0.054), along with its near-market beta (1.07) and low stock volatility (0.287), the stock appears stable with solid fundamentals. The fund's current holding is substantial relative to AUM, and the stock's low S&P 500 weight suggests limited benchmark-driven pressure. Considering the low risk profile and the fund's existing large position, a modest adjustment to align with the stable fundamentals and manage concentration might be expected, likely resulting in a small negative or minimal change in holding.</think>
<answer>
{""holding_log_delta"": -0.02}
</answer>","Given the firm's moderate profitability (profit=0.366) and positive asset growth (Gat=0.054), along with its near-market beta (1.07) and low stock volatility (0.287), the stock appears stable with solid fundamentals. The fund's current holding is substantial relative to AUM, and the stock's low S&P 500 weight suggests limited benchmark-driven pressure. Considering the low risk profile and the fund's existing large position, a modest adjustment to align with the stable fundamentals and manage concentration might be expected, likely resulting in a small negative or minimal change in holding.","{""holding_log_delta"": -0.02}"
4,population,2,0.6133539583898281,0.2705072964738596,0.11613774513731237,CMI,CUMMINS INC,33,NA,2019-01-01 00:00:00,41080,9101.369245,0.0993935019947147,-0.02,0.1193935019947147,-0.1193935019947147,True,1,type_mean,0.0082565895035254,0.0069532062192367,0.2194993243101532,0.0782363733443051,"
<think>Given the firm's moderate profitability (profit=0.366) and positive asset growth (Gat=0.054), along with its near-market beta (1.07) and low stock volatility (0.287), the stock appears stable with solid fundamentals. The fund's current holding is substantial relative to AUM, and the stock's low S&P 500 weight suggests limited benchmark-driven pressure. Considering the low risk profile and the fund's existing large position, a modest adjustment to align with the stable fundamentals and manage concentration might be expected, likely resulting in a small negative or minimal change in holding.</think>
<answer>
{""holding_log_delta"": -0.02}
</answer>","Given the firm's moderate profitability (profit=0.366) and positive asset growth (Gat=0.054), along with its near-market beta (1.07) and low stock volatility (0.287), the stock appears stable with solid fundamentals. The fund's current holding is substantial relative to AUM, and the stock's low S&P 500 weight suggests limited benchmark-driven pressure. Considering the low risk profile and the fund's existing large position, a modest adjustment to align with the stable fundamentals and manage concentration might be expected, likely resulting in a small negative or minimal change in holding.","{""holding_log_delta"": -0.02}"
4,population,3,0.6133539583898281,0.2705072964738596,0.11613774513731237,CMI,CUMMINS INC,33,NA,2019-01-01 00:00:00,41080,9101.369245,0.0993935019947147,-0.02,0.1193935019947147,-0.1193935019947147,True,1,type_mean,0.0082565895035254,0.0069532062192367,0.2194993243101532,0.0782363733443051,"
<think>Given the firm's moderate profitability (profit=0.366) and positive asset growth (Gat=0.054), along with its near-market beta (1.07) and low stock volatility (0.287), the stock appears stable with solid fundamentals. The fund's current holding is substantial relative to AUM, and the stock's low S&P 500 weight suggests limited benchmark-driven pressure. Considering the low risk profile and the fund's existing large position, a modest adjustment to align with the stable fundamentals and manage concentration might be expected, likely resulting in a small negative or minimal change in holding.</think>
<answer>
{""holding_log_delta"": -0.02}
</answer>","Given the firm's moderate profitability (profit=0.366) and positive asset growth (Gat=0.054), along with its near-market beta (1.07) and low stock volatility (0.287), the stock appears stable with solid fundamentals. The fund's current holding is substantial relative to AUM, and the stock's low S&P 500 weight suggests limited benchmark-driven pressure. Considering the low risk profile and the fund's existing large position, a modest adjustment to align with the stable fundamentals and manage concentration might be expected, likely resulting in a small negative or minimal change in holding.","{""holding_log_delta"": -0.02}"
4,population,4,0.6133539583898281,0.2705072964738596,0.11613774513731237,CMI,CUMMINS INC,33,NA,2019-01-01 00:00:00,41080,9101.369245,0.0993935019947147,-0.02,0.1193935019947147,-0.1193935019947147,True,1,type_mean,0.0082565895035254,0.0069532062192367,0.2194993243101532,0.0782363733443051,"
<think>Given the firm's moderate profitability (profit=0.366) and positive asset growth (Gat=0.054), along with its near-market beta (1.07) and low stock volatility (0.287), the stock appears stable with solid fundamentals. The fund's current holding is substantial relative to AUM, and the stock's low S&P 500 weight suggests limited benchmark-driven pressure. Considering the low risk profile and the fund's existing large position, a modest adjustment to align with the stable fundamentals and manage concentration might be expected, likely resulting in a small negative or minimal change in holding.</think>
<answer>
{""holding_log_delta"": -0.02}
</answer>","Given the firm's moderate profitability (profit=0.366) and positive asset growth (Gat=0.054), along with its near-market beta (1.07) and low stock volatility (0.287), the stock appears stable with solid fundamentals. The fund's current holding is substantial relative to AUM, and the stock's low S&P 500 weight suggests limited benchmark-driven pressure. Considering the low risk profile and the fund's existing large position, a modest adjustment to align with the stable fundamentals and manage concentration might be expected, likely resulting in a small negative or minimal change in holding.","{""holding_log_delta"": -0.02}"
4,population,5,0.6133539583898281,0.2705072964738596,0.11613774513731237,CMI,CUMMINS INC,33,NA,2019-01-01 00:00:00,41080,9101.369245,0.0993935019947147,-0.02,0.1193935019947147,-0.1193935019947147,True,1,type_mean,0.0082565895035254,0.0069532062192367,0.2194993243101532,0.0782363733443051,"
<think>Given the firm's moderate profitability (profit=0.366) and positive asset growth (Gat=0.054), along with its near-market beta (1.07) and low stock volatility (0.287), the stock appears stable with solid fundamentals. The fund's current holding is substantial relative to AUM, and the stock's low S&P 500 weight suggests limited benchmark-driven pressure. Considering the low risk profile and the fund's existing large position, a modest adjustment to align with the stable fundamentals and manage concentration might be expected, likely resulting in a small negative or minimal change in holding.</think>
<answer>
{""holding_log_delta"": -0.02}
</answer>","Given the firm's moderate profitability (profit=0.366) and positive asset growth (Gat=0.054), along with its near-market beta (1.07) and low stock volatility (0.287), the stock appears stable with solid fundamentals. The fund's current holding is substantial relative to AUM, and the stock's low S&P 500 weight suggests limited benchmark-driven pressure. Considering the low risk profile and the fund's existing large position, a modest adjustment to align with the stable fundamentals and manage concentration might be expected, likely resulting in a small negative or minimal change in holding.","{""holding_log_delta"": -0.02}"
4,population,6,0.6133539583898281,0.2705072964738596,0.11613774513731237,CMI,CUMMINS INC,33,NA,2019-01-01 00:00:00,41080,9101.369245,0.0993935019947147,-0.02,0.1193935019947147,-0.1193935019947147,True,1,type_mean,0.0082565895035254,0.0069532062192367,0.2194993243101532,0.0782363733443051,"
<think>Given the firm's moderate profitability (profit=0.366) and positive asset growth (Gat=0.054), along with its near-market beta (1.07) and low stock volatility (0.287), the stock appears stable with solid fundamentals. The fund's current holding is substantial relative to AUM, and the stock's low S&P 500 weight suggests limited benchmark-driven pressure. Considering the low risk profile and the fund's existing large position, a modest adjustment to align with the stable fundamentals and manage concentration might be expected, likely resulting in a small negative or minimal change in holding.</think>
<answer>
{""holding_log_delta"": -0.02}
</answer>","Given the firm's moderate profitability (profit=0.366) and positive asset growth (Gat=0.054), along with its near-market beta (1.07) and low stock volatility (0.287), the stock appears stable with solid fundamentals. The fund's current holding is substantial relative to AUM, and the stock's low S&P 500 weight suggests limited benchmark-driven pressure. Considering the low risk profile and the fund's existing large position, a modest adjustment to align with the stable fundamentals and manage concentration might be expected, likely resulting in a small negative or minimal change in holding.","{""holding_log_delta"": -0.02}"
4,population,7,0.6133539583898281,0.2705072964738596,0.11613774513731237,CMI,CUMMINS INC,33,NA,2019-01-01 00:00:00,41080,9101.369245,0.0993935019947147,-0.02,0.1193935019947147,-0.1193935019947147,True,1,type_mean,0.0082565895035254,0.0069532062192367,0.2194993243101532,0.0782363733443051,"
<think>Given the firm's moderate profitability (profit=0.366) and positive asset growth (Gat=0.054), along with its near-market beta (1.07) and low stock volatility (0.287), the stock appears stable with solid fundamentals. The fund's current holding is substantial relative to AUM, and the stock's low S&P 500 weight suggests limited benchmark-driven pressure. Considering the low risk profile and the fund's existing large position, a modest adjustment to align with the stable fundamentals and manage concentration might be expected, likely resulting in a small negative or minimal change in holding.</think>
<answer>
{""holding_log_delta"": -0.02}
</answer>","Given the firm's moderate profitability (profit=0.366) and positive asset growth (Gat=0.054), along with its near-market beta (1.07) and low stock volatility (0.287), the stock appears stable with solid fundamentals. The fund's current holding is substantial relative to AUM, and the stock's low S&P 500 weight suggests limited benchmark-driven pressure. Considering the low risk profile and the fund's existing large position, a modest adjustment to align with the stable fundamentals and manage concentration might be expected, likely resulting in a small negative or minimal change in holding.","{""holding_log_delta"": -0.02}"
4,population,8,0.6133539583898281,0.2705072964738596,0.11613774513731237,CMI,CUMMINS INC,33,NA,2019-01-01 00:00:00,41080,9101.369245,0.0993935019947147,-0.02,0.1193935019947147,-0.1193935019947147,True,1,type_mean,0.0082565895035254,0.0069532062192367,0.2194993243101532,0.0782363733443051,"
<think>Given the firm's moderate profitability (profit=0.366) and positive asset growth (Gat=0.054), along with its near-market beta (1.07) and low stock volatility (0.287), the stock appears stable with solid fundamentals. The fund's current holding is substantial relative to AUM, and the stock's low S&P 500 weight suggests limited benchmark-driven pressure. Considering the low risk profile and the fund's existing large position, a modest adjustment to align with the stable fundamentals and manage concentration might be expected, likely resulting in a small negative or minimal change in holding.</think>
<answer>
{""holding_log_delta"": -0.02}
</answer>","Given the firm's moderate profitability (profit=0.366) and positive asset growth (Gat=0.054), along with its near-market beta (1.07) and low stock volatility (0.287), the stock appears stable with solid fundamentals. The fund's current holding is substantial relative to AUM, and the stock's low S&P 500 weight suggests limited benchmark-driven pressure. Considering the low risk profile and the fund's existing large position, a modest adjustment to align with the stable fundamentals and manage concentration might be expected, likely resulting in a small negative or minimal change in holding.","{""holding_log_delta"": -0.02}"
4,population,9,0.6133539583898281,0.2705072964738596,0.11613774513731237,CMI,CUMMINS INC,33,NA,2019-01-01 00:00:00,41080,9101.369245,0.0993935019947147,-0.02,0.1193935019947147,-0.1193935019947147,True,1,type_mean,0.0082565895035254,0.0069532062192367,0.2194993243101532,0.0782363733443051,"
<think>Given the firm's moderate profitability (profit=0.366) and positive asset growth (Gat=0.054), along with its near-market beta (1.07) and low stock volatility (0.287), the stock appears stable with solid fundamentals. The fund's current holding is substantial relative to AUM, and the stock's low S&P 500 weight suggests limited benchmark-driven pressure. Considering the low risk profile and the fund's existing large position, a modest adjustment to align with the stable fundamentals and manage concentration might be expected, likely resulting in a small negative or minimal change in holding.</think>
<answer>
{""holding_log_delta"": -0.02}
</answer>","Given the firm's moderate profitability (profit=0.366) and positive asset growth (Gat=0.054), along with its near-market beta (1.07) and low stock volatility (0.287), the stock appears stable with solid fundamentals. The fund's current holding is substantial relative to AUM, and the stock's low S&P 500 weight suggests limited benchmark-driven pressure. Considering the low risk profile and the fund's existing large position, a modest adjustment to align with the stable fundamentals and manage concentration might be expected, likely resulting in a small negative or minimal change in holding.","{""holding_log_delta"": -0.02}"
4,population,10,0.6133539583898281,0.2705072964738596,0.11613774513731237,CMI,CUMMINS INC,33,NA,2019-01-01 00:00:00,41080,9101.369245,0.0993935019947147,-0.02,0.1193935019947147,-0.1193935019947147,True,1,type_mean,0.0082565895035254,0.0069532062192367,0.2194993243101532,0.0782363733443051,"
<think>Given the firm's moderate profitability (profit=0.366) and positive asset growth (Gat=0.054), along with its near-market beta (1.07) and low stock volatility (0.287), the stock appears stable with solid fundamentals. The fund's current holding is substantial relative to AUM, and the stock's low S&P 500 weight suggests limited benchmark-driven pressure. Considering the low risk profile and the fund's existing large position, a modest adjustment to align with the stable fundamentals and manage concentration might be expected, likely resulting in a small negative or minimal change in holding.</think>
<answer>
{""holding_log_delta"": -0.02}
</answer>","Given the firm's moderate profitability (profit=0.366) and positive asset growth (Gat=0.054), along with its near-market beta (1.07) and low stock volatility (0.287), the stock appears stable with solid fundamentals. The fund's current holding is substantial relative to AUM, and the stock's low S&P 500 weight suggests limited benchmark-driven pressure. Considering the low risk profile and the fund's existing large position, a modest adjustment to align with the stable fundamentals and manage concentration might be expected, likely resulting in a small negative or minimal change in holding.","{""holding_log_delta"": -0.02}"
4,population,11,0.5533539583892247,0.2505072964736091,0.1961377451371662,CMI,CUMMINS INC,33,NA,2019-01-01 00:00:00,41080,9101.369245,0.0993935019947147,-0.05,0.14939350199471468,-0.14939350199471468,True,1,type_mean,0.0082565895035254,0.0069532062192367,0.2194993243101532,0.0782363733443051,"
<think>Given the firm's moderate profitability and growth, along with its average beta, the stock appears stable but not exceptionally attractive for high conviction. The fund's current holding is substantial relative to AUM, and the stock's low S&P 500 weight suggests limited benchmark-driven demand. Considering the high turnover constraint and the fund's large existing position, a modest reduction in holding might be expected to manage concentration and align closer to the benchmark, though the low risk profile may temper the magnitude of any adjustment.</think>
<answer>
{""holding_log_delta"": -0.05}
</answer>","Given the firm's moderate profitability and growth, along with its average beta, the stock appears stable but not exceptionally attractive for high conviction. The fund's current holding is substantial relative to AUM, and the stock's low S&P 500 weight suggests limited benchmark-driven demand. Considering the high turnover constraint and the fund's large existing position, a modest reduction in holding might be expected to manage concentration and align closer to the benchmark, though the low risk profile may temper the magnitude of any adjustment.","{""holding_log_delta"": -0.05}"
