generation,stage,candidate_idx,risk_aversion,herd_behavior,profit_driven,ticker,company,id,quarter,date,permno,holding_t,y_true,pred,abs_error,reward,valid,best_k,profile_strength_mode,x_risk_mean,x_herd_mean,x_profit_mean,overall_mean,raw_output,reason,answer_body
11,population,0,0.28295447293113724,0.2624836746641237,0.45456086230572934,,,316,NA,2018-04-01 00:00:00,17478,7215.093536,-0.04884330293423058,-0.01,0.03884330293423058,-0.03884330293423058,True,1,type_mean,0.0083004769074155,0.0070097321687576,0.0811969348655934,0.03216904798058883,"
<think>Given the firm's high profitability (profit=1.105) and positive asset growth (Gat=0.084), alongside its above-market beta (1.356) indicating higher systematic risk, a growth-oriented investor might increase exposure to capture potential upside. However, the current holding is already substantial relative to the fund's AUM, and the stock's high volatility (stock_vol_q_prev=0.304) and large previous quarter volume suggest elevated risk, which could temper the magnitude of any increase. Therefore, the expected normalized log change in holding is likely positive but modest.</think>
<answer>
{""holding_log_delta"": -0.01}
</answer>","Given the firm's high profitability (profit=1.105) and positive asset growth (Gat=0.084), alongside its above-market beta (1.356) indicating higher systematic risk, a growth-oriented investor might increase exposure to capture potential upside. However, the current holding is already substantial relative to the fund's AUM, and the stock's high volatility (stock_vol_q_prev=0.304) and large previous quarter volume suggest elevated risk, which could temper the magnitude of any increase. Therefore, the expected normalized log change in holding is likely positive but modest.","{""holding_log_delta"": -0.01}"
11,population,1,0.25578401766073156,0.23510851141102743,0.5091064709292412,,,316,NA,2018-04-01 00:00:00,17478,7215.093536,-0.04884330293423058,-0.01,0.03884330293423058,-0.03884330293423058,True,1,type_mean,0.0083004769074155,0.0070097321687576,0.0811969348655934,0.03216904798058883,"
<think>Given the firm's high profitability (profit=1.105) and positive asset growth (Gat=0.084), alongside its above-market beta (1.356) indicating higher systematic risk, a growth-oriented investor might increase exposure to capture potential upside. However, the current holding is already substantial relative to the fund's AUM, and the stock's high volatility (stock_vol_q_prev=0.304) and large previous quarter volume suggest elevated risk, which could temper the magnitude of any increase. Therefore, the expected normalized log change in holding is likely positive but modest.</think>
<answer>
{""holding_log_delta"": -0.01}
</answer>","Given the firm's high profitability (profit=1.105) and positive asset growth (Gat=0.084), alongside its above-market beta (1.356) indicating higher systematic risk, a growth-oriented investor might increase exposure to capture potential upside. However, the current holding is already substantial relative to the fund's AUM, and the stock's high volatility (stock_vol_q_prev=0.304) and large previous quarter volume suggest elevated risk, which could temper the magnitude of any increase. Therefore, the expected normalized log change in holding is likely positive but modest.","{""holding_log_delta"": -0.01}"
11,population,2,0.25578401766073156,0.23510851141102743,0.5091064709292412,,,316,NA,2018-04-01 00:00:00,17478,7215.093536,-0.04884330293423058,-0.01,0.03884330293423058,-0.03884330293423058,True,1,type_mean,0.0083004769074155,0.0070097321687576,0.0811969348655934,0.03216904798058883,"
<think>Given the firm's high profitability (profit=1.105) and positive asset growth (Gat=0.084), alongside its above-market beta (1.356) indicating higher systematic risk, a growth-oriented investor might increase exposure to capture potential upside. However, the current holding is already substantial relative to the fund's AUM, and the stock's high volatility (stock_vol_q_prev=0.304) and large previous quarter volume suggest elevated risk, which could temper the magnitude of any increase. Therefore, the expected normalized log change in holding is likely positive but modest.</think>
<answer>
{""holding_log_delta"": -0.01}
</answer>","Given the firm's high profitability (profit=1.105) and positive asset growth (Gat=0.084), alongside its above-market beta (1.356) indicating higher systematic risk, a growth-oriented investor might increase exposure to capture potential upside. However, the current holding is already substantial relative to the fund's AUM, and the stock's high volatility (stock_vol_q_prev=0.304) and large previous quarter volume suggest elevated risk, which could temper the magnitude of any increase. Therefore, the expected normalized log change in holding is likely positive but modest.","{""holding_log_delta"": -0.01}"
11,population,3,0.25578401766073156,0.23510851141102743,0.5091064709292412,,,316,NA,2018-04-01 00:00:00,17478,7215.093536,-0.04884330293423058,-0.01,0.03884330293423058,-0.03884330293423058,True,1,type_mean,0.0083004769074155,0.0070097321687576,0.0811969348655934,0.03216904798058883,"
<think>Given the firm's high profitability (profit=1.105) and positive asset growth (Gat=0.084), alongside its above-market beta (1.356) indicating higher systematic risk, a growth-oriented investor might increase exposure to capture potential upside. However, the current holding is already substantial relative to the fund's AUM, and the stock's high volatility (stock_vol_q_prev=0.304) and large previous quarter volume suggest elevated risk, which could temper the magnitude of any increase. Therefore, the expected normalized log change in holding is likely positive but modest.</think>
<answer>
{""holding_log_delta"": -0.01}
</answer>","Given the firm's high profitability (profit=1.105) and positive asset growth (Gat=0.084), alongside its above-market beta (1.356) indicating higher systematic risk, a growth-oriented investor might increase exposure to capture potential upside. However, the current holding is already substantial relative to the fund's AUM, and the stock's high volatility (stock_vol_q_prev=0.304) and large previous quarter volume suggest elevated risk, which could temper the magnitude of any increase. Therefore, the expected normalized log change in holding is likely positive but modest.","{""holding_log_delta"": -0.01}"
11,population,4,0.25578401766073156,0.23510851141102743,0.5091064709292412,,,316,NA,2018-04-01 00:00:00,17478,7215.093536,-0.04884330293423058,-0.01,0.03884330293423058,-0.03884330293423058,True,1,type_mean,0.0083004769074155,0.0070097321687576,0.0811969348655934,0.03216904798058883,"
<think>Given the firm's high profitability (profit=1.105) and positive asset growth (Gat=0.084), alongside its above-market beta (1.356) indicating higher systematic risk, a growth-oriented investor might increase exposure to capture potential upside. However, the current holding is already substantial relative to the fund's AUM, and the stock's high volatility (stock_vol_q_prev=0.304) and large previous quarter volume suggest elevated risk, which could temper the magnitude of any increase. Therefore, the expected normalized log change in holding is likely positive but modest.</think>
<answer>
{""holding_log_delta"": -0.01}
</answer>","Given the firm's high profitability (profit=1.105) and positive asset growth (Gat=0.084), alongside its above-market beta (1.356) indicating higher systematic risk, a growth-oriented investor might increase exposure to capture potential upside. However, the current holding is already substantial relative to the fund's AUM, and the stock's high volatility (stock_vol_q_prev=0.304) and large previous quarter volume suggest elevated risk, which could temper the magnitude of any increase. Therefore, the expected normalized log change in holding is likely positive but modest.","{""holding_log_delta"": -0.01}"
11,population,5,0.25578401766073156,0.23510851141102743,0.5091064709292412,,,316,NA,2018-04-01 00:00:00,17478,7215.093536,-0.04884330293423058,-0.01,0.03884330293423058,-0.03884330293423058,True,1,type_mean,0.0083004769074155,0.0070097321687576,0.0811969348655934,0.03216904798058883,"
<think>Given the firm's high profitability (profit=1.105) and positive asset growth (Gat=0.084), alongside its above-market beta (1.356) indicating higher systematic risk, a growth-oriented investor might increase exposure to capture potential upside. However, the current holding is already substantial relative to the fund's AUM, and the stock's high volatility (stock_vol_q_prev=0.304) and large previous quarter volume suggest elevated risk, which could temper the magnitude of any increase. Therefore, the expected normalized log change in holding is likely positive but modest.</think>
<answer>
{""holding_log_delta"": -0.01}
</answer>","Given the firm's high profitability (profit=1.105) and positive asset growth (Gat=0.084), alongside its above-market beta (1.356) indicating higher systematic risk, a growth-oriented investor might increase exposure to capture potential upside. However, the current holding is already substantial relative to the fund's AUM, and the stock's high volatility (stock_vol_q_prev=0.304) and large previous quarter volume suggest elevated risk, which could temper the magnitude of any increase. Therefore, the expected normalized log change in holding is likely positive but modest.","{""holding_log_delta"": -0.01}"
11,population,6,0.25578401766073156,0.23510851141102743,0.5091064709292412,,,316,NA,2018-04-01 00:00:00,17478,7215.093536,-0.04884330293423058,-0.01,0.03884330293423058,-0.03884330293423058,True,1,type_mean,0.0083004769074155,0.0070097321687576,0.0811969348655934,0.03216904798058883,"
<think>Given the firm's high profitability (profit=1.105) and positive asset growth (Gat=0.084), alongside its above-market beta (1.356) indicating higher systematic risk, a growth-oriented investor might increase exposure to capture potential upside. However, the current holding is already substantial relative to the fund's AUM, and the stock's high volatility (stock_vol_q_prev=0.304) and large previous quarter volume suggest elevated risk, which could temper the magnitude of any increase. Therefore, the expected normalized log change in holding is likely positive but modest.</think>
<answer>
{""holding_log_delta"": -0.01}
</answer>","Given the firm's high profitability (profit=1.105) and positive asset growth (Gat=0.084), alongside its above-market beta (1.356) indicating higher systematic risk, a growth-oriented investor might increase exposure to capture potential upside. However, the current holding is already substantial relative to the fund's AUM, and the stock's high volatility (stock_vol_q_prev=0.304) and large previous quarter volume suggest elevated risk, which could temper the magnitude of any increase. Therefore, the expected normalized log change in holding is likely positive but modest.","{""holding_log_delta"": -0.01}"
11,population,7,0.25578401766073156,0.23510851141102743,0.5091064709292412,,,316,NA,2018-04-01 00:00:00,17478,7215.093536,-0.04884330293423058,-0.01,0.03884330293423058,-0.03884330293423058,True,1,type_mean,0.0083004769074155,0.0070097321687576,0.0811969348655934,0.03216904798058883,"
<think>Given the firm's high profitability (profit=1.105) and positive asset growth (Gat=0.084), alongside its above-market beta (1.356) indicating higher systematic risk, a growth-oriented investor might increase exposure to capture potential upside. However, the current holding is already substantial relative to the fund's AUM, and the stock's high volatility (stock_vol_q_prev=0.304) and large previous quarter volume suggest elevated risk, which could temper the magnitude of any increase. Therefore, the expected normalized log change in holding is likely positive but modest.</think>
<answer>
{""holding_log_delta"": -0.01}
</answer>","Given the firm's high profitability (profit=1.105) and positive asset growth (Gat=0.084), alongside its above-market beta (1.356) indicating higher systematic risk, a growth-oriented investor might increase exposure to capture potential upside. However, the current holding is already substantial relative to the fund's AUM, and the stock's high volatility (stock_vol_q_prev=0.304) and large previous quarter volume suggest elevated risk, which could temper the magnitude of any increase. Therefore, the expected normalized log change in holding is likely positive but modest.","{""holding_log_delta"": -0.01}"
11,population,8,0.25578401766073156,0.23510851141102743,0.5091064709292412,,,316,NA,2018-04-01 00:00:00,17478,7215.093536,-0.04884330293423058,-0.01,0.03884330293423058,-0.03884330293423058,True,1,type_mean,0.0083004769074155,0.0070097321687576,0.0811969348655934,0.03216904798058883,"
<think>Given the firm's high profitability (profit=1.105) and positive asset growth (Gat=0.084), alongside its above-market beta (1.356) indicating higher systematic risk, a growth-oriented investor might increase exposure to capture potential upside. However, the current holding is already substantial relative to the fund's AUM, and the stock's high volatility (stock_vol_q_prev=0.304) and large previous quarter volume suggest elevated risk, which could temper the magnitude of any increase. Therefore, the expected normalized log change in holding is likely positive but modest.</think>
<answer>
{""holding_log_delta"": -0.01}
</answer>","Given the firm's high profitability (profit=1.105) and positive asset growth (Gat=0.084), alongside its above-market beta (1.356) indicating higher systematic risk, a growth-oriented investor might increase exposure to capture potential upside. However, the current holding is already substantial relative to the fund's AUM, and the stock's high volatility (stock_vol_q_prev=0.304) and large previous quarter volume suggest elevated risk, which could temper the magnitude of any increase. Therefore, the expected normalized log change in holding is likely positive but modest.","{""holding_log_delta"": -0.01}"
11,population,9,0.25578401766073156,0.23510851141102743,0.5091064709292412,,,316,NA,2018-04-01 00:00:00,17478,7215.093536,-0.04884330293423058,-0.01,0.03884330293423058,-0.03884330293423058,True,1,type_mean,0.0083004769074155,0.0070097321687576,0.0811969348655934,0.03216904798058883,"
<think>Given the firm's high profitability (profit=1.105) and positive asset growth (Gat=0.084), alongside its above-market beta (1.356) indicating higher systematic risk, a growth-oriented investor might increase exposure to capture potential upside. However, the current holding is already substantial relative to the fund's AUM, and the stock's high volatility (stock_vol_q_prev=0.304) and large previous quarter volume suggest elevated risk, which could temper the magnitude of any increase. Therefore, the expected normalized log change in holding is likely positive but modest.</think>
<answer>
{""holding_log_delta"": -0.01}
</answer>","Given the firm's high profitability (profit=1.105) and positive asset growth (Gat=0.084), alongside its above-market beta (1.356) indicating higher systematic risk, a growth-oriented investor might increase exposure to capture potential upside. However, the current holding is already substantial relative to the fund's AUM, and the stock's high volatility (stock_vol_q_prev=0.304) and large previous quarter volume suggest elevated risk, which could temper the magnitude of any increase. Therefore, the expected normalized log change in holding is likely positive but modest.","{""holding_log_delta"": -0.01}"
11,population,10,0.25578401766073156,0.23510851141102743,0.5091064709292412,,,316,NA,2018-04-01 00:00:00,17478,7215.093536,-0.04884330293423058,-0.01,0.03884330293423058,-0.03884330293423058,True,1,type_mean,0.0083004769074155,0.0070097321687576,0.0811969348655934,0.03216904798058883,"
<think>Given the firm's high profitability (profit=1.105) and positive asset growth (Gat=0.084), alongside its above-market beta (1.356) indicating higher systematic risk, a growth-oriented investor might increase exposure to capture potential upside. However, the current holding is already substantial relative to the fund's AUM, and the stock's high volatility (stock_vol_q_prev=0.304) and large previous quarter volume suggest elevated risk, which could temper the magnitude of any increase. Therefore, the expected normalized log change in holding is likely positive but modest.</think>
<answer>
{""holding_log_delta"": -0.01}
</answer>","Given the firm's high profitability (profit=1.105) and positive asset growth (Gat=0.084), alongside its above-market beta (1.356) indicating higher systematic risk, a growth-oriented investor might increase exposure to capture potential upside. However, the current holding is already substantial relative to the fund's AUM, and the stock's high volatility (stock_vol_q_prev=0.304) and large previous quarter volume suggest elevated risk, which could temper the magnitude of any increase. Therefore, the expected normalized log change in holding is likely positive but modest.","{""holding_log_delta"": -0.01}"
11,population,11,0.294999705000295,0.244999755000245,0.45999954000046006,,,316,NA,2018-04-01 00:00:00,17478,7215.093536,-0.04884330293423058,-0.03,0.01884330293423058,-0.01884330293423058,True,1,type_mean,0.0083004769074155,0.0070097321687576,0.0811969348655934,0.03216904798058883,"
<think>Given the firm's high profitability (profit=1.105) and positive asset growth (Gat=0.084), alongside its above-market beta (1.356) indicating higher systematic risk, a growth-oriented investor might increase exposure to capture potential upside. However, the stock's elevated volatility (0.304) and the fund's already substantial holding relative to AUM may limit aggressive increases, leading to a modest positive adjustment.</think>
<answer>
{""holding_log_delta"": -0.03}
</answer>","Given the firm's high profitability (profit=1.105) and positive asset growth (Gat=0.084), alongside its above-market beta (1.356) indicating higher systematic risk, a growth-oriented investor might increase exposure to capture potential upside. However, the stock's elevated volatility (0.304) and the fund's already substantial holding relative to AUM may limit aggressive increases, leading to a modest positive adjustment.","{""holding_log_delta"": -0.03}"
