generation,stage,candidate_idx,risk_aversion,herd_behavior,profit_driven,ticker,company,id,quarter,date,permno,holding_t,y_true,pred,abs_error,reward,valid,best_k,profile_strength_mode,x_risk_mean,x_herd_mean,x_profit_mean,overall_mean,raw_output,reason,answer_body
17,population,0,0.5833539583892446,0.280507296473579,0.13613774513717622,IPG,INTERPUBLIC GROUP COS INC,49,NA,2016-01-01 00:00:00,53065,4029.425063,-0.060605739753082484,-0.04,0.020605739753082483,-0.020605739753082483,True,1,type_mean,0.0082565895035254,0.0069532062192367,0.2194993243101532,0.0782363733443051,"
<think>Given the firm's high beta of 1.836, indicating significant market sensitivity, and its negative Gat (-0.026) suggesting declining asset growth, the stock presents elevated risk relative to its modest profitability. The fund's current holding is substantial relative to its AUM and the stock's low S&P 500 weight, implying potential for rebalancing downward to align with the benchmark. Considering the high beta and negative growth, a reduction in holding is expected to manage risk exposure.</think>
<answer>
{""holding_log_delta"": -0.04}
</answer>","Given the firm's high beta of 1.836, indicating significant market sensitivity, and its negative Gat (-0.026) suggesting declining asset growth, the stock presents elevated risk relative to its modest profitability. The fund's current holding is substantial relative to its AUM and the stock's low S&P 500 weight, implying potential for rebalancing downward to align with the benchmark. Considering the high beta and negative growth, a reduction in holding is expected to manage risk exposure.","{""holding_log_delta"": -0.04}"
17,population,1,0.6033539583892247,0.2705072964735891,0.12613774513718623,IPG,INTERPUBLIC GROUP COS INC,49,NA,2016-01-01 00:00:00,53065,4029.425063,-0.060605739753082484,-0.04,0.020605739753082483,-0.020605739753082483,True,1,type_mean,0.0082565895035254,0.0069532062192367,0.2194993243101532,0.0782363733443051,"
<think>Given the firm's high beta of 1.836, indicating significant market sensitivity, and its negative Gat (-0.026) suggesting declining asset growth, the stock presents elevated risk relative to its modest profitability. The fund's current holding is substantial relative to its AUM and the stock's low S&P 500 weight, implying potential for rebalancing downward to align with the benchmark. Considering the high portfolio volatility and the fund's medium turnover constraint, a reduction in holding is likely to manage risk exposure.</think>
<answer>
{""holding_log_delta"": -0.04}
</answer>","Given the firm's high beta of 1.836, indicating significant market sensitivity, and its negative Gat (-0.026) suggesting declining asset growth, the stock presents elevated risk relative to its modest profitability. The fund's current holding is substantial relative to its AUM and the stock's low S&P 500 weight, implying potential for rebalancing downward to align with the benchmark. Considering the high portfolio volatility and the fund's medium turnover constraint, a reduction in holding is likely to manage risk exposure.","{""holding_log_delta"": -0.04}"
17,population,2,0.6033539583892247,0.2505072964736091,0.1461377451371662,IPG,INTERPUBLIC GROUP COS INC,49,NA,2016-01-01 00:00:00,53065,4029.425063,-0.060605739753082484,-0.04,0.020605739753082483,-0.020605739753082483,True,1,type_mean,0.0082565895035254,0.0069532062192367,0.2194993243101532,0.0782363733443051,"
<think>Given the firm's high beta of 1.836, indicating significant market sensitivity, and its negative Gat (-0.026) suggesting declining asset growth, the stock presents elevated risk relative to its modest profitability. The fund's current holding is substantial relative to its AUM and the stock's low S&P 500 weight, implying potential for rebalancing downward to align with the benchmark. Considering the high volatility (0.197) and the fund's medium turnover constraint, a reduction in holding is likely to manage risk exposure while maintaining a balanced portfolio.</think>
<answer>
{""holding_log_delta"": -0.04}
</answer>","Given the firm's high beta of 1.836, indicating significant market sensitivity, and its negative Gat (-0.026) suggesting declining asset growth, the stock presents elevated risk relative to its modest profitability. The fund's current holding is substantial relative to its AUM and the stock's low S&P 500 weight, implying potential for rebalancing downward to align with the benchmark. Considering the high volatility (0.197) and the fund's medium turnover constraint, a reduction in holding is likely to manage risk exposure while maintaining a balanced portfolio.","{""holding_log_delta"": -0.04}"
17,population,3,0.5833539583892446,0.2705072964735891,0.1461377451371662,IPG,INTERPUBLIC GROUP COS INC,49,NA,2016-01-01 00:00:00,53065,4029.425063,-0.060605739753082484,-0.08,0.019394260246917518,-0.019394260246917518,True,1,type_mean,0.0082565895035254,0.0069532062192367,0.2194993243101532,0.0782363733443051,"
<think>Given the firm's high beta of 1.836, indicating significant market sensitivity, and its negative Gat (-0.026) suggesting declining asset growth, the stock presents elevated risk relative to its modest profitability. The fund's current holding is substantial relative to its AUM and the stock's low S&P 500 weight, implying potential for rebalancing downward to align with the benchmark. Considering the high volatility (0.197) and the fund's medium turnover constraint, a reduction in holding is likely to manage risk exposure while maintaining proximity to the benchmark.</think>
<answer>
{""holding_log_delta"": -0.08}
</answer>","Given the firm's high beta of 1.836, indicating significant market sensitivity, and its negative Gat (-0.026) suggesting declining asset growth, the stock presents elevated risk relative to its modest profitability. The fund's current holding is substantial relative to its AUM and the stock's low S&P 500 weight, implying potential for rebalancing downward to align with the benchmark. Considering the high volatility (0.197) and the fund's medium turnover constraint, a reduction in holding is likely to manage risk exposure while maintaining proximity to the benchmark.","{""holding_log_delta"": -0.08}"
17,population,4,0.6133539583898281,0.2705072964738596,0.11613774513731237,IPG,INTERPUBLIC GROUP COS INC,49,NA,2016-01-01 00:00:00,53065,4029.425063,-0.060605739753082484,-0.04,0.020605739753082483,-0.020605739753082483,True,1,type_mean,0.0082565895035254,0.0069532062192367,0.2194993243101532,0.0782363733443051,"
<think>Given the firm's high beta of 1.836, indicating significant market sensitivity, and its negative Gat (-0.026) suggesting declining asset growth, the stock presents elevated risk relative to its modest profitability. The fund's current holding is substantial relative to its AUM and the stock's low S&P 500 weight, implying potential for rebalancing downward to align with the benchmark. Considering the high volatility (0.197) and the fund's medium turnover constraint, a reduction in holding is likely to manage risk exposure while maintaining proximity to the benchmark.</think>
<answer>
{""holding_log_delta"": -0.04}
</answer>","Given the firm's high beta of 1.836, indicating significant market sensitivity, and its negative Gat (-0.026) suggesting declining asset growth, the stock presents elevated risk relative to its modest profitability. The fund's current holding is substantial relative to its AUM and the stock's low S&P 500 weight, implying potential for rebalancing downward to align with the benchmark. Considering the high volatility (0.197) and the fund's medium turnover constraint, a reduction in holding is likely to manage risk exposure while maintaining proximity to the benchmark.","{""holding_log_delta"": -0.04}"
17,population,5,0.6133539583898281,0.2705072964738596,0.11613774513731237,IPG,INTERPUBLIC GROUP COS INC,49,NA,2016-01-01 00:00:00,53065,4029.425063,-0.060605739753082484,-0.04,0.020605739753082483,-0.020605739753082483,True,1,type_mean,0.0082565895035254,0.0069532062192367,0.2194993243101532,0.0782363733443051,"
<think>Given the firm's high beta of 1.836, indicating significant market sensitivity, and its negative Gat (-0.026) suggesting declining asset growth, the stock presents elevated risk relative to its modest profitability. The fund's current holding is substantial relative to its AUM and the stock's low S&P 500 weight, implying potential for rebalancing downward to align with the benchmark. Considering the high volatility (0.197) and the fund's medium turnover constraint, a reduction in holding is likely to manage risk exposure while maintaining proximity to the benchmark.</think>
<answer>
{""holding_log_delta"": -0.04}
</answer>","Given the firm's high beta of 1.836, indicating significant market sensitivity, and its negative Gat (-0.026) suggesting declining asset growth, the stock presents elevated risk relative to its modest profitability. The fund's current holding is substantial relative to its AUM and the stock's low S&P 500 weight, implying potential for rebalancing downward to align with the benchmark. Considering the high volatility (0.197) and the fund's medium turnover constraint, a reduction in holding is likely to manage risk exposure while maintaining proximity to the benchmark.","{""holding_log_delta"": -0.04}"
17,population,6,0.6133539583898281,0.2705072964738596,0.11613774513731237,IPG,INTERPUBLIC GROUP COS INC,49,NA,2016-01-01 00:00:00,53065,4029.425063,-0.060605739753082484,-0.04,0.020605739753082483,-0.020605739753082483,True,1,type_mean,0.0082565895035254,0.0069532062192367,0.2194993243101532,0.0782363733443051,"
<think>Given the firm's high beta of 1.836, indicating significant market sensitivity, and its negative Gat (-0.026) suggesting declining asset growth, the stock presents elevated risk relative to its modest profitability. The fund's current holding is substantial relative to its AUM and the stock's low S&P 500 weight, implying potential for rebalancing downward to align with the benchmark. Considering the high volatility (0.197) and the fund's medium turnover constraint, a reduction in holding is likely to manage risk exposure while maintaining proximity to the benchmark.</think>
<answer>
{""holding_log_delta"": -0.04}
</answer>","Given the firm's high beta of 1.836, indicating significant market sensitivity, and its negative Gat (-0.026) suggesting declining asset growth, the stock presents elevated risk relative to its modest profitability. The fund's current holding is substantial relative to its AUM and the stock's low S&P 500 weight, implying potential for rebalancing downward to align with the benchmark. Considering the high volatility (0.197) and the fund's medium turnover constraint, a reduction in holding is likely to manage risk exposure while maintaining proximity to the benchmark.","{""holding_log_delta"": -0.04}"
17,population,7,0.6133539583898281,0.2705072964738596,0.11613774513731237,IPG,INTERPUBLIC GROUP COS INC,49,NA,2016-01-01 00:00:00,53065,4029.425063,-0.060605739753082484,-0.04,0.020605739753082483,-0.020605739753082483,True,1,type_mean,0.0082565895035254,0.0069532062192367,0.2194993243101532,0.0782363733443051,"
<think>Given the firm's high beta of 1.836, indicating significant market sensitivity, and its negative Gat (-0.026) suggesting declining asset growth, the stock presents elevated risk relative to its modest profitability. The fund's current holding is substantial relative to its AUM and the stock's low S&P 500 weight, implying potential for rebalancing downward to align with the benchmark. Considering the high volatility (0.197) and the fund's medium turnover constraint, a reduction in holding is likely to manage risk exposure while maintaining proximity to the benchmark.</think>
<answer>
{""holding_log_delta"": -0.04}
</answer>","Given the firm's high beta of 1.836, indicating significant market sensitivity, and its negative Gat (-0.026) suggesting declining asset growth, the stock presents elevated risk relative to its modest profitability. The fund's current holding is substantial relative to its AUM and the stock's low S&P 500 weight, implying potential for rebalancing downward to align with the benchmark. Considering the high volatility (0.197) and the fund's medium turnover constraint, a reduction in holding is likely to manage risk exposure while maintaining proximity to the benchmark.","{""holding_log_delta"": -0.04}"
17,population,8,0.6133539583898281,0.2705072964738596,0.11613774513731237,IPG,INTERPUBLIC GROUP COS INC,49,NA,2016-01-01 00:00:00,53065,4029.425063,-0.060605739753082484,-0.04,0.020605739753082483,-0.020605739753082483,True,1,type_mean,0.0082565895035254,0.0069532062192367,0.2194993243101532,0.0782363733443051,"
<think>Given the firm's high beta of 1.836, indicating significant market sensitivity, and its negative Gat (-0.026) suggesting declining asset growth, the stock presents elevated risk relative to its modest profitability. The fund's current holding is substantial relative to its AUM and the stock's low S&P 500 weight, implying potential for rebalancing downward to align with the benchmark. Considering the high volatility (0.197) and the fund's medium turnover constraint, a reduction in holding is likely to manage risk exposure while maintaining proximity to the benchmark.</think>
<answer>
{""holding_log_delta"": -0.04}
</answer>","Given the firm's high beta of 1.836, indicating significant market sensitivity, and its negative Gat (-0.026) suggesting declining asset growth, the stock presents elevated risk relative to its modest profitability. The fund's current holding is substantial relative to its AUM and the stock's low S&P 500 weight, implying potential for rebalancing downward to align with the benchmark. Considering the high volatility (0.197) and the fund's medium turnover constraint, a reduction in holding is likely to manage risk exposure while maintaining proximity to the benchmark.","{""holding_log_delta"": -0.04}"
17,population,9,0.6133539583898281,0.2705072964738596,0.11613774513731237,IPG,INTERPUBLIC GROUP COS INC,49,NA,2016-01-01 00:00:00,53065,4029.425063,-0.060605739753082484,-0.04,0.020605739753082483,-0.020605739753082483,True,1,type_mean,0.0082565895035254,0.0069532062192367,0.2194993243101532,0.0782363733443051,"
<think>Given the firm's high beta of 1.836, indicating significant market sensitivity, and its negative Gat (-0.026) suggesting declining asset growth, the stock presents elevated risk relative to its modest profitability. The fund's current holding is substantial relative to its AUM and the stock's low S&P 500 weight, implying potential for rebalancing downward to align with the benchmark. Considering the high volatility (0.197) and the fund's medium turnover constraint, a reduction in holding is likely to manage risk exposure while maintaining proximity to the benchmark.</think>
<answer>
{""holding_log_delta"": -0.04}
</answer>","Given the firm's high beta of 1.836, indicating significant market sensitivity, and its negative Gat (-0.026) suggesting declining asset growth, the stock presents elevated risk relative to its modest profitability. The fund's current holding is substantial relative to its AUM and the stock's low S&P 500 weight, implying potential for rebalancing downward to align with the benchmark. Considering the high volatility (0.197) and the fund's medium turnover constraint, a reduction in holding is likely to manage risk exposure while maintaining proximity to the benchmark.","{""holding_log_delta"": -0.04}"
17,population,10,0.6133539583898281,0.2705072964738596,0.11613774513731237,IPG,INTERPUBLIC GROUP COS INC,49,NA,2016-01-01 00:00:00,53065,4029.425063,-0.060605739753082484,-0.04,0.020605739753082483,-0.020605739753082483,True,1,type_mean,0.0082565895035254,0.0069532062192367,0.2194993243101532,0.0782363733443051,"
<think>Given the firm's high beta of 1.836, indicating significant market sensitivity, and its negative Gat (-0.026) suggesting declining asset growth, the stock presents elevated risk relative to its modest profitability. The fund's current holding is substantial relative to its AUM and the stock's low S&P 500 weight, implying potential for rebalancing downward to align with the benchmark. Considering the high volatility (0.197) and the fund's medium turnover constraint, a reduction in holding is likely to manage risk exposure while maintaining proximity to the benchmark.</think>
<answer>
{""holding_log_delta"": -0.04}
</answer>","Given the firm's high beta of 1.836, indicating significant market sensitivity, and its negative Gat (-0.026) suggesting declining asset growth, the stock presents elevated risk relative to its modest profitability. The fund's current holding is substantial relative to its AUM and the stock's low S&P 500 weight, implying potential for rebalancing downward to align with the benchmark. Considering the high volatility (0.197) and the fund's medium turnover constraint, a reduction in holding is likely to manage risk exposure while maintaining proximity to the benchmark.","{""holding_log_delta"": -0.04}"
17,population,11,0.6133539583898281,0.2705072964738596,0.11613774513731237,IPG,INTERPUBLIC GROUP COS INC,49,NA,2016-01-01 00:00:00,53065,4029.425063,-0.060605739753082484,-0.04,0.020605739753082483,-0.020605739753082483,True,1,type_mean,0.0082565895035254,0.0069532062192367,0.2194993243101532,0.0782363733443051,"
<think>Given the firm's high beta of 1.836, indicating significant market sensitivity, and its negative Gat (-0.026) suggesting declining asset growth, the stock presents elevated risk relative to its modest profitability. The fund's current holding is substantial relative to its AUM and the stock's low S&P 500 weight, implying potential for rebalancing downward to align with the benchmark. Considering the high volatility (0.197) and the fund's medium turnover constraint, a reduction in holding is likely to manage risk exposure while maintaining proximity to the benchmark.</think>
<answer>
{""holding_log_delta"": -0.04}
</answer>","Given the firm's high beta of 1.836, indicating significant market sensitivity, and its negative Gat (-0.026) suggesting declining asset growth, the stock presents elevated risk relative to its modest profitability. The fund's current holding is substantial relative to its AUM and the stock's low S&P 500 weight, implying potential for rebalancing downward to align with the benchmark. Considering the high volatility (0.197) and the fund's medium turnover constraint, a reduction in holding is likely to manage risk exposure while maintaining proximity to the benchmark.","{""holding_log_delta"": -0.04}"
