generation,stage,candidate_idx,risk_aversion,herd_behavior,profit_driven,ticker,company,id,quarter,date,permno,holding_t,y_true,pred,abs_error,reward,valid,best_k,profile_strength_mode,x_risk_mean,x_herd_mean,x_profit_mean,overall_mean,raw_output,reason,answer_body
68,population,0,0.36999963000037,0.50999949000051,0.11999988000012,DOV,DOVER CORP,202,NA,2017-07-01 00:00:00,25953,142.136947,0.8586183556454694,-0.04,0.8986183556454694,-0.8986183556454694,True,1,type_mean,0.0105116667264412,0.009015847914168,2.8059538271968374,0.9418271139458155,"
<think>Given the firm's moderate profitability (profit=0.21) and positive asset growth (Gat=0.13), along with a beta above 1 indicating higher systematic risk than the market, the stock presents mixed signals. The fund's current holding is relatively small compared to its AUM, and the stock's low S&P 500 weight suggests limited benchmark-driven demand. Considering the fund's defensive profile and low risk tolerance, any increase in holding would likely be modest to manage risk exposure, while the elevated beta may temper aggressive increases.</think>
<answer>
{""holding_log_delta"": -0.04}
</answer>","Given the firm's moderate profitability (profit=0.21) and positive asset growth (Gat=0.13), along with a beta above 1 indicating higher systematic risk than the market, the stock presents mixed signals. The fund's current holding is relatively small compared to its AUM, and the stock's low S&P 500 weight suggests limited benchmark-driven demand. Considering the fund's defensive profile and low risk tolerance, any increase in holding would likely be modest to manage risk exposure, while the elevated beta may temper aggressive increases.","{""holding_log_delta"": -0.04}"
68,population,1,0.38999961000039,0.47999952000048,0.12999987000013002,DOV,DOVER CORP,202,NA,2017-07-01 00:00:00,25953,142.136947,0.8586183556454694,-0.03,0.8886183556454694,-0.8886183556454694,True,1,type_mean,0.0105116667264412,0.009015847914168,2.8059538271968374,0.9418271139458155,"
<think>Given the firm's moderate profitability (profit=0.21) and positive asset growth (Gat=0.13), along with a beta above 1 indicating higher systematic risk, the stock presents mixed fundamentals. The fund's current holding is relatively small compared to its AUM, and the stock's low S&P 500 weight suggests limited benchmark-driven pressure. Considering the fund's defensive profile and low risk tolerance, any increase in holding would likely be modest to manage risk exposure, while the high stock volatility may temper aggressive increases.</think>
<answer>
{""holding_log_delta"": -0.03}
</answer>","Given the firm's moderate profitability (profit=0.21) and positive asset growth (Gat=0.13), along with a beta above 1 indicating higher systematic risk, the stock presents mixed fundamentals. The fund's current holding is relatively small compared to its AUM, and the stock's low S&P 500 weight suggests limited benchmark-driven pressure. Considering the fund's defensive profile and low risk tolerance, any increase in holding would likely be modest to manage risk exposure, while the high stock volatility may temper aggressive increases.","{""holding_log_delta"": -0.03}"
68,population,2,0.346999653000347,0.521999478000522,0.13099986900013103,DOV,DOVER CORP,202,NA,2017-07-01 00:00:00,25953,142.136947,0.8586183556454694,-0.04,0.8986183556454694,-0.8986183556454694,True,1,type_mean,0.0105116667264412,0.009015847914168,2.8059538271968374,0.9418271139458155,"
<think>Given the firm's moderate profitability (profit=0.21) and positive asset growth (Gat=0.13), along with a beta above 1 indicating higher systematic risk than the market, the stock presents mixed fundamental signals. The fund's current holding is relatively small compared to its AUM, and the stock's low S&P 500 weight suggests limited benchmark-driven pressure. Considering the fund's defensive profile and low risk tolerance, any increase in holding would likely be modest to manage risk exposure, while the existing position is already substantial relative to the stock's market importance.</think>
<answer>
{""holding_log_delta"": -0.04}
</answer>","Given the firm's moderate profitability (profit=0.21) and positive asset growth (Gat=0.13), along with a beta above 1 indicating higher systematic risk than the market, the stock presents mixed fundamental signals. The fund's current holding is relatively small compared to its AUM, and the stock's low S&P 500 weight suggests limited benchmark-driven pressure. Considering the fund's defensive profile and low risk tolerance, any increase in holding would likely be modest to manage risk exposure, while the existing position is already substantial relative to the stock's market importance.","{""holding_log_delta"": -0.04}"
68,population,3,0.34999965000035,0.48999951000049,0.15999984000016002,DOV,DOVER CORP,202,NA,2017-07-01 00:00:00,25953,142.136947,0.8586183556454694,-0.04,0.8986183556454694,-0.8986183556454694,True,1,type_mean,0.0105116667264412,0.009015847914168,2.8059538271968374,0.9418271139458155,"
<think>Given the firm's moderate profitability (profit=0.21) and positive asset growth (Gat=0.13), along with a beta above 1 indicating higher systematic risk than the market, the stock presents mixed signals. The fund's current holding is relatively small compared to its AUM, and the stock's low S&P 500 weight suggests limited benchmark-driven demand. Considering the fund's defensive profile and low risk tolerance, any increase in holding would likely be modest to manage risk exposure, while the elevated beta may temper aggressive increases.</think>
<answer>
{""holding_log_delta"": -0.04}
</answer>","Given the firm's moderate profitability (profit=0.21) and positive asset growth (Gat=0.13), along with a beta above 1 indicating higher systematic risk than the market, the stock presents mixed signals. The fund's current holding is relatively small compared to its AUM, and the stock's low S&P 500 weight suggests limited benchmark-driven demand. Considering the fund's defensive profile and low risk tolerance, any increase in holding would likely be modest to manage risk exposure, while the elevated beta may temper aggressive increases.","{""holding_log_delta"": -0.04}"
68,population,4,0.346999653000347,0.5069994930005071,0.145999854000146,DOV,DOVER CORP,202,NA,2017-07-01 00:00:00,25953,142.136947,0.8586183556454694,-0.04,0.8986183556454694,-0.8986183556454694,True,1,type_mean,0.0105116667264412,0.009015847914168,2.8059538271968374,0.9418271139458155,"
<think>Given the firm's moderate profitability (profit=0.21) and positive asset growth (Gat=0.13), along with a beta above 1 indicating higher systematic risk, the stock presents mixed signals. The fund's current holding is relatively small compared to its AUM, and the stock's low S&P 500 weight suggests limited benchmark-driven pressure. Considering the fund's defensive profile and low risk tolerance, any increase in holding would likely be modest to manage risk exposure, while the high stock volatility might temper aggressive increases.</think>
<answer>
{""holding_log_delta"": -0.04}
</answer>","Given the firm's moderate profitability (profit=0.21) and positive asset growth (Gat=0.13), along with a beta above 1 indicating higher systematic risk, the stock presents mixed signals. The fund's current holding is relatively small compared to its AUM, and the stock's low S&P 500 weight suggests limited benchmark-driven pressure. Considering the fund's defensive profile and low risk tolerance, any increase in holding would likely be modest to manage risk exposure, while the high stock volatility might temper aggressive increases.","{""holding_log_delta"": -0.04}"
68,population,5,0.35635599964364395,0.506505999493494,0.137136999862863,DOV,DOVER CORP,202,NA,2017-07-01 00:00:00,25953,142.136947,0.8586183556454694,-0.04,0.8986183556454694,-0.8986183556454694,True,1,type_mean,0.0105116667264412,0.009015847914168,2.8059538271968374,0.9418271139458155,"
<think>Given the firm's moderate profitability (profit=0.21) and positive asset growth (Gat=0.13), along with a beta above 1 indicating higher systematic risk than the market, the stock presents mixed signals. The fund's current holding is relatively small compared to its AUM, and the stock's low S&P 500 weight suggests limited benchmark-driven demand. Considering the fund's defensive profile and low risk tolerance, any increase in holding would likely be modest to manage risk exposure, while the elevated beta may temper aggressive increases.</think>
<answer>
{""holding_log_delta"": -0.04}
</answer>","Given the firm's moderate profitability (profit=0.21) and positive asset growth (Gat=0.13), along with a beta above 1 indicating higher systematic risk than the market, the stock presents mixed signals. The fund's current holding is relatively small compared to its AUM, and the stock's low S&P 500 weight suggests limited benchmark-driven demand. Considering the fund's defensive profile and low risk tolerance, any increase in holding would likely be modest to manage risk exposure, while the elevated beta may temper aggressive increases.","{""holding_log_delta"": -0.04}"
68,population,6,0.357999642000358,0.516999483000517,0.12499987500012501,DOV,DOVER CORP,202,NA,2017-07-01 00:00:00,25953,142.136947,0.8586183556454694,-0.04,0.8986183556454694,-0.8986183556454694,True,1,type_mean,0.0105116667264412,0.009015847914168,2.8059538271968374,0.9418271139458155,"
<think>Given the firm's moderate profitability (profit=0.21) and positive asset growth (Gat=0.13), along with a beta above 1 indicating higher systematic risk than the market, the stock presents mixed signals. The fund's current holding is relatively small compared to its AUM, and the stock's low S&P 500 weight suggests limited benchmark-driven demand. Considering the fund's defensive profile and low risk tolerance, any increase in holding would likely be modest to manage risk exposure, while the elevated beta may temper aggressive increases.</think>
<answer>
{""holding_log_delta"": -0.04}
</answer>","Given the firm's moderate profitability (profit=0.21) and positive asset growth (Gat=0.13), along with a beta above 1 indicating higher systematic risk than the market, the stock presents mixed signals. The fund's current holding is relatively small compared to its AUM, and the stock's low S&P 500 weight suggests limited benchmark-driven demand. Considering the fund's defensive profile and low risk tolerance, any increase in holding would likely be modest to manage risk exposure, while the elevated beta may temper aggressive increases.","{""holding_log_delta"": -0.04}"
68,population,7,0.351999648000352,0.5119994880005121,0.13599986400013603,DOV,DOVER CORP,202,NA,2017-07-01 00:00:00,25953,142.136947,0.8586183556454694,-0.04,0.8986183556454694,-0.8986183556454694,True,1,type_mean,0.0105116667264412,0.009015847914168,2.8059538271968374,0.9418271139458155,"
<think>Given the firm's moderate profitability (profit=0.21) and positive asset growth (Gat=0.13), along with a beta above 1 indicating higher systematic risk than the market, the stock presents mixed signals. The fund's current holding is relatively small compared to its AUM, and the stock's low S&P 500 weight suggests limited benchmark-driven demand. Considering the fund's defensive profile and low risk tolerance, any increase in holding would likely be modest to manage risk exposure, while the elevated beta may temper aggressive increases.</think>
<answer>
{""holding_log_delta"": -0.04}
</answer>","Given the firm's moderate profitability (profit=0.21) and positive asset growth (Gat=0.13), along with a beta above 1 indicating higher systematic risk than the market, the stock presents mixed signals. The fund's current holding is relatively small compared to its AUM, and the stock's low S&P 500 weight suggests limited benchmark-driven demand. Considering the fund's defensive profile and low risk tolerance, any increase in holding would likely be modest to manage risk exposure, while the elevated beta may temper aggressive increases.","{""holding_log_delta"": -0.04}"
68,population,8,0.346345999653654,0.516515999483484,0.137136999862863,DOV,DOVER CORP,202,NA,2017-07-01 00:00:00,25953,142.136947,0.8586183556454694,-0.04,0.8986183556454694,-0.8986183556454694,True,1,type_mean,0.0105116667264412,0.009015847914168,2.8059538271968374,0.9418271139458155,"
<think>Given the firm's moderate profitability (profit=0.21) and positive asset growth (Gat=0.13), along with a beta above 1 indicating higher systematic risk than the market, the stock presents mixed signals. The fund's current holding is relatively small compared to its AUM, and the stock's low S&P 500 weight suggests limited benchmark-driven demand. Considering the fund's defensive profile and low risk tolerance, any increase in holding would likely be modest to manage risk exposure, while the elevated beta may temper aggressive increases.</think>
<answer>
{""holding_log_delta"": -0.04}
</answer>","Given the firm's moderate profitability (profit=0.21) and positive asset growth (Gat=0.13), along with a beta above 1 indicating higher systematic risk than the market, the stock presents mixed signals. The fund's current holding is relatively small compared to its AUM, and the stock's low S&P 500 weight suggests limited benchmark-driven demand. Considering the fund's defensive profile and low risk tolerance, any increase in holding would likely be modest to manage risk exposure, while the elevated beta may temper aggressive increases.","{""holding_log_delta"": -0.04}"
68,population,9,0.34999965000035,0.47999952000048,0.16999983000017002,DOV,DOVER CORP,202,NA,2017-07-01 00:00:00,25953,142.136947,0.8586183556454694,-0.04,0.8986183556454694,-0.8986183556454694,True,1,type_mean,0.0105116667264412,0.009015847914168,2.8059538271968374,0.9418271139458155,"
<think>Given the firm's moderate profitability (profit=0.21) and positive asset growth (Gat=0.13), along with a beta above 1 indicating higher systematic risk, the stock presents a mixed signal. The fund's current holding is relatively small compared to its AUM, and the stock's low S&P 500 weight suggests limited benchmark-driven pressure. Considering the fund's defensive profile and low risk tolerance, any increase in holding would likely be modest to manage risk exposure, while the high stock volatility might temper aggressive increases.</think>
<answer>
{""holding_log_delta"": -0.04}
</answer>","Given the firm's moderate profitability (profit=0.21) and positive asset growth (Gat=0.13), along with a beta above 1 indicating higher systematic risk, the stock presents a mixed signal. The fund's current holding is relatively small compared to its AUM, and the stock's low S&P 500 weight suggests limited benchmark-driven pressure. Considering the fund's defensive profile and low risk tolerance, any increase in holding would likely be modest to manage risk exposure, while the high stock volatility might temper aggressive increases.","{""holding_log_delta"": -0.04}"
68,population,10,0.33633599966366395,0.5165159994834839,0.14714699985285298,DOV,DOVER CORP,202,NA,2017-07-01 00:00:00,25953,142.136947,0.8586183556454694,-0.02,0.8786183556454694,-0.8786183556454694,True,1,type_mean,0.0105116667264412,0.009015847914168,2.8059538271968374,0.9418271139458155,"
<think>Given the firm's moderate profitability (profit=0.21) and positive asset growth (Gat=0.13), along with a beta above 1 indicating higher systematic risk than the market, the stock presents mixed signals. The fund's current holding is relatively small compared to its AUM, and the stock's low S&P 500 weight suggests limited benchmark-driven demand. Considering the fund's defensive profile and low risk tolerance, any increase in holding would likely be modest to manage risk exposure, while the elevated beta may temper aggressive increases.</think>
<answer>
{""holding_log_delta"": -0.02}
</answer>","Given the firm's moderate profitability (profit=0.21) and positive asset growth (Gat=0.13), along with a beta above 1 indicating higher systematic risk than the market, the stock presents mixed signals. The fund's current holding is relatively small compared to its AUM, and the stock's low S&P 500 weight suggests limited benchmark-driven demand. Considering the fund's defensive profile and low risk tolerance, any increase in holding would likely be modest to manage risk exposure, while the elevated beta may temper aggressive increases.","{""holding_log_delta"": -0.02}"
68,population,11,0.358999641000359,0.516999483000517,0.123999876000124,DOV,DOVER CORP,202,NA,2017-07-01 00:00:00,25953,142.136947,0.8586183556454694,-0.04,0.8986183556454694,-0.8986183556454694,True,1,type_mean,0.0105116667264412,0.009015847914168,2.8059538271968374,0.9418271139458155,"
<think>Given the firm's moderate profitability (profit=0.21) and positive asset growth (Gat=0.13), along with a beta above 1 indicating higher market risk, the stock presents a mixed signal. The fund's current holding is relatively small compared to its AUM, and the stock's low S&P 500 weight suggests limited benchmark-driven pressure. Considering the fund's defensive profile and low risk tolerance, any increase in holding would likely be modest to manage risk exposure, while the existing position is already substantial relative to the stock's market importance.</think>
<answer>
{""holding_log_delta"": -0.04}
</answer>","Given the firm's moderate profitability (profit=0.21) and positive asset growth (Gat=0.13), along with a beta above 1 indicating higher market risk, the stock presents a mixed signal. The fund's current holding is relatively small compared to its AUM, and the stock's low S&P 500 weight suggests limited benchmark-driven pressure. Considering the fund's defensive profile and low risk tolerance, any increase in holding would likely be modest to manage risk exposure, while the existing position is already substantial relative to the stock's market importance.","{""holding_log_delta"": -0.04}"
