generation,stage,candidate_idx,risk_aversion,herd_behavior,profit_driven,ticker,company,id,quarter,date,permno,holding_t,y_true,pred,abs_error,reward,valid,best_k,profile_strength_mode,x_risk_mean,x_herd_mean,x_profit_mean,overall_mean,raw_output,reason,answer_body
92,population,0,0.31999968000032003,0.43999956000044005,0.23999976000024,CDIC,CARDINAL HEALTH INC,424,NA,2018-07-01 00:00:00,21371,627.809994,-0.151196637961226,-0.04,0.111196637961226,-0.111196637961226,True,1,type_mean,0.0105116667264412,0.009015847914168,2.8059538271968374,0.9418271139458155,"
<think>Given the firm's moderate profitability (profit=0.38) and low beta (0.96), it appears stable but not growth-oriented. The fund's current holding is relatively small compared to its AUM, and the stock's very low S&P 500 weight suggests limited benchmark-driven pressure. With no extreme signals in fundamentals or recent volatility, a modest adjustment around the benchmark weight is expected, likely a slight increase given the positive profit margin and low risk profile.</think>
<answer>
{""holding_log_delta"": -0.04}
</answer>","Given the firm's moderate profitability (profit=0.38) and low beta (0.96), it appears stable but not growth-oriented. The fund's current holding is relatively small compared to its AUM, and the stock's very low S&P 500 weight suggests limited benchmark-driven pressure. With no extreme signals in fundamentals or recent volatility, a modest adjustment around the benchmark weight is expected, likely a slight increase given the positive profit margin and low risk profile.","{""holding_log_delta"": -0.04}"
92,population,1,0.33999966000034004,0.40999959000041003,0.24999975000025002,CDIC,CARDINAL HEALTH INC,424,NA,2018-07-01 00:00:00,21371,627.809994,-0.151196637961226,-0.02,0.13119663796122602,-0.13119663796122602,True,1,type_mean,0.0105116667264412,0.009015847914168,2.8059538271968374,0.9418271139458155,"
<think>Given the firm's moderate profitability (profit=0.38) and low beta (0.96), it appears stable but not growth-oriented. The fund's current holding is relatively small compared to its AUM, and the stock's very low S&P 500 weight suggests limited benchmark-driven pressure. With no extreme signals in fundamentals or recent volatility, a modest adjustment around the benchmark weight is expected, likely a slight increase given the positive profit margin and low risk profile.</think>
<answer>
{""holding_log_delta"": -0.02}
</answer>","Given the firm's moderate profitability (profit=0.38) and low beta (0.96), it appears stable but not growth-oriented. The fund's current holding is relatively small compared to its AUM, and the stock's very low S&P 500 weight suggests limited benchmark-driven pressure. With no extreme signals in fundamentals or recent volatility, a modest adjustment around the benchmark weight is expected, likely a slight increase given the positive profit margin and low risk profile.","{""holding_log_delta"": -0.02}"
92,population,2,0.37999985559981925,0.449999329000476,0.16999981540008474,CDIC,CARDINAL HEALTH INC,424,NA,2018-07-01 00:00:00,21371,627.809994,-0.151196637961226,-0.01,0.141196637961226,-0.141196637961226,True,1,type_mean,0.0105116667264412,0.009015847914168,2.8059538271968374,0.9418271139458155,"
<think>Given the firm's moderate profitability and low beta, combined with the fund's substantial AUM and the stock's very small S&P 500 weight, a modest adjustment is expected. The current holding is relatively small compared to the fund's total assets, suggesting limited active positioning, and the stock's recent volatility is moderate, not driving extreme changes. Therefore, the normalized log change is likely to be close to zero, reflecting a stable but minor rebalancing.</think>
<answer>
{""holding_log_delta"": -0.01}
</answer>","Given the firm's moderate profitability and low beta, combined with the fund's substantial AUM and the stock's very small S&P 500 weight, a modest adjustment is expected. The current holding is relatively small compared to the fund's total assets, suggesting limited active positioning, and the stock's recent volatility is moderate, not driving extreme changes. Therefore, the normalized log change is likely to be close to zero, reflecting a stable but minor rebalancing.","{""holding_log_delta"": -0.01}"
92,population,3,0.3199997472001325,0.4199996682001739,0.2599995846004836,CDIC,CARDINAL HEALTH INC,424,NA,2018-07-01 00:00:00,21371,627.809994,-0.151196637961226,-0.04,0.111196637961226,-0.111196637961226,True,1,type_mean,0.0105116667264412,0.009015847914168,2.8059538271968374,0.9418271139458155,"
<think>Given the firm's moderate profitability (profit=0.38) and low beta (0.96), it appears stable but not growth-oriented. The fund's current holding is relatively small compared to its AUM, and the stock's very low S&P 500 weight suggests limited benchmark-driven pressure. With no extreme signals in fundamentals or recent volatility, a modest adjustment around the benchmark weight is expected, likely a slight increase given the positive profit margin and low risk profile.</think>
<answer>
{""holding_log_delta"": -0.04}
</answer>","Given the firm's moderate profitability (profit=0.38) and low beta (0.96), it appears stable but not growth-oriented. The fund's current holding is relatively small compared to its AUM, and the stock's very low S&P 500 weight suggests limited benchmark-driven pressure. With no extreme signals in fundamentals or recent volatility, a modest adjustment around the benchmark weight is expected, likely a slight increase given the positive profit margin and low risk profile.","{""holding_log_delta"": -0.04}"
92,population,4,0.3535350392819424,0.474747052750037,0.17171689786790836,CDIC,CARDINAL HEALTH INC,424,NA,2018-07-01 00:00:00,21371,627.809994,-0.151196637961226,-0.02,0.13119663796122602,-0.13119663796122602,True,1,type_mean,0.0105116667264412,0.009015847914168,2.8059538271968374,0.9418271139458155,"
<think>Given the firm's moderate profitability (profit=0.38) and low beta (0.96), it appears stable but not growth-oriented. The fund's current holding is relatively small compared to its AUM, and the stock's very low S&P 500 weight suggests limited benchmark-driven pressure. With no extreme signals in fundamentals or recent volatility, a modest adjustment around the benchmark weight is expected, likely a slight increase given the positive profit margin and low risk profile.</think>
<answer>
{""holding_log_delta"": -0.02}
</answer>","Given the firm's moderate profitability (profit=0.38) and low beta (0.96), it appears stable but not growth-oriented. The fund's current holding is relatively small compared to its AUM, and the stock's very low S&P 500 weight suggests limited benchmark-driven pressure. With no extreme signals in fundamentals or recent volatility, a modest adjustment around the benchmark weight is expected, likely a slight increase given the positive profit margin and low risk profile.","{""holding_log_delta"": -0.02}"
92,population,5,0.34999965000035,0.46999953000047,0.17999982000018,CDIC,CARDINAL HEALTH INC,424,NA,2018-07-01 00:00:00,21371,627.809994,-0.151196637961226,-0.04,0.111196637961226,-0.111196637961226,True,1,type_mean,0.0105116667264412,0.009015847914168,2.8059538271968374,0.9418271139458155,"
<think>Given the firm's moderate profitability (profit=0.38) and low beta (0.96), it appears stable but not growth-oriented. The fund's current holding is relatively small compared to its AUM, and the stock's very low S&P 500 weight suggests limited benchmark-driven pressure. With no extreme signals in fundamentals or recent volatility, a modest adjustment around the benchmark weight is expected, likely a slight increase given the positive profit margin and low risk profile.</think>
<answer>
{""holding_log_delta"": -0.04}
</answer>","Given the firm's moderate profitability (profit=0.38) and low beta (0.96), it appears stable but not growth-oriented. The fund's current holding is relatively small compared to its AUM, and the stock's very low S&P 500 weight suggests limited benchmark-driven pressure. With no extreme signals in fundamentals or recent volatility, a modest adjustment around the benchmark weight is expected, likely a slight increase given the positive profit margin and low risk profile.","{""holding_log_delta"": -0.04}"
92,population,6,0.34999965000035,0.46999953000047,0.17999982000018,CDIC,CARDINAL HEALTH INC,424,NA,2018-07-01 00:00:00,21371,627.809994,-0.151196637961226,-0.04,0.111196637961226,-0.111196637961226,True,1,type_mean,0.0105116667264412,0.009015847914168,2.8059538271968374,0.9418271139458155,"
<think>Given the firm's moderate profitability (profit=0.38) and low beta (0.96), it appears stable but not growth-oriented. The fund's current holding is relatively small compared to its AUM, and the stock's very low S&P 500 weight suggests limited benchmark-driven pressure. With no extreme signals in fundamentals or recent volatility, a modest adjustment around the benchmark weight is expected, likely a slight increase given the positive profit margin and low risk profile.</think>
<answer>
{""holding_log_delta"": -0.04}
</answer>","Given the firm's moderate profitability (profit=0.38) and low beta (0.96), it appears stable but not growth-oriented. The fund's current holding is relatively small compared to its AUM, and the stock's very low S&P 500 weight suggests limited benchmark-driven pressure. With no extreme signals in fundamentals or recent volatility, a modest adjustment around the benchmark weight is expected, likely a slight increase given the positive profit margin and low risk profile.","{""holding_log_delta"": -0.04}"
92,population,7,0.34999965000035,0.46999953000047,0.17999982000018,CDIC,CARDINAL HEALTH INC,424,NA,2018-07-01 00:00:00,21371,627.809994,-0.151196637961226,-0.04,0.111196637961226,-0.111196637961226,True,1,type_mean,0.0105116667264412,0.009015847914168,2.8059538271968374,0.9418271139458155,"
<think>Given the firm's moderate profitability (profit=0.38) and low beta (0.96), it appears stable but not growth-oriented. The fund's current holding is relatively small compared to its AUM, and the stock's very low S&P 500 weight suggests limited benchmark-driven pressure. With no extreme signals in fundamentals or recent volatility, a modest adjustment around the benchmark weight is expected, likely a slight increase given the positive profit margin and low risk profile.</think>
<answer>
{""holding_log_delta"": -0.04}
</answer>","Given the firm's moderate profitability (profit=0.38) and low beta (0.96), it appears stable but not growth-oriented. The fund's current holding is relatively small compared to its AUM, and the stock's very low S&P 500 weight suggests limited benchmark-driven pressure. With no extreme signals in fundamentals or recent volatility, a modest adjustment around the benchmark weight is expected, likely a slight increase given the positive profit margin and low risk profile.","{""holding_log_delta"": -0.04}"
92,population,8,0.33999970080022246,0.4899995688003206,0.16999973040033683,CDIC,CARDINAL HEALTH INC,424,NA,2018-07-01 00:00:00,21371,627.809994,-0.151196637961226,-0.04,0.111196637961226,-0.111196637961226,True,1,type_mean,0.0105116667264412,0.009015847914168,2.8059538271968374,0.9418271139458155,"
<think>Given the firm's moderate profitability (profit=0.38) and low beta (0.96), it appears stable but not growth-oriented. The fund's current holding is relatively small compared to its AUM, and the stock's very low S&P 500 weight suggests limited benchmark-driven pressure. With no extreme signals in fundamentals or recent volatility, a modest adjustment around the benchmark weight is expected, likely a slight increase given the positive profit margin and low risk profile.</think>
<answer>
{""holding_log_delta"": -0.04}
</answer>","Given the firm's moderate profitability (profit=0.38) and low beta (0.96), it appears stable but not growth-oriented. The fund's current holding is relatively small compared to its AUM, and the stock's very low S&P 500 weight suggests limited benchmark-driven pressure. With no extreme signals in fundamentals or recent volatility, a modest adjustment around the benchmark weight is expected, likely a slight increase given the positive profit margin and low risk profile.","{""holding_log_delta"": -0.04}"
92,population,9,0.34999965000035,0.43999956000044005,0.20999979000021002,CDIC,CARDINAL HEALTH INC,424,NA,2018-07-01 00:00:00,21371,627.809994,-0.151196637961226,-0.02,0.13119663796122602,-0.13119663796122602,True,1,type_mean,0.0105116667264412,0.009015847914168,2.8059538271968374,0.9418271139458155,"
<think>Given the firm's moderate profitability (profit=0.38) and low beta (0.96), it appears stable but not growth-oriented. The fund's current holding is relatively small compared to its AUM, and the stock's very low S&P 500 weight suggests limited benchmark-driven pressure. With no extreme signals in fundamentals or recent volatility, a modest adjustment around the benchmark weight is expected, likely a slight increase given the positive profit margin and low risk profile.</think>
<answer>
{""holding_log_delta"": -0.02}
</answer>","Given the firm's moderate profitability (profit=0.38) and low beta (0.96), it appears stable but not growth-oriented. The fund's current holding is relatively small compared to its AUM, and the stock's very low S&P 500 weight suggests limited benchmark-driven pressure. With no extreme signals in fundamentals or recent volatility, a modest adjustment around the benchmark weight is expected, likely a slight increase given the positive profit margin and low risk profile.","{""holding_log_delta"": -0.02}"
92,population,10,0.33999966000034004,0.47999952000048,0.17999982000018,CDIC,CARDINAL HEALTH INC,424,NA,2018-07-01 00:00:00,21371,627.809994,-0.151196637961226,-0.04,0.111196637961226,-0.111196637961226,True,1,type_mean,0.0105116667264412,0.009015847914168,2.8059538271968374,0.9418271139458155,"
<think>Given the firm's moderate profitability (profit=0.38) and low beta (0.96), it appears stable but not growth-oriented. The fund's current holding is relatively small compared to its AUM, and the stock's very low S&P 500 weight suggests limited benchmark-driven pressure. With no extreme signals in fundamentals or recent volatility, a modest adjustment around the benchmark weight is expected, likely a slight increase given the positive profit margin and low risk profile.</think>
<answer>
{""holding_log_delta"": -0.04}
</answer>","Given the firm's moderate profitability (profit=0.38) and low beta (0.96), it appears stable but not growth-oriented. The fund's current holding is relatively small compared to its AUM, and the stock's very low S&P 500 weight suggests limited benchmark-driven pressure. With no extreme signals in fundamentals or recent volatility, a modest adjustment around the benchmark weight is expected, likely a slight increase given the positive profit margin and low risk profile.","{""holding_log_delta"": -0.04}"
92,population,11,0.33663341005794806,0.47524716714063253,0.18811843270315443,CDIC,CARDINAL HEALTH INC,424,NA,2018-07-01 00:00:00,21371,627.809994,-0.151196637961226,-0.04,0.111196637961226,-0.111196637961226,True,1,type_mean,0.0105116667264412,0.009015847914168,2.8059538271968374,0.9418271139458155,"
<think>Given the firm's moderate profitability (profit=0.38) and low beta (0.96), it appears stable but not growth-oriented. The fund's current holding is relatively small compared to its AUM, and the stock's very low S&P 500 weight suggests limited benchmark-driven pressure. With no extreme signals in fundamentals or recent volatility, a modest adjustment around the benchmark weight is expected, likely a slight increase given the positive profit margin and low risk profile.</think>
<answer>
{""holding_log_delta"": -0.04}
</answer>","Given the firm's moderate profitability (profit=0.38) and low beta (0.96), it appears stable but not growth-oriented. The fund's current holding is relatively small compared to its AUM, and the stock's very low S&P 500 weight suggests limited benchmark-driven pressure. With no extreme signals in fundamentals or recent volatility, a modest adjustment around the benchmark weight is expected, likely a slight increase given the positive profit margin and low risk profile.","{""holding_log_delta"": -0.04}"
