generation,stage,candidate_idx,risk_aversion,herd_behavior,profit_driven,ticker,company,id,quarter,date,permno,holding_t,y_true,pred,abs_error,reward,valid,best_k,profile_strength_mode,x_risk_mean,x_herd_mean,x_profit_mean,overall_mean,raw_output,reason,answer_body
45,population,0,0.3168315561419266,0.29702958388305617,0.38613786987640436,,,242,NA,2017-10-01 00:00:00,86136,4746.173159,0.010163923430417757,-0.04,0.050163923430417756,-0.050163923430417756,True,1,type_mean,0.0083004769074155,0.0070097321687576,0.0811969348655934,0.03216904798058883,"
<think>Given SRE's current fundamentals, the firm shows strong profitability (profit=0.171) and asset growth (Gat=0.141), which are positive signals. The fund's current holding is relatively small compared to its AUM, and the stock's low beta suggests lower systematic risk, potentially allowing for increased allocation without significant risk exposure. Considering the positive fundamentals and the fund's capacity to adjust positions, a modest increase in holding might be expected, though the magnitude would likely be limited by the stock's already substantial S&P 500 weight.</think>
<answer>
{""holding_log_delta"": -0.04}
</answer>","Given SRE's current fundamentals, the firm shows strong profitability (profit=0.171) and asset growth (Gat=0.141), which are positive signals. The fund's current holding is relatively small compared to its AUM, and the stock's low beta suggests lower systematic risk, potentially allowing for increased allocation without significant risk exposure. Considering the positive fundamentals and the fund's capacity to adjust positions, a modest increase in holding might be expected, though the magnitude would likely be limited by the stock's already substantial S&P 500 weight.","{""holding_log_delta"": -0.04}"
45,population,1,0.34999965000035,0.26999973000027006,0.37999962000038,,,242,NA,2017-10-01 00:00:00,86136,4746.173159,0.010163923430417757,-0.03,0.040163923430417754,-0.040163923430417754,True,1,type_mean,0.0083004769074155,0.0070097321687576,0.0811969348655934,0.03216904798058883,"
<think>Given the firm's strong profitability (profit=0.171) and asset growth (Gat=0.141), alongside a low beta (0.529) indicating lower systematic risk, the stock appears fundamentally attractive. The fund's current holding is modest relative to its AUM and the stock's S&P 500 weight, suggesting room for increase. With low volatility and high liquidity indicated by previous quarter volume, a positive adjustment is expected, though likely moderate given the already positive position.</think>
<answer>
{""holding_log_delta"": -0.03}
</answer>","Given the firm's strong profitability (profit=0.171) and asset growth (Gat=0.141), alongside a low beta (0.529) indicating lower systematic risk, the stock appears fundamentally attractive. The fund's current holding is modest relative to its AUM and the stock's S&P 500 weight, suggesting room for increase. With low volatility and high liquidity indicated by previous quarter volume, a positive adjustment is expected, though likely moderate given the already positive position.","{""holding_log_delta"": -0.03}"
45,population,2,0.2978645032513684,0.33804754542887244,0.3640869513197653,,,242,NA,2017-10-01 00:00:00,86136,4746.173159,0.010163923430417757,-0.03,0.040163923430417754,-0.040163923430417754,True,1,type_mean,0.0083004769074155,0.0070097321687576,0.0811969348655934,0.03216904798058883,"
<think>Given the firm's high profitability (profit=0.171) and positive asset growth (Gat=0.141), alongside a low beta (0.529) indicating lower systematic risk, the stock appears fundamentally strong. The fund's current holding is modest relative to its AUM and the stock's S&P 500 weight, suggesting room for increase without excessive concentration. Considering the positive fundamentals and the fund's active growth orientation, a slight increase in holding is expected, but likely not substantial given the already positive position.</think>
<answer>
{""holding_log_delta"": -0.03}
</answer>","Given the firm's high profitability (profit=0.171) and positive asset growth (Gat=0.141), alongside a low beta (0.529) indicating lower systematic risk, the stock appears fundamentally strong. The fund's current holding is modest relative to its AUM and the stock's S&P 500 weight, suggesting room for increase without excessive concentration. Considering the positive fundamentals and the fund's active growth orientation, a slight increase in holding is expected, but likely not substantial given the already positive position.","{""holding_log_delta"": -0.03}"
45,population,3,0.327864503068326,0.3080475456119149,0.3640869513197654,,,242,NA,2017-10-01 00:00:00,86136,4746.173159,0.010163923430417757,-0.03,0.040163923430417754,-0.040163923430417754,True,1,type_mean,0.0083004769074155,0.0070097321687576,0.0811969348655934,0.03216904798058883,"
<think>Given the firm's high profitability (profit=0.171) and positive asset growth (Gat=0.141), alongside a low beta (0.529) indicating lower systematic risk, the stock appears fundamentally strong. The fund's current holding is modest relative to its AUM and the stock's S&P 500 weight, suggesting room for increase. With low portfolio concentration and the stock's recent low volatility, a positive adjustment is expected, but likely moderate given the already positive fundamentals.</think>
<answer>
{""holding_log_delta"": -0.03}
</answer>","Given the firm's high profitability (profit=0.171) and positive asset growth (Gat=0.141), alongside a low beta (0.529) indicating lower systematic risk, the stock appears fundamentally strong. The fund's current holding is modest relative to its AUM and the stock's S&P 500 weight, suggesting room for increase. With low portfolio concentration and the stock's recent low volatility, a positive adjustment is expected, but likely moderate given the already positive fundamentals.","{""holding_log_delta"": -0.03}"
45,population,4,0.32999967000033004,0.30999969000031,0.35999964000036,,,242,NA,2017-10-01 00:00:00,86136,4746.173159,0.010163923430417757,-0.03,0.040163923430417754,-0.040163923430417754,True,1,type_mean,0.0083004769074155,0.0070097321687576,0.0811969348655934,0.03216904798058883,"
<think>Given the firm's strong profitability (profit=0.171) and asset growth (Gat=0.141), alongside a low beta (0.529) indicating lower systematic risk, the stock appears fundamentally attractive. The fund's current holding is modest relative to its AUM and the stock's S&P 500 weight, suggesting room for increase. With low volatility and positive growth signals, a modest uptick in the normalized log holding is expected.</think>
<answer>
{""holding_log_delta"": -0.03}
</answer>","Given the firm's strong profitability (profit=0.171) and asset growth (Gat=0.141), alongside a low beta (0.529) indicating lower systematic risk, the stock appears fundamentally attractive. The fund's current holding is modest relative to its AUM and the stock's S&P 500 weight, suggesting room for increase. With low volatility and positive growth signals, a modest uptick in the normalized log holding is expected.","{""holding_log_delta"": -0.03}"
45,population,5,0.32999967000033004,0.32999967000033004,0.33999966000034004,,,242,NA,2017-10-01 00:00:00,86136,4746.173159,0.010163923430417757,-0.03,0.040163923430417754,-0.040163923430417754,True,1,type_mean,0.0083004769074155,0.0070097321687576,0.0811969348655934,0.03216904798058883,"
<think>Given SRE's current fundamentals, the company shows strong profitability (profit=0.171) and asset growth (Gat=0.141), which are positive signals. The fund's current holding is relatively small compared to its AUM, and the stock's low beta (0.529) suggests lower systematic risk, potentially allowing for increased allocation without significant risk exposure. Considering the positive fundamentals and the fund's capacity to adjust positions, a modest increase in holding might be expected to align with the stock's growth potential and low volatility.</think>
<answer>
{""holding_log_delta"": -0.03}
</answer>","Given SRE's current fundamentals, the company shows strong profitability (profit=0.171) and asset growth (Gat=0.141), which are positive signals. The fund's current holding is relatively small compared to its AUM, and the stock's low beta (0.529) suggests lower systematic risk, potentially allowing for increased allocation without significant risk exposure. Considering the positive fundamentals and the fund's capacity to adjust positions, a modest increase in holding might be expected to align with the stock's growth potential and low volatility.","{""holding_log_delta"": -0.03}"
45,population,6,0.32999967000033004,0.30999969000031,0.35999964000036,,,242,NA,2017-10-01 00:00:00,86136,4746.173159,0.010163923430417757,-0.03,0.040163923430417754,-0.040163923430417754,True,1,type_mean,0.0083004769074155,0.0070097321687576,0.0811969348655934,0.03216904798058883,"
<think>Given the firm's strong profitability (profit=0.171) and asset growth (Gat=0.141), alongside a low beta (0.529) indicating lower systematic risk, the stock appears fundamentally attractive. The fund's current holding is modest relative to its AUM and the stock's S&P 500 weight, suggesting room for increase. With low volatility and positive growth signals, a modest uptick in the normalized log holding is expected.</think>
<answer>
{""holding_log_delta"": -0.03}
</answer>","Given the firm's strong profitability (profit=0.171) and asset growth (Gat=0.141), alongside a low beta (0.529) indicating lower systematic risk, the stock appears fundamentally attractive. The fund's current holding is modest relative to its AUM and the stock's S&P 500 weight, suggesting room for increase. With low volatility and positive growth signals, a modest uptick in the normalized log holding is expected.","{""holding_log_delta"": -0.03}"
45,population,7,0.3478645050687631,0.31804754749144054,0.3340869535412106,,,242,NA,2017-10-01 00:00:00,86136,4746.173159,0.010163923430417757,-0.04,0.050163923430417756,-0.050163923430417756,True,1,type_mean,0.0083004769074155,0.0070097321687576,0.0811969348655934,0.03216904798058883,"
<think>Given the firm's strong profitability (profit=0.171) and asset growth (Gat=0.141), alongside a low beta (0.529) indicating lower systematic risk, the stock appears attractive for growth-oriented investors. The fund's current holding is modest relative to its AUM and the stock's S&P 500 weight, suggesting room for increase. With low volatility and positive fundamentals, a slight upward adjustment in holding is expected, but the magnitude will likely be limited by the fund's existing exposure.</think>
<answer>
{""holding_log_delta"": -0.04}
</answer>","Given the firm's strong profitability (profit=0.171) and asset growth (Gat=0.141), alongside a low beta (0.529) indicating lower systematic risk, the stock appears attractive for growth-oriented investors. The fund's current holding is modest relative to its AUM and the stock's S&P 500 weight, suggesting room for increase. With low volatility and positive fundamentals, a slight upward adjustment in holding is expected, but the magnitude will likely be limited by the fund's existing exposure.","{""holding_log_delta"": -0.04}"
45,population,8,0.327986533350548,0.3379255192096555,0.3340869535412105,,,242,NA,2017-10-01 00:00:00,86136,4746.173159,0.010163923430417757,-0.03,0.040163923430417754,-0.040163923430417754,True,1,type_mean,0.0083004769074155,0.0070097321687576,0.0811969348655934,0.03216904798058883,"
<think>Given the firm's high profitability (profit=0.171) and positive asset growth (Gat=0.141), alongside a low beta (0.529) indicating lower systematic risk, the stock appears fundamentally strong. The fund's current holding is modest relative to its AUM and the stock's S&P 500 weight, suggesting room for increase without excessive concentration. Considering the positive fundamentals and the fund's active growth orientation, a slight increase in holding is expected, but likely not dramatic given the already positive signals.</think>
<answer>
{""holding_log_delta"": -0.03}
</answer>","Given the firm's high profitability (profit=0.171) and positive asset growth (Gat=0.141), alongside a low beta (0.529) indicating lower systematic risk, the stock appears fundamentally strong. The fund's current holding is modest relative to its AUM and the stock's S&P 500 weight, suggesting room for increase without excessive concentration. Considering the positive fundamentals and the fund's active growth orientation, a slight increase in holding is expected, but likely not dramatic given the already positive signals.","{""holding_log_delta"": -0.03}"
45,population,9,0.3068315531038686,0.2870295810410652,0.40613786585507616,,,242,NA,2017-10-01 00:00:00,86136,4746.173159,0.010163923430417757,-0.03,0.040163923430417754,-0.040163923430417754,True,1,type_mean,0.0083004769074155,0.0070097321687576,0.0811969348655934,0.03216904798058883,"
<think>Given SRE's current fundamentals, the firm shows strong profitability (profit=0.171) and asset growth (Gat=0.141), which are positive signals. The fund's current holding is relatively small compared to its AUM, and the stock's low beta (0.529) suggests lower systematic risk, potentially allowing for increased allocation without significant risk exposure. Considering the positive fundamentals and the fund's capacity to adjust positions, a modest increase in holding might be expected, though the magnitude would likely be tempered by the stock's already elevated S&P 500 weight.</think>
<answer>
{""holding_log_delta"": -0.03}
</answer>","Given SRE's current fundamentals, the firm shows strong profitability (profit=0.171) and asset growth (Gat=0.141), which are positive signals. The fund's current holding is relatively small compared to its AUM, and the stock's low beta (0.529) suggests lower systematic risk, potentially allowing for increased allocation without significant risk exposure. Considering the positive fundamentals and the fund's capacity to adjust positions, a modest increase in holding might be expected, though the magnitude would likely be tempered by the stock's already elevated S&P 500 weight.","{""holding_log_delta"": -0.03}"
45,population,10,0.31683155300485477,0.27702958114007903,0.40613786585507616,,,242,NA,2017-10-01 00:00:00,86136,4746.173159,0.010163923430417757,-0.03,0.040163923430417754,-0.040163923430417754,True,1,type_mean,0.0083004769074155,0.0070097321687576,0.0811969348655934,0.03216904798058883,"
<think>Given the firm's high profitability (profit=0.171) and positive asset growth (Gat=0.141), alongside a low beta (0.529) indicating lower systematic risk, the stock appears fundamentally strong. The fund's current holding is modest relative to its AUM and the stock's S&P 500 weight, suggesting room for increase without excessive concentration. Considering the positive fundamentals and the fund's active growth orientation, a slight increase in holding is expected, though likely not dramatic given the already positive signals.</think>
<answer>
{""holding_log_delta"": -0.03}
</answer>","Given the firm's high profitability (profit=0.171) and positive asset growth (Gat=0.141), alongside a low beta (0.529) indicating lower systematic risk, the stock appears fundamentally strong. The fund's current holding is modest relative to its AUM and the stock's S&P 500 weight, suggesting room for increase without excessive concentration. Considering the positive fundamentals and the fund's active growth orientation, a slight increase in holding is expected, though likely not dramatic given the already positive signals.","{""holding_log_delta"": -0.03}"
45,population,11,0.3068315531038686,0.29702958094205134,0.39613786595409006,,,242,NA,2017-10-01 00:00:00,86136,4746.173159,0.010163923430417757,-0.04,0.050163923430417756,-0.050163923430417756,True,1,type_mean,0.0083004769074155,0.0070097321687576,0.0811969348655934,0.03216904798058883,"
<think>Given SRE's current fundamentals, the company shows strong profitability (profit=0.171) and asset growth (Gat=0.141), which are positive signals. The fund's current holding is relatively small compared to its AUM, and the stock's low beta (0.529) suggests lower systematic risk, potentially allowing for increased allocation without significant risk exposure. Considering the positive fundamentals and the fund's capacity to adjust its position, a modest increase in holding might be expected, though the magnitude would likely be tempered by the stock's already elevated S&P 500 weight.</think>
<answer>
{""holding_log_delta"": -0.04}
</answer>","Given SRE's current fundamentals, the company shows strong profitability (profit=0.171) and asset growth (Gat=0.141), which are positive signals. The fund's current holding is relatively small compared to its AUM, and the stock's low beta (0.529) suggests lower systematic risk, potentially allowing for increased allocation without significant risk exposure. Considering the positive fundamentals and the fund's capacity to adjust its position, a modest increase in holding might be expected, though the magnitude would likely be tempered by the stock's already elevated S&P 500 weight.","{""holding_log_delta"": -0.04}"
