generation,stage,candidate_idx,risk_aversion,herd_behavior,profit_driven,ticker,company,id,quarter,date,permno,holding_t,y_true,pred,abs_error,reward,valid,best_k,profile_strength_mode,x_risk_mean,x_herd_mean,x_profit_mean,overall_mean,raw_output,reason,answer_body
42,population,0,0.346999653000347,0.517999482000518,0.13499986500013503,NOW,SERVICENOW INC,772,NA,2018-10-01 00:00:00,13447,397.62643,0.1780032723562567,-0.06,0.2380032723562567,-0.2380032723562567,True,1,type_mean,0.0105116667264412,0.009015847914168,2.8059538271968374,0.9418271139458155,"
<think>Given NOW's high beta of 1.32 and moderate profitability, the stock presents higher systematic risk than the market, which may lead to a cautious adjustment. The fund's current holding is substantial relative to its AUM and the stock's S&P 500 weight, suggesting potential for a reduction to manage concentration and align with the low-risk profile. The elevated stock volatility and recent trading volume could also prompt a rebalancing towards lower risk assets.</think>
<answer>
{""holding_log_delta"": -0.06}
</answer>","Given NOW's high beta of 1.32 and moderate profitability, the stock presents higher systematic risk than the market, which may lead to a cautious adjustment. The fund's current holding is substantial relative to its AUM and the stock's S&P 500 weight, suggesting potential for a reduction to manage concentration and align with the low-risk profile. The elevated stock volatility and recent trading volume could also prompt a rebalancing towards lower risk assets.","{""holding_log_delta"": -0.06}"
42,population,1,0.36699963300036703,0.5279994720005281,0.10499989500010501,NOW,SERVICENOW INC,772,NA,2018-10-01 00:00:00,13447,397.62643,0.1780032723562567,-0.05,0.22800327235625673,-0.22800327235625673,True,1,type_mean,0.0105116667264412,0.009015847914168,2.8059538271968374,0.9418271139458155,"
<think>Given NOW's high beta of 1.32 and significant stock volatility, the fund may reduce its position to manage risk, especially considering the fund's low risk tolerance and high turnover constraint. The current holding is substantial relative to AUM, and the stock's high S&P 500 weight suggests it is already a large component of the benchmark, which might lead to a modest reduction to align closer to the benchmark while adhering to risk management.</think>
<answer>
{""holding_log_delta"": -0.05}
</answer>","Given NOW's high beta of 1.32 and significant stock volatility, the fund may reduce its position to manage risk, especially considering the fund's low risk tolerance and high turnover constraint. The current holding is substantial relative to AUM, and the stock's high S&P 500 weight suggests it is already a large component of the benchmark, which might lead to a modest reduction to align closer to the benchmark while adhering to risk management.","{""holding_log_delta"": -0.05}"
42,population,2,0.37699962300037704,0.5579994420005581,0.06499993500006501,NOW,SERVICENOW INC,772,NA,2018-10-01 00:00:00,13447,397.62643,0.1780032723562567,-0.06,0.2380032723562567,-0.2380032723562567,True,1,type_mean,0.0105116667264412,0.009015847914168,2.8059538271968374,0.9418271139458155,"
<think>Given NOW's high beta of 1.32 and moderate profitability, the stock presents higher systematic risk than the market, which may lead to a cautious adjustment. The fund's current holding is substantial relative to its AUM and the stock's S&P 500 weight, suggesting potential for a reduction to manage concentration and align with the low-risk profile. The elevated stock volatility and recent trading volume could also prompt a rebalancing towards lower risk assets.</think>
<answer>
{""holding_log_delta"": -0.06}
</answer>","Given NOW's high beta of 1.32 and moderate profitability, the stock presents higher systematic risk than the market, which may lead to a cautious adjustment. The fund's current holding is substantial relative to its AUM and the stock's S&P 500 weight, suggesting potential for a reduction to manage concentration and align with the low-risk profile. The elevated stock volatility and recent trading volume could also prompt a rebalancing towards lower risk assets.","{""holding_log_delta"": -0.06}"
42,population,3,0.36699963300036703,0.49799950200049803,0.13499986500013503,NOW,SERVICENOW INC,772,NA,2018-10-01 00:00:00,13447,397.62643,0.1780032723562567,-0.08,0.2580032723562567,-0.2580032723562567,True,1,type_mean,0.0105116667264412,0.009015847914168,2.8059538271968374,0.9418271139458155,"
<think>Given NOW's high beta of 1.32 and moderate profitability, the stock presents higher systematic risk than the market, which may lead to a cautious adjustment. The fund's current holding is substantial relative to its AUM and the stock's S&P 500 weight, suggesting potential for a reduction to manage concentration and align with the low-risk profile. The elevated stock volatility and recent trading volume could also prompt a rebalancing towards lower risk assets.</think>
<answer>
{""holding_log_delta"": -0.08}
</answer>","Given NOW's high beta of 1.32 and moderate profitability, the stock presents higher systematic risk than the market, which may lead to a cautious adjustment. The fund's current holding is substantial relative to its AUM and the stock's S&P 500 weight, suggesting potential for a reduction to manage concentration and align with the low-risk profile. The elevated stock volatility and recent trading volume could also prompt a rebalancing towards lower risk assets.","{""holding_log_delta"": -0.08}"
42,population,4,0.36699963300036703,0.5279994720005281,0.10499989500010501,NOW,SERVICENOW INC,772,NA,2018-10-01 00:00:00,13447,397.62643,0.1780032723562567,-0.05,0.22800327235625673,-0.22800327235625673,True,1,type_mean,0.0105116667264412,0.009015847914168,2.8059538271968374,0.9418271139458155,"
<think>Given NOW's high beta of 1.32 and significant stock volatility, the fund may reduce its position to manage risk, especially considering the fund's low risk tolerance and high turnover constraint. The current holding is substantial relative to AUM, and the stock's high S&P 500 weight suggests it is already a large component of the benchmark, which might lead to a modest reduction to align closer to the benchmark while adhering to risk management.</think>
<answer>
{""holding_log_delta"": -0.05}
</answer>","Given NOW's high beta of 1.32 and significant stock volatility, the fund may reduce its position to manage risk, especially considering the fund's low risk tolerance and high turnover constraint. The current holding is substantial relative to AUM, and the stock's high S&P 500 weight suggests it is already a large component of the benchmark, which might lead to a modest reduction to align closer to the benchmark while adhering to risk management.","{""holding_log_delta"": -0.05}"
42,population,5,0.36699963300036703,0.577999422000578,0.054999945000055006,NOW,SERVICENOW INC,772,NA,2018-10-01 00:00:00,13447,397.62643,0.1780032723562567,-0.08,0.2580032723562567,-0.2580032723562567,True,1,type_mean,0.0105116667264412,0.009015847914168,2.8059538271968374,0.9418271139458155,"
<think>Given NOW's high beta of 1.32 and moderate profitability, the stock presents higher systematic risk than the market, which may lead to a cautious adjustment. The fund's current holding is substantial relative to its AUM and the stock's S&P 500 weight, suggesting potential for a reduction to manage concentration and align with the low-risk profile. The elevated stock volatility and recent trading volume could also prompt a rebalancing towards lower risk assets.</think>
<answer>
{""holding_log_delta"": -0.08}
</answer>","Given NOW's high beta of 1.32 and moderate profitability, the stock presents higher systematic risk than the market, which may lead to a cautious adjustment. The fund's current holding is substantial relative to its AUM and the stock's S&P 500 weight, suggesting potential for a reduction to manage concentration and align with the low-risk profile. The elevated stock volatility and recent trading volume could also prompt a rebalancing towards lower risk assets.","{""holding_log_delta"": -0.08}"
42,population,6,0.36699963300036703,0.5279994720005281,0.10499989500010501,NOW,SERVICENOW INC,772,NA,2018-10-01 00:00:00,13447,397.62643,0.1780032723562567,-0.05,0.22800327235625673,-0.22800327235625673,True,1,type_mean,0.0105116667264412,0.009015847914168,2.8059538271968374,0.9418271139458155,"
<think>Given NOW's high beta of 1.32 and significant stock volatility, the fund may reduce its position to manage risk, especially considering the fund's low risk tolerance and high turnover constraint. The current holding is substantial relative to AUM, and the stock's high S&P 500 weight suggests it is already a large component of the benchmark, which might lead to a modest reduction to align closer to the benchmark while adhering to risk management.</think>
<answer>
{""holding_log_delta"": -0.05}
</answer>","Given NOW's high beta of 1.32 and significant stock volatility, the fund may reduce its position to manage risk, especially considering the fund's low risk tolerance and high turnover constraint. The current holding is substantial relative to AUM, and the stock's high S&P 500 weight suggests it is already a large component of the benchmark, which might lead to a modest reduction to align closer to the benchmark while adhering to risk management.","{""holding_log_delta"": -0.05}"
42,population,7,0.37699962300037704,0.5579994420005581,0.06499993500006501,NOW,SERVICENOW INC,772,NA,2018-10-01 00:00:00,13447,397.62643,0.1780032723562567,-0.06,0.2380032723562567,-0.2380032723562567,True,1,type_mean,0.0105116667264412,0.009015847914168,2.8059538271968374,0.9418271139458155,"
<think>Given NOW's high beta of 1.32 and moderate profitability, the stock presents higher systematic risk than the market, which may lead to a cautious adjustment. The fund's current holding is substantial relative to its AUM and the stock's S&P 500 weight, suggesting potential for a reduction to manage concentration and align with the low-risk profile. The elevated stock volatility and recent trading volume could also prompt a rebalancing towards lower risk assets.</think>
<answer>
{""holding_log_delta"": -0.06}
</answer>","Given NOW's high beta of 1.32 and moderate profitability, the stock presents higher systematic risk than the market, which may lead to a cautious adjustment. The fund's current holding is substantial relative to its AUM and the stock's S&P 500 weight, suggesting potential for a reduction to manage concentration and align with the low-risk profile. The elevated stock volatility and recent trading volume could also prompt a rebalancing towards lower risk assets.","{""holding_log_delta"": -0.06}"
42,population,8,0.37699962300037704,0.537999462000538,0.08499991500008501,NOW,SERVICENOW INC,772,NA,2018-10-01 00:00:00,13447,397.62643,0.1780032723562567,-0.06,0.2380032723562567,-0.2380032723562567,True,1,type_mean,0.0105116667264412,0.009015847914168,2.8059538271968374,0.9418271139458155,"
<think>Given NOW's high beta of 1.32 and moderate profitability, the stock presents higher systematic risk than the market, which may lead to a cautious adjustment. The fund's current holding is substantial relative to its AUM and the stock's S&P 500 weight, suggesting potential for a reduction to manage concentration and align with the low-risk profile. The elevated stock volatility and recent trading volume could also prompt a rebalancing towards lower risk assets.</think>
<answer>
{""holding_log_delta"": -0.06}
</answer>","Given NOW's high beta of 1.32 and moderate profitability, the stock presents higher systematic risk than the market, which may lead to a cautious adjustment. The fund's current holding is substantial relative to its AUM and the stock's S&P 500 weight, suggesting potential for a reduction to manage concentration and align with the low-risk profile. The elevated stock volatility and recent trading volume could also prompt a rebalancing towards lower risk assets.","{""holding_log_delta"": -0.06}"
42,population,9,0.346999653000347,0.516999483000517,0.13599986400013603,NOW,SERVICENOW INC,772,NA,2018-10-01 00:00:00,13447,397.62643,0.1780032723562567,-0.06,0.2380032723562567,-0.2380032723562567,True,1,type_mean,0.0105116667264412,0.009015847914168,2.8059538271968374,0.9418271139458155,"
<think>Given NOW's high beta of 1.32 and significant stock volatility, the fund may reduce its position to manage risk, especially considering the fund's low risk tolerance and high turnover constraint. The current holding is substantial relative to AUM, and the stock's high S&P 500 weight suggests it is already a large component of the benchmark, which might lead to a modest reduction to align closer to the benchmark weight while adhering to risk management.</think>
<answer>
{""holding_log_delta"": -0.06}
</answer>","Given NOW's high beta of 1.32 and significant stock volatility, the fund may reduce its position to manage risk, especially considering the fund's low risk tolerance and high turnover constraint. The current holding is substantial relative to AUM, and the stock's high S&P 500 weight suggests it is already a large component of the benchmark, which might lead to a modest reduction to align closer to the benchmark weight while adhering to risk management.","{""holding_log_delta"": -0.06}"
42,population,10,0.36699963300036703,0.5479994520005481,0.08499991500008501,NOW,SERVICENOW INC,772,NA,2018-10-01 00:00:00,13447,397.62643,0.1780032723562567,-0.08,0.2580032723562567,-0.2580032723562567,True,1,type_mean,0.0105116667264412,0.009015847914168,2.8059538271968374,0.9418271139458155,"
<think>Given NOW's high beta of 1.32 and moderate profitability, the stock presents higher systematic risk than the market, which may lead to a cautious adjustment. The fund's current holding is substantial relative to its AUM and the stock's S&P 500 weight, suggesting potential for a reduction to manage concentration and align with the low-risk profile. The elevated stock volatility and recent trading volume could also prompt a rebalancing towards lower risk assets.</think>
<answer>
{""holding_log_delta"": -0.08}
</answer>","Given NOW's high beta of 1.32 and moderate profitability, the stock presents higher systematic risk than the market, which may lead to a cautious adjustment. The fund's current holding is substantial relative to its AUM and the stock's S&P 500 weight, suggesting potential for a reduction to manage concentration and align with the low-risk profile. The elevated stock volatility and recent trading volume could also prompt a rebalancing towards lower risk assets.","{""holding_log_delta"": -0.08}"
42,population,11,0.37699962300037704,0.537999462000538,0.08499991500008501,NOW,SERVICENOW INC,772,NA,2018-10-01 00:00:00,13447,397.62643,0.1780032723562567,-0.06,0.2380032723562567,-0.2380032723562567,True,1,type_mean,0.0105116667264412,0.009015847914168,2.8059538271968374,0.9418271139458155,"
<think>Given NOW's high beta of 1.32 and moderate profitability, the stock presents higher systematic risk than the market, which may lead to a cautious adjustment. The fund's current holding is substantial relative to its AUM and the stock's S&P 500 weight, suggesting potential for a reduction to manage concentration and align with the low-risk profile. The elevated stock volatility and recent trading volume could also prompt a rebalancing towards lower risk assets.</think>
<answer>
{""holding_log_delta"": -0.06}
</answer>","Given NOW's high beta of 1.32 and moderate profitability, the stock presents higher systematic risk than the market, which may lead to a cautious adjustment. The fund's current holding is substantial relative to its AUM and the stock's S&P 500 weight, suggesting potential for a reduction to manage concentration and align with the low-risk profile. The elevated stock volatility and recent trading volume could also prompt a rebalancing towards lower risk assets.","{""holding_log_delta"": -0.06}"
