generation,stage,candidate_idx,risk_aversion,herd_behavior,profit_driven,ticker,company,id,quarter,date,permno,holding_t,y_true,pred,abs_error,reward,valid,best_k,profile_strength_mode,x_risk_mean,x_herd_mean,x_profit_mean,overall_mean,raw_output,reason,answer_body
46,population,0,0.37699962300037704,0.5579994420005581,0.06499993500006501,CMCSA,COMCAST CORP NEW,174,NA,2016-10-01 00:00:00,89525,3216.086062,0.03196168366414672,-0.04,0.07196168366414672,-0.07196168366414672,True,1,type_mean,0.0105116667264412,0.009015847914168,2.8059538271968374,0.9418271139458155,"
<think>Given the firm's moderate profitability and growth, combined with its high beta indicating market sensitivity, an insurance company with low risk tolerance would likely reduce exposure to manage volatility. The current holding is substantial relative to AUM, and the stock's high previous quarter volatility suggests elevated risk, which aligns with the fund's defensive strategy. Therefore, a modest decrease in the normalized log holding is expected to align with risk management.</think>
<answer>
{""holding_log_delta"": -0.04}
</answer>","Given the firm's moderate profitability and growth, combined with its high beta indicating market sensitivity, an insurance company with low risk tolerance would likely reduce exposure to manage volatility. The current holding is substantial relative to AUM, and the stock's high previous quarter volatility suggests elevated risk, which aligns with the fund's defensive strategy. Therefore, a modest decrease in the normalized log holding is expected to align with risk management.","{""holding_log_delta"": -0.04}"
46,population,1,0.37699962300037704,0.5579994420005581,0.06499993500006501,CMCSA,COMCAST CORP NEW,174,NA,2016-10-01 00:00:00,89525,3216.086062,0.03196168366414672,-0.04,0.07196168366414672,-0.07196168366414672,True,1,type_mean,0.0105116667264412,0.009015847914168,2.8059538271968374,0.9418271139458155,"
<think>Given the firm's moderate profitability and growth, combined with its high beta indicating market sensitivity, an insurance company with low risk tolerance would likely reduce exposure to manage volatility. The current holding is substantial relative to AUM, and the stock's high previous quarter volatility suggests elevated risk, which aligns with the fund's defensive strategy. Therefore, a modest decrease in the normalized log holding is expected to align with risk management.</think>
<answer>
{""holding_log_delta"": -0.04}
</answer>","Given the firm's moderate profitability and growth, combined with its high beta indicating market sensitivity, an insurance company with low risk tolerance would likely reduce exposure to manage volatility. The current holding is substantial relative to AUM, and the stock's high previous quarter volatility suggests elevated risk, which aligns with the fund's defensive strategy. Therefore, a modest decrease in the normalized log holding is expected to align with risk management.","{""holding_log_delta"": -0.04}"
46,population,2,0.36281840311268476,0.5122431307509828,0.12493746663659944,CMCSA,COMCAST CORP NEW,174,NA,2016-10-01 00:00:00,89525,3216.086062,0.03196168366414672,-0.04,0.07196168366414672,-0.07196168366414672,True,1,type_mean,0.0105116667264412,0.009015847914168,2.8059538271968374,0.9418271139458155,"
<think>Given the firm's moderate profitability and growth, combined with its high beta indicating market sensitivity, an insurance company with low risk tolerance would likely maintain a modest position. The current holding is substantial relative to AUM, and the stock's low S&P 500 weight suggests limited benchmark-driven demand. Considering the fund's high outflow and the stock's recent volatility, a slight reduction in holding might be expected to manage risk exposure.</think>
<answer>
{""holding_log_delta"": -0.04}
</answer>","Given the firm's moderate profitability and growth, combined with its high beta indicating market sensitivity, an insurance company with low risk tolerance would likely maintain a modest position. The current holding is substantial relative to AUM, and the stock's low S&P 500 weight suggests limited benchmark-driven demand. Considering the fund's high outflow and the stock's recent volatility, a slight reduction in holding might be expected to manage risk exposure.","{""holding_log_delta"": -0.04}"
46,population,3,0.36699963300036703,0.5279994720005281,0.10499989500010501,CMCSA,COMCAST CORP NEW,174,NA,2016-10-01 00:00:00,89525,3216.086062,0.03196168366414672,-0.03,0.06196168366414672,-0.06196168366414672,True,1,type_mean,0.0105116667264412,0.009015847914168,2.8059538271968374,0.9418271139458155,"
<think>Given the firm's moderate profitability and growth, combined with its high beta indicating market sensitivity, an insurance company with low risk tolerance would likely maintain a modest position. The current holding is substantial relative to AUM, and the stock's low S&P 500 weight suggests limited benchmark-driven demand. Considering the fund's high outflow and the stock's recent volatility, a slight reduction in holding might be expected to manage risk exposure.</think>
<answer>
{""holding_log_delta"": -0.03}
</answer>","Given the firm's moderate profitability and growth, combined with its high beta indicating market sensitivity, an insurance company with low risk tolerance would likely maintain a modest position. The current holding is substantial relative to AUM, and the stock's low S&P 500 weight suggests limited benchmark-driven demand. Considering the fund's high outflow and the stock's recent volatility, a slight reduction in holding might be expected to manage risk exposure.","{""holding_log_delta"": -0.03}"
46,population,4,0.36699963300036703,0.5279994720005281,0.10499989500010501,CMCSA,COMCAST CORP NEW,174,NA,2016-10-01 00:00:00,89525,3216.086062,0.03196168366414672,-0.03,0.06196168366414672,-0.06196168366414672,True,1,type_mean,0.0105116667264412,0.009015847914168,2.8059538271968374,0.9418271139458155,"
<think>Given the firm's moderate profitability and growth, combined with its high beta indicating market sensitivity, an insurance company with low risk tolerance would likely maintain a modest position. The current holding is substantial relative to AUM, and the stock's low S&P 500 weight suggests limited benchmark-driven demand. Considering the fund's high outflow and the stock's recent volatility, a slight reduction in holding might be expected to manage risk exposure.</think>
<answer>
{""holding_log_delta"": -0.03}
</answer>","Given the firm's moderate profitability and growth, combined with its high beta indicating market sensitivity, an insurance company with low risk tolerance would likely maintain a modest position. The current holding is substantial relative to AUM, and the stock's low S&P 500 weight suggests limited benchmark-driven demand. Considering the fund's high outflow and the stock's recent volatility, a slight reduction in holding might be expected to manage risk exposure.","{""holding_log_delta"": -0.03}"
46,population,5,0.36699963300036703,0.5279994720005281,0.10499989500010501,CMCSA,COMCAST CORP NEW,174,NA,2016-10-01 00:00:00,89525,3216.086062,0.03196168366414672,-0.03,0.06196168366414672,-0.06196168366414672,True,1,type_mean,0.0105116667264412,0.009015847914168,2.8059538271968374,0.9418271139458155,"
<think>Given the firm's moderate profitability and growth, combined with its high beta indicating market sensitivity, an insurance company with low risk tolerance would likely maintain a modest position. The current holding is substantial relative to AUM, and the stock's low S&P 500 weight suggests limited benchmark-driven demand. Considering the fund's high outflow and the stock's recent volatility, a slight reduction in holding might be expected to manage risk exposure.</think>
<answer>
{""holding_log_delta"": -0.03}
</answer>","Given the firm's moderate profitability and growth, combined with its high beta indicating market sensitivity, an insurance company with low risk tolerance would likely maintain a modest position. The current holding is substantial relative to AUM, and the stock's low S&P 500 weight suggests limited benchmark-driven demand. Considering the fund's high outflow and the stock's recent volatility, a slight reduction in holding might be expected to manage risk exposure.","{""holding_log_delta"": -0.03}"
46,population,6,0.346999653000347,0.517999482000518,0.13499986500013503,CMCSA,COMCAST CORP NEW,174,NA,2016-10-01 00:00:00,89525,3216.086062,0.03196168366414672,-0.04,0.07196168366414672,-0.07196168366414672,True,1,type_mean,0.0105116667264412,0.009015847914168,2.8059538271968374,0.9418271139458155,"
<think>Given the firm's moderate profitability and growth, combined with its high beta indicating market sensitivity, the stock presents mixed signals for an insurance company investor. The current holding is substantial relative to AUM, and the stock's high volatility suggests significant risk. Considering the investor's low-risk profile and defensive stance, a reduction in position size might be expected to manage risk exposure, leading to a negative normalized log change.</think>
<answer>
{""holding_log_delta"": -0.04}
</answer>","Given the firm's moderate profitability and growth, combined with its high beta indicating market sensitivity, the stock presents mixed signals for an insurance company investor. The current holding is substantial relative to AUM, and the stock's high volatility suggests significant risk. Considering the investor's low-risk profile and defensive stance, a reduction in position size might be expected to manage risk exposure, leading to a negative normalized log change.","{""holding_log_delta"": -0.04}"
46,population,7,0.3693513561012054,0.5471508120967324,0.08349684948462568,CMCSA,COMCAST CORP NEW,174,NA,2016-10-01 00:00:00,89525,3216.086062,0.03196168366414672,-0.04,0.07196168366414672,-0.07196168366414672,True,1,type_mean,0.0105116667264412,0.009015847914168,2.8059538271968374,0.9418271139458155,"
<think>Given the firm's moderate profitability and growth, combined with its high beta indicating market sensitivity, the stock presents mixed signals. The fund's current holding is substantial relative to AUM, and the stock's low S&P 500 weight suggests limited benchmark-driven demand. Considering the fund's defensive profile and low risk tolerance, a modest reduction in position size might be expected to manage concentration and align with benchmark weight, leading to a small negative normalized log change.</think>
<answer>
{""holding_log_delta"": -0.04}
</answer>","Given the firm's moderate profitability and growth, combined with its high beta indicating market sensitivity, the stock presents mixed signals. The fund's current holding is substantial relative to AUM, and the stock's low S&P 500 weight suggests limited benchmark-driven demand. Considering the fund's defensive profile and low risk tolerance, a modest reduction in position size might be expected to manage concentration and align with benchmark weight, leading to a small negative normalized log change.","{""holding_log_delta"": -0.04}"
46,population,8,0.37299962700037304,0.521999478000522,0.10499989500010501,CMCSA,COMCAST CORP NEW,174,NA,2016-10-01 00:00:00,89525,3216.086062,0.03196168366414672,-0.04,0.07196168366414672,-0.07196168366414672,True,1,type_mean,0.0105116667264412,0.009015847914168,2.8059538271968374,0.9418271139458155,"
<think>Given the firm's moderate profitability and growth, combined with its high beta indicating market sensitivity, the stock presents mixed signals for an insurance company investor. The current holding is substantial relative to AUM, and the stock's high volatility suggests significant risk. Considering the fund's defensive profile and low risk tolerance, a reduction in position size might be expected to manage risk exposure, leading to a negative normalized log change.</think>
<answer>
{""holding_log_delta"": -0.04}
</answer>","Given the firm's moderate profitability and growth, combined with its high beta indicating market sensitivity, the stock presents mixed signals for an insurance company investor. The current holding is substantial relative to AUM, and the stock's high volatility suggests significant risk. Considering the fund's defensive profile and low risk tolerance, a reduction in position size might be expected to manage risk exposure, leading to a negative normalized log change.","{""holding_log_delta"": -0.04}"
46,population,9,0.357999642000358,0.516999483000517,0.12499987500012501,CMCSA,COMCAST CORP NEW,174,NA,2016-10-01 00:00:00,89525,3216.086062,0.03196168366414672,-0.04,0.07196168366414672,-0.07196168366414672,True,1,type_mean,0.0105116667264412,0.009015847914168,2.8059538271968374,0.9418271139458155,"
<think>Given the firm's moderate profitability and growth, combined with its high beta indicating market sensitivity, the stock presents mixed signals. The fund's current holding is substantial relative to AUM, and the stock's low S&P 500 weight suggests limited benchmark-driven demand. Considering the fund's defensive profile and low risk tolerance, a modest reduction in position size might be expected to manage concentration and align with benchmark weight, leading to a small negative normalized log change.</think>
<answer>
{""holding_log_delta"": -0.04}
</answer>","Given the firm's moderate profitability and growth, combined with its high beta indicating market sensitivity, the stock presents mixed signals. The fund's current holding is substantial relative to AUM, and the stock's low S&P 500 weight suggests limited benchmark-driven demand. Considering the fund's defensive profile and low risk tolerance, a modest reduction in position size might be expected to manage concentration and align with benchmark weight, leading to a small negative normalized log change.","{""holding_log_delta"": -0.04}"
46,population,10,0.375999624000376,0.516999483000517,0.10699989300010701,CMCSA,COMCAST CORP NEW,174,NA,2016-10-01 00:00:00,89525,3216.086062,0.03196168366414672,-0.04,0.07196168366414672,-0.07196168366414672,True,1,type_mean,0.0105116667264412,0.009015847914168,2.8059538271968374,0.9418271139458155,"
<think>Given the firm's moderate profitability and growth, combined with its high beta indicating market sensitivity, the stock presents mixed signals for an insurance company investor. The current holding is substantial relative to AUM, and the stock's high volatility suggests significant risk. Considering the fund's defensive profile and low risk tolerance, a reduction in position size might be expected to manage risk exposure, leading to a negative normalized log change.</think>
<answer>
{""holding_log_delta"": -0.04}
</answer>","Given the firm's moderate profitability and growth, combined with its high beta indicating market sensitivity, the stock presents mixed signals for an insurance company investor. The current holding is substantial relative to AUM, and the stock's high volatility suggests significant risk. Considering the fund's defensive profile and low risk tolerance, a reduction in position size might be expected to manage risk exposure, leading to a negative normalized log change.","{""holding_log_delta"": -0.04}"
46,population,11,0.3763762343402654,0.5085077580508672,0.11511500660824404,CMCSA,COMCAST CORP NEW,174,NA,2016-10-01 00:00:00,89525,3216.086062,0.03196168366414672,-0.04,0.07196168366414672,-0.07196168366414672,True,1,type_mean,0.0105116667264412,0.009015847914168,2.8059538271968374,0.9418271139458155,"
<think>Given the firm's moderate profitability and growth, combined with its high beta indicating market sensitivity, the stock presents mixed signals for an insurance company investor. The fund's current holding is substantial relative to AUM, and the stock's low S&P 500 weight suggests limited benchmark-driven demand. Considering the fund's defensive profile and low risk tolerance, a modest adjustment to align with the benchmark or manage concentration is likely, leading to a small negative expected change.</think>
<answer>
{""holding_log_delta"": -0.04}
</answer>","Given the firm's moderate profitability and growth, combined with its high beta indicating market sensitivity, the stock presents mixed signals for an insurance company investor. The fund's current holding is substantial relative to AUM, and the stock's low S&P 500 weight suggests limited benchmark-driven demand. Considering the fund's defensive profile and low risk tolerance, a modest adjustment to align with the benchmark or manage concentration is likely, leading to a small negative expected change.","{""holding_log_delta"": -0.04}"
