generation,stage,candidate_idx,risk_aversion,herd_behavior,profit_driven,ticker,company,id,quarter,date,permno,holding_t,y_true,pred,abs_error,reward,valid,best_k,profile_strength_mode,x_risk_mean,x_herd_mean,x_profit_mean,overall_mean,raw_output,reason,answer_body
71,population,0,0.5429994570005431,0.23999976000024,0.21699978300021702,JBIL,JABIL CIRCUIT INC,290,NA,2017-10-01 00:00:00,79094,2203.297084,0.0022667286562864045,-0.05,0.052266728656286406,-0.052266728656286406,True,1,type_mean,0.0082565895035254,0.0069532062192367,0.2194993243101532,0.0782363733443051,"
<think>Given JBL's current fundamentals, the firm has a moderate market cap (me) relative to book equity (be), positive profitability (profit), and a low beta (0.56), suggesting lower systematic risk. The fund's current holding is substantial relative to its AUM and the stock's S&P 500 weight, indicating a significant active position. With the stock's previous quarter volatility being moderate and the fund's existing exposure already large, a modest adjustment to align with the benchmark or manage concentration risk is likely, leading to a small negative normalized log change.</think>
<answer>
{""holding_log_delta"": -0.05}
</answer>","Given JBL's current fundamentals, the firm has a moderate market cap (me) relative to book equity (be), positive profitability (profit), and a low beta (0.56), suggesting lower systematic risk. The fund's current holding is substantial relative to its AUM and the stock's S&P 500 weight, indicating a significant active position. With the stock's previous quarter volatility being moderate and the fund's existing exposure already large, a modest adjustment to align with the benchmark or manage concentration risk is likely, leading to a small negative normalized log change.","{""holding_log_delta"": -0.05}"
71,population,1,0.5488423822113381,0.22273464290261522,0.22842196478503657,JBIL,JABIL CIRCUIT INC,290,NA,2017-10-01 00:00:00,79094,2203.297084,0.0022667286562864045,-0.02,0.022266728656286407,-0.022266728656286407,True,1,type_mean,0.0082565895035254,0.0069532062192367,0.2194993243101532,0.0782363733443051,"
<think>Given JBL's current fundamentals, the firm has a moderate market capitalization (me) relative to book equity (be), positive profitability (profit), and a low beta (0.56), suggesting lower systematic risk than the market. The fund's current holding is a small fraction of AUM, and the stock's low S&P 500 weight indicates limited benchmark-driven pressure. With the fund's existing position being modest and the stock's recent volatility being moderate, a slight increase in holding might be expected to align with the firm's stable profile, but the low beta and small benchmark weight imply limited magnitude.</think>
<answer>
{""holding_log_delta"": -0.02}
</answer>","Given JBL's current fundamentals, the firm has a moderate market capitalization (me) relative to book equity (be), positive profitability (profit), and a low beta (0.56), suggesting lower systematic risk than the market. The fund's current holding is a small fraction of AUM, and the stock's low S&P 500 weight indicates limited benchmark-driven pressure. With the fund's existing position being modest and the stock's recent volatility being moderate, a slight increase in holding might be expected to align with the firm's stable profile, but the low beta and small benchmark weight imply limited magnitude.","{""holding_log_delta"": -0.02}"
71,population,2,0.48999951000049,0.26999973000027006,0.23999976000024,JBIL,JABIL CIRCUIT INC,290,NA,2017-10-01 00:00:00,79094,2203.297084,0.0022667286562864045,-0.02,0.022266728656286407,-0.022266728656286407,True,1,type_mean,0.0082565895035254,0.0069532062192367,0.2194993243101532,0.0782363733443051,"
<think>Given JBL's current fundamentals, the firm has a moderate market cap (me) relative to book equity (be), positive profitability (profit), and a low beta (0.56), suggesting lower systematic risk than the market. The fund's current holding is a small fraction of AUM, and the stock's low S&P 500 weight indicates limited benchmark-driven pressure. With the fund's existing position being modest and the stock's recent volatility being moderate, a slight increase in holding might be expected to align with the firm's stable profile, but the low beta and small benchmark weight imply limited magnitude.</think>
<answer>
{""holding_log_delta"": -0.02}
</answer>","Given JBL's current fundamentals, the firm has a moderate market cap (me) relative to book equity (be), positive profitability (profit), and a low beta (0.56), suggesting lower systematic risk than the market. The fund's current holding is a small fraction of AUM, and the stock's low S&P 500 weight indicates limited benchmark-driven pressure. With the fund's existing position being modest and the stock's recent volatility being moderate, a slight increase in holding might be expected to align with the firm's stable profile, but the low beta and small benchmark weight imply limited magnitude.","{""holding_log_delta"": -0.02}"
71,population,3,0.47999952000048,0.26999973000027006,0.24999975000025002,JBIL,JABIL CIRCUIT INC,290,NA,2017-10-01 00:00:00,79094,2203.297084,0.0022667286562864045,-0.05,0.052266728656286406,-0.052266728656286406,True,1,type_mean,0.0082565895035254,0.0069532062192367,0.2194993243101532,0.0782363733443051,"
<think>Given JBL's current fundamentals, the firm has a moderate market cap (me) relative to book equity (be), positive profitability (profit), and a low beta (0.56), suggesting lower systematic risk. The fund's current holding is substantial relative to its AUM and the stock's S&P 500 weight, indicating a significant active position. With the stock's previous quarter volatility being moderate and the fund's existing exposure already large, a modest adjustment to align with the benchmark or manage concentration risk is likely, leading to a small negative normalized log change.</think>
<answer>
{""holding_log_delta"": -0.05}
</answer>","Given JBL's current fundamentals, the firm has a moderate market cap (me) relative to book equity (be), positive profitability (profit), and a low beta (0.56), suggesting lower systematic risk. The fund's current holding is substantial relative to its AUM and the stock's S&P 500 weight, indicating a significant active position. With the stock's previous quarter volatility being moderate and the fund's existing exposure already large, a modest adjustment to align with the benchmark or manage concentration risk is likely, leading to a small negative normalized log change.","{""holding_log_delta"": -0.05}"
71,population,4,0.47999952000048,0.26999973000027006,0.24999975000025002,JBIL,JABIL CIRCUIT INC,290,NA,2017-10-01 00:00:00,79094,2203.297084,0.0022667286562864045,-0.05,0.052266728656286406,-0.052266728656286406,True,1,type_mean,0.0082565895035254,0.0069532062192367,0.2194993243101532,0.0782363733443051,"
<think>Given JBL's current fundamentals, the firm has a moderate market cap (me) relative to book equity (be), positive profitability (profit), and a low beta (0.56), suggesting lower systematic risk. The fund's current holding is substantial relative to its AUM and the stock's S&P 500 weight, indicating a significant active position. With the stock's previous quarter volatility being moderate and the fund's existing exposure already large, a modest adjustment to align with the benchmark or manage concentration risk is likely, leading to a small negative normalized log change.</think>
<answer>
{""holding_log_delta"": -0.05}
</answer>","Given JBL's current fundamentals, the firm has a moderate market cap (me) relative to book equity (be), positive profitability (profit), and a low beta (0.56), suggesting lower systematic risk. The fund's current holding is substantial relative to its AUM and the stock's S&P 500 weight, indicating a significant active position. With the stock's previous quarter volatility being moderate and the fund's existing exposure already large, a modest adjustment to align with the benchmark or manage concentration risk is likely, leading to a small negative normalized log change.","{""holding_log_delta"": -0.05}"
71,population,5,0.5379994570000051,0.244999759999995,0.216999783,JBIL,JABIL CIRCUIT INC,290,NA,2017-10-01 00:00:00,79094,2203.297084,0.0022667286562864045,-0.04,0.042266728656286404,-0.042266728656286404,True,1,type_mean,0.0082565895035254,0.0069532062192367,0.2194993243101532,0.0782363733443051,"
<think>Given JBL's current fundamentals, the firm has a moderate market cap (me) relative to book equity (be), positive profitability (profit), and a low beta (0.56), suggesting lower systematic risk. The fund's current holding is substantial relative to its AUM, and the stock's low S&P 500 weight indicates limited benchmark-driven pressure. Considering the fund's existing large position and the stock's stable but not exceptional growth profile, a modest adjustment to align with the low-beta characteristic and manage concentration might be expected, likely resulting in a small negative or minimal change in holding.</think>
<answer>
{""holding_log_delta"": -0.04}
</answer>","Given JBL's current fundamentals, the firm has a moderate market cap (me) relative to book equity (be), positive profitability (profit), and a low beta (0.56), suggesting lower systematic risk. The fund's current holding is substantial relative to its AUM, and the stock's low S&P 500 weight indicates limited benchmark-driven pressure. Considering the fund's existing large position and the stock's stable but not exceptional growth profile, a modest adjustment to align with the low-beta characteristic and manage concentration might be expected, likely resulting in a small negative or minimal change in holding.","{""holding_log_delta"": -0.04}"
71,population,6,0.5329989240010861,0.21999954000048,0.247000535999434,JBIL,JABIL CIRCUIT INC,290,NA,2017-10-01 00:00:00,79094,2203.297084,0.0022667286562864045,-0.02,0.022266728656286407,-0.022266728656286407,True,1,type_mean,0.0082565895035254,0.0069532062192367,0.2194993243101532,0.0782363733443051,"
<think>Given JBL's current fundamentals, the firm has a moderate market capitalization (me) relative to book equity (be), positive profitability (profit), and a low beta (0.56), suggesting lower systematic risk than the market. The fund's current holding is a small fraction of AUM, and the stock's low S&P 500 weight indicates limited benchmark-driven pressure. With the fund's existing position being modest and the stock's recent volatility being moderate, a slight increase in holding might be expected to align with the firm's stable profile, but the low beta and small benchmark weight imply limited magnitude.</think>
<answer>
{""holding_log_delta"": -0.02}
</answer>","Given JBL's current fundamentals, the firm has a moderate market capitalization (me) relative to book equity (be), positive profitability (profit), and a low beta (0.56), suggesting lower systematic risk than the market. The fund's current holding is a small fraction of AUM, and the stock's low S&P 500 weight indicates limited benchmark-driven pressure. With the fund's existing position being modest and the stock's recent volatility being moderate, a slight increase in holding might be expected to align with the firm's stable profile, but the low beta and small benchmark weight imply limited magnitude.","{""holding_log_delta"": -0.02}"
71,population,7,0.50799946200003,0.26999974999998,0.22199978799999,JBIL,JABIL CIRCUIT INC,290,NA,2017-10-01 00:00:00,79094,2203.297084,0.0022667286562864045,-0.05,0.052266728656286406,-0.052266728656286406,True,1,type_mean,0.0082565895035254,0.0069532062192367,0.2194993243101532,0.0782363733443051,"
<think>Given JBL's current fundamentals, the firm has a moderate market cap (me) relative to book equity (be), positive profitability (profit), and a low beta (0.56), suggesting lower systematic risk. The fund's current holding is substantial relative to its AUM and the stock's S&P 500 weight, indicating a significant active position. With the stock's previous quarter volatility being moderate and the fund's existing exposure already high, a modest adjustment to align with the benchmark or manage concentration risk is likely, leading to a small negative normalized log change.</think>
<answer>
{""holding_log_delta"": -0.05}
</answer>","Given JBL's current fundamentals, the firm has a moderate market cap (me) relative to book equity (be), positive profitability (profit), and a low beta (0.56), suggesting lower systematic risk. The fund's current holding is substantial relative to its AUM and the stock's S&P 500 weight, indicating a significant active position. With the stock's previous quarter volatility being moderate and the fund's existing exposure already high, a modest adjustment to align with the benchmark or manage concentration risk is likely, leading to a small negative normalized log change.","{""holding_log_delta"": -0.05}"
71,population,8,0.51799946200002,0.25999974999999,0.22199978799999,JBIL,JABIL CIRCUIT INC,290,NA,2017-10-01 00:00:00,79094,2203.297084,0.0022667286562864045,-0.02,0.022266728656286407,-0.022266728656286407,True,1,type_mean,0.0082565895035254,0.0069532062192367,0.2194993243101532,0.0782363733443051,"
<think>Given JBL's current fundamentals, the firm has a moderate market capitalization relative to book equity and positive profitability, but its beta is below 1, suggesting lower systematic risk than the market. The fund's current holding is a small fraction of AUM, and the stock's S&P 500 weight is very low, indicating limited benchmark-driven pressure. With the fund's existing position being modest and the stock's volatility and liquidity being typical for a smaller-cap name, a slight adjustment in line with the firm's characteristics and the fund's scale is expected, likely resulting in a minimal normalized log change.</think>
<answer>
{""holding_log_delta"": -0.02}
</answer>","Given JBL's current fundamentals, the firm has a moderate market capitalization relative to book equity and positive profitability, but its beta is below 1, suggesting lower systematic risk than the market. The fund's current holding is a small fraction of AUM, and the stock's S&P 500 weight is very low, indicating limited benchmark-driven pressure. With the fund's existing position being modest and the stock's volatility and liquidity being typical for a smaller-cap name, a slight adjustment in line with the firm's characteristics and the fund's scale is expected, likely resulting in a minimal normalized log change.","{""holding_log_delta"": -0.02}"
71,population,9,0.5429994570000001,0.22999976000001,0.22699978299999002,JBIL,JABIL CIRCUIT INC,290,NA,2017-10-01 00:00:00,79094,2203.297084,0.0022667286562864045,-0.02,0.022266728656286407,-0.022266728656286407,True,1,type_mean,0.0082565895035254,0.0069532062192367,0.2194993243101532,0.0782363733443051,"
<think>Given JBL's current fundamentals, the firm has a moderate market cap (me) relative to book equity (be), positive profitability (profit), and a low beta (0.56), suggesting lower systematic risk. The fund's current holding is substantial relative to its AUM, and the stock's low S&P 500 weight implies limited benchmark-driven pressure. Considering the fund's existing large position and the stock's stable but not exceptional growth profile, a modest adjustment to align with the low-beta characteristic and manage concentration might be expected, likely resulting in a small negative or minimal change in holding.</think>
<answer>
{""holding_log_delta"": -0.02}
</answer>","Given JBL's current fundamentals, the firm has a moderate market cap (me) relative to book equity (be), positive profitability (profit), and a low beta (0.56), suggesting lower systematic risk. The fund's current holding is substantial relative to its AUM, and the stock's low S&P 500 weight implies limited benchmark-driven pressure. Considering the fund's existing large position and the stock's stable but not exceptional growth profile, a modest adjustment to align with the low-beta characteristic and manage concentration might be expected, likely resulting in a small negative or minimal change in holding.","{""holding_log_delta"": -0.02}"
71,population,10,0.537999462000538,0.24999975000025002,0.21199978800021202,JBIL,JABIL CIRCUIT INC,290,NA,2017-10-01 00:00:00,79094,2203.297084,0.0022667286562864045,-0.02,0.022266728656286407,-0.022266728656286407,True,1,type_mean,0.0082565895035254,0.0069532062192367,0.2194993243101532,0.0782363733443051,"
<think>Given JBL's current fundamentals, the firm has a moderate market capitalization relative to book equity and positive profitability, but its beta is below 1, suggesting lower systematic risk than the market. The fund's current holding is a small fraction of AUM, and the stock's S&P 500 weight is very low, indicating limited benchmark-driven pressure. With the fund's existing position being modest and the stock's volatility and liquidity being typical for a smaller-cap name, a slight adjustment in line with the firm's stable profile and the fund's low turnover constraint is expected, likely resulting in a minimal normalized log change.</think>
<answer>
{""holding_log_delta"": -0.02}
</answer>","Given JBL's current fundamentals, the firm has a moderate market capitalization relative to book equity and positive profitability, but its beta is below 1, suggesting lower systematic risk than the market. The fund's current holding is a small fraction of AUM, and the stock's S&P 500 weight is very low, indicating limited benchmark-driven pressure. With the fund's existing position being modest and the stock's volatility and liquidity being typical for a smaller-cap name, a slight adjustment in line with the firm's stable profile and the fund's low turnover constraint is expected, likely resulting in a minimal normalized log change.","{""holding_log_delta"": -0.02}"
71,population,11,0.49799946200003997,0.27999974999997,0.22199978799999,JBIL,JABIL CIRCUIT INC,290,NA,2017-10-01 00:00:00,79094,2203.297084,0.0022667286562864045,-0.02,0.022266728656286407,-0.022266728656286407,True,1,type_mean,0.0082565895035254,0.0069532062192367,0.2194993243101532,0.0782363733443051,"
<think>Given JBL's current fundamentals, the firm has a moderate market cap (me) relative to book equity (be), positive profitability (profit), and a low beta (0.56), suggesting lower systematic risk. The fund's current holding is substantial relative to its AUM, and the stock's low S&P 500 weight indicates limited benchmark-driven pressure. Considering the fund's existing large position and the stock's stable but not exceptional growth profile, a modest adjustment to align with the low-beta characteristic and manage concentration might be expected, likely resulting in a small negative or minimal change in holding.</think>
<answer>
{""holding_log_delta"": -0.02}
</answer>","Given JBL's current fundamentals, the firm has a moderate market cap (me) relative to book equity (be), positive profitability (profit), and a low beta (0.56), suggesting lower systematic risk. The fund's current holding is substantial relative to its AUM, and the stock's low S&P 500 weight indicates limited benchmark-driven pressure. Considering the fund's existing large position and the stock's stable but not exceptional growth profile, a modest adjustment to align with the low-beta characteristic and manage concentration might be expected, likely resulting in a small negative or minimal change in holding.","{""holding_log_delta"": -0.02}"
