generation,stage,candidate_idx,risk_aversion,herd_behavior,profit_driven,ticker,company,id,quarter,date,permno,holding_t,y_true,pred,abs_error,reward,valid,best_k,profile_strength_mode,x_risk_mean,x_herd_mean,x_profit_mean,overall_mean,raw_output,reason,answer_body
91,population,0,0.32789967210032794,0.307999692000308,0.3640996359003641,,,296,NA,2019-07-01 00:00:00,91849,2041.14537,-0.04402483420114543,-0.02,0.024024834201145432,-0.024024834201145432,True,1,type_mean,0.0083004769074155,0.0070097321687576,0.0811969348655934,0.03216904798058883,"
<think>Given the firm's moderate profitability (profit=0.5885) and low beta (0.6759), it appears stable but not high-growth. The fund's current holding is relatively small compared to its AUM, and the stock's low S&P 500 weight suggests limited benchmark-driven pressure. With average volatility and trading volume, a modest adjustment to align with the fund's scale and the stock's market relevance is expected, likely resulting in a minimal normalized log change.</think>
<answer>
{""holding_log_delta"": -0.02}
</answer>","Given the firm's moderate profitability (profit=0.5885) and low beta (0.6759), it appears stable but not high-growth. The fund's current holding is relatively small compared to its AUM, and the stock's low S&P 500 weight suggests limited benchmark-driven pressure. With average volatility and trading volume, a modest adjustment to align with the fund's scale and the stock's market relevance is expected, likely resulting in a minimal normalized log change.","{""holding_log_delta"": -0.02}"
91,population,1,0.3478996521003479,0.307999692000308,0.34409965590034414,,,296,NA,2019-07-01 00:00:00,91849,2041.14537,-0.04402483420114543,-0.03,0.014024834201145434,-0.014024834201145434,True,1,type_mean,0.0083004769074155,0.0070097321687576,0.0811969348655934,0.03216904798058883,"
<think>Given the firm's moderate profitability (profit=0.5885) and low beta (0.6759), it appears stable but not high-growth. The fund's current holding is relatively small compared to its AUM, and the stock's low S&P 500 weight suggests limited benchmark-driven pressure. With average volatility and trading volume, a modest adjustment to align with the fund's scale and the stock's market relevance is expected, likely resulting in a minimal normalized log change.</think>
<answer>
{""holding_log_delta"": -0.03}
</answer>","Given the firm's moderate profitability (profit=0.5885) and low beta (0.6759), it appears stable but not high-growth. The fund's current holding is relatively small compared to its AUM, and the stock's low S&P 500 weight suggests limited benchmark-driven pressure. With average volatility and trading volume, a modest adjustment to align with the fund's scale and the stock's market relevance is expected, likely resulting in a minimal normalized log change.","{""holding_log_delta"": -0.03}"
91,population,2,0.35141378645072074,0.3111107968577809,0.3374744065915085,,,296,NA,2019-07-01 00:00:00,91849,2041.14537,-0.04402483420114543,-0.03,0.014024834201145434,-0.014024834201145434,True,1,type_mean,0.0083004769074155,0.0070097321687576,0.0811969348655934,0.03216904798058883,"
<think>Given the firm's moderate profitability (profit=0.5885) and low beta (0.6759), it appears stable but not high-growth. The fund's current holding is relatively small compared to its AUM, and the stock's low S&P 500 weight suggests limited benchmark-driven pressure. With average volatility and trading volume, a modest adjustment to align with the fund's scale and the stock's market relevance is expected, likely resulting in a minimal normalized log change.</think>
<answer>
{""holding_log_delta"": -0.03}
</answer>","Given the firm's moderate profitability (profit=0.5885) and low beta (0.6759), it appears stable but not high-growth. The fund's current holding is relatively small compared to its AUM, and the stock's low S&P 500 weight suggests limited benchmark-driven pressure. With average volatility and trading volume, a modest adjustment to align with the fund's scale and the stock's market relevance is expected, likely resulting in a minimal normalized log change.","{""holding_log_delta"": -0.03}"
91,population,3,0.3478996521003479,0.32699967300032706,0.32509967490032515,,,296,NA,2019-07-01 00:00:00,91849,2041.14537,-0.04402483420114543,-0.04,0.004024834201145432,-0.004024834201145432,True,1,type_mean,0.0083004769074155,0.0070097321687576,0.0811969348655934,0.03216904798058883,"
<think>Given the firm's moderate profitability (profit=0.5885) and low beta (0.6759), it appears stable but not high-growth. The fund's current holding is relatively small compared to its AUM, and the stock's low S&P 500 weight suggests limited benchmark-driven pressure. With average volatility and trading volume, a modest adjustment to align with the fund's scale and the stock's market relevance is expected, likely resulting in a minimal normalized log change.</think>
<answer>
{""holding_log_delta"": -0.04}
</answer>","Given the firm's moderate profitability (profit=0.5885) and low beta (0.6759), it appears stable but not high-growth. The fund's current holding is relatively small compared to its AUM, and the stock's low S&P 500 weight suggests limited benchmark-driven pressure. With average volatility and trading volume, a modest adjustment to align with the fund's scale and the stock's market relevance is expected, likely resulting in a minimal normalized log change.","{""holding_log_delta"": -0.04}"
91,population,4,0.32789967210032794,0.31699968300031706,0.35509964490035517,,,296,NA,2019-07-01 00:00:00,91849,2041.14537,-0.04402483420114543,-0.03,0.014024834201145434,-0.014024834201145434,True,1,type_mean,0.0083004769074155,0.0070097321687576,0.0811969348655934,0.03216904798058883,"
<think>Given the firm's moderate profitability (profit=0.5885) and positive asset growth (Gat=0.0331), alongside its low beta (0.6759) indicating lower systematic risk, the stock appears fundamentally sound but not exceptionally strong. The fund's current holding is relatively small compared to its AUM, and the stock's low S&P 500 weight suggests limited benchmark-driven pressure. Considering the modest fundamental signals and the fund's existing low exposure, a slight increase in holding might be expected to align with the stock's stable profile, though the magnitude would likely be modest due to the lack of strong catalysts.</think>
<answer>
{""holding_log_delta"": -0.03}
</answer>","Given the firm's moderate profitability (profit=0.5885) and positive asset growth (Gat=0.0331), alongside its low beta (0.6759) indicating lower systematic risk, the stock appears fundamentally sound but not exceptionally strong. The fund's current holding is relatively small compared to its AUM, and the stock's low S&P 500 weight suggests limited benchmark-driven pressure. Considering the modest fundamental signals and the fund's existing low exposure, a slight increase in holding might be expected to align with the stock's stable profile, though the magnitude would likely be modest due to the lack of strong catalysts.","{""holding_log_delta"": -0.03}"
91,population,5,0.3378996621003379,0.306999693000307,0.35509964490035517,,,296,NA,2019-07-01 00:00:00,91849,2041.14537,-0.04402483420114543,-0.02,0.024024834201145432,-0.024024834201145432,True,1,type_mean,0.0083004769074155,0.0070097321687576,0.0811969348655934,0.03216904798058883,"
<think>Given the firm's moderate profitability (profit=0.5885) and low beta (0.676), it appears stable but not high-growth. The fund's current holding is relatively small compared to its AUM, and the stock's low S&P 500 weight suggests limited benchmark-driven pressure. With average volatility and trading volume, a modest adjustment to align with the fund's scale and the stock's market relevance is expected, likely resulting in a minimal normalized log change.</think>
<answer>
{""holding_log_delta"": -0.02}
</answer>","Given the firm's moderate profitability (profit=0.5885) and low beta (0.676), it appears stable but not high-growth. The fund's current holding is relatively small compared to its AUM, and the stock's low S&P 500 weight suggests limited benchmark-driven pressure. With average volatility and trading volume, a modest adjustment to align with the fund's scale and the stock's market relevance is expected, likely resulting in a minimal normalized log change.","{""holding_log_delta"": -0.02}"
91,population,6,0.3378996621003379,0.306999693000307,0.35509964490035517,,,296,NA,2019-07-01 00:00:00,91849,2041.14537,-0.04402483420114543,-0.02,0.024024834201145432,-0.024024834201145432,True,1,type_mean,0.0083004769074155,0.0070097321687576,0.0811969348655934,0.03216904798058883,"
<think>Given the firm's moderate profitability (profit=0.5885) and low beta (0.676), it appears stable but not high-growth. The fund's current holding is relatively small compared to its AUM, and the stock's low S&P 500 weight suggests limited benchmark-driven pressure. With average volatility and trading volume, a modest adjustment to align with the fund's scale and the stock's market relevance is expected, likely resulting in a minimal normalized log change.</think>
<answer>
{""holding_log_delta"": -0.02}
</answer>","Given the firm's moderate profitability (profit=0.5885) and low beta (0.676), it appears stable but not high-growth. The fund's current holding is relatively small compared to its AUM, and the stock's low S&P 500 weight suggests limited benchmark-driven pressure. With average volatility and trading volume, a modest adjustment to align with the fund's scale and the stock's market relevance is expected, likely resulting in a minimal normalized log change.","{""holding_log_delta"": -0.02}"
91,population,7,0.3478996521003479,0.32699967300032706,0.32509967490032515,,,296,NA,2019-07-01 00:00:00,91849,2041.14537,-0.04402483420114543,-0.04,0.004024834201145432,-0.004024834201145432,True,1,type_mean,0.0083004769074155,0.0070097321687576,0.0811969348655934,0.03216904798058883,"
<think>Given the firm's moderate profitability (profit=0.5885) and low beta (0.6759), it appears stable but not high-growth. The fund's current holding is relatively small compared to its AUM, and the stock's low S&P 500 weight suggests limited benchmark-driven pressure. With average volatility and trading volume, a modest adjustment to align with the fund's scale and the stock's market relevance is expected, likely resulting in a minimal normalized log change.</think>
<answer>
{""holding_log_delta"": -0.04}
</answer>","Given the firm's moderate profitability (profit=0.5885) and low beta (0.6759), it appears stable but not high-growth. The fund's current holding is relatively small compared to its AUM, and the stock's low S&P 500 weight suggests limited benchmark-driven pressure. With average volatility and trading volume, a modest adjustment to align with the fund's scale and the stock's market relevance is expected, likely resulting in a minimal normalized log change.","{""holding_log_delta"": -0.04}"
91,population,8,0.32789967210032794,0.33699966300033707,0.33509966490033516,,,296,NA,2019-07-01 00:00:00,91849,2041.14537,-0.04402483420114543,-0.04,0.004024834201145432,-0.004024834201145432,True,1,type_mean,0.0083004769074155,0.0070097321687576,0.0811969348655934,0.03216904798058883,"
<think>Given the firm's moderate profitability (profit=0.5885) and positive asset growth (Gat=0.0331), alongside its low beta (0.6759) indicating lower systematic risk, the stock appears fundamentally sound but not exceptionally strong. The fund's current holding is relatively small compared to its AUM, and the stock's low S&P 500 weight suggests limited benchmark-driven pressure. With average volatility and trading volume, a modest increase in holding might be expected to align with the firm's stable profile, though the magnitude would likely be tempered by the existing low position size.</think>
<answer>
{""holding_log_delta"": -0.04}
</answer>","Given the firm's moderate profitability (profit=0.5885) and positive asset growth (Gat=0.0331), alongside its low beta (0.6759) indicating lower systematic risk, the stock appears fundamentally sound but not exceptionally strong. The fund's current holding is relatively small compared to its AUM, and the stock's low S&P 500 weight suggests limited benchmark-driven pressure. With average volatility and trading volume, a modest increase in holding might be expected to align with the firm's stable profile, though the magnitude would likely be tempered by the existing low position size.","{""holding_log_delta"": -0.04}"
91,population,9,0.3578996421003579,0.306999693000307,0.33509966490033516,,,296,NA,2019-07-01 00:00:00,91849,2041.14537,-0.04402483420114543,-0.03,0.014024834201145434,-0.014024834201145434,True,1,type_mean,0.0083004769074155,0.0070097321687576,0.0811969348655934,0.03216904798058883,"
<think>Given the firm's moderate profitability (profit=0.5885) and low beta (0.6759), it appears stable but not high-growth. The fund's current holding is relatively small compared to its AUM, and the stock's low S&P 500 weight suggests limited benchmark-driven pressure. With average volatility and trading volume, a modest adjustment to align with the fund's scale and the stock's market relevance is expected, likely resulting in a minimal normalized log change.</think>
<answer>
{""holding_log_delta"": -0.03}
</answer>","Given the firm's moderate profitability (profit=0.5885) and low beta (0.6759), it appears stable but not high-growth. The fund's current holding is relatively small compared to its AUM, and the stock's low S&P 500 weight suggests limited benchmark-driven pressure. With average volatility and trading volume, a modest adjustment to align with the fund's scale and the stock's market relevance is expected, likely resulting in a minimal normalized log change.","{""holding_log_delta"": -0.03}"
91,population,10,0.3478996521003479,0.31699968300031706,0.33509966490033516,,,296,NA,2019-07-01 00:00:00,91849,2041.14537,-0.04402483420114543,-0.02,0.024024834201145432,-0.024024834201145432,True,1,type_mean,0.0083004769074155,0.0070097321687576,0.0811969348655934,0.03216904798058883,"
<think>Given the firm's moderate profitability (profit=0.5885) and positive asset growth (Gat=0.0331), alongside its low beta (0.6759) indicating lower systematic risk, the stock appears fundamentally sound but not exceptionally strong. The fund's current holding is relatively small compared to its AUM, and the stock's low S&P 500 weight suggests limited benchmark-driven pressure. Considering the modest positive fundamentals and the fund's capacity to adjust positions, a slight increase in holding might be expected to align with the stock's stable profile, though the magnitude would likely be modest due to the already low benchmark weight.</think>
<answer>
{""holding_log_delta"": -0.02}
</answer>","Given the firm's moderate profitability (profit=0.5885) and positive asset growth (Gat=0.0331), alongside its low beta (0.6759) indicating lower systematic risk, the stock appears fundamentally sound but not exceptionally strong. The fund's current holding is relatively small compared to its AUM, and the stock's low S&P 500 weight suggests limited benchmark-driven pressure. Considering the modest positive fundamentals and the fund's capacity to adjust positions, a slight increase in holding might be expected to align with the stock's stable profile, though the magnitude would likely be modest due to the already low benchmark weight.","{""holding_log_delta"": -0.02}"
91,population,11,0.3478996521003479,0.297999702000298,0.35409964590035414,,,296,NA,2019-07-01 00:00:00,91849,2041.14537,-0.04402483420114543,-0.04,0.004024834201145432,-0.004024834201145432,True,1,type_mean,0.0083004769074155,0.0070097321687576,0.0811969348655934,0.03216904798058883,"
<think>Given the firm's moderate profitability (profit=0.5885) and positive asset growth (Gat=0.0331), alongside its low beta (0.6759) indicating lower systematic risk, the stock appears fundamentally sound but not exceptionally strong. The fund's current holding is relatively small compared to its AUM, and the stock's low S&P 500 weight suggests limited benchmark-driven pressure. With average volatility and trading volume, a modest increase in holding might be expected to align with the firm's stable profile, though the magnitude would likely be tempered by the existing low position size.</think>
<answer>
{""holding_log_delta"": -0.04}
</answer>","Given the firm's moderate profitability (profit=0.5885) and positive asset growth (Gat=0.0331), alongside its low beta (0.6759) indicating lower systematic risk, the stock appears fundamentally sound but not exceptionally strong. The fund's current holding is relatively small compared to its AUM, and the stock's low S&P 500 weight suggests limited benchmark-driven pressure. With average volatility and trading volume, a modest increase in holding might be expected to align with the firm's stable profile, though the magnitude would likely be tempered by the existing low position size.","{""holding_log_delta"": -0.04}"
