generation,stage,candidate_idx,risk_aversion,herd_behavior,profit_driven,ticker,company,id,quarter,date,permno,holding_t,y_true,pred,abs_error,reward,valid,best_k,profile_strength_mode,x_risk_mean,x_herd_mean,x_profit_mean,overall_mean,raw_output,reason,answer_body
79,population,0,0.3279324653140661,0.3069303861082247,0.36513614847869935,,,763,NA,2017-01-01 00:00:00,13928,8457.549318,-0.15407107752272542,-0.03,0.12407107752272542,-0.12407107752272542,True,1,type_mean,0.0083004769074155,0.0070097321687576,0.0811969348655934,0.03216904798058883,"
<think>Given COP's current fundamentals, the firm shows moderate profitability (profit=0.0335) but negative asset growth (Gat=-0.1166), which may temper growth expectations. The stock's high beta (1.1476) suggests above-market volatility, and its S&P 500 weight is modest (0.003561), implying limited benchmark-driven demand. With the fund's AUM significantly larger than the current holding value, any adjustment would likely be small in magnitude, potentially a slight reduction due to the negative asset growth signal, but the high stock volatility might limit the extent of the decrease.</think>
<answer>
{""holding_log_delta"": -0.03}
</answer>","Given COP's current fundamentals, the firm shows moderate profitability (profit=0.0335) but negative asset growth (Gat=-0.1166), which may temper growth expectations. The stock's high beta (1.1476) suggests above-market volatility, and its S&P 500 weight is modest (0.003561), implying limited benchmark-driven demand. With the fund's AUM significantly larger than the current holding value, any adjustment would likely be small in magnitude, potentially a slight reduction due to the negative asset growth signal, but the high stock volatility might limit the extent of the decrease.","{""holding_log_delta"": -0.03}"
79,population,1,0.3578996421003579,0.307999692000308,0.33409966590033413,,,763,NA,2017-01-01 00:00:00,13928,8457.549318,-0.15407107752272542,-0.04,0.11407107752272541,-0.11407107752272541,True,1,type_mean,0.0083004769074155,0.0070097321687576,0.0811969348655934,0.03216904798058883,"
<think>Given COP's current fundamentals, the firm has a moderate market capitalization (me) relative to book equity (be), a positive profit margin, and a negative asset growth rate (Gat), suggesting stable but not rapidly growing operations. The fund's current holding is substantial relative to its AUM, and the stock's low S&P 500 weight indicates it is not a major benchmark component. Considering the moderate profitability and negative asset growth, alongside the fund's large existing position, a modest reduction in holding might be expected to align with the stock's lower benchmark weight and manage concentration risk.</think>
<answer>
{""holding_log_delta"": -0.04}
</answer>","Given COP's current fundamentals, the firm has a moderate market capitalization (me) relative to book equity (be), a positive profit margin, and a negative asset growth rate (Gat), suggesting stable but not rapidly growing operations. The fund's current holding is substantial relative to its AUM, and the stock's low S&P 500 weight indicates it is not a major benchmark component. Considering the moderate profitability and negative asset growth, alongside the fund's large existing position, a modest reduction in holding might be expected to align with the stock's lower benchmark weight and manage concentration risk.","{""holding_log_delta"": -0.04}"
79,population,2,0.36289963710036294,0.312999687000313,0.3240996759003241,,,763,NA,2017-01-01 00:00:00,13928,8457.549318,-0.15407107752272542,-0.01,0.1440710775227254,-0.1440710775227254,True,1,type_mean,0.0083004769074155,0.0070097321687576,0.0811969348655934,0.03216904798058883,"
<think>Given COP's current fundamentals, the firm shows moderate profitability (profit=0.0335) but negative asset growth (Gat=-0.1166), which may temper growth expectations. The stock's high beta (1.1476) suggests above-market volatility, and its S&P 500 weight is modest (0.003561), implying limited benchmark-driven demand. With the fund's AUM significantly larger than the current holding value, any adjustment would likely be small in magnitude, potentially a slight reduction due to the negative asset growth signal, but the overall impact on the normalized log change would be minimal given the stock's already low benchmark weight.</think>
<answer>
{""holding_log_delta"": -0.01}
</answer>","Given COP's current fundamentals, the firm shows moderate profitability (profit=0.0335) but negative asset growth (Gat=-0.1166), which may temper growth expectations. The stock's high beta (1.1476) suggests above-market volatility, and its S&P 500 weight is modest (0.003561), implying limited benchmark-driven demand. With the fund's AUM significantly larger than the current holding value, any adjustment would likely be small in magnitude, potentially a slight reduction due to the negative asset growth signal, but the overall impact on the normalized log change would be minimal given the stock's already low benchmark weight.","{""holding_log_delta"": -0.01}"
79,population,3,0.3378996621003379,0.31799968200031803,0.34409965590034414,,,763,NA,2017-01-01 00:00:00,13928,8457.549318,-0.15407107752272542,-0.04,0.11407107752272541,-0.11407107752272541,True,1,type_mean,0.0083004769074155,0.0070097321687576,0.0811969348655934,0.03216904798058883,"
<think>Given COP's current fundamentals, the firm has a moderate market capitalization (me) relative to book equity (be), a positive profit margin, and a negative asset growth rate (Gat), suggesting stable but not rapidly growing profitability. The stock's beta above 1 indicates higher systematic risk than the market, and its S&P 500 weight is small, implying limited benchmark-driven demand. With the fund's AUM significantly larger than the current holding value, the position is modest relative to scale, and the stock's recent volatility is high, which might prompt some adjustment for risk management. Considering these factors, a slight reduction in holding to manage risk exposure or align with the fund's overall portfolio positioning is expected, leading to a small negative normalized log change.</think>
<answer>
{""holding_log_delta"": -0.04}
</answer>","Given COP's current fundamentals, the firm has a moderate market capitalization (me) relative to book equity (be), a positive profit margin, and a negative asset growth rate (Gat), suggesting stable but not rapidly growing profitability. The stock's beta above 1 indicates higher systematic risk than the market, and its S&P 500 weight is small, implying limited benchmark-driven demand. With the fund's AUM significantly larger than the current holding value, the position is modest relative to scale, and the stock's recent volatility is high, which might prompt some adjustment for risk management. Considering these factors, a slight reduction in holding to manage risk exposure or align with the fund's overall portfolio positioning is expected, leading to a small negative normalized log change.","{""holding_log_delta"": -0.04}"
79,population,4,0.35289964710035293,0.31799968200031803,0.32909967090032916,,,763,NA,2017-01-01 00:00:00,13928,8457.549318,-0.15407107752272542,-0.04,0.11407107752272541,-0.11407107752272541,True,1,type_mean,0.0083004769074155,0.0070097321687576,0.0811969348655934,0.03216904798058883,"
<think>Given COP's current fundamentals, the firm shows moderate profitability (profit=0.0335) but negative asset growth (Gat=-0.1166), suggesting potential operational challenges. The stock's high beta (1.1476) indicates above-market volatility, which may lead to a cautious adjustment in exposure. Considering the fund's substantial AUM relative to the stock's S&P 500 weight, any change would likely be modest to manage risk, resulting in a small normalized log change.</think>
<answer>
{""holding_log_delta"": -0.04}
</answer>","Given COP's current fundamentals, the firm shows moderate profitability (profit=0.0335) but negative asset growth (Gat=-0.1166), suggesting potential operational challenges. The stock's high beta (1.1476) indicates above-market volatility, which may lead to a cautious adjustment in exposure. Considering the fund's substantial AUM relative to the stock's S&P 500 weight, any change would likely be modest to manage risk, resulting in a small normalized log change.","{""holding_log_delta"": -0.04}"
79,population,5,0.31789968210031794,0.32799967200032804,0.35409964590035414,,,763,NA,2017-01-01 00:00:00,13928,8457.549318,-0.15407107752272542,-0.03,0.12407107752272542,-0.12407107752272542,True,1,type_mean,0.0083004769074155,0.0070097321687576,0.0811969348655934,0.03216904798058883,"
<think>Given COP's current fundamentals, the company has a moderate market capitalization (me) relative to book equity (be), a positive profit margin, and a negative asset growth rate (Gat), suggesting stable but not rapidly growing operations. The fund's current holding is substantial relative to its AUM, and the stock's low S&P 500 weight indicates it is not a major benchmark component. Considering the moderate profitability and negative asset growth, alongside the fund's large existing position, a modest reduction in holding might be expected to align with the stock's lower benchmark weight and manage concentration risk, though the magnitude would likely be small given the fund's size and the stock's moderate volatility.</think>
<answer>
{""holding_log_delta"": -0.03}
</answer>","Given COP's current fundamentals, the company has a moderate market capitalization (me) relative to book equity (be), a positive profit margin, and a negative asset growth rate (Gat), suggesting stable but not rapidly growing operations. The fund's current holding is substantial relative to its AUM, and the stock's low S&P 500 weight indicates it is not a major benchmark component. Considering the moderate profitability and negative asset growth, alongside the fund's large existing position, a modest reduction in holding might be expected to align with the stock's lower benchmark weight and manage concentration risk, though the magnitude would likely be small given the fund's size and the stock's moderate volatility.","{""holding_log_delta"": -0.03}"
79,population,6,0.3578996421003579,0.31799968200031803,0.3240996759003241,,,763,NA,2017-01-01 00:00:00,13928,8457.549318,-0.15407107752272542,-0.04,0.11407107752272541,-0.11407107752272541,True,1,type_mean,0.0083004769074155,0.0070097321687576,0.0811969348655934,0.03216904798058883,"
<think>Given COP's current fundamentals, the firm has a moderate market capitalization (me) relative to book equity (be), a positive profit margin, and a negative asset growth rate (Gat), suggesting stable but not rapidly growing profitability. The stock's beta above 1 indicates higher systematic risk than the market, and its S&P 500 weight is small, implying limited benchmark-driven demand. With the fund's AUM significantly larger than the current holding value, the position is modest relative to scale, and the stock's recent volatility is high, which might prompt some adjustment for risk management. Considering these factors, a slight reduction in holding to manage risk exposure or align with the fund's overall portfolio positioning is expected, leading to a small negative normalized log change.</think>
<answer>
{""holding_log_delta"": -0.04}
</answer>","Given COP's current fundamentals, the firm has a moderate market capitalization (me) relative to book equity (be), a positive profit margin, and a negative asset growth rate (Gat), suggesting stable but not rapidly growing profitability. The stock's beta above 1 indicates higher systematic risk than the market, and its S&P 500 weight is small, implying limited benchmark-driven demand. With the fund's AUM significantly larger than the current holding value, the position is modest relative to scale, and the stock's recent volatility is high, which might prompt some adjustment for risk management. Considering these factors, a slight reduction in holding to manage risk exposure or align with the fund's overall portfolio positioning is expected, leading to a small negative normalized log change.","{""holding_log_delta"": -0.04}"
79,population,7,0.3578996421003579,0.31799968200031803,0.3240996759003241,,,763,NA,2017-01-01 00:00:00,13928,8457.549318,-0.15407107752272542,-0.04,0.11407107752272541,-0.11407107752272541,True,1,type_mean,0.0083004769074155,0.0070097321687576,0.0811969348655934,0.03216904798058883,"
<think>Given COP's current fundamentals, the firm has a moderate market capitalization (me) relative to book equity (be), a positive profit margin, and a negative asset growth rate (Gat), suggesting stable but not rapidly growing profitability. The stock's beta above 1 indicates higher systematic risk than the market, and its S&P 500 weight is small, implying limited benchmark-driven demand. With the fund's AUM significantly larger than the current holding value, the position is modest relative to scale, and the stock's recent volatility is high, which might prompt some adjustment for risk management. Considering these factors, a slight reduction in holding to manage risk exposure or align with the fund's overall portfolio positioning is expected, leading to a small negative normalized log change.</think>
<answer>
{""holding_log_delta"": -0.04}
</answer>","Given COP's current fundamentals, the firm has a moderate market capitalization (me) relative to book equity (be), a positive profit margin, and a negative asset growth rate (Gat), suggesting stable but not rapidly growing profitability. The stock's beta above 1 indicates higher systematic risk than the market, and its S&P 500 weight is small, implying limited benchmark-driven demand. With the fund's AUM significantly larger than the current holding value, the position is modest relative to scale, and the stock's recent volatility is high, which might prompt some adjustment for risk management. Considering these factors, a slight reduction in holding to manage risk exposure or align with the fund's overall portfolio positioning is expected, leading to a small negative normalized log change.","{""holding_log_delta"": -0.04}"
79,population,8,0.3478996521003479,0.31799968200031803,0.33409966590033413,,,763,NA,2017-01-01 00:00:00,13928,8457.549318,-0.15407107752272542,-0.01,0.1440710775227254,-0.1440710775227254,True,1,type_mean,0.0083004769074155,0.0070097321687576,0.0811969348655934,0.03216904798058883,"
<think>Given COP's current fundamentals, the firm shows moderate profitability (profit=0.0335) but negative asset growth (Gat=-0.1166), which may temper growth expectations. The stock's high beta (1.1476) suggests higher volatility than the market, and its S&P 500 weight is modest (0.003561), implying limited benchmark-driven demand. With the fund's AUM significantly larger than the current holding value, any adjustment would likely be small in magnitude, potentially a slight reduction due to the negative asset growth signal, but the overall impact on the normalized log change would be minimal given the stock's already low benchmark weight.</think>
<answer>
{""holding_log_delta"": -0.01}
</answer>","Given COP's current fundamentals, the firm shows moderate profitability (profit=0.0335) but negative asset growth (Gat=-0.1166), which may temper growth expectations. The stock's high beta (1.1476) suggests higher volatility than the market, and its S&P 500 weight is modest (0.003561), implying limited benchmark-driven demand. With the fund's AUM significantly larger than the current holding value, any adjustment would likely be small in magnitude, potentially a slight reduction due to the negative asset growth signal, but the overall impact on the normalized log change would be minimal given the stock's already low benchmark weight.","{""holding_log_delta"": -0.01}"
79,population,9,0.32789967210032794,0.31799968200031803,0.35409964590035414,,,763,NA,2017-01-01 00:00:00,13928,8457.549318,-0.15407107752272542,-0.01,0.1440710775227254,-0.1440710775227254,True,1,type_mean,0.0083004769074155,0.0070097321687576,0.0811969348655934,0.03216904798058883,"
<think>Given COP's current fundamentals, the firm shows moderate profitability (profit=0.0335) but negative asset growth (Gat=-0.1166), which may temper growth expectations. The stock's high beta (1.1476) suggests above-market volatility, and its S&P 500 weight is modest (0.003561), implying limited benchmark-driven demand. With the fund's AUM significantly larger than the current holding value, any adjustment would likely be small in magnitude, potentially a slight reduction due to the negative asset growth signal, but the high stock volatility might limit the extent of the change.</think>
<answer>
{""holding_log_delta"": -0.01}
</answer>","Given COP's current fundamentals, the firm shows moderate profitability (profit=0.0335) but negative asset growth (Gat=-0.1166), which may temper growth expectations. The stock's high beta (1.1476) suggests above-market volatility, and its S&P 500 weight is modest (0.003561), implying limited benchmark-driven demand. With the fund's AUM significantly larger than the current holding value, any adjustment would likely be small in magnitude, potentially a slight reduction due to the negative asset growth signal, but the high stock volatility might limit the extent of the change.","{""holding_log_delta"": -0.01}"
79,population,10,0.31789968210031794,0.306999693000307,0.37509962490037513,,,763,NA,2017-01-01 00:00:00,13928,8457.549318,-0.15407107752272542,-0.02,0.13407107752272543,-0.13407107752272543,True,1,type_mean,0.0083004769074155,0.0070097321687576,0.0811969348655934,0.03216904798058883,"
<think>Given COP's current fundamentals, the firm shows moderate profitability (profit=0.0335) but negative asset growth (Gat=-0.1166), which may temper growth expectations. The stock's high beta (1.1476) suggests above-market volatility, and its S&P 500 weight is modest (0.003561), implying limited benchmark-driven demand. With the fund's AUM significantly larger than the current holding value, any adjustment would likely be small in magnitude, potentially a slight reduction due to the negative asset growth signal, but the high stock volatility could also lead to a modest increase in position size for diversification.</think>
<answer>
{""holding_log_delta"": -0.02}
</answer>","Given COP's current fundamentals, the firm shows moderate profitability (profit=0.0335) but negative asset growth (Gat=-0.1166), which may temper growth expectations. The stock's high beta (1.1476) suggests above-market volatility, and its S&P 500 weight is modest (0.003561), implying limited benchmark-driven demand. With the fund's AUM significantly larger than the current holding value, any adjustment would likely be small in magnitude, potentially a slight reduction due to the negative asset growth signal, but the high stock volatility could also lead to a modest increase in position size for diversification.","{""holding_log_delta"": -0.02}"
79,population,11,0.32789967210032794,0.30689969310030696,0.36519963480036527,,,763,NA,2017-01-01 00:00:00,13928,8457.549318,-0.15407107752272542,-0.03,0.12407107752272542,-0.12407107752272542,True,1,type_mean,0.0083004769074155,0.0070097321687576,0.0811969348655934,0.03216904798058883,"
<think>Given COP's current fundamentals, the firm shows moderate profitability (profit=0.0335) but negative asset growth (Gat=-0.1166), which may temper growth expectations. The stock's high beta (1.1476) suggests above-market volatility, and its S&P 500 weight is modest (0.003561), implying limited benchmark-driven demand. With the fund's AUM significantly larger than the current holding value, any adjustment would likely be small in magnitude, potentially a slight reduction due to the negative asset growth signal, but the high stock volatility could also lead to a modest increase in position size for diversification.</think>
<answer>
{""holding_log_delta"": -0.03}
</answer>","Given COP's current fundamentals, the firm shows moderate profitability (profit=0.0335) but negative asset growth (Gat=-0.1166), which may temper growth expectations. The stock's high beta (1.1476) suggests above-market volatility, and its S&P 500 weight is modest (0.003561), implying limited benchmark-driven demand. With the fund's AUM significantly larger than the current holding value, any adjustment would likely be small in magnitude, potentially a slight reduction due to the negative asset growth signal, but the high stock volatility could also lead to a modest increase in position size for diversification.","{""holding_log_delta"": -0.03}"
