generation,stage,candidate_idx,risk_aversion,herd_behavior,profit_driven,ticker,company,id,quarter,date,permno,holding_t,y_true,pred,abs_error,reward,valid,best_k,profile_strength_mode,x_risk_mean,x_herd_mean,x_profit_mean,overall_mean,raw_output,reason,answer_body
43,population,0,0.3168315561419266,0.29702958388305617,0.38613786987640436,,,482,NA,2017-04-01 00:00:00,40539,8238.24318,0.035805638914214434,-0.02,0.05580563891421443,-0.05580563891421443,True,1,type_mean,0.0083004769074155,0.0070097321687576,0.0811969348655934,0.03216904798058883,"
<think>Given TJX's current fundamentals, the company shows strong profitability (profit=0.9487) and positive asset growth (Gat=0.0704), which are favorable signals. The fund's current holding is relatively small compared to its AUM, and the stock's low beta (0.7371) suggests lower systematic risk, potentially allowing for increased allocation without significant risk exposure. Considering the positive fundamentals and the fund's capacity to adjust positions, a modest increase in the normalized log holding might be expected, though the magnitude would likely be tempered by the stock's already elevated S&P 500 weight and the fund's existing exposure.</think>
<answer>
{""holding_log_delta"": -0.02}
</answer>","Given TJX's current fundamentals, the company shows strong profitability (profit=0.9487) and positive asset growth (Gat=0.0704), which are favorable signals. The fund's current holding is relatively small compared to its AUM, and the stock's low beta (0.7371) suggests lower systematic risk, potentially allowing for increased allocation without significant risk exposure. Considering the positive fundamentals and the fund's capacity to adjust positions, a modest increase in the normalized log holding might be expected, though the magnitude would likely be tempered by the stock's already elevated S&P 500 weight and the fund's existing exposure.","{""holding_log_delta"": -0.02}"
43,population,1,0.2978645032513684,0.33804754542887244,0.3640869513197653,,,482,NA,2017-04-01 00:00:00,40539,8238.24318,0.035805638914214434,-0.03,0.06580563891421443,-0.06580563891421443,True,1,type_mean,0.0083004769074155,0.0070097321687576,0.0811969348655934,0.03216904798058883,"
<think>Given TJX's strong profitability (profit=0.9487) and positive asset growth (Gat=0.0704), alongside its low beta (0.7371) indicating lower systematic risk, the stock appears fundamentally sound and potentially attractive for growth-oriented investors. The fund's current holding is modest relative to its AUM and the stock's S&P 500 weight, suggesting room for increase without excessive concentration. Considering the positive fundamentals and the fund's growth orientation, a slight increase in holding is expected, though likely not dramatic given the already positive signals.</think>
<answer>
{""holding_log_delta"": -0.03}
</answer>","Given TJX's strong profitability (profit=0.9487) and positive asset growth (Gat=0.0704), alongside its low beta (0.7371) indicating lower systematic risk, the stock appears fundamentally sound and potentially attractive for growth-oriented investors. The fund's current holding is modest relative to its AUM and the stock's S&P 500 weight, suggesting room for increase without excessive concentration. Considering the positive fundamentals and the fund's growth orientation, a slight increase in holding is expected, though likely not dramatic given the already positive signals.","{""holding_log_delta"": -0.03}"
43,population,2,0.31999968000032003,0.31999968000032003,0.35999964000036,,,482,NA,2017-04-01 00:00:00,40539,8238.24318,0.035805638914214434,-0.04,0.07580563891421443,-0.07580563891421443,True,1,type_mean,0.0083004769074155,0.0070097321687576,0.0811969348655934,0.03216904798058883,"
<think>Given TJX's strong profitability (profit=0.9487) and positive asset growth (Gat=0.0704), alongside its low beta (0.7371) indicating lower systematic risk, the stock appears fundamentally sound. The fund's current holding is modest relative to its AUM and the stock's S&P 500 weight, suggesting room for potential increase without significant concentration risk. Considering the positive fundamentals and the fund's active growth orientation, a slight increase in holding might be expected to align with the stock's favorable profile.</think>
<answer>
{""holding_log_delta"": -0.04}
</answer>","Given TJX's strong profitability (profit=0.9487) and positive asset growth (Gat=0.0704), alongside its low beta (0.7371) indicating lower systematic risk, the stock appears fundamentally sound. The fund's current holding is modest relative to its AUM and the stock's S&P 500 weight, suggesting room for potential increase without significant concentration risk. Considering the positive fundamentals and the fund's active growth orientation, a slight increase in holding might be expected to align with the stock's favorable profile.","{""holding_log_delta"": -0.04}"
43,population,3,0.2970292652683889,0.3168315859227621,0.38613815871014295,,,482,NA,2017-04-01 00:00:00,40539,8238.24318,0.035805638914214434,-0.04,0.07580563891421443,-0.07580563891421443,True,1,type_mean,0.0083004769074155,0.0070097321687576,0.0811969348655934,0.03216904798058883,"
<think>Given TJX's strong profitability (profit=0.9487) and positive asset growth (Gat=0.0704), alongside its low beta (0.7371) indicating lower systematic risk, the stock appears fundamentally sound. The fund's current holding is modest relative to its AUM and the stock's S&P 500 weight, suggesting room for potential increase without excessive concentration. Considering the positive fundamentals and the fund's active growth orientation, a slight increase in holding might be expected to align with the stock's favorable profile.</think>
<answer>
{""holding_log_delta"": -0.04}
</answer>","Given TJX's strong profitability (profit=0.9487) and positive asset growth (Gat=0.0704), alongside its low beta (0.7371) indicating lower systematic risk, the stock appears fundamentally sound. The fund's current holding is modest relative to its AUM and the stock's S&P 500 weight, suggesting room for potential increase without excessive concentration. Considering the positive fundamentals and the fund's active growth orientation, a slight increase in holding might be expected to align with the stock's favorable profile.","{""holding_log_delta"": -0.04}"
43,population,4,0.327864503068326,0.3080475456119149,0.3640869513197654,,,482,NA,2017-04-01 00:00:00,40539,8238.24318,0.035805638914214434,-0.03,0.06580563891421443,-0.06580563891421443,True,1,type_mean,0.0083004769074155,0.0070097321687576,0.0811969348655934,0.03216904798058883,"
<think>Given TJX's strong profitability (profit=0.9487) and positive asset growth (Gat=0.0704), alongside its low beta (0.7371) indicating lower systematic risk, the fund might increase its holding to capture growth opportunities while managing risk exposure. The current position is relatively small compared to AUM, and the stock's low S&P 500 weight suggests room for allocation, potentially leading to a modest positive adjustment.</think>
<answer>
{""holding_log_delta"": -0.03}
</answer>","Given TJX's strong profitability (profit=0.9487) and positive asset growth (Gat=0.0704), alongside its low beta (0.7371) indicating lower systematic risk, the fund might increase its holding to capture growth opportunities while managing risk exposure. The current position is relatively small compared to AUM, and the stock's low S&P 500 weight suggests room for allocation, potentially leading to a modest positive adjustment.","{""holding_log_delta"": -0.03}"
43,population,5,0.2978645032513684,0.3180475455509007,0.384086951197737,,,482,NA,2017-04-01 00:00:00,40539,8238.24318,0.035805638914214434,-0.03,0.06580563891421443,-0.06580563891421443,True,1,type_mean,0.0083004769074155,0.0070097321687576,0.0811969348655934,0.03216904798058883,"
<think>Given TJX's strong profitability (profit=0.9487) and positive asset growth (Gat=0.0704), alongside its low beta (0.7371) indicating lower systematic risk, the stock appears fundamentally sound. The fund's current holding is modest relative to its AUM and the stock's S&P 500 weight, suggesting room for potential increase without excessive concentration. Considering the positive fundamentals and the fund's active growth orientation, a slight increase in holding might be expected to align with the stock's favorable profile.</think>
<answer>
{""holding_log_delta"": -0.03}
</answer>","Given TJX's strong profitability (profit=0.9487) and positive asset growth (Gat=0.0704), alongside its low beta (0.7371) indicating lower systematic risk, the stock appears fundamentally sound. The fund's current holding is modest relative to its AUM and the stock's S&P 500 weight, suggesting room for potential increase without excessive concentration. Considering the positive fundamentals and the fund's active growth orientation, a slight increase in holding might be expected to align with the stock's favorable profile.","{""holding_log_delta"": -0.03}"
43,population,6,0.34999965000035,0.26999973000027006,0.37999962000038,,,482,NA,2017-04-01 00:00:00,40539,8238.24318,0.035805638914214434,-0.02,0.05580563891421443,-0.05580563891421443,True,1,type_mean,0.0083004769074155,0.0070097321687576,0.0811969348655934,0.03216904798058883,"
<think>Given TJX's current fundamentals, the company shows strong profitability (profit=0.9487) and positive asset growth (Gat=0.0704), which are favorable signals. The fund's current holding is relatively small compared to its AUM, and the stock's low beta (0.7371) suggests lower systematic risk, potentially allowing for increased allocation without significant risk exposure. Considering the positive fundamentals and the fund's capacity to adjust positions, a modest increase in the normalized log holding might be expected, though the magnitude would likely be tempered by the stock's already elevated S&P 500 weight and the fund's existing exposure.</think>
<answer>
{""holding_log_delta"": -0.02}
</answer>","Given TJX's current fundamentals, the company shows strong profitability (profit=0.9487) and positive asset growth (Gat=0.0704), which are favorable signals. The fund's current holding is relatively small compared to its AUM, and the stock's low beta (0.7371) suggests lower systematic risk, potentially allowing for increased allocation without significant risk exposure. Considering the positive fundamentals and the fund's capacity to adjust positions, a modest increase in the normalized log holding might be expected, though the magnitude would likely be tempered by the stock's already elevated S&P 500 weight and the fund's existing exposure.","{""holding_log_delta"": -0.02}"
43,population,7,0.31999968000032003,0.30999969000031,0.36999963000037,,,482,NA,2017-04-01 00:00:00,40539,8238.24318,0.035805638914214434,-0.04,0.07580563891421443,-0.07580563891421443,True,1,type_mean,0.0083004769074155,0.0070097321687576,0.0811969348655934,0.03216904798058883,"
<think>Given TJX's strong profitability (profit=0.9487) and positive asset growth (Gat=0.0704), alongside its low beta (0.7371) indicating lower systematic risk, the fund might increase its holding to capture growth opportunities while managing risk exposure. The current holding is relatively small compared to AUM and the stock's S&P 500 weight, suggesting potential for a modest increase to align with the benchmark and the firm's positive fundamentals.</think>
<answer>
{""holding_log_delta"": -0.04}
</answer>","Given TJX's strong profitability (profit=0.9487) and positive asset growth (Gat=0.0704), alongside its low beta (0.7371) indicating lower systematic risk, the fund might increase its holding to capture growth opportunities while managing risk exposure. The current holding is relatively small compared to AUM and the stock's S&P 500 weight, suggesting potential for a modest increase to align with the benchmark and the firm's positive fundamentals.","{""holding_log_delta"": -0.04}"
43,population,8,0.32999967000033004,0.30999969000031,0.35999964000036,,,482,NA,2017-04-01 00:00:00,40539,8238.24318,0.035805638914214434,-0.03,0.06580563891421443,-0.06580563891421443,True,1,type_mean,0.0083004769074155,0.0070097321687576,0.0811969348655934,0.03216904798058883,"
<think>Given TJX's current fundamentals, the company shows strong profitability (profit=0.9487) and positive asset growth (Gat=0.0704), which are favorable signals. The fund's current holding is relatively small compared to its AUM, and the stock's low beta (0.7371) suggests lower systematic risk, potentially allowing for increased allocation without significant risk exposure. Considering the positive fundamentals and the fund's capacity to adjust positions, a modest increase in holding might be expected to align with the stock's positive performance indicators and the fund's active management style.</think>
<answer>
{""holding_log_delta"": -0.03}
</answer>","Given TJX's current fundamentals, the company shows strong profitability (profit=0.9487) and positive asset growth (Gat=0.0704), which are favorable signals. The fund's current holding is relatively small compared to its AUM, and the stock's low beta (0.7371) suggests lower systematic risk, potentially allowing for increased allocation without significant risk exposure. Considering the positive fundamentals and the fund's capacity to adjust positions, a modest increase in holding might be expected to align with the stock's positive performance indicators and the fund's active management style.","{""holding_log_delta"": -0.03}"
43,population,9,0.32999967000033004,0.32999967000033004,0.33999966000034004,,,482,NA,2017-04-01 00:00:00,40539,8238.24318,0.035805638914214434,-0.03,0.06580563891421443,-0.06580563891421443,True,1,type_mean,0.0083004769074155,0.0070097321687576,0.0811969348655934,0.03216904798058883,"
<think>Given TJX's current fundamentals, the company shows strong profitability (profit=0.949) and positive asset growth (Gat=0.070), which are favorable signals. The fund's current holding is relatively small compared to its AUM, and the stock's low beta (0.737) suggests lower systematic risk, potentially allowing for increased allocation without significant risk exposure. Considering the positive fundamentals and the fund's capacity to adjust positions, a modest increase in holding might be expected to align with the stock's positive performance indicators and the fund's active growth orientation.</think>
<answer>
{""holding_log_delta"": -0.03}
</answer>","Given TJX's current fundamentals, the company shows strong profitability (profit=0.949) and positive asset growth (Gat=0.070), which are favorable signals. The fund's current holding is relatively small compared to its AUM, and the stock's low beta (0.737) suggests lower systematic risk, potentially allowing for increased allocation without significant risk exposure. Considering the positive fundamentals and the fund's capacity to adjust positions, a modest increase in holding might be expected to align with the stock's positive performance indicators and the fund's active growth orientation.","{""holding_log_delta"": -0.03}"
43,population,10,0.30786450319035424,0.32804754548988657,0.3640869513197653,,,482,NA,2017-04-01 00:00:00,40539,8238.24318,0.035805638914214434,-0.03,0.06580563891421443,-0.06580563891421443,True,1,type_mean,0.0083004769074155,0.0070097321687576,0.0811969348655934,0.03216904798058883,"
<think>Given TJX's current fundamentals, the company shows strong profitability (profit=0.9487) and positive asset growth (Gat=0.0704), which are favorable signals. The fund's current holding is relatively small compared to its AUM, and the stock's low beta (0.7371) suggests lower systematic risk, potentially allowing for increased allocation without significant deviation from the benchmark weight. Considering the positive fundamentals and the fund's capacity to adjust positions, a modest increase in holding might be expected to align with the stock's growth potential and manage underweight relative to its market importance.</think>
<answer>
{""holding_log_delta"": -0.03}
</answer>","Given TJX's current fundamentals, the company shows strong profitability (profit=0.9487) and positive asset growth (Gat=0.0704), which are favorable signals. The fund's current holding is relatively small compared to its AUM, and the stock's low beta (0.7371) suggests lower systematic risk, potentially allowing for increased allocation without significant deviation from the benchmark weight. Considering the positive fundamentals and the fund's capacity to adjust positions, a modest increase in holding might be expected to align with the stock's growth potential and manage underweight relative to its market importance.","{""holding_log_delta"": -0.03}"
43,population,11,0.32999967000033004,0.30999969000031,0.35999964000036,,,482,NA,2017-04-01 00:00:00,40539,8238.24318,0.035805638914214434,-0.03,0.06580563891421443,-0.06580563891421443,True,1,type_mean,0.0083004769074155,0.0070097321687576,0.0811969348655934,0.03216904798058883,"
<think>Given TJX's current fundamentals, the company shows strong profitability (profit=0.9487) and positive asset growth (Gat=0.0704), which are favorable signals. The fund's current holding is relatively small compared to its AUM, and the stock's low beta (0.7371) suggests lower systematic risk, potentially allowing for increased allocation without significant risk exposure. Considering the positive fundamentals and the fund's capacity to adjust positions, a modest increase in holding might be expected to align with the stock's positive performance indicators and the fund's active management style.</think>
<answer>
{""holding_log_delta"": -0.03}
</answer>","Given TJX's current fundamentals, the company shows strong profitability (profit=0.9487) and positive asset growth (Gat=0.0704), which are favorable signals. The fund's current holding is relatively small compared to its AUM, and the stock's low beta (0.7371) suggests lower systematic risk, potentially allowing for increased allocation without significant risk exposure. Considering the positive fundamentals and the fund's capacity to adjust positions, a modest increase in holding might be expected to align with the stock's positive performance indicators and the fund's active management style.","{""holding_log_delta"": -0.03}"
