generation,stage,candidate_idx,risk_aversion,herd_behavior,profit_driven,ticker,company,id,quarter,date,permno,holding_t,y_true,pred,abs_error,reward,valid,best_k,profile_strength_mode,x_risk_mean,x_herd_mean,x_profit_mean,overall_mean,raw_output,reason,answer_body
4,population,0,0.38739961260038747,0.5282994717005284,0.08429991570008431,MMC,MARSH & MCLENNAN COS INC,33,NA,2018-04-01 00:00:00,45751,468.524461,0.6990706803381816,-0.04,0.7390706803381817,-0.7390706803381817,True,1,type_mean,0.0105116667264412,0.009015847914168,2.8059538271968374,0.9418271139458155,"
<think>Given the firm's moderate profitability and low beta, combined with the fund's substantial AUM and the stock's small S&P 500 weight, a modest adjustment is expected. The current holding is relatively large compared to the stock's market capitalization and the fund's total outflows, suggesting a potential reduction to align with the benchmark or manage concentration, but the low beta and positive profit may temper the magnitude.</think>
<answer>
{""holding_log_delta"": -0.04}
</answer>","Given the firm's moderate profitability and low beta, combined with the fund's substantial AUM and the stock's small S&P 500 weight, a modest adjustment is expected. The current holding is relatively large compared to the stock's market capitalization and the fund's total outflows, suggesting a potential reduction to align with the benchmark or manage concentration, but the low beta and positive profit may temper the magnitude.","{""holding_log_delta"": -0.04}"
4,population,1,0.3973996026003974,0.5182994817005183,0.08429991570008431,MMC,MARSH & MCLENNAN COS INC,33,NA,2018-04-01 00:00:00,45751,468.524461,0.6990706803381816,-0.04,0.7390706803381817,-0.7390706803381817,True,1,type_mean,0.0105116667264412,0.009015847914168,2.8059538271968374,0.9418271139458155,"
<think>Given the firm's moderate profitability (profit=0.38) and low beta (0.92), the stock appears stable but not growth-oriented. The fund's current holding is relatively small compared to its AUM, and the stock's low S&P 500 weight suggests limited benchmark-driven pressure. With average volatility and volume, no strong catalysts for significant active management are evident, so the expected holding change would likely be modest, possibly a slight increase to align with the benchmark or a minor adjustment due to portfolio rebalancing.</think>
<answer>
{""holding_log_delta"": -0.04}
</answer>","Given the firm's moderate profitability (profit=0.38) and low beta (0.92), the stock appears stable but not growth-oriented. The fund's current holding is relatively small compared to its AUM, and the stock's low S&P 500 weight suggests limited benchmark-driven pressure. With average volatility and volume, no strong catalysts for significant active management are evident, so the expected holding change would likely be modest, possibly a slight increase to align with the benchmark or a minor adjustment due to portfolio rebalancing.","{""holding_log_delta"": -0.04}"
4,population,2,0.37739962260037746,0.5382994617005383,0.08429991570008431,MMC,MARSH & MCLENNAN COS INC,33,NA,2018-04-01 00:00:00,45751,468.524461,0.6990706803381816,-0.04,0.7390706803381817,-0.7390706803381817,True,1,type_mean,0.0105116667264412,0.009015847914168,2.8059538271968374,0.9418271139458155,"
<think>Given the firm's moderate profitability and low beta, combined with the fund's substantial AUM and the stock's small S&P 500 weight, a modest adjustment is expected. The current holding is relatively large compared to the stock's market capitalization and the fund's total outflows, suggesting potential for a slight reduction to align with the benchmark or manage concentration, but the magnitude would likely be limited due to the defensive investor profile and low turnover constraint.</think>
<answer>
{""holding_log_delta"": -0.04}
</answer>","Given the firm's moderate profitability and low beta, combined with the fund's substantial AUM and the stock's small S&P 500 weight, a modest adjustment is expected. The current holding is relatively large compared to the stock's market capitalization and the fund's total outflows, suggesting potential for a slight reduction to align with the benchmark or manage concentration, but the magnitude would likely be limited due to the defensive investor profile and low turnover constraint.","{""holding_log_delta"": -0.04}"
4,population,3,0.37739962260037746,0.5682994317005684,0.05429994570005431,MMC,MARSH & MCLENNAN COS INC,33,NA,2018-04-01 00:00:00,45751,468.524461,0.6990706803381816,-0.02,0.7190706803381817,-0.7190706803381817,True,1,type_mean,0.0105116667264412,0.009015847914168,2.8059538271968374,0.9418271139458155,"
<think>Given the firm's moderate profitability (profit=0.38) and low beta (0.92), the stock appears stable but not growth-oriented. The fund's current holding is relatively small compared to its AUM, and the stock's low S&P 500 weight suggests limited benchmark-driven pressure. With average volatility and volume, no strong catalysts for significant active management are evident, so the expected holding change would likely be modest, possibly a slight increase to align with the benchmark or a minor adjustment due to liquidity considerations.</think>
<answer>
{""holding_log_delta"": -0.02}
</answer>","Given the firm's moderate profitability (profit=0.38) and low beta (0.92), the stock appears stable but not growth-oriented. The fund's current holding is relatively small compared to its AUM, and the stock's low S&P 500 weight suggests limited benchmark-driven pressure. With average volatility and volume, no strong catalysts for significant active management are evident, so the expected holding change would likely be modest, possibly a slight increase to align with the benchmark or a minor adjustment due to liquidity considerations.","{""holding_log_delta"": -0.02}"
4,population,4,0.37739964309313706,0.5182995098441254,0.10429984706368328,MMC,MARSH & MCLENNAN COS INC,33,NA,2018-04-01 00:00:00,45751,468.524461,0.6990706803381816,-0.04,0.7390706803381817,-0.7390706803381817,True,1,type_mean,0.0105116667264412,0.009015847914168,2.8059538271968374,0.9418271139458155,"
<think>Given the firm's moderate profitability (profit=0.38) and low beta (0.92), the stock appears stable but not growth-oriented. The fund's current holding is relatively small compared to its AUM, and the stock's low S&P 500 weight suggests limited benchmark-driven pressure. With average volatility and volume, no strong catalysts for significant active management are evident, so the expected holding change should be modest, likely a slight adjustment towards the benchmark weight.</think>
<answer>
{""holding_log_delta"": -0.04}
</answer>","Given the firm's moderate profitability (profit=0.38) and low beta (0.92), the stock appears stable but not growth-oriented. The fund's current holding is relatively small compared to its AUM, and the stock's low S&P 500 weight suggests limited benchmark-driven pressure. With average volatility and volume, no strong catalysts for significant active management are evident, so the expected holding change should be modest, likely a slight adjustment towards the benchmark weight.","{""holding_log_delta"": -0.04}"
4,population,5,0.37111096963887774,0.5235345799174665,0.10535344034303062,MMC,MARSH & MCLENNAN COS INC,33,NA,2018-04-01 00:00:00,45751,468.524461,0.6990706803381816,-0.04,0.7390706803381817,-0.7390706803381817,True,1,type_mean,0.0105116667264412,0.009015847914168,2.8059538271968374,0.9418271139458155,"
<think>Given the firm's moderate profitability and low beta, the stock appears stable but not growth-oriented. The fund's current holding is relatively small compared to its AUM and the stock's S&P 500 weight, suggesting room for modest adjustment. Considering the low risk profile and defensive investment style, any change would likely be minor, possibly a slight increase to align closer with the benchmark weight or a small decrease due to the stock's average volatility.</think>
<answer>
{""holding_log_delta"": -0.04}
</answer>","Given the firm's moderate profitability and low beta, the stock appears stable but not growth-oriented. The fund's current holding is relatively small compared to its AUM and the stock's S&P 500 weight, suggesting room for modest adjustment. Considering the low risk profile and defensive investment style, any change would likely be minor, possibly a slight increase to align closer with the benchmark weight or a small decrease due to the stock's average volatility.","{""holding_log_delta"": -0.04}"
4,population,6,0.35739964260035745,0.5482994517005484,0.0942999057000943,MMC,MARSH & MCLENNAN COS INC,33,NA,2018-04-01 00:00:00,45751,468.524461,0.6990706803381816,-0.04,0.7390706803381817,-0.7390706803381817,True,1,type_mean,0.0105116667264412,0.009015847914168,2.8059538271968374,0.9418271139458155,"
<think>Given the firm's moderate profitability (profit=0.38) and low beta (0.92), the stock appears stable but not growth-oriented. The fund's current holding is relatively small compared to its AUM, and the stock's low S&P 500 weight suggests limited benchmark-driven pressure. With average volatility and volume, no strong catalysts for significant active management are evident, so the expected holding change should be modest, likely a slight adjustment towards the benchmark weight.</think>
<answer>
{""holding_log_delta"": -0.04}
</answer>","Given the firm's moderate profitability (profit=0.38) and low beta (0.92), the stock appears stable but not growth-oriented. The fund's current holding is relatively small compared to its AUM, and the stock's low S&P 500 weight suggests limited benchmark-driven pressure. With average volatility and volume, no strong catalysts for significant active management are evident, so the expected holding change should be modest, likely a slight adjustment towards the benchmark weight.","{""holding_log_delta"": -0.04}"
4,population,7,0.37739411440597026,0.6182805725204876,0.004324313074542126,MMC,MARSH & MCLENNAN COS INC,33,NA,2018-04-01 00:00:00,45751,468.524461,0.6990706803381816,-0.04,0.7390706803381817,-0.7390706803381817,True,1,type_mean,0.0105116667264412,0.009015847914168,2.8059538271968374,0.9418271139458155,"
<think>Given the firm's moderate profitability and low beta, combined with the fund's substantial AUM and the stock's small S&P 500 weight, a modest adjustment is expected. The current holding is relatively large compared to the stock's market capitalization and the fund's total outflows, suggesting a potential reduction to align with the benchmark weight and manage concentration, but the magnitude would likely be limited due to the fund's defensive style and low turnover constraint.</think>
<answer>
{""holding_log_delta"": -0.04}
</answer>","Given the firm's moderate profitability and low beta, combined with the fund's substantial AUM and the stock's small S&P 500 weight, a modest adjustment is expected. The current holding is relatively large compared to the stock's market capitalization and the fund's total outflows, suggesting a potential reduction to align with the benchmark weight and manage concentration, but the magnitude would likely be limited due to the fund's defensive style and low turnover constraint.","{""holding_log_delta"": -0.04}"
4,population,8,0.37739411440597026,0.6182805725204876,0.004324313074542126,MMC,MARSH & MCLENNAN COS INC,33,NA,2018-04-01 00:00:00,45751,468.524461,0.6990706803381816,-0.04,0.7390706803381817,-0.7390706803381817,True,1,type_mean,0.0105116667264412,0.009015847914168,2.8059538271968374,0.9418271139458155,"
<think>Given the firm's moderate profitability and low beta, combined with the fund's substantial AUM and the stock's small S&P 500 weight, a modest adjustment is expected. The current holding is relatively large compared to the stock's market capitalization and the fund's total outflows, suggesting a potential reduction to align with the benchmark weight and manage concentration, but the magnitude would likely be limited due to the fund's defensive style and low turnover constraint.</think>
<answer>
{""holding_log_delta"": -0.04}
</answer>","Given the firm's moderate profitability and low beta, combined with the fund's substantial AUM and the stock's small S&P 500 weight, a modest adjustment is expected. The current holding is relatively large compared to the stock's market capitalization and the fund's total outflows, suggesting a potential reduction to align with the benchmark weight and manage concentration, but the magnitude would likely be limited due to the fund's defensive style and low turnover constraint.","{""holding_log_delta"": -0.04}"
4,population,9,0.37739411440597026,0.6182805725204876,0.004324313074542126,MMC,MARSH & MCLENNAN COS INC,33,NA,2018-04-01 00:00:00,45751,468.524461,0.6990706803381816,-0.04,0.7390706803381817,-0.7390706803381817,True,1,type_mean,0.0105116667264412,0.009015847914168,2.8059538271968374,0.9418271139458155,"
<think>Given the firm's moderate profitability and low beta, combined with the fund's substantial AUM and the stock's small S&P 500 weight, a modest adjustment is expected. The current holding is relatively large compared to the stock's market capitalization and the fund's total outflows, suggesting a potential reduction to align with the benchmark weight and manage concentration, but the magnitude would likely be limited due to the fund's defensive style and low turnover constraint.</think>
<answer>
{""holding_log_delta"": -0.04}
</answer>","Given the firm's moderate profitability and low beta, combined with the fund's substantial AUM and the stock's small S&P 500 weight, a modest adjustment is expected. The current holding is relatively large compared to the stock's market capitalization and the fund's total outflows, suggesting a potential reduction to align with the benchmark weight and manage concentration, but the magnitude would likely be limited due to the fund's defensive style and low turnover constraint.","{""holding_log_delta"": -0.04}"
4,population,10,0.37739411440597026,0.6182805725204876,0.004324313074542126,MMC,MARSH & MCLENNAN COS INC,33,NA,2018-04-01 00:00:00,45751,468.524461,0.6990706803381816,-0.04,0.7390706803381817,-0.7390706803381817,True,1,type_mean,0.0105116667264412,0.009015847914168,2.8059538271968374,0.9418271139458155,"
<think>Given the firm's moderate profitability and low beta, combined with the fund's substantial AUM and the stock's small S&P 500 weight, a modest adjustment is expected. The current holding is relatively large compared to the stock's market capitalization and the fund's total outflows, suggesting a potential reduction to align with the benchmark weight and manage concentration, but the magnitude would likely be limited due to the fund's defensive style and low turnover constraint.</think>
<answer>
{""holding_log_delta"": -0.04}
</answer>","Given the firm's moderate profitability and low beta, combined with the fund's substantial AUM and the stock's small S&P 500 weight, a modest adjustment is expected. The current holding is relatively large compared to the stock's market capitalization and the fund's total outflows, suggesting a potential reduction to align with the benchmark weight and manage concentration, but the magnitude would likely be limited due to the fund's defensive style and low turnover constraint.","{""holding_log_delta"": -0.04}"
4,population,11,0.37739411440597026,0.6182805725204876,0.004324313074542126,MMC,MARSH & MCLENNAN COS INC,33,NA,2018-04-01 00:00:00,45751,468.524461,0.6990706803381816,-0.04,0.7390706803381817,-0.7390706803381817,True,1,type_mean,0.0105116667264412,0.009015847914168,2.8059538271968374,0.9418271139458155,"
<think>Given the firm's moderate profitability and low beta, combined with the fund's substantial AUM and the stock's small S&P 500 weight, a modest adjustment is expected. The current holding is relatively large compared to the stock's market capitalization and the fund's total outflows, suggesting a potential reduction to align with the benchmark weight and manage concentration, but the magnitude would likely be limited due to the fund's defensive style and low turnover constraint.</think>
<answer>
{""holding_log_delta"": -0.04}
</answer>","Given the firm's moderate profitability and low beta, combined with the fund's substantial AUM and the stock's small S&P 500 weight, a modest adjustment is expected. The current holding is relatively large compared to the stock's market capitalization and the fund's total outflows, suggesting a potential reduction to align with the benchmark weight and manage concentration, but the magnitude would likely be limited due to the fund's defensive style and low turnover constraint.","{""holding_log_delta"": -0.04}"
