generation,stage,candidate_idx,risk_aversion,herd_behavior,profit_driven,ticker,company,id,quarter,date,permno,holding_t,y_true,pred,abs_error,reward,valid,best_k,profile_strength_mode,x_risk_mean,x_herd_mean,x_profit_mean,overall_mean,raw_output,reason,answer_body
87,population,0,0.3478996521003479,0.296999703000297,0.35509964490035517,,,335,NA,2019-10-01 00:00:00,16309,944.586833,-0.22547268237561588,-0.05,0.17547268237561586,-0.17547268237561586,True,1,type_mean,0.0083004769074155,0.0070097321687576,0.0811969348655934,0.03216904798058883,"
<think>Given TTD's high beta of 2.75, indicating significant market sensitivity, and its substantial positive profit margin of 0.254, the stock appears fundamentally strong. However, its current holding is already a meaningful portion of the fund's AUM, and the high beta suggests elevated risk relative to the benchmark. Considering the fund's medium risk tolerance and the stock's already high beta, a modest reduction in holding might be expected to manage risk exposure, leading to a small negative normalized log change.</think>
<answer>
{""holding_log_delta"": -0.05}
</answer>","Given TTD's high beta of 2.75, indicating significant market sensitivity, and its substantial positive profit margin of 0.254, the stock appears fundamentally strong. However, its current holding is already a meaningful portion of the fund's AUM, and the high beta suggests elevated risk relative to the benchmark. Considering the fund's medium risk tolerance and the stock's already high beta, a modest reduction in holding might be expected to manage risk exposure, leading to a small negative normalized log change.","{""holding_log_delta"": -0.05}"
87,population,1,0.3478996521003479,0.296999703000297,0.35509964490035517,,,335,NA,2019-10-01 00:00:00,16309,944.586833,-0.22547268237561588,-0.05,0.17547268237561586,-0.17547268237561586,True,1,type_mean,0.0083004769074155,0.0070097321687576,0.0811969348655934,0.03216904798058883,"
<think>Given TTD's high beta of 2.75, indicating significant market sensitivity, and its substantial positive profit margin of 0.254, the stock appears fundamentally strong. However, its current holding is already a meaningful portion of the fund's AUM, and the high beta suggests elevated risk relative to the benchmark. Considering the fund's medium risk tolerance and the stock's already high beta, a modest reduction in holding might be expected to manage risk exposure, leading to a small negative normalized log change.</think>
<answer>
{""holding_log_delta"": -0.05}
</answer>","Given TTD's high beta of 2.75, indicating significant market sensitivity, and its substantial positive profit margin of 0.254, the stock appears fundamentally strong. However, its current holding is already a meaningful portion of the fund's AUM, and the high beta suggests elevated risk relative to the benchmark. Considering the fund's medium risk tolerance and the stock's already high beta, a modest reduction in holding might be expected to manage risk exposure, leading to a small negative normalized log change.","{""holding_log_delta"": -0.05}"
87,population,2,0.32789967210032794,0.32699967300032706,0.34509965490034517,,,335,NA,2019-10-01 00:00:00,16309,944.586833,-0.22547268237561588,-0.1,0.12547268237561587,-0.12547268237561587,True,1,type_mean,0.0083004769074155,0.0070097321687576,0.0811969348655934,0.03216904798058883,"
<think>Given the high beta of 2.75, the stock is significantly more volatile than the market, which typically leads to larger position adjustments by active managers to manage risk exposure. The fund's current holding is substantial relative to its AUM and the stock's S&P 500 weight, suggesting a large active position that may need scaling down for risk management. The positive profitability and growth metrics support a holding, but the extreme beta and the fund's active nature likely drive a reduction to align with the benchmark weight.</think>
<answer>
{""holding_log_delta"": -0.1}
</answer>","Given the high beta of 2.75, the stock is significantly more volatile than the market, which typically leads to larger position adjustments by active managers to manage risk exposure. The fund's current holding is substantial relative to its AUM and the stock's S&P 500 weight, suggesting a large active position that may need scaling down for risk management. The positive profitability and growth metrics support a holding, but the extreme beta and the fund's active nature likely drive a reduction to align with the benchmark weight.","{""holding_log_delta"": -0.1}"
87,population,3,0.3378996621003379,0.33699966300033707,0.32509967490032515,,,335,NA,2019-10-01 00:00:00,16309,944.586833,-0.22547268237561588,-0.05,0.17547268237561586,-0.17547268237561586,True,1,type_mean,0.0083004769074155,0.0070097321687576,0.0811969348655934,0.03216904798058883,"
<think>Given TTD's high beta of 2.75, indicating significant market sensitivity, and its substantial positive profit margin of 0.254, the stock appears fundamentally strong. However, its current holding is already a meaningful portion of the fund's AUM, and the high beta suggests elevated risk relative to the benchmark. Considering the fund's medium risk tolerance and the stock's already high beta, a modest reduction in position size might be expected to manage risk exposure, leading to a small negative normalized log change.</think>
<answer>
{""holding_log_delta"": -0.05}
</answer>","Given TTD's high beta of 2.75, indicating significant market sensitivity, and its substantial positive profit margin of 0.254, the stock appears fundamentally strong. However, its current holding is already a meaningful portion of the fund's AUM, and the high beta suggests elevated risk relative to the benchmark. Considering the fund's medium risk tolerance and the stock's already high beta, a modest reduction in position size might be expected to manage risk exposure, leading to a small negative normalized log change.","{""holding_log_delta"": -0.05}"
87,population,4,0.3478996521003479,0.32699967300032706,0.32509967490032515,,,335,NA,2019-10-01 00:00:00,16309,944.586833,-0.22547268237561588,-0.05,0.17547268237561586,-0.17547268237561586,True,1,type_mean,0.0083004769074155,0.0070097321687576,0.0811969348655934,0.03216904798058883,"
<think>Given TTD's high beta of 2.75, indicating significant market sensitivity, and its substantial positive profit margin of 0.254, the stock appears fundamentally strong. However, its current holding is already a meaningful portion of the fund's AUM, and the high beta suggests elevated risk relative to the benchmark. Considering the fund's medium risk tolerance and the stock's already high beta, a modest reduction in holding might be expected to manage risk exposure, leading to a small negative normalized log change.</think>
<answer>
{""holding_log_delta"": -0.05}
</answer>","Given TTD's high beta of 2.75, indicating significant market sensitivity, and its substantial positive profit margin of 0.254, the stock appears fundamentally strong. However, its current holding is already a meaningful portion of the fund's AUM, and the high beta suggests elevated risk relative to the benchmark. Considering the fund's medium risk tolerance and the stock's already high beta, a modest reduction in holding might be expected to manage risk exposure, leading to a small negative normalized log change.","{""holding_log_delta"": -0.05}"
87,population,5,0.32789967210032794,0.307999692000308,0.3640996359003641,,,335,NA,2019-10-01 00:00:00,16309,944.586833,-0.22547268237561588,-0.05,0.17547268237561586,-0.17547268237561586,True,1,type_mean,0.0083004769074155,0.0070097321687576,0.0811969348655934,0.03216904798058883,"
<think>Given TTD's high beta of 2.75, indicating significant market sensitivity, and its substantial positive profit margin of 0.254, the stock appears fundamentally strong. However, its current holding is already a meaningful portion of the fund's AUM, and the high beta suggests elevated risk relative to the benchmark. Considering the fund's medium risk tolerance and the stock's already high beta, a modest reduction in position size might be expected to manage risk exposure, leading to a small negative normalized log change.</think>
<answer>
{""holding_log_delta"": -0.05}
</answer>","Given TTD's high beta of 2.75, indicating significant market sensitivity, and its substantial positive profit margin of 0.254, the stock appears fundamentally strong. However, its current holding is already a meaningful portion of the fund's AUM, and the high beta suggests elevated risk relative to the benchmark. Considering the fund's medium risk tolerance and the stock's already high beta, a modest reduction in position size might be expected to manage risk exposure, leading to a small negative normalized log change.","{""holding_log_delta"": -0.05}"
87,population,6,0.3578996421003579,0.31799968200031803,0.3240996759003241,,,335,NA,2019-10-01 00:00:00,16309,944.586833,-0.22547268237561588,-0.04,0.18547268237561587,-0.18547268237561587,True,1,type_mean,0.0083004769074155,0.0070097321687576,0.0811969348655934,0.03216904798058883,"
<think>Given TTD's high beta of 2.75, indicating significant market sensitivity, and its substantial positive profit margin of 0.254, the stock appears fundamentally strong. However, its current holding is already a meaningful portion of the fund's AUM, and the high beta suggests elevated risk relative to the benchmark. Considering the fund's medium risk tolerance and the stock's already high beta, a modest reduction in position size might be expected to manage risk exposure, leading to a small negative normalized log change.</think>
<answer>
{""holding_log_delta"": -0.04}
</answer>","Given TTD's high beta of 2.75, indicating significant market sensitivity, and its substantial positive profit margin of 0.254, the stock appears fundamentally strong. However, its current holding is already a meaningful portion of the fund's AUM, and the high beta suggests elevated risk relative to the benchmark. Considering the fund's medium risk tolerance and the stock's already high beta, a modest reduction in position size might be expected to manage risk exposure, leading to a small negative normalized log change.","{""holding_log_delta"": -0.04}"
87,population,7,0.3578996421003579,0.31799968200031803,0.3240996759003241,,,335,NA,2019-10-01 00:00:00,16309,944.586833,-0.22547268237561588,-0.04,0.18547268237561587,-0.18547268237561587,True,1,type_mean,0.0083004769074155,0.0070097321687576,0.0811969348655934,0.03216904798058883,"
<think>Given TTD's high beta of 2.75, indicating significant market sensitivity, and its substantial positive profit margin of 0.254, the stock appears fundamentally strong. However, its current holding is already a meaningful portion of the fund's AUM, and the high beta suggests elevated risk relative to the benchmark. Considering the fund's medium risk tolerance and the stock's already high beta, a modest reduction in position size might be expected to manage risk exposure, leading to a small negative normalized log change.</think>
<answer>
{""holding_log_delta"": -0.04}
</answer>","Given TTD's high beta of 2.75, indicating significant market sensitivity, and its substantial positive profit margin of 0.254, the stock appears fundamentally strong. However, its current holding is already a meaningful portion of the fund's AUM, and the high beta suggests elevated risk relative to the benchmark. Considering the fund's medium risk tolerance and the stock's already high beta, a modest reduction in position size might be expected to manage risk exposure, leading to a small negative normalized log change.","{""holding_log_delta"": -0.04}"
87,population,8,0.3378996621003379,0.306999693000307,0.35509964490035517,,,335,NA,2019-10-01 00:00:00,16309,944.586833,-0.22547268237561588,-0.05,0.17547268237561586,-0.17547268237561586,True,1,type_mean,0.0083004769074155,0.0070097321687576,0.0811969348655934,0.03216904798058883,"
<think>Given TTD's high beta of 2.75, indicating significant market sensitivity, and its substantial positive profit margin of 0.254, the stock appears fundamentally strong. However, its current holding is already a meaningful portion of the fund's AUM, and the high beta suggests elevated risk relative to the benchmark. Considering the fund's medium risk tolerance and the stock's already high beta, a modest reduction in position size might be expected to manage risk exposure, leading to a small negative normalized log change.</think>
<answer>
{""holding_log_delta"": -0.05}
</answer>","Given TTD's high beta of 2.75, indicating significant market sensitivity, and its substantial positive profit margin of 0.254, the stock appears fundamentally strong. However, its current holding is already a meaningful portion of the fund's AUM, and the high beta suggests elevated risk relative to the benchmark. Considering the fund's medium risk tolerance and the stock's already high beta, a modest reduction in position size might be expected to manage risk exposure, leading to a small negative normalized log change.","{""holding_log_delta"": -0.05}"
87,population,9,0.32789967210032794,0.306999693000307,0.3650996349003651,,,335,NA,2019-10-01 00:00:00,16309,944.586833,-0.22547268237561588,-0.05,0.17547268237561586,-0.17547268237561586,True,1,type_mean,0.0083004769074155,0.0070097321687576,0.0811969348655934,0.03216904798058883,"
<think>Given TTD's high beta of 2.75, indicating significant market sensitivity, and its substantial positive profit margin of 0.254, the stock appears fundamentally strong. However, its current holding is already a meaningful portion of the fund's AUM, and the high beta suggests elevated risk relative to the benchmark. Considering the fund's medium risk tolerance and the stock's already high beta, a modest reduction in holding might be expected to manage risk exposure, leading to a small negative normalized log change.</think>
<answer>
{""holding_log_delta"": -0.05}
</answer>","Given TTD's high beta of 2.75, indicating significant market sensitivity, and its substantial positive profit margin of 0.254, the stock appears fundamentally strong. However, its current holding is already a meaningful portion of the fund's AUM, and the high beta suggests elevated risk relative to the benchmark. Considering the fund's medium risk tolerance and the stock's already high beta, a modest reduction in holding might be expected to manage risk exposure, leading to a small negative normalized log change.","{""holding_log_delta"": -0.05}"
87,population,10,0.3378996621003379,0.31699968300031706,0.34509965490034517,,,335,NA,2019-10-01 00:00:00,16309,944.586833,-0.22547268237561588,-0.05,0.17547268237561586,-0.17547268237561586,True,1,type_mean,0.0083004769074155,0.0070097321687576,0.0811969348655934,0.03216904798058883,"
<think>Given TTD's high beta of 2.75, indicating significant market sensitivity, and its substantial positive profit margin of 0.254, the stock appears fundamentally strong. However, its current holding is already a meaningful portion of the fund's AUM, and the high stock volatility (0.50) suggests elevated risk. Considering the fund's medium risk tolerance and the stock's already high beta, a modest reduction in position size might be expected to manage risk exposure, leading to a small negative normalized log change.</think>
<answer>
{""holding_log_delta"": -0.05}
</answer>","Given TTD's high beta of 2.75, indicating significant market sensitivity, and its substantial positive profit margin of 0.254, the stock appears fundamentally strong. However, its current holding is already a meaningful portion of the fund's AUM, and the high stock volatility (0.50) suggests elevated risk. Considering the fund's medium risk tolerance and the stock's already high beta, a modest reduction in position size might be expected to manage risk exposure, leading to a small negative normalized log change.","{""holding_log_delta"": -0.05}"
87,population,11,0.31789968210031794,0.31699968300031706,0.3650996349003651,,,335,NA,2019-10-01 00:00:00,16309,944.586833,-0.22547268237561588,-0.04,0.18547268237561587,-0.18547268237561587,True,1,type_mean,0.0083004769074155,0.0070097321687576,0.0811969348655934,0.03216904798058883,"
<think>Given TTD's high beta of 2.75, indicating significant market sensitivity, and its substantial positive profit margin of 0.254, the stock appears fundamentally strong. However, its current holding is already a meaningful portion of the fund's AUM, and the high beta suggests elevated risk relative to the benchmark. Considering the fund's medium risk tolerance and the stock's already high beta, a modest reduction in position size might be expected to manage risk exposure, leading to a small negative normalized log change.</think>
<answer>
{""holding_log_delta"": -0.04}
</answer>","Given TTD's high beta of 2.75, indicating significant market sensitivity, and its substantial positive profit margin of 0.254, the stock appears fundamentally strong. However, its current holding is already a meaningful portion of the fund's AUM, and the high beta suggests elevated risk relative to the benchmark. Considering the fund's medium risk tolerance and the stock's already high beta, a modest reduction in position size might be expected to manage risk exposure, leading to a small negative normalized log change.","{""holding_log_delta"": -0.04}"
