generation,stage,candidate_idx,risk_aversion,herd_behavior,profit_driven,ticker,company,id,quarter,date,permno,holding_t,y_true,pred,abs_error,reward,valid,best_k,profile_strength_mode,x_risk_mean,x_herd_mean,x_profit_mean,overall_mean,raw_output,reason,answer_body
68,population,0,0.31789968210031794,0.306999693000307,0.37509962490037513,,,264,NA,2019-01-01 00:00:00,14714,2132.615147,-0.07546552513476089,-0.03,0.04546552513476089,-0.04546552513476089,True,1,type_mean,0.0083004769074155,0.0070097321687576,0.0811969348655934,0.03216904798058883,"
<think>Given ANET's high market capitalization relative to book equity and strong profitability, the firm appears fundamentally sound. The fund's current holding is modest relative to its AUM and the stock's S&P 500 weight, suggesting room for potential increase. Considering the stock's elevated beta and recent volatility, a moderate positive adjustment might be expected to align with the benchmark while managing risk exposure.</think>
<answer>
{""holding_log_delta"": -0.03}
</answer>","Given ANET's high market capitalization relative to book equity and strong profitability, the firm appears fundamentally sound. The fund's current holding is modest relative to its AUM and the stock's S&P 500 weight, suggesting room for potential increase. Considering the stock's elevated beta and recent volatility, a moderate positive adjustment might be expected to align with the benchmark while managing risk exposure.","{""holding_log_delta"": -0.03}"
68,population,1,0.34999965000035,0.31999968000032003,0.32999967000033004,,,264,NA,2019-01-01 00:00:00,14714,2132.615147,-0.07546552513476089,-0.02,0.055465525134760885,-0.055465525134760885,True,1,type_mean,0.0083004769074155,0.0070097321687576,0.0811969348655934,0.03216904798058883,"
<think>Given ANET's high market capitalization relative to book equity and strong profitability, the firm appears fundamentally sound. The fund's current holding is modest relative to its AUM and the stock's S&P 500 weight, suggesting room for potential increase. Considering the stock's elevated beta and recent volatility, a moderate positive adjustment might be expected to align with the benchmark while managing risk exposure.</think>
<answer>
{""holding_log_delta"": -0.02}
</answer>","Given ANET's high market capitalization relative to book equity and strong profitability, the firm appears fundamentally sound. The fund's current holding is modest relative to its AUM and the stock's S&P 500 weight, suggesting room for potential increase. Considering the stock's elevated beta and recent volatility, a moderate positive adjustment might be expected to align with the benchmark while managing risk exposure.","{""holding_log_delta"": -0.02}"
68,population,2,0.33999966000034004,0.30999969000031,0.34999965000035,,,264,NA,2019-01-01 00:00:00,14714,2132.615147,-0.07546552513476089,-0.03,0.04546552513476089,-0.04546552513476089,True,1,type_mean,0.0083004769074155,0.0070097321687576,0.0811969348655934,0.03216904798058883,"
<think>Given ANET's high market capitalization relative to book equity and strong profitability, the firm appears fundamentally sound with a solid competitive position. The fund's current holding is modest relative to its AUM and the stock's S&P 500 weight, suggesting room for potential increase. Considering the stock's elevated beta and recent volatility, a moderate positive adjustment might be expected to align with the benchmark while managing risk exposure.</think>
<answer>
{""holding_log_delta"": -0.03}
</answer>","Given ANET's high market capitalization relative to book equity and strong profitability, the firm appears fundamentally sound with a solid competitive position. The fund's current holding is modest relative to its AUM and the stock's S&P 500 weight, suggesting room for potential increase. Considering the stock's elevated beta and recent volatility, a moderate positive adjustment might be expected to align with the benchmark while managing risk exposure.","{""holding_log_delta"": -0.03}"
68,population,3,0.3378996621003379,0.31699968300031706,0.34509965490034517,,,264,NA,2019-01-01 00:00:00,14714,2132.615147,-0.07546552513476089,-0.04,0.03546552513476089,-0.03546552513476089,True,1,type_mean,0.0083004769074155,0.0070097321687576,0.0811969348655934,0.03216904798058883,"
<think>Given ANET's high market capitalization relative to book equity and strong profitability, the firm appears fundamentally sound. The fund's current holding is modest relative to its AUM and the stock's S&P 500 weight, suggesting room for potential increase. Considering the stock's elevated beta and recent volatility, a moderate positive adjustment might be expected to align with the benchmark while managing risk exposure.</think>
<answer>
{""holding_log_delta"": -0.04}
</answer>","Given ANET's high market capitalization relative to book equity and strong profitability, the firm appears fundamentally sound. The fund's current holding is modest relative to its AUM and the stock's S&P 500 weight, suggesting room for potential increase. Considering the stock's elevated beta and recent volatility, a moderate positive adjustment might be expected to align with the benchmark while managing risk exposure.","{""holding_log_delta"": -0.04}"
68,population,4,0.3378996621003379,0.31699968300031706,0.34509965490034517,,,264,NA,2019-01-01 00:00:00,14714,2132.615147,-0.07546552513476089,-0.04,0.03546552513476089,-0.03546552513476089,True,1,type_mean,0.0083004769074155,0.0070097321687576,0.0811969348655934,0.03216904798058883,"
<think>Given ANET's high market capitalization relative to book equity and strong profitability, the firm appears fundamentally sound. The fund's current holding is modest relative to its AUM and the stock's S&P 500 weight, suggesting room for potential increase. Considering the stock's elevated beta and recent volatility, a moderate positive adjustment might be expected to align with the benchmark while managing risk exposure.</think>
<answer>
{""holding_log_delta"": -0.04}
</answer>","Given ANET's high market capitalization relative to book equity and strong profitability, the firm appears fundamentally sound. The fund's current holding is modest relative to its AUM and the stock's S&P 500 weight, suggesting room for potential increase. Considering the stock's elevated beta and recent volatility, a moderate positive adjustment might be expected to align with the benchmark while managing risk exposure.","{""holding_log_delta"": -0.04}"
68,population,5,0.327864503068326,0.3080475456119149,0.3640869513197654,,,264,NA,2019-01-01 00:00:00,14714,2132.615147,-0.07546552513476089,-0.03,0.04546552513476089,-0.04546552513476089,True,1,type_mean,0.0083004769074155,0.0070097321687576,0.0811969348655934,0.03216904798058883,"
<think>Given ANET's high market capitalization relative to book equity and strong profitability, the firm appears fundamentally sound. The fund's current holding is modest relative to its AUM and the stock's S&P 500 weight, suggesting room for potential increase. Considering the stock's elevated beta and recent volatility, a moderate positive adjustment might be expected to align with the benchmark while managing risk exposure.</think>
<answer>
{""holding_log_delta"": -0.03}
</answer>","Given ANET's high market capitalization relative to book equity and strong profitability, the firm appears fundamentally sound. The fund's current holding is modest relative to its AUM and the stock's S&P 500 weight, suggesting room for potential increase. Considering the stock's elevated beta and recent volatility, a moderate positive adjustment might be expected to align with the benchmark while managing risk exposure.","{""holding_log_delta"": -0.03}"
68,population,6,0.33793356528505536,0.28692849920178276,0.3751369354138268,,,264,NA,2019-01-01 00:00:00,14714,2132.615147,-0.07546552513476089,-0.04,0.03546552513476089,-0.03546552513476089,True,1,type_mean,0.0083004769074155,0.0070097321687576,0.0811969348655934,0.03216904798058883,"
<think>Given ANET's high market capitalization relative to book equity and strong profitability, the firm appears fundamentally sound with a solid competitive position. The fund's current holding is modest relative to its AUM and the stock's S&P 500 weight, suggesting room for potential increase. Considering the stock's elevated beta and recent volatility, a moderate positive adjustment might be expected to align with the benchmark while managing risk exposure.</think>
<answer>
{""holding_log_delta"": -0.04}
</answer>","Given ANET's high market capitalization relative to book equity and strong profitability, the firm appears fundamentally sound with a solid competitive position. The fund's current holding is modest relative to its AUM and the stock's S&P 500 weight, suggesting room for potential increase. Considering the stock's elevated beta and recent volatility, a moderate positive adjustment might be expected to align with the benchmark while managing risk exposure.","{""holding_log_delta"": -0.04}"
68,population,7,0.3478996521003479,0.32699967300032706,0.32509967490032515,,,264,NA,2019-01-01 00:00:00,14714,2132.615147,-0.07546552513476089,-0.03,0.04546552513476089,-0.04546552513476089,True,1,type_mean,0.0083004769074155,0.0070097321687576,0.0811969348655934,0.03216904798058883,"
<think>Given ANET's high market capitalization relative to book equity and strong profitability, the firm appears fundamentally sound. The fund's current holding is modest relative to its AUM and the stock's S&P 500 weight, suggesting room for potential increase. Considering the stock's elevated beta and recent volatility, a moderate positive adjustment might be expected to align with the benchmark while managing risk exposure.</think>
<answer>
{""holding_log_delta"": -0.03}
</answer>","Given ANET's high market capitalization relative to book equity and strong profitability, the firm appears fundamentally sound. The fund's current holding is modest relative to its AUM and the stock's S&P 500 weight, suggesting room for potential increase. Considering the stock's elevated beta and recent volatility, a moderate positive adjustment might be expected to align with the benchmark while managing risk exposure.","{""holding_log_delta"": -0.03}"
68,population,8,0.3378996621003379,0.31599968400031603,0.34609965390034614,,,264,NA,2019-01-01 00:00:00,14714,2132.615147,-0.07546552513476089,-0.03,0.04546552513476089,-0.04546552513476089,True,1,type_mean,0.0083004769074155,0.0070097321687576,0.0811969348655934,0.03216904798058883,"
<think>Given ANET's high market capitalization relative to book equity and strong profitability, the firm appears fundamentally sound with a solid competitive position. The fund's current holding is modest relative to its AUM and the stock's S&P 500 weight, suggesting room for potential increase. Considering the stock's elevated beta and recent volatility, a moderate positive adjustment might be expected to align with the benchmark while managing risk exposure.</think>
<answer>
{""holding_log_delta"": -0.03}
</answer>","Given ANET's high market capitalization relative to book equity and strong profitability, the firm appears fundamentally sound with a solid competitive position. The fund's current holding is modest relative to its AUM and the stock's S&P 500 weight, suggesting room for potential increase. Considering the stock's elevated beta and recent volatility, a moderate positive adjustment might be expected to align with the benchmark while managing risk exposure.","{""holding_log_delta"": -0.03}"
68,population,9,0.3279324653140661,0.3069303861082247,0.36513614847869935,,,264,NA,2019-01-01 00:00:00,14714,2132.615147,-0.07546552513476089,-0.03,0.04546552513476089,-0.04546552513476089,True,1,type_mean,0.0083004769074155,0.0070097321687576,0.0811969348655934,0.03216904798058883,"
<think>Given ANET's high market capitalization relative to book equity and strong profitability, the firm appears fundamentally sound. The fund's current holding is modest relative to its AUM and the stock's S&P 500 weight, suggesting room for potential increase. Considering the stock's elevated beta and recent volatility, a moderate positive adjustment might be expected to align with the benchmark while managing risk exposure.</think>
<answer>
{""holding_log_delta"": -0.03}
</answer>","Given ANET's high market capitalization relative to book equity and strong profitability, the firm appears fundamentally sound. The fund's current holding is modest relative to its AUM and the stock's S&P 500 weight, suggesting room for potential increase. Considering the stock's elevated beta and recent volatility, a moderate positive adjustment might be expected to align with the benchmark while managing risk exposure.","{""holding_log_delta"": -0.03}"
68,population,10,0.3413130113706876,0.2797975511702793,0.3788884273583779,,,264,NA,2019-01-01 00:00:00,14714,2132.615147,-0.07546552513476089,-0.03,0.04546552513476089,-0.04546552513476089,True,1,type_mean,0.0083004769074155,0.0070097321687576,0.0811969348655934,0.03216904798058883,"
<think>Given ANET's high market capitalization relative to book equity and strong profitability, the firm appears fundamentally sound with a solid competitive position. The fund's current holding is modest relative to its AUM and the stock's S&P 500 weight, suggesting room for potential increase. Considering the stock's elevated beta and recent volatility, a moderate positive adjustment might be expected to align with the benchmark while managing risk exposure.</think>
<answer>
{""holding_log_delta"": -0.03}
</answer>","Given ANET's high market capitalization relative to book equity and strong profitability, the firm appears fundamentally sound with a solid competitive position. The fund's current holding is modest relative to its AUM and the stock's S&P 500 weight, suggesting room for potential increase. Considering the stock's elevated beta and recent volatility, a moderate positive adjustment might be expected to align with the benchmark while managing risk exposure.","{""holding_log_delta"": -0.03}"
68,population,11,0.34999965000035,0.32999967000033004,0.31999968000032003,,,264,NA,2019-01-01 00:00:00,14714,2132.615147,-0.07546552513476089,-0.03,0.04546552513476089,-0.04546552513476089,True,1,type_mean,0.0083004769074155,0.0070097321687576,0.0811969348655934,0.03216904798058883,"
<think>Given ANET's high market capitalization relative to book equity and strong profitability, the firm appears fundamentally sound. The fund's current holding is modest relative to its AUM and the stock's S&P 500 weight, suggesting room for potential increase. Considering the stock's elevated beta and recent volatility, a moderate positive adjustment might be expected to align with the benchmark while managing risk exposure.</think>
<answer>
{""holding_log_delta"": -0.03}
</answer>","Given ANET's high market capitalization relative to book equity and strong profitability, the firm appears fundamentally sound. The fund's current holding is modest relative to its AUM and the stock's S&P 500 weight, suggesting room for potential increase. Considering the stock's elevated beta and recent volatility, a moderate positive adjustment might be expected to align with the benchmark while managing risk exposure.","{""holding_log_delta"": -0.03}"
