generation,stage,candidate_idx,risk_aversion,herd_behavior,profit_driven,ticker,company,id,quarter,date,permno,holding_t,y_true,pred,abs_error,reward,valid,best_k,profile_strength_mode,x_risk_mean,x_herd_mean,x_profit_mean,overall_mean,raw_output,reason,answer_body
74,population,0,0.5488423822113381,0.22273464290261522,0.22842196478503657,UPS,UNITED PARCEL SERVICE INC,506,NA,2017-10-01 00:00:00,87447,24704.364481,-0.13406500500723142,-0.04,0.09406500500723142,-0.09406500500723142,True,1,type_mean,0.0082565895035254,0.0069532062192367,0.2194993243101532,0.0782363733443051,"
<think>Given UPS's current fundamentals, the firm shows solid profitability (profit=1.077) and a low beta (0.873), suggesting lower systematic risk than the market. The fund's current holding is substantial relative to its AUM and the stock's S&P 500 weight, indicating a significant active position. With moderate growth (Gat=0.035) and low volatility (stock_vol_q_prev=0.133), the stock presents a stable, defensive profile that aligns with a low-risk investor's preferences. Considering the fund's large existing exposure and the stock's low beta, a modest adjustment to align with the benchmark weight or manage concentration risk is likely, but the positive fundamentals support maintaining or slightly increasing the position.</think>
<answer>
{""holding_log_delta"": -0.04}
</answer>","Given UPS's current fundamentals, the firm shows solid profitability (profit=1.077) and a low beta (0.873), suggesting lower systematic risk than the market. The fund's current holding is substantial relative to its AUM and the stock's S&P 500 weight, indicating a significant active position. With moderate growth (Gat=0.035) and low volatility (stock_vol_q_prev=0.133), the stock presents a stable, defensive profile that aligns with a low-risk investor's preferences. Considering the fund's large existing exposure and the stock's low beta, a modest adjustment to align with the benchmark weight or manage concentration risk is likely, but the positive fundamentals support maintaining or slightly increasing the position.","{""holding_log_delta"": -0.04}"
74,population,1,0.5429994570000001,0.22999976000001,0.22699978299999002,UPS,UNITED PARCEL SERVICE INC,506,NA,2017-10-01 00:00:00,87447,24704.364481,-0.13406500500723142,-0.04,0.09406500500723142,-0.09406500500723142,True,1,type_mean,0.0082565895035254,0.0069532062192367,0.2194993243101532,0.0782363733443051,"
<think>Given UPS's current fundamentals, the firm shows solid profitability (profit=1.077) and a low beta (0.873), suggesting lower systematic risk than the market. The fund's current holding is substantial relative to its AUM and the stock's S&P 500 weight, indicating a significant active position. With moderate growth (Gat=0.035) and low volatility (stock_vol_q_prev=0.133), the stock presents a stable, defensive profile that aligns with a low-risk investor's preferences. Considering the fund's large existing exposure and the stock's low beta, a modest adjustment to align with the benchmark weight or manage concentration risk is likely, but the positive fundamentals support maintaining or slightly increasing the position.</think>
<answer>
{""holding_log_delta"": -0.04}
</answer>","Given UPS's current fundamentals, the firm shows solid profitability (profit=1.077) and a low beta (0.873), suggesting lower systematic risk than the market. The fund's current holding is substantial relative to its AUM and the stock's S&P 500 weight, indicating a significant active position. With moderate growth (Gat=0.035) and low volatility (stock_vol_q_prev=0.133), the stock presents a stable, defensive profile that aligns with a low-risk investor's preferences. Considering the fund's large existing exposure and the stock's low beta, a modest adjustment to align with the benchmark weight or manage concentration risk is likely, but the positive fundamentals support maintaining or slightly increasing the position.","{""holding_log_delta"": -0.04}"
74,population,2,0.537999462000538,0.24999975000025002,0.21199978800021202,UPS,UNITED PARCEL SERVICE INC,506,NA,2017-10-01 00:00:00,87447,24704.364481,-0.13406500500723142,-0.05,0.08406500500723142,-0.08406500500723142,True,1,type_mean,0.0082565895035254,0.0069532062192367,0.2194993243101532,0.0782363733443051,"
<think>Given UPS's current fundamentals, the firm shows solid profitability (profit=1.077) and a low beta (0.873), suggesting lower systematic risk than the market. The fund's current holding is substantial relative to its AUM and the stock's S&P 500 weight, indicating a significant active position. With moderate growth (Gat=0.035) and low volatility (stock_vol_q_prev=0.133), the stock presents a stable, defensive profile that aligns with a low-risk investor's preferences. Considering the fund's large existing exposure and the stock's low beta, a modest adjustment to align with the benchmark or manage concentration is likely, but the positive fundamentals support maintaining or slightly increasing the position.</think>
<answer>
{""holding_log_delta"": -0.05}
</answer>","Given UPS's current fundamentals, the firm shows solid profitability (profit=1.077) and a low beta (0.873), suggesting lower systematic risk than the market. The fund's current holding is substantial relative to its AUM and the stock's S&P 500 weight, indicating a significant active position. With moderate growth (Gat=0.035) and low volatility (stock_vol_q_prev=0.133), the stock presents a stable, defensive profile that aligns with a low-risk investor's preferences. Considering the fund's large existing exposure and the stock's low beta, a modest adjustment to align with the benchmark or manage concentration is likely, but the positive fundamentals support maintaining or slightly increasing the position.","{""holding_log_delta"": -0.05}"
74,population,3,0.5429994570005431,0.23999976000024,0.21699978300021702,UPS,UNITED PARCEL SERVICE INC,506,NA,2017-10-01 00:00:00,87447,24704.364481,-0.13406500500723142,-0.05,0.08406500500723142,-0.08406500500723142,True,1,type_mean,0.0082565895035254,0.0069532062192367,0.2194993243101532,0.0782363733443051,"
<think>Given UPS's current fundamentals, the firm shows solid profitability (profit=1.077) and a low beta (0.873), suggesting lower systematic risk than the market. The fund's current holding is substantial relative to its AUM and the stock's S&P 500 weight, indicating a significant active position. With moderate growth (Gat=0.035) and low volatility (stock_vol_q_prev=0.133), the stock presents a stable, defensive profile that aligns with a low-risk investor's preferences. Considering the fund's large existing exposure and the stock's low beta, a modest adjustment to align with the benchmark weight or manage concentration risk is likely, but the positive fundamentals support maintaining or slightly increasing the position.</think>
<answer>
{""holding_log_delta"": -0.05}
</answer>","Given UPS's current fundamentals, the firm shows solid profitability (profit=1.077) and a low beta (0.873), suggesting lower systematic risk than the market. The fund's current holding is substantial relative to its AUM and the stock's S&P 500 weight, indicating a significant active position. With moderate growth (Gat=0.035) and low volatility (stock_vol_q_prev=0.133), the stock presents a stable, defensive profile that aligns with a low-risk investor's preferences. Considering the fund's large existing exposure and the stock's low beta, a modest adjustment to align with the benchmark weight or manage concentration risk is likely, but the positive fundamentals support maintaining or slightly increasing the position.","{""holding_log_delta"": -0.05}"
74,population,4,0.47999952000048,0.26999973000027006,0.24999975000025002,UPS,UNITED PARCEL SERVICE INC,506,NA,2017-10-01 00:00:00,87447,24704.364481,-0.13406500500723142,-0.04,0.09406500500723142,-0.09406500500723142,True,1,type_mean,0.0082565895035254,0.0069532062192367,0.2194993243101532,0.0782363733443051,"
<think>Given UPS's current fundamentals, the firm shows solid profitability (profit=1.077) and a low beta (0.873), suggesting lower systematic risk than the market. The fund's current holding is substantial relative to its AUM and the stock's S&P 500 weight, indicating a significant active position. With moderate growth (Gat=0.035) and low volatility (stock_vol_q_prev=0.133), the stock presents a stable, defensive profile that aligns with a low-risk investor's preferences. Considering the fund's large existing exposure and the stock's low beta, a modest adjustment to align with the benchmark weight or manage concentration risk is likely, but the positive fundamentals support maintaining or slightly increasing the position.</think>
<answer>
{""holding_log_delta"": -0.04}
</answer>","Given UPS's current fundamentals, the firm shows solid profitability (profit=1.077) and a low beta (0.873), suggesting lower systematic risk than the market. The fund's current holding is substantial relative to its AUM and the stock's S&P 500 weight, indicating a significant active position. With moderate growth (Gat=0.035) and low volatility (stock_vol_q_prev=0.133), the stock presents a stable, defensive profile that aligns with a low-risk investor's preferences. Considering the fund's large existing exposure and the stock's low beta, a modest adjustment to align with the benchmark weight or manage concentration risk is likely, but the positive fundamentals support maintaining or slightly increasing the position.","{""holding_log_delta"": -0.04}"
74,population,5,0.47999952000048,0.26999973000027006,0.24999975000025002,UPS,UNITED PARCEL SERVICE INC,506,NA,2017-10-01 00:00:00,87447,24704.364481,-0.13406500500723142,-0.04,0.09406500500723142,-0.09406500500723142,True,1,type_mean,0.0082565895035254,0.0069532062192367,0.2194993243101532,0.0782363733443051,"
<think>Given UPS's current fundamentals, the firm shows solid profitability (profit=1.077) and a low beta (0.873), suggesting lower systematic risk than the market. The fund's current holding is substantial relative to its AUM and the stock's S&P 500 weight, indicating a significant active position. With moderate growth (Gat=0.035) and low volatility (stock_vol_q_prev=0.133), the stock presents a stable, defensive profile that aligns with a low-risk investor's preferences. Considering the fund's large existing exposure and the stock's low beta, a modest adjustment to align with the benchmark weight or manage concentration risk is likely, but the positive fundamentals support maintaining or slightly increasing the position.</think>
<answer>
{""holding_log_delta"": -0.04}
</answer>","Given UPS's current fundamentals, the firm shows solid profitability (profit=1.077) and a low beta (0.873), suggesting lower systematic risk than the market. The fund's current holding is substantial relative to its AUM and the stock's S&P 500 weight, indicating a significant active position. With moderate growth (Gat=0.035) and low volatility (stock_vol_q_prev=0.133), the stock presents a stable, defensive profile that aligns with a low-risk investor's preferences. Considering the fund's large existing exposure and the stock's low beta, a modest adjustment to align with the benchmark weight or manage concentration risk is likely, but the positive fundamentals support maintaining or slightly increasing the position.","{""holding_log_delta"": -0.04}"
74,population,6,0.48999951000049,0.26999973000027006,0.23999976000024,UPS,UNITED PARCEL SERVICE INC,506,NA,2017-10-01 00:00:00,87447,24704.364481,-0.13406500500723142,-0.02,0.11406500500723142,-0.11406500500723142,True,1,type_mean,0.0082565895035254,0.0069532062192367,0.2194993243101532,0.0782363733443051,"
<think>Given UPS's current fundamentals, the firm shows solid profitability (profit=1.077) and a low beta (0.873), suggesting lower systematic risk than the market. The fund's current holding is substantial relative to its AUM and the stock's S&P 500 weight, indicating a significant active position. With moderate growth (Gat=0.035) and low volatility (stock_vol_q_prev=0.133), the stock presents a stable, defensive profile that aligns with a low-risk investor's preferences. Therefore, the expected normalized log change in holding is likely to be small, possibly a slight increase to maintain or slightly adjust the overweight position relative to the benchmark.</think>
<answer>
{""holding_log_delta"": -0.02}
</answer>","Given UPS's current fundamentals, the firm shows solid profitability (profit=1.077) and a low beta (0.873), suggesting lower systematic risk than the market. The fund's current holding is substantial relative to its AUM and the stock's S&P 500 weight, indicating a significant active position. With moderate growth (Gat=0.035) and low volatility (stock_vol_q_prev=0.133), the stock presents a stable, defensive profile that aligns with a low-risk investor's preferences. Therefore, the expected normalized log change in holding is likely to be small, possibly a slight increase to maintain or slightly adjust the overweight position relative to the benchmark.","{""holding_log_delta"": -0.02}"
74,population,7,0.5379994570000051,0.244999759999995,0.216999783,UPS,UNITED PARCEL SERVICE INC,506,NA,2017-10-01 00:00:00,87447,24704.364481,-0.13406500500723142,-0.02,0.11406500500723142,-0.11406500500723142,True,1,type_mean,0.0082565895035254,0.0069532062192367,0.2194993243101532,0.0782363733443051,"
<think>Given UPS's current fundamentals, the firm shows solid profitability (profit=1.077) and a low beta (0.873), suggesting lower systematic risk than the market. The fund's current holding is substantial relative to its AUM and the stock's S&P 500 weight, indicating a significant active position. With moderate growth (Gat=0.035) and low volatility (stock_vol_q_prev=0.133), the stock presents a stable, defensive profile that aligns with a low-risk investor's preferences. Therefore, the expected normalized log change in holding is likely to be small, possibly a slight increase to maintain or slightly adjust the overweight position relative to the benchmark.</think>
<answer>
{""holding_log_delta"": -0.02}
</answer>","Given UPS's current fundamentals, the firm shows solid profitability (profit=1.077) and a low beta (0.873), suggesting lower systematic risk than the market. The fund's current holding is substantial relative to its AUM and the stock's S&P 500 weight, indicating a significant active position. With moderate growth (Gat=0.035) and low volatility (stock_vol_q_prev=0.133), the stock presents a stable, defensive profile that aligns with a low-risk investor's preferences. Therefore, the expected normalized log change in holding is likely to be small, possibly a slight increase to maintain or slightly adjust the overweight position relative to the benchmark.","{""holding_log_delta"": -0.02}"
74,population,8,0.51799946200002,0.25999974999999,0.22199978799999,UPS,UNITED PARCEL SERVICE INC,506,NA,2017-10-01 00:00:00,87447,24704.364481,-0.13406500500723142,-0.02,0.11406500500723142,-0.11406500500723142,True,1,type_mean,0.0082565895035254,0.0069532062192367,0.2194993243101532,0.0782363733443051,"
<think>Given UPS's current fundamentals, the firm shows solid profitability (profit=1.077) and a low beta (0.873), suggesting lower systematic risk than the market. The fund's current holding is substantial relative to its AUM and the stock's S&P 500 weight, indicating a significant active position. With moderate growth (Gat=0.035) and low volatility (stock_vol_q_prev=0.133), the stock presents a stable, defensive profile that aligns with a low-risk investor's preferences. Therefore, the expected normalized log change in holding is likely to be small, possibly a slight increase to maintain or slightly adjust the overweight position relative to the benchmark.</think>
<answer>
{""holding_log_delta"": -0.02}
</answer>","Given UPS's current fundamentals, the firm shows solid profitability (profit=1.077) and a low beta (0.873), suggesting lower systematic risk than the market. The fund's current holding is substantial relative to its AUM and the stock's S&P 500 weight, indicating a significant active position. With moderate growth (Gat=0.035) and low volatility (stock_vol_q_prev=0.133), the stock presents a stable, defensive profile that aligns with a low-risk investor's preferences. Therefore, the expected normalized log change in holding is likely to be small, possibly a slight increase to maintain or slightly adjust the overweight position relative to the benchmark.","{""holding_log_delta"": -0.02}"
74,population,9,0.5329989240010861,0.21999954000048,0.247000535999434,UPS,UNITED PARCEL SERVICE INC,506,NA,2017-10-01 00:00:00,87447,24704.364481,-0.13406500500723142,-0.02,0.11406500500723142,-0.11406500500723142,True,1,type_mean,0.0082565895035254,0.0069532062192367,0.2194993243101532,0.0782363733443051,"
<think>Given UPS's current fundamentals, the firm shows solid profitability (profit=1.077) and a low beta (0.873), suggesting lower systematic risk than the market. The fund's current holding is substantial relative to its AUM and the stock's S&P 500 weight, indicating a significant active position. With moderate growth (Gat=0.035) and low volatility (stock_vol_q_prev=0.133), the stock presents a stable, defensive profile that aligns with a low-risk investor's preferences. Therefore, the expected normalized log change in holding is likely to be small, possibly a slight increase to maintain or slightly adjust the overweight position relative to the benchmark.</think>
<answer>
{""holding_log_delta"": -0.02}
</answer>","Given UPS's current fundamentals, the firm shows solid profitability (profit=1.077) and a low beta (0.873), suggesting lower systematic risk than the market. The fund's current holding is substantial relative to its AUM and the stock's S&P 500 weight, indicating a significant active position. With moderate growth (Gat=0.035) and low volatility (stock_vol_q_prev=0.133), the stock presents a stable, defensive profile that aligns with a low-risk investor's preferences. Therefore, the expected normalized log change in holding is likely to be small, possibly a slight increase to maintain or slightly adjust the overweight position relative to the benchmark.","{""holding_log_delta"": -0.02}"
74,population,10,0.49799946200003997,0.27999974999997,0.22199978799999,UPS,UNITED PARCEL SERVICE INC,506,NA,2017-10-01 00:00:00,87447,24704.364481,-0.13406500500723142,-0.05,0.08406500500723142,-0.08406500500723142,True,1,type_mean,0.0082565895035254,0.0069532062192367,0.2194993243101532,0.0782363733443051,"
<think>Given UPS's current fundamentals, the firm shows solid profitability (profit=1.077) and a low beta (0.873), suggesting lower systematic risk than the market. The fund's current holding is substantial relative to its AUM and the stock's S&P 500 weight, indicating a significant active position. With moderate growth (Gat=0.035) and low volatility (stock_vol_q_prev=0.133), the stock presents a stable, defensive profile that aligns with a low-risk investor's preferences. Considering the fund's large existing exposure and the stock's low beta, a modest adjustment to align with the benchmark or manage concentration is likely, but the positive fundamentals support maintaining or slightly increasing the position.</think>
<answer>
{""holding_log_delta"": -0.05}
</answer>","Given UPS's current fundamentals, the firm shows solid profitability (profit=1.077) and a low beta (0.873), suggesting lower systematic risk than the market. The fund's current holding is substantial relative to its AUM and the stock's S&P 500 weight, indicating a significant active position. With moderate growth (Gat=0.035) and low volatility (stock_vol_q_prev=0.133), the stock presents a stable, defensive profile that aligns with a low-risk investor's preferences. Considering the fund's large existing exposure and the stock's low beta, a modest adjustment to align with the benchmark or manage concentration is likely, but the positive fundamentals support maintaining or slightly increasing the position.","{""holding_log_delta"": -0.05}"
74,population,11,0.50799946200003,0.26999974999998,0.22199978799999,UPS,UNITED PARCEL SERVICE INC,506,NA,2017-10-01 00:00:00,87447,24704.364481,-0.13406500500723142,-0.02,0.11406500500723142,-0.11406500500723142,True,1,type_mean,0.0082565895035254,0.0069532062192367,0.2194993243101532,0.0782363733443051,"
<think>Given UPS's current fundamentals, the firm shows solid profitability (profit=1.077) and a low beta (0.873), suggesting lower systematic risk than the market. The fund's current holding is substantial relative to its AUM and the stock's S&P 500 weight, indicating a significant active position. With moderate growth (Gat=0.035) and low volatility (stock_vol_q_prev=0.133), the stock presents a stable, defensive profile that aligns with a low-risk investor's preferences. Therefore, the expected normalized log change in holding is likely to be small, possibly a slight increase to maintain or slightly adjust the overweight position relative to the benchmark.</think>
<answer>
{""holding_log_delta"": -0.02}
</answer>","Given UPS's current fundamentals, the firm shows solid profitability (profit=1.077) and a low beta (0.873), suggesting lower systematic risk than the market. The fund's current holding is substantial relative to its AUM and the stock's S&P 500 weight, indicating a significant active position. With moderate growth (Gat=0.035) and low volatility (stock_vol_q_prev=0.133), the stock presents a stable, defensive profile that aligns with a low-risk investor's preferences. Therefore, the expected normalized log change in holding is likely to be small, possibly a slight increase to maintain or slightly adjust the overweight position relative to the benchmark.","{""holding_log_delta"": -0.02}"
