generation,stage,candidate_idx,risk_aversion,herd_behavior,profit_driven,ticker,company,id,quarter,date,permno,holding_t,y_true,pred,abs_error,reward,valid,best_k,profile_strength_mode,x_risk_mean,x_herd_mean,x_profit_mean,overall_mean,raw_output,reason,answer_body
83,population,0,0.5088423873511602,0.2227346451524601,0.26842196749636954,EBAY,EBAY INC,842,NA,2017-04-01 00:00:00,86356,19094.16501,0.03881943480412993,-0.02,0.05881943480412993,-0.05881943480412993,True,1,type_mean,0.0082565895035254,0.0069532062192367,0.2194993243101532,0.0782363733443051,"
<think>Given the firm's moderate profitability (profit=0.232) and growth (Gat=0.293), alongside a beta above 1 indicating higher systematic risk than the market, the stock presents mixed signals. The fund's current holding is relatively small compared to its AUM, and the stock's low S&P 500 weight suggests limited benchmark-driven demand. Considering the high beta and the fund's low turnover constraint, a modest increase in holding might be expected to align with the firm's growth profile, but the elevated risk could temper the magnitude.</think>
<answer>
{""holding_log_delta"": -0.02}
</answer>","Given the firm's moderate profitability (profit=0.232) and growth (Gat=0.293), alongside a beta above 1 indicating higher systematic risk than the market, the stock presents mixed signals. The fund's current holding is relatively small compared to its AUM, and the stock's low S&P 500 weight suggests limited benchmark-driven demand. Considering the high beta and the fund's low turnover constraint, a modest increase in holding might be expected to align with the firm's growth profile, but the elevated risk could temper the magnitude.","{""holding_log_delta"": -0.02}"
83,population,1,0.5488423822113381,0.22273464290261522,0.22842196478503657,EBAY,EBAY INC,842,NA,2017-04-01 00:00:00,86356,19094.16501,0.03881943480412993,-0.02,0.05881943480412993,-0.05881943480412993,True,1,type_mean,0.0082565895035254,0.0069532062192367,0.2194993243101532,0.0782363733443051,"
<think>Given the firm's moderate profitability (profit=0.232) and high beta (1.334), the stock presents some growth potential but also elevated systematic risk. The fund's current holding is relatively small compared to its AUM and the stock's S&P 500 weight, suggesting room for modest increase to align closer with benchmark exposure. However, the high stock volatility (0.186) and the fund's existing position size may limit aggressive increases, leading to a slight positive but limited normalized log change.</think>
<answer>
{""holding_log_delta"": -0.02}
</answer>","Given the firm's moderate profitability (profit=0.232) and high beta (1.334), the stock presents some growth potential but also elevated systematic risk. The fund's current holding is relatively small compared to its AUM and the stock's S&P 500 weight, suggesting room for modest increase to align closer with benchmark exposure. However, the high stock volatility (0.186) and the fund's existing position size may limit aggressive increases, leading to a slight positive but limited normalized log change.","{""holding_log_delta"": -0.02}"
83,population,2,0.49699950300049706,0.27899972100027903,0.22399977600022403,EBAY,EBAY INC,842,NA,2017-04-01 00:00:00,86356,19094.16501,0.03881943480412993,-0.02,0.05881943480412993,-0.05881943480412993,True,1,type_mean,0.0082565895035254,0.0069532062192367,0.2194993243101532,0.0782363733443051,"
<think>Given the firm's moderate profitability (profit=0.23) and high beta (1.33), the stock presents some growth potential but also elevated systematic risk. The fund's current holding is relatively small compared to its AUM, and the stock's low S&P 500 weight suggests limited benchmark-driven pressure. Considering the high beta and the fund's low turnover constraint, a modest increase in holding might be expected to align with the stock's market importance, though the elevated risk may temper the magnitude.</think>
<answer>
{""holding_log_delta"": -0.02}
</answer>","Given the firm's moderate profitability (profit=0.23) and high beta (1.33), the stock presents some growth potential but also elevated systematic risk. The fund's current holding is relatively small compared to its AUM, and the stock's low S&P 500 weight suggests limited benchmark-driven pressure. Considering the high beta and the fund's low turnover constraint, a modest increase in holding might be expected to align with the stock's market importance, though the elevated risk may temper the magnitude.","{""holding_log_delta"": -0.02}"
83,population,3,0.5119994880005121,0.24999975000025002,0.237999762000238,EBAY,EBAY INC,842,NA,2017-04-01 00:00:00,86356,19094.16501,0.03881943480412993,-0.04,0.07881943480412992,-0.07881943480412992,True,1,type_mean,0.0082565895035254,0.0069532062192367,0.2194993243101532,0.0782363733443051,"
<think>Given the firm's moderate profitability (profit=0.23) and high beta (1.33) indicating above-market risk, combined with the fund's substantial AUM and the stock's small S&P 500 weight, a modest adjustment is expected. The current holding is relatively large compared to the stock's recent volatility (0.186) and trading volume (15.95), suggesting potential for a slight reduction to manage concentration and align closer to the benchmark weight.</think>
<answer>
{""holding_log_delta"": -0.04}
</answer>","Given the firm's moderate profitability (profit=0.23) and high beta (1.33) indicating above-market risk, combined with the fund's substantial AUM and the stock's small S&P 500 weight, a modest adjustment is expected. The current holding is relatively large compared to the stock's recent volatility (0.186) and trading volume (15.95), suggesting potential for a slight reduction to manage concentration and align closer to the benchmark weight.","{""holding_log_delta"": -0.04}"
83,population,4,0.501999498000502,0.26999973000027006,0.22799977200022803,EBAY,EBAY INC,842,NA,2017-04-01 00:00:00,86356,19094.16501,0.03881943480412993,-0.04,0.07881943480412992,-0.07881943480412992,True,1,type_mean,0.0082565895035254,0.0069532062192367,0.2194993243101532,0.0782363733443051,"
<think>Given the firm's moderate profitability (profit=0.23) and high beta (1.33), the stock presents some growth potential but also elevated systematic risk. The fund's current holding is relatively small compared to its AUM, and the stock's low S&P 500 weight suggests limited benchmark-driven pressure. Considering the high beta and the fund's low turnover constraint, a modest increase in holding might be expected to align with the stock's market importance, though the elevated risk may temper the magnitude.</think>
<answer>
{""holding_log_delta"": -0.04}
</answer>","Given the firm's moderate profitability (profit=0.23) and high beta (1.33), the stock presents some growth potential but also elevated systematic risk. The fund's current holding is relatively small compared to its AUM, and the stock's low S&P 500 weight suggests limited benchmark-driven pressure. Considering the high beta and the fund's low turnover constraint, a modest increase in holding might be expected to align with the stock's market importance, though the elevated risk may temper the magnitude.","{""holding_log_delta"": -0.04}"
83,population,5,0.4988423872501501,0.23273464525347023,0.26842196749636954,EBAY,EBAY INC,842,NA,2017-04-01 00:00:00,86356,19094.16501,0.03881943480412993,-0.04,0.07881943480412992,-0.07881943480412992,True,1,type_mean,0.0082565895035254,0.0069532062192367,0.2194993243101532,0.0782363733443051,"
<think>Given the firm's moderate profitability (profit=0.232) and high beta (1.334), the stock presents some growth potential but also elevated systematic risk. The fund's current holding is relatively small compared to its AUM and the stock's S&P 500 weight, suggesting room for modest increase to align closer with benchmark exposure. However, the high stock volatility (0.186) and the fund's existing position size may limit aggressive increases due to risk management constraints.</think>
<answer>
{""holding_log_delta"": -0.04}
</answer>","Given the firm's moderate profitability (profit=0.232) and high beta (1.334), the stock presents some growth potential but also elevated systematic risk. The fund's current holding is relatively small compared to its AUM and the stock's S&P 500 weight, suggesting room for modest increase to align closer with benchmark exposure. However, the high stock volatility (0.186) and the fund's existing position size may limit aggressive increases due to risk management constraints.","{""holding_log_delta"": -0.04}"
83,population,6,0.4988423872501501,0.23273464525347023,0.26842196749636954,EBAY,EBAY INC,842,NA,2017-04-01 00:00:00,86356,19094.16501,0.03881943480412993,-0.04,0.07881943480412992,-0.07881943480412992,True,1,type_mean,0.0082565895035254,0.0069532062192367,0.2194993243101532,0.0782363733443051,"
<think>Given the firm's moderate profitability (profit=0.232) and high beta (1.334), the stock presents some growth potential but also elevated systematic risk. The fund's current holding is relatively small compared to its AUM and the stock's S&P 500 weight, suggesting room for modest increase to align closer with benchmark exposure. However, the high stock volatility (0.186) and the fund's existing position size may limit aggressive increases due to risk management constraints.</think>
<answer>
{""holding_log_delta"": -0.04}
</answer>","Given the firm's moderate profitability (profit=0.232) and high beta (1.334), the stock presents some growth potential but also elevated systematic risk. The fund's current holding is relatively small compared to its AUM and the stock's S&P 500 weight, suggesting room for modest increase to align closer with benchmark exposure. However, the high stock volatility (0.186) and the fund's existing position size may limit aggressive increases due to risk management constraints.","{""holding_log_delta"": -0.04}"
83,population,7,0.5429994570000001,0.22999976000001,0.22699978299999002,EBAY,EBAY INC,842,NA,2017-04-01 00:00:00,86356,19094.16501,0.03881943480412993,-0.04,0.07881943480412992,-0.07881943480412992,True,1,type_mean,0.0082565895035254,0.0069532062192367,0.2194993243101532,0.0782363733443051,"
<think>Given the firm's moderate profitability (profit=0.232) and high beta (1.334), the stock presents some growth potential but also elevated systematic risk. The fund's current holding is relatively small compared to its AUM and the stock's S&P 500 weight, suggesting room for modest increase to align closer with benchmark exposure. However, the high stock volatility (0.186) and the fund's existing position size may limit aggressive increases, leading to a slight positive but limited normalized log change.</think>
<answer>
{""holding_log_delta"": -0.04}
</answer>","Given the firm's moderate profitability (profit=0.232) and high beta (1.334), the stock presents some growth potential but also elevated systematic risk. The fund's current holding is relatively small compared to its AUM and the stock's S&P 500 weight, suggesting room for modest increase to align closer with benchmark exposure. However, the high stock volatility (0.186) and the fund's existing position size may limit aggressive increases, leading to a slight positive but limited normalized log change.","{""holding_log_delta"": -0.04}"
83,population,8,0.47999952000048,0.26999973000027006,0.24999975000025002,EBAY,EBAY INC,842,NA,2017-04-01 00:00:00,86356,19094.16501,0.03881943480412993,-0.04,0.07881943480412992,-0.07881943480412992,True,1,type_mean,0.0082565895035254,0.0069532062192367,0.2194993243101532,0.0782363733443051,"
<think>Given the firm's moderate profitability (profit=0.23) and high beta (1.33) indicating above-market risk, combined with the fund's substantial AUM and the stock's small S&P 500 weight, a modest adjustment is expected. The current holding is relatively large compared to the stock's recent volatility (0.186) and trading volume (15.95), suggesting potential for a slight reduction to manage concentration and align closer to the benchmark weight.</think>
<answer>
{""holding_log_delta"": -0.04}
</answer>","Given the firm's moderate profitability (profit=0.23) and high beta (1.33) indicating above-market risk, combined with the fund's substantial AUM and the stock's small S&P 500 weight, a modest adjustment is expected. The current holding is relatively large compared to the stock's recent volatility (0.186) and trading volume (15.95), suggesting potential for a slight reduction to manage concentration and align closer to the benchmark weight.","{""holding_log_delta"": -0.04}"
83,population,9,0.47999952000048,0.26999973000027006,0.24999975000025002,EBAY,EBAY INC,842,NA,2017-04-01 00:00:00,86356,19094.16501,0.03881943480412993,-0.04,0.07881943480412992,-0.07881943480412992,True,1,type_mean,0.0082565895035254,0.0069532062192367,0.2194993243101532,0.0782363733443051,"
<think>Given the firm's moderate profitability (profit=0.23) and high beta (1.33) indicating above-market risk, combined with the fund's substantial AUM and the stock's small S&P 500 weight, a modest adjustment is expected. The current holding is relatively large compared to the stock's recent volatility (0.186) and trading volume (15.95), suggesting potential for a slight reduction to manage concentration and align closer to the benchmark weight.</think>
<answer>
{""holding_log_delta"": -0.04}
</answer>","Given the firm's moderate profitability (profit=0.23) and high beta (1.33) indicating above-market risk, combined with the fund's substantial AUM and the stock's small S&P 500 weight, a modest adjustment is expected. The current holding is relatively large compared to the stock's recent volatility (0.186) and trading volume (15.95), suggesting potential for a slight reduction to manage concentration and align closer to the benchmark weight.","{""holding_log_delta"": -0.04}"
83,population,10,0.5429994570005431,0.23999976000024,0.21699978300021702,EBAY,EBAY INC,842,NA,2017-04-01 00:00:00,86356,19094.16501,0.03881943480412993,-0.02,0.05881943480412993,-0.05881943480412993,True,1,type_mean,0.0082565895035254,0.0069532062192367,0.2194993243101532,0.0782363733443051,"
<think>Given the firm's moderate profitability (profit=0.23) and high beta (1.33), the stock presents some growth potential but also elevated systematic risk. The fund's current holding is relatively small compared to its AUM, and the stock's low S&P 500 weight suggests limited benchmark-driven pressure. Considering the high beta and the fund's low turnover constraint, a modest increase in holding might be expected to align with the stock's market importance, though the elevated risk may temper the magnitude.</think>
<answer>
{""holding_log_delta"": -0.02}
</answer>","Given the firm's moderate profitability (profit=0.23) and high beta (1.33), the stock presents some growth potential but also elevated systematic risk. The fund's current holding is relatively small compared to its AUM, and the stock's low S&P 500 weight suggests limited benchmark-driven pressure. Considering the high beta and the fund's low turnover constraint, a modest increase in holding might be expected to align with the stock's market importance, though the elevated risk may temper the magnitude.","{""holding_log_delta"": -0.02}"
83,population,11,0.537999462000538,0.24999975000025002,0.21199978800021202,EBAY,EBAY INC,842,NA,2017-04-01 00:00:00,86356,19094.16501,0.03881943480412993,-0.04,0.07881943480412992,-0.07881943480412992,True,1,type_mean,0.0082565895035254,0.0069532062192367,0.2194993243101532,0.0782363733443051,"
<think>Given the firm's moderate profitability (profit=0.23) and high beta (1.33), the stock presents some growth potential but also elevated systematic risk. The fund's current holding is relatively small compared to its AUM, and the stock's low S&P 500 weight suggests limited benchmark-driven pressure. Considering the high beta and the fund's low turnover constraint, a modest increase in holding might be expected to align with the stock's market importance, though the elevated risk may temper the magnitude.</think>
<answer>
{""holding_log_delta"": -0.04}
</answer>","Given the firm's moderate profitability (profit=0.23) and high beta (1.33), the stock presents some growth potential but also elevated systematic risk. The fund's current holding is relatively small compared to its AUM, and the stock's low S&P 500 weight suggests limited benchmark-driven pressure. Considering the high beta and the fund's low turnover constraint, a modest increase in holding might be expected to align with the stock's market importance, though the elevated risk may temper the magnitude.","{""holding_log_delta"": -0.04}"
