generation,stage,candidate_idx,risk_aversion,herd_behavior,profit_driven,ticker,company,id,quarter,date,permno,holding_t,y_true,pred,abs_error,reward,valid,best_k,profile_strength_mode,x_risk_mean,x_herd_mean,x_profit_mean,overall_mean,raw_output,reason,answer_body
29,population,0,0.36699963300036703,0.577999422000578,0.054999945000055006,IFF,INTERNATIONAL FLAVORS & FRAG INC,770,NA,2017-04-01 00:00:00,40272,566.163135,-0.01036686841626857,-0.01,0.0003668684162685693,-0.0003668684162685693,True,1,type_mean,0.0105116667264412,0.009015847914168,2.8059538271968374,0.9418271139458155,"
<think>Given the firm's moderate profitability and low beta, combined with the fund's substantial AUM and the stock's very small S&P 500 weight, a modest adjustment is expected. The current holding is relatively small compared to the fund's total assets, and the stock's recent volatility is moderate, suggesting limited urgency for significant rebalancing. Therefore, the normalized log change is likely to be close to zero, reflecting a minor adjustment around the benchmark weight.</think>
<answer>
{""holding_log_delta"": -0.01}
</answer>","Given the firm's moderate profitability and low beta, combined with the fund's substantial AUM and the stock's very small S&P 500 weight, a modest adjustment is expected. The current holding is relatively small compared to the fund's total assets, and the stock's recent volatility is moderate, suggesting limited urgency for significant rebalancing. Therefore, the normalized log change is likely to be close to zero, reflecting a minor adjustment around the benchmark weight.","{""holding_log_delta"": -0.01}"
29,population,1,0.356999643000357,0.5479994520005481,0.094999905000095,IFF,INTERNATIONAL FLAVORS & FRAG INC,770,NA,2017-04-01 00:00:00,40272,566.163135,-0.01036686841626857,-0.01,0.0003668684162685693,-0.0003668684162685693,True,1,type_mean,0.0105116667264412,0.009015847914168,2.8059538271968374,0.9418271139458155,"
<think>Given the firm's moderate profitability and low beta, combined with the fund's substantial AUM and the stock's very small S&P 500 weight, a modest adjustment is expected. The current holding is relatively small compared to the fund's total assets, and the stock's recent volatility is moderate, suggesting limited urgency for significant rebalancing. Therefore, the normalized log change is likely to be close to zero, reflecting a minor adjustment around the benchmark weight.</think>
<answer>
{""holding_log_delta"": -0.01}
</answer>","Given the firm's moderate profitability and low beta, combined with the fund's substantial AUM and the stock's very small S&P 500 weight, a modest adjustment is expected. The current holding is relatively small compared to the fund's total assets, and the stock's recent volatility is moderate, suggesting limited urgency for significant rebalancing. Therefore, the normalized log change is likely to be close to zero, reflecting a minor adjustment around the benchmark weight.","{""holding_log_delta"": -0.01}"
29,population,2,0.37739962260037746,0.5382994617005383,0.08429991570008431,IFF,INTERNATIONAL FLAVORS & FRAG INC,770,NA,2017-04-01 00:00:00,40272,566.163135,-0.01036686841626857,-0.01,0.0003668684162685693,-0.0003668684162685693,True,1,type_mean,0.0105116667264412,0.009015847914168,2.8059538271968374,0.9418271139458155,"
<think>Given the firm's moderate profitability and low beta, combined with the fund's substantial AUM and the stock's very small S&P 500 weight, a modest adjustment is expected. The current holding is relatively small compared to the fund's total assets, and the stock's recent volatility is moderate, suggesting limited urgency for significant rebalancing. Therefore, the normalized log change is likely to be close to zero, reflecting a minor adjustment around the benchmark weight.</think>
<answer>
{""holding_log_delta"": -0.01}
</answer>","Given the firm's moderate profitability and low beta, combined with the fund's substantial AUM and the stock's very small S&P 500 weight, a modest adjustment is expected. The current holding is relatively small compared to the fund's total assets, and the stock's recent volatility is moderate, suggesting limited urgency for significant rebalancing. Therefore, the normalized log change is likely to be close to zero, reflecting a minor adjustment around the benchmark weight.","{""holding_log_delta"": -0.01}"
29,population,3,0.38739961260038747,0.5282994717005284,0.08429991570008431,IFF,INTERNATIONAL FLAVORS & FRAG INC,770,NA,2017-04-01 00:00:00,40272,566.163135,-0.01036686841626857,-0.03,0.01963313158373143,-0.01963313158373143,True,1,type_mean,0.0105116667264412,0.009015847914168,2.8059538271968374,0.9418271139458155,"
<think>Given the firm's moderate profitability and low beta, combined with the fund's substantial AUM and the stock's very small S&P 500 weight, a significant increase in holding is unlikely due to limited benchmark-driven demand. The current holding is already relatively large compared to the stock's market capitalization, suggesting little room for further meaningful allocation without violating constraints or significantly altering the portfolio's risk profile.</think>
<answer>
{""holding_log_delta"": -0.03}
</answer>","Given the firm's moderate profitability and low beta, combined with the fund's substantial AUM and the stock's very small S&P 500 weight, a significant increase in holding is unlikely due to limited benchmark-driven demand. The current holding is already relatively large compared to the stock's market capitalization, suggesting little room for further meaningful allocation without violating constraints or significantly altering the portfolio's risk profile.","{""holding_log_delta"": -0.03}"
29,population,4,0.37699962300037704,0.5069994930005071,0.11599988400011602,IFF,INTERNATIONAL FLAVORS & FRAG INC,770,NA,2017-04-01 00:00:00,40272,566.163135,-0.01036686841626857,-0.01,0.0003668684162685693,-0.0003668684162685693,True,1,type_mean,0.0105116667264412,0.009015847914168,2.8059538271968374,0.9418271139458155,"
<think>Given the firm's moderate profitability and low beta, combined with the fund's substantial AUM and the stock's very small S&P 500 weight, a modest adjustment is expected. The current holding is relatively small compared to the fund's total assets, and the stock's recent volatility is moderate, suggesting limited urgency for significant rebalancing. Therefore, the normalized log change is likely to be close to zero, reflecting a minor adjustment around the benchmark weight.</think>
<answer>
{""holding_log_delta"": -0.01}
</answer>","Given the firm's moderate profitability and low beta, combined with the fund's substantial AUM and the stock's very small S&P 500 weight, a modest adjustment is expected. The current holding is relatively small compared to the fund's total assets, and the stock's recent volatility is moderate, suggesting limited urgency for significant rebalancing. Therefore, the normalized log change is likely to be close to zero, reflecting a minor adjustment around the benchmark weight.","{""holding_log_delta"": -0.01}"
29,population,5,0.37699962300037704,0.5079994920005081,0.11499988500011502,IFF,INTERNATIONAL FLAVORS & FRAG INC,770,NA,2017-04-01 00:00:00,40272,566.163135,-0.01036686841626857,-0.01,0.0003668684162685693,-0.0003668684162685693,True,1,type_mean,0.0105116667264412,0.009015847914168,2.8059538271968374,0.9418271139458155,"
<think>Given the firm's moderate profitability and low beta, combined with the fund's substantial AUM and the stock's very small S&P 500 weight, a modest adjustment is expected. The current holding is relatively small compared to the fund's total assets, and the stock's recent volatility is moderate, suggesting limited urgency for significant rebalancing. Therefore, the normalized log change is likely to be close to zero, reflecting a minor adjustment around the benchmark weight.</think>
<answer>
{""holding_log_delta"": -0.01}
</answer>","Given the firm's moderate profitability and low beta, combined with the fund's substantial AUM and the stock's very small S&P 500 weight, a modest adjustment is expected. The current holding is relatively small compared to the fund's total assets, and the stock's recent volatility is moderate, suggesting limited urgency for significant rebalancing. Therefore, the normalized log change is likely to be close to zero, reflecting a minor adjustment around the benchmark weight.","{""holding_log_delta"": -0.01}"
29,population,6,0.36060573096139314,0.49292884232257667,0.1464644166159435,IFF,INTERNATIONAL FLAVORS & FRAG INC,770,NA,2017-04-01 00:00:00,40272,566.163135,-0.01036686841626857,-0.04,0.02963313158373143,-0.02963313158373143,True,1,type_mean,0.0105116667264412,0.009015847914168,2.8059538271968374,0.9418271139458155,"
<think>Given the firm's moderate profitability and low beta, combined with the fund's substantial AUM and the stock's very small S&P 500 weight, a modest increase in holding might be expected to align with benchmark tracking, but the low beta and existing position size relative to AUM suggest limited magnitude.</think>
<answer>
{""holding_log_delta"": -0.04}
</answer>","Given the firm's moderate profitability and low beta, combined with the fund's substantial AUM and the stock's very small S&P 500 weight, a modest increase in holding might be expected to align with benchmark tracking, but the low beta and existing position size relative to AUM suggest limited magnitude.","{""holding_log_delta"": -0.04}"
29,population,7,0.37699962300037704,0.5579994420005581,0.06499993500006501,IFF,INTERNATIONAL FLAVORS & FRAG INC,770,NA,2017-04-01 00:00:00,40272,566.163135,-0.01036686841626857,-0.02,0.009633131583731431,-0.009633131583731431,True,1,type_mean,0.0105116667264412,0.009015847914168,2.8059538271968374,0.9418271139458155,"
<think>Given the firm's moderate profitability and low beta, combined with the fund's substantial AUM and the stock's very small S&P 500 weight, a modest increase in holding might be expected to align with benchmark tracking, but the low beta and existing position size relative to AUM suggest limited magnitude.</think>
<answer>
{""holding_log_delta"": -0.02}
</answer>","Given the firm's moderate profitability and low beta, combined with the fund's substantial AUM and the stock's very small S&P 500 weight, a modest increase in holding might be expected to align with benchmark tracking, but the low beta and existing position size relative to AUM suggest limited magnitude.","{""holding_log_delta"": -0.02}"
29,population,8,0.346999653000347,0.516999483000517,0.13599986400013603,IFF,INTERNATIONAL FLAVORS & FRAG INC,770,NA,2017-04-01 00:00:00,40272,566.163135,-0.01036686841626857,-0.02,0.009633131583731431,-0.009633131583731431,True,1,type_mean,0.0105116667264412,0.009015847914168,2.8059538271968374,0.9418271139458155,"
<think>Given the firm's moderate profitability and low beta, combined with the fund's substantial AUM and the stock's very small S&P 500 weight, a significant increase in holding is unlikely due to limited benchmark-driven demand. The current holding is already relatively large compared to the stock's market capitalization, suggesting room for only minor adjustments to align with the benchmark or manage liquidity.</think>
<answer>
{""holding_log_delta"": -0.02}
</answer>","Given the firm's moderate profitability and low beta, combined with the fund's substantial AUM and the stock's very small S&P 500 weight, a significant increase in holding is unlikely due to limited benchmark-driven demand. The current holding is already relatively large compared to the stock's market capitalization, suggesting room for only minor adjustments to align with the benchmark or manage liquidity.","{""holding_log_delta"": -0.02}"
29,population,9,0.37699962300037704,0.5579994420005581,0.06499993500006501,IFF,INTERNATIONAL FLAVORS & FRAG INC,770,NA,2017-04-01 00:00:00,40272,566.163135,-0.01036686841626857,-0.02,0.009633131583731431,-0.009633131583731431,True,1,type_mean,0.0105116667264412,0.009015847914168,2.8059538271968374,0.9418271139458155,"
<think>Given the firm's moderate profitability and low beta, combined with the fund's substantial AUM and the stock's very small S&P 500 weight, a modest increase in holding might be expected to align with benchmark tracking, but the low beta and existing position size relative to AUM suggest limited magnitude.</think>
<answer>
{""holding_log_delta"": -0.02}
</answer>","Given the firm's moderate profitability and low beta, combined with the fund's substantial AUM and the stock's very small S&P 500 weight, a modest increase in holding might be expected to align with benchmark tracking, but the low beta and existing position size relative to AUM suggest limited magnitude.","{""holding_log_delta"": -0.02}"
29,population,10,0.36699963300036703,0.537999462000538,0.094999905000095,IFF,INTERNATIONAL FLAVORS & FRAG INC,770,NA,2017-04-01 00:00:00,40272,566.163135,-0.01036686841626857,-0.01,0.0003668684162685693,-0.0003668684162685693,True,1,type_mean,0.0105116667264412,0.009015847914168,2.8059538271968374,0.9418271139458155,"
<think>Given the firm's moderate profitability and low beta, combined with the fund's substantial AUM and the stock's very small S&P 500 weight, a modest adjustment is expected. The current holding is relatively small compared to the fund's total assets, and the stock's recent volatility is moderate, suggesting limited urgency for significant rebalancing. Therefore, the normalized log change is likely to be close to zero, reflecting a minor adjustment around the benchmark weight.</think>
<answer>
{""holding_log_delta"": -0.01}
</answer>","Given the firm's moderate profitability and low beta, combined with the fund's substantial AUM and the stock's very small S&P 500 weight, a modest adjustment is expected. The current holding is relatively small compared to the fund's total assets, and the stock's recent volatility is moderate, suggesting limited urgency for significant rebalancing. Therefore, the normalized log change is likely to be close to zero, reflecting a minor adjustment around the benchmark weight.","{""holding_log_delta"": -0.01}"
29,population,11,0.346999653000347,0.517999482000518,0.13499986500013503,IFF,INTERNATIONAL FLAVORS & FRAG INC,770,NA,2017-04-01 00:00:00,40272,566.163135,-0.01036686841626857,-0.01,0.0003668684162685693,-0.0003668684162685693,True,1,type_mean,0.0105116667264412,0.009015847914168,2.8059538271968374,0.9418271139458155,"
<think>Given the firm's moderate profitability and low beta, combined with the fund's substantial AUM and the stock's very small S&P 500 weight, a modest adjustment is expected. The current holding is relatively small compared to the fund's total assets, and the stock's recent volatility is moderate, suggesting limited urgency for significant rebalancing. Therefore, the normalized log change is likely to be close to zero, reflecting a minor adjustment around the benchmark weight.</think>
<answer>
{""holding_log_delta"": -0.01}
</answer>","Given the firm's moderate profitability and low beta, combined with the fund's substantial AUM and the stock's very small S&P 500 weight, a modest adjustment is expected. The current holding is relatively small compared to the fund's total assets, and the stock's recent volatility is moderate, suggesting limited urgency for significant rebalancing. Therefore, the normalized log change is likely to be close to zero, reflecting a minor adjustment around the benchmark weight.","{""holding_log_delta"": -0.01}"
