generation,stage,candidate_idx,risk_aversion,herd_behavior,profit_driven,ticker,company,id,quarter,date,permno,holding_t,y_true,pred,abs_error,reward,valid,best_k,profile_strength_mode,x_risk_mean,x_herd_mean,x_profit_mean,overall_mean,raw_output,reason,answer_body
61,population,0,0.3478996521003479,0.32699967300032706,0.32509967490032515,,,956,NA,2018-01-01 00:00:00,21792,1704.280305,-0.06961447938942023,-0.04,0.029614479389420224,-0.029614479389420224,True,1,type_mean,0.0083004769074155,0.0070097321687576,0.0811969348655934,0.03216904798058883,"
<think>Given the firm's moderate profitability (profit=0.18) and low beta (0.517), it appears stable but not high-growth. The fund's current holding is relatively small compared to its AUM, and the stock's low S&P 500 weight suggests limited benchmark-driven pressure. With average volatility and trading volume, a modest adjustment to align with the fund's scale and the stock's market relevance is expected, likely a slight increase or minimal change.</think>
<answer>
{""holding_log_delta"": -0.04}
</answer>","Given the firm's moderate profitability (profit=0.18) and low beta (0.517), it appears stable but not high-growth. The fund's current holding is relatively small compared to its AUM, and the stock's low S&P 500 weight suggests limited benchmark-driven pressure. With average volatility and trading volume, a modest adjustment to align with the fund's scale and the stock's market relevance is expected, likely a slight increase or minimal change.","{""holding_log_delta"": -0.04}"
61,population,1,0.3478996521003479,0.31699968300031706,0.33509966490033516,,,956,NA,2018-01-01 00:00:00,21792,1704.280305,-0.06961447938942023,-0.04,0.029614479389420224,-0.029614479389420224,True,1,type_mean,0.0083004769074155,0.0070097321687576,0.0811969348655934,0.03216904798058883,"
<think>Given the firm's moderate profitability (profit=0.184) and positive asset growth (Gat=0.039), along with its low beta (0.517) indicating lower systematic risk, the stock appears fundamentally sound. The fund's current holding is relatively small compared to its AUM, and the stock's low S&P 500 weight suggests limited benchmark pressure. With no significant negative signals and potential for modest growth, a slight increase in holding might be expected to align with the firm's positive fundamentals.</think>
<answer>
{""holding_log_delta"": -0.04}
</answer>","Given the firm's moderate profitability (profit=0.184) and positive asset growth (Gat=0.039), along with its low beta (0.517) indicating lower systematic risk, the stock appears fundamentally sound. The fund's current holding is relatively small compared to its AUM, and the stock's low S&P 500 weight suggests limited benchmark pressure. With no significant negative signals and potential for modest growth, a slight increase in holding might be expected to align with the firm's positive fundamentals.","{""holding_log_delta"": -0.04}"
61,population,2,0.3378996621003379,0.31699968300031706,0.34509965490034517,,,956,NA,2018-01-01 00:00:00,21792,1704.280305,-0.06961447938942023,-0.03,0.039614479389420226,-0.039614479389420226,True,1,type_mean,0.0083004769074155,0.0070097321687576,0.0811969348655934,0.03216904798058883,"
<think>Given the firm's moderate profitability (profit=0.184) and positive asset growth (Gat=0.039), along with its low beta (0.517) indicating lower systematic risk, the stock appears fundamentally sound. The fund's current holding is relatively small compared to its AUM, and the stock's low S&P 500 weight suggests limited benchmark pressure. With no significant negative signals and potential for modest growth, a slight increase in holding might be expected to align with the firm's positive fundamentals.</think>
<answer>
{""holding_log_delta"": -0.03}
</answer>","Given the firm's moderate profitability (profit=0.184) and positive asset growth (Gat=0.039), along with its low beta (0.517) indicating lower systematic risk, the stock appears fundamentally sound. The fund's current holding is relatively small compared to its AUM, and the stock's low S&P 500 weight suggests limited benchmark pressure. With no significant negative signals and potential for modest growth, a slight increase in holding might be expected to align with the firm's positive fundamentals.","{""holding_log_delta"": -0.03}"
61,population,3,0.3478996521003479,0.296999703000297,0.35509964490035517,,,956,NA,2018-01-01 00:00:00,21792,1704.280305,-0.06961447938942023,-0.03,0.039614479389420226,-0.039614479389420226,True,1,type_mean,0.0083004769074155,0.0070097321687576,0.0811969348655934,0.03216904798058883,"
<think>Given the firm's moderate profitability (profit=0.184) and positive asset growth (Gat=0.039), along with its low beta (0.517) indicating lower systematic risk, the stock appears fundamentally sound. The fund's current holding is relatively small compared to its AUM, and the stock's low S&P 500 weight suggests limited benchmark pressure. With no significant negative signals and potential for modest growth, a slight increase in holding might be expected to align with the firm's positive fundamentals.</think>
<answer>
{""holding_log_delta"": -0.03}
</answer>","Given the firm's moderate profitability (profit=0.184) and positive asset growth (Gat=0.039), along with its low beta (0.517) indicating lower systematic risk, the stock appears fundamentally sound. The fund's current holding is relatively small compared to its AUM, and the stock's low S&P 500 weight suggests limited benchmark pressure. With no significant negative signals and potential for modest growth, a slight increase in holding might be expected to align with the firm's positive fundamentals.","{""holding_log_delta"": -0.03}"
61,population,4,0.3578996421003579,0.27699972300027703,0.3650996349003651,,,956,NA,2018-01-01 00:00:00,21792,1704.280305,-0.06961447938942023,-0.02,0.04961447938942022,-0.04961447938942022,True,1,type_mean,0.0083004769074155,0.0070097321687576,0.0811969348655934,0.03216904798058883,"
<think>Given the firm's moderate profitability (profit=0.18) and low beta (0.517), it appears stable but not high-growth. The fund's current holding is relatively small compared to its AUM, and the stock's low S&P 500 weight suggests limited benchmark-driven pressure. With average volatility and trading volume, a modest adjustment to align with the fund's scale and the stock's market relevance is expected, likely a slight increase or minimal change.</think>
<answer>
{""holding_log_delta"": -0.02}
</answer>","Given the firm's moderate profitability (profit=0.18) and low beta (0.517), it appears stable but not high-growth. The fund's current holding is relatively small compared to its AUM, and the stock's low S&P 500 weight suggests limited benchmark-driven pressure. With average volatility and trading volume, a modest adjustment to align with the fund's scale and the stock's market relevance is expected, likely a slight increase or minimal change.","{""holding_log_delta"": -0.02}"
61,population,5,0.3378996621003379,0.296999703000297,0.3650996349003651,,,956,NA,2018-01-01 00:00:00,21792,1704.280305,-0.06961447938942023,-0.04,0.029614479389420224,-0.029614479389420224,True,1,type_mean,0.0083004769074155,0.0070097321687576,0.0811969348655934,0.03216904798058883,"
<think>Given the firm's moderate profitability (profit=0.184) and positive asset growth (Gat=0.039), along with its low beta (0.517) indicating lower systematic risk, the stock appears fundamentally sound. The fund's current holding is relatively small compared to its AUM, and the stock's low S&P 500 weight suggests limited benchmark pressure. With no significant negative signals and potential for modest growth, a slight increase in holding might be expected to align with the firm's positive fundamentals.</think>
<answer>
{""holding_log_delta"": -0.04}
</answer>","Given the firm's moderate profitability (profit=0.184) and positive asset growth (Gat=0.039), along with its low beta (0.517) indicating lower systematic risk, the stock appears fundamentally sound. The fund's current holding is relatively small compared to its AUM, and the stock's low S&P 500 weight suggests limited benchmark pressure. With no significant negative signals and potential for modest growth, a slight increase in holding might be expected to align with the firm's positive fundamentals.","{""holding_log_delta"": -0.04}"
61,population,6,0.32789967210032794,0.306999693000307,0.3650996349003651,,,956,NA,2018-01-01 00:00:00,21792,1704.280305,-0.06961447938942023,-0.03,0.039614479389420226,-0.039614479389420226,True,1,type_mean,0.0083004769074155,0.0070097321687576,0.0811969348655934,0.03216904798058883,"
<think>Given the firm's moderate profitability (profit=0.18) and low beta (0.517), it appears stable but not high-growth. The fund's current holding is relatively small compared to its AUM, and the stock's low S&P 500 weight suggests limited benchmark-driven pressure. With average volatility and trading volume, a modest adjustment to align with the fund's scale and the stock's characteristics is expected, likely a slight increase or minimal change.</think>
<answer>
{""holding_log_delta"": -0.03}
</answer>","Given the firm's moderate profitability (profit=0.18) and low beta (0.517), it appears stable but not high-growth. The fund's current holding is relatively small compared to its AUM, and the stock's low S&P 500 weight suggests limited benchmark-driven pressure. With average volatility and trading volume, a modest adjustment to align with the fund's scale and the stock's characteristics is expected, likely a slight increase or minimal change.","{""holding_log_delta"": -0.03}"
61,population,7,0.31789968210031794,0.306999693000307,0.37509962490037513,,,956,NA,2018-01-01 00:00:00,21792,1704.280305,-0.06961447938942023,-0.03,0.039614479389420226,-0.039614479389420226,True,1,type_mean,0.0083004769074155,0.0070097321687576,0.0811969348655934,0.03216904798058883,"
<think>Given the firm's moderate profitability (profit=0.18) and low beta (0.517), it appears stable but not high-growth. The fund's current holding is relatively small compared to its AUM, and the stock's low S&P 500 weight suggests limited benchmark-driven pressure. With average volatility and trading volume, a modest adjustment to align with the fund's scale and the stock's characteristics is expected, likely a slight increase or minimal change.</think>
<answer>
{""holding_log_delta"": -0.03}
</answer>","Given the firm's moderate profitability (profit=0.18) and low beta (0.517), it appears stable but not high-growth. The fund's current holding is relatively small compared to its AUM, and the stock's low S&P 500 weight suggests limited benchmark-driven pressure. With average volatility and trading volume, a modest adjustment to align with the fund's scale and the stock's characteristics is expected, likely a slight increase or minimal change.","{""holding_log_delta"": -0.03}"
61,population,8,0.32789967210032794,0.306999693000307,0.3650996349003651,,,956,NA,2018-01-01 00:00:00,21792,1704.280305,-0.06961447938942023,-0.03,0.039614479389420226,-0.039614479389420226,True,1,type_mean,0.0083004769074155,0.0070097321687576,0.0811969348655934,0.03216904798058883,"
<think>Given the firm's moderate profitability (profit=0.18) and low beta (0.517), it appears stable but not high-growth. The fund's current holding is relatively small compared to its AUM, and the stock's low S&P 500 weight suggests limited benchmark-driven pressure. With average volatility and trading volume, a modest adjustment to align with the fund's scale and the stock's characteristics is expected, likely a slight increase or minimal change.</think>
<answer>
{""holding_log_delta"": -0.03}
</answer>","Given the firm's moderate profitability (profit=0.18) and low beta (0.517), it appears stable but not high-growth. The fund's current holding is relatively small compared to its AUM, and the stock's low S&P 500 weight suggests limited benchmark-driven pressure. With average volatility and trading volume, a modest adjustment to align with the fund's scale and the stock's characteristics is expected, likely a slight increase or minimal change.","{""holding_log_delta"": -0.03}"
61,population,9,0.3478996521003479,0.307999692000308,0.34409965590034414,,,956,NA,2018-01-01 00:00:00,21792,1704.280305,-0.06961447938942023,-0.04,0.029614479389420224,-0.029614479389420224,True,1,type_mean,0.0083004769074155,0.0070097321687576,0.0811969348655934,0.03216904798058883,"
<think>Given the firm's moderate profitability (profit=0.184) and positive asset growth (Gat=0.039), along with its low beta (0.517) indicating lower systematic risk, the stock appears fundamentally sound. The fund's current holding is relatively small compared to its AUM, and the stock's low S&P 500 weight suggests limited benchmark pressure. With no significant negative signals and potential for modest growth, a slight increase in holding might be expected to align with the firm's positive fundamentals.</think>
<answer>
{""holding_log_delta"": -0.04}
</answer>","Given the firm's moderate profitability (profit=0.184) and positive asset growth (Gat=0.039), along with its low beta (0.517) indicating lower systematic risk, the stock appears fundamentally sound. The fund's current holding is relatively small compared to its AUM, and the stock's low S&P 500 weight suggests limited benchmark pressure. With no significant negative signals and potential for modest growth, a slight increase in holding might be expected to align with the firm's positive fundamentals.","{""holding_log_delta"": -0.04}"
61,population,10,0.32789967210032794,0.306999693000307,0.3650996349003651,,,956,NA,2018-01-01 00:00:00,21792,1704.280305,-0.06961447938942023,-0.03,0.039614479389420226,-0.039614479389420226,True,1,type_mean,0.0083004769074155,0.0070097321687576,0.0811969348655934,0.03216904798058883,"
<think>Given the firm's moderate profitability (profit=0.18) and low beta (0.517), it appears stable but not high-growth. The fund's current holding is relatively small compared to its AUM, and the stock's low S&P 500 weight suggests limited benchmark-driven pressure. With average volatility and trading volume, a modest adjustment to align with the fund's scale and the stock's characteristics is expected, likely a slight increase or minimal change.</think>
<answer>
{""holding_log_delta"": -0.03}
</answer>","Given the firm's moderate profitability (profit=0.18) and low beta (0.517), it appears stable but not high-growth. The fund's current holding is relatively small compared to its AUM, and the stock's low S&P 500 weight suggests limited benchmark-driven pressure. With average volatility and trading volume, a modest adjustment to align with the fund's scale and the stock's characteristics is expected, likely a slight increase or minimal change.","{""holding_log_delta"": -0.03}"
61,population,11,0.327864503068326,0.3080475456119149,0.3640869513197654,,,956,NA,2018-01-01 00:00:00,21792,1704.280305,-0.06961447938942023,-0.03,0.039614479389420226,-0.039614479389420226,True,1,type_mean,0.0083004769074155,0.0070097321687576,0.0811969348655934,0.03216904798058883,"
<think>Given the firm's moderate profitability (profit=0.184) and positive asset growth (Gat=0.039), along with its low beta (0.517) indicating lower systematic risk, the stock appears fundamentally sound. The fund's current holding is relatively small compared to its AUM, and the stock's low S&P 500 weight suggests limited benchmark pressure. With no significant negative signals and potential for modest growth, a slight increase in holding might be expected to align with the firm's positive fundamentals.</think>
<answer>
{""holding_log_delta"": -0.03}
</answer>","Given the firm's moderate profitability (profit=0.184) and positive asset growth (Gat=0.039), along with its low beta (0.517) indicating lower systematic risk, the stock appears fundamentally sound. The fund's current holding is relatively small compared to its AUM, and the stock's low S&P 500 weight suggests limited benchmark pressure. With no significant negative signals and potential for modest growth, a slight increase in holding might be expected to align with the firm's positive fundamentals.","{""holding_log_delta"": -0.03}"
