generation,stage,candidate_idx,risk_aversion,herd_behavior,profit_driven,ticker,company,id,quarter,date,permno,holding_t,y_true,pred,abs_error,reward,valid,best_k,profile_strength_mode,x_risk_mean,x_herd_mean,x_profit_mean,overall_mean,raw_output,reason,answer_body
21,population,0,0.33999966000034004,0.28999971000029,0.36999963000037,,,191,NA,2018-01-01 00:00:00,89866,1329.118209,-0.16164446285585904,-0.03,0.13164446285585904,-0.13164446285585904,True,1,type_mean,0.0083004769074155,0.0070097321687576,0.0811969348655934,0.03216904798058883,"
<think>Given LKQ's current fundamentals, the firm shows moderate profitability (profit=0.2295) and positive asset growth (Gat=0.0774), which are generally positive signals. However, its beta is slightly below 1 (0.93), suggesting lower systematic risk than the market, and its current holding is already substantial relative to AUM, limiting potential for large increases. Considering the fund's overall scale and the stock's small S&P 500 weight, any adjustment would likely be modest, possibly a slight increase to align with the positive fundamentals but constrained by existing exposure.</think>
<answer>
{""holding_log_delta"": -0.03}
</answer>","Given LKQ's current fundamentals, the firm shows moderate profitability (profit=0.2295) and positive asset growth (Gat=0.0774), which are generally positive signals. However, its beta is slightly below 1 (0.93), suggesting lower systematic risk than the market, and its current holding is already substantial relative to AUM, limiting potential for large increases. Considering the fund's overall scale and the stock's small S&P 500 weight, any adjustment would likely be modest, possibly a slight increase to align with the positive fundamentals but constrained by existing exposure.","{""holding_log_delta"": -0.03}"
21,population,1,0.3399994686005687,0.2699998083000578,0.38999972310008346,,,191,NA,2018-01-01 00:00:00,89866,1329.118209,-0.16164446285585904,-0.04,0.12164446285585903,-0.12164446285585903,True,1,type_mean,0.0083004769074155,0.0070097321687576,0.0811969348655934,0.03216904798058883,"
<think>Given LKQ's current fundamentals, the firm shows moderate profitability (profit=0.2295) and positive asset growth (Gat=0.0774), which are generally positive signals. However, its beta is slightly below 1 (0.93), suggesting lower systematic risk than the market, and its current holding is already substantial relative to AUM, limiting potential for large increases. Considering the fund's overall scale and the stock's small S&P 500 weight, any adjustment would likely be modest, possibly a slight increase to align with the positive fundamentals but constrained by existing exposure.</think>
<answer>
{""holding_log_delta"": -0.04}
</answer>","Given LKQ's current fundamentals, the firm shows moderate profitability (profit=0.2295) and positive asset growth (Gat=0.0774), which are generally positive signals. However, its beta is slightly below 1 (0.93), suggesting lower systematic risk than the market, and its current holding is already substantial relative to AUM, limiting potential for large increases. Considering the fund's overall scale and the stock's small S&P 500 weight, any adjustment would likely be modest, possibly a slight increase to align with the positive fundamentals but constrained by existing exposure.","{""holding_log_delta"": -0.04}"
21,population,2,0.28295447293113724,0.2624836746641237,0.45456086230572934,,,191,NA,2018-01-01 00:00:00,89866,1329.118209,-0.16164446285585904,-0.03,0.13164446285585904,-0.13164446285585904,True,1,type_mean,0.0083004769074155,0.0070097321687576,0.0811969348655934,0.03216904798058883,"
<think>Given LKQ's current fundamentals, the firm shows moderate profitability (profit=0.2295) and positive asset growth (Gat=0.0774), which are generally positive signals. However, its beta is slightly below 1 (0.93), suggesting lower systematic risk than the market, which might not drive strong active positioning. The fund's current holding is relatively small compared to its AUM, and the stock's low S&P 500 weight indicates limited benchmark-driven demand. Considering the modest growth signals and the fund's existing low allocation, a slight increase in holding might be expected to align with the positive fundamentals, but the magnitude would likely be modest due to the stock's already low benchmark weight and the fund's overall scale.</think>
<answer>
{""holding_log_delta"": -0.03}
</answer>","Given LKQ's current fundamentals, the firm shows moderate profitability (profit=0.2295) and positive asset growth (Gat=0.0774), which are generally positive signals. However, its beta is slightly below 1 (0.93), suggesting lower systematic risk than the market, which might not drive strong active positioning. The fund's current holding is relatively small compared to its AUM, and the stock's low S&P 500 weight indicates limited benchmark-driven demand. Considering the modest growth signals and the fund's existing low allocation, a slight increase in holding might be expected to align with the positive fundamentals, but the magnitude would likely be modest due to the stock's already low benchmark weight and the fund's overall scale.","{""holding_log_delta"": -0.03}"
21,population,3,0.3069305228898734,0.3069305228898734,0.3861379641217923,,,191,NA,2018-01-01 00:00:00,89866,1329.118209,-0.16164446285585904,-0.03,0.13164446285585904,-0.13164446285585904,True,1,type_mean,0.0083004769074155,0.0070097321687576,0.0811969348655934,0.03216904798058883,"
<think>Given LKQ's current fundamentals, the firm shows moderate profitability (profit=0.2295) and positive asset growth (Gat=0.0774), which are generally positive signals. However, its beta is slightly below 1 (0.93), suggesting lower systematic risk than the market, and its current holding is already substantial relative to AUM, limiting potential for large increases. Considering the fund's overall scale and the stock's small S&P 500 weight, any adjustment would likely be modest, possibly a slight increase to align with the positive fundamentals but constrained by existing exposure.</think>
<answer>
{""holding_log_delta"": -0.03}
</answer>","Given LKQ's current fundamentals, the firm shows moderate profitability (profit=0.2295) and positive asset growth (Gat=0.0774), which are generally positive signals. However, its beta is slightly below 1 (0.93), suggesting lower systematic risk than the market, and its current holding is already substantial relative to AUM, limiting potential for large increases. Considering the fund's overall scale and the stock's small S&P 500 weight, any adjustment would likely be modest, possibly a slight increase to align with the positive fundamentals but constrained by existing exposure.","{""holding_log_delta"": -0.03}"
21,population,4,0.30999977583913624,0.2499998192251099,0.43999940493647705,,,191,NA,2018-01-01 00:00:00,89866,1329.118209,-0.16164446285585904,-0.02,0.14164446285585905,-0.14164446285585905,True,1,type_mean,0.0083004769074155,0.0070097321687576,0.0811969348655934,0.03216904798058883,"
<think>Given LKQ's current fundamentals, the firm shows moderate profitability (profit=0.2295) and positive asset growth (Gat=0.0774), which are generally positive signals. However, its beta is slightly below 1 (0.93), suggesting lower systematic risk than the market, and its current holding is already substantial relative to its AUM and SPX weight, implying limited room for significant increase. Considering the fund's existing large position and the stock's modest volatility, a small adjustment in line with the benchmark weight might be expected, likely resulting in a minimal normalized log change.</think>
<answer>
{""holding_log_delta"": -0.02}
</answer>","Given LKQ's current fundamentals, the firm shows moderate profitability (profit=0.2295) and positive asset growth (Gat=0.0774), which are generally positive signals. However, its beta is slightly below 1 (0.93), suggesting lower systematic risk than the market, and its current holding is already substantial relative to its AUM and SPX weight, implying limited room for significant increase. Considering the fund's existing large position and the stock's modest volatility, a small adjustment in line with the benchmark weight might be expected, likely resulting in a minimal normalized log change.","{""holding_log_delta"": -0.02}"
21,population,5,0.3267324856386348,0.30693051681205086,0.36633600745087314,,,191,NA,2018-01-01 00:00:00,89866,1329.118209,-0.16164446285585904,-0.01,0.15164446285585903,-0.15164446285585903,True,1,type_mean,0.0083004769074155,0.0070097321687576,0.0811969348655934,0.03216904798058883,"
<think>Given LKQ's current fundamentals, the firm shows moderate profitability (profit=0.2295) and positive asset growth (Gat=0.0774), which are generally positive signals. However, its beta is slightly below 1 (0.93), suggesting lower systematic risk than the market, and its current holding is already substantial relative to its AUM and SPX weight, implying limited room for significant increase. Considering the fund's existing large position and the stock's modest volatility, a small adjustment in line with the benchmark weight might be expected, likely resulting in a minimal normalized log change.</think>
<answer>
{""holding_log_delta"": -0.01}
</answer>","Given LKQ's current fundamentals, the firm shows moderate profitability (profit=0.2295) and positive asset growth (Gat=0.0774), which are generally positive signals. However, its beta is slightly below 1 (0.93), suggesting lower systematic risk than the market, and its current holding is already substantial relative to its AUM and SPX weight, implying limited room for significant increase. Considering the fund's existing large position and the stock's modest volatility, a small adjustment in line with the benchmark weight might be expected, likely resulting in a minimal normalized log change.","{""holding_log_delta"": -0.01}"
21,population,6,0.37999962000038,0.27999972000028006,0.33999966000034004,,,191,NA,2018-01-01 00:00:00,89866,1329.118209,-0.16164446285585904,-0.04,0.12164446285585903,-0.12164446285585903,True,1,type_mean,0.0083004769074155,0.0070097321687576,0.0811969348655934,0.03216904798058883,"
<think>Given LKQ's current fundamentals, the firm shows moderate profitability (profit=0.2295) and positive asset growth (Gat=0.0774), which are generally positive signals. However, its beta is slightly below 1 (0.93), suggesting lower systematic risk than the market, and its current holding is already substantial relative to its AUM and SPX weight, implying limited room for significant increase. Considering the fund's existing large position and the stock's modest volatility, a small adjustment to align with the benchmark weight or manage concentration risk is expected, likely resulting in a minimal normalized log change.</think>
<answer>
{""holding_log_delta"": -0.04}
</answer>","Given LKQ's current fundamentals, the firm shows moderate profitability (profit=0.2295) and positive asset growth (Gat=0.0774), which are generally positive signals. However, its beta is slightly below 1 (0.93), suggesting lower systematic risk than the market, and its current holding is already substantial relative to its AUM and SPX weight, implying limited room for significant increase. Considering the fund's existing large position and the stock's modest volatility, a small adjustment to align with the benchmark weight or manage concentration risk is expected, likely resulting in a minimal normalized log change.","{""holding_log_delta"": -0.04}"
21,population,7,0.35999964000036,0.26999973000027006,0.36999963000037,,,191,NA,2018-01-01 00:00:00,89866,1329.118209,-0.16164446285585904,-0.03,0.13164446285585904,-0.13164446285585904,True,1,type_mean,0.0083004769074155,0.0070097321687576,0.0811969348655934,0.03216904798058883,"
<think>Given LKQ's current fundamentals, the firm shows moderate profitability (profit=0.2295) and positive asset growth (Gat=0.0774), which are generally positive signals. However, its beta is slightly below 1 (0.93), suggesting lower systematic risk than the market, and its current holding is already substantial relative to AUM, limiting potential for large increases. Considering the fund's overall scale and the stock's small S&P 500 weight, any adjustment would likely be modest, possibly a slight increase to align with the positive fundamentals but constrained by existing exposure.</think>
<answer>
{""holding_log_delta"": -0.03}
</answer>","Given LKQ's current fundamentals, the firm shows moderate profitability (profit=0.2295) and positive asset growth (Gat=0.0774), which are generally positive signals. However, its beta is slightly below 1 (0.93), suggesting lower systematic risk than the market, and its current holding is already substantial relative to AUM, limiting potential for large increases. Considering the fund's overall scale and the stock's small S&P 500 weight, any adjustment would likely be modest, possibly a slight increase to align with the positive fundamentals but constrained by existing exposure.","{""holding_log_delta"": -0.03}"
21,population,8,0.33999966000034004,0.31999968000032003,0.33999966000034004,,,191,NA,2018-01-01 00:00:00,89866,1329.118209,-0.16164446285585904,-0.02,0.14164446285585905,-0.14164446285585905,True,1,type_mean,0.0083004769074155,0.0070097321687576,0.0811969348655934,0.03216904798058883,"
<think>Given LKQ's current fundamentals, the firm shows moderate profitability (profit=0.2295) and positive asset growth (Gat=0.0774), which are generally positive signals. However, its beta is slightly below 1 (0.93), suggesting lower systematic risk than the market, and its current holding is already substantial relative to AUM, limiting potential for large increases. Considering the fund's overall scale and the stock's small S&P 500 weight, any adjustment would likely be modest, possibly a slight increase to align with the positive fundamentals but constrained by existing exposure.</think>
<answer>
{""holding_log_delta"": -0.02}
</answer>","Given LKQ's current fundamentals, the firm shows moderate profitability (profit=0.2295) and positive asset growth (Gat=0.0774), which are generally positive signals. However, its beta is slightly below 1 (0.93), suggesting lower systematic risk than the market, and its current holding is already substantial relative to AUM, limiting potential for large increases. Considering the fund's overall scale and the stock's small S&P 500 weight, any adjustment would likely be modest, possibly a slight increase to align with the positive fundamentals but constrained by existing exposure.","{""holding_log_delta"": -0.02}"
21,population,9,0.28999971000029,0.26999973000027006,0.43999956000044005,,,191,NA,2018-01-01 00:00:00,89866,1329.118209,-0.16164446285585904,-0.02,0.14164446285585905,-0.14164446285585905,True,1,type_mean,0.0083004769074155,0.0070097321687576,0.0811969348655934,0.03216904798058883,"
<think>Given LKQ's current fundamentals, the firm shows moderate profitability (profit=0.2295) and positive asset growth (Gat=0.0774), which are generally positive signals. However, its beta is slightly below 1 (0.93), suggesting lower systematic risk than the market, and its current holding is already substantial relative to its AUM and SPX weight, implying limited room for significant increase. Considering the fund's existing large position and the stock's modest volatility, a small adjustment to align with the benchmark weight or manage concentration risk is expected, likely resulting in a minimal normalized log change.</think>
<answer>
{""holding_log_delta"": -0.02}
</answer>","Given LKQ's current fundamentals, the firm shows moderate profitability (profit=0.2295) and positive asset growth (Gat=0.0774), which are generally positive signals. However, its beta is slightly below 1 (0.93), suggesting lower systematic risk than the market, and its current holding is already substantial relative to its AUM and SPX weight, implying limited room for significant increase. Considering the fund's existing large position and the stock's modest volatility, a small adjustment to align with the benchmark weight or manage concentration risk is expected, likely resulting in a minimal normalized log change.","{""holding_log_delta"": -0.02}"
21,population,10,0.3499994550005765,0.27999980400005325,0.3699997410000703,,,191,NA,2018-01-01 00:00:00,89866,1329.118209,-0.16164446285585904,-0.03,0.13164446285585904,-0.13164446285585904,True,1,type_mean,0.0083004769074155,0.0070097321687576,0.0811969348655934,0.03216904798058883,"
<think>Given LKQ's current fundamentals, the firm shows moderate profitability (profit=0.2295) and positive asset growth (Gat=0.0774), which are generally positive signals. However, its beta is slightly below 1 (0.93), suggesting lower systematic risk than the market, and its current holding is already substantial relative to AUM, limiting potential for large increases. Considering the fund's overall scale and the stock's small S&P 500 weight, any adjustment would likely be modest, possibly a slight increase to align with the positive fundamentals but constrained by existing exposure.</think>
<answer>
{""holding_log_delta"": -0.03}
</answer>","Given LKQ's current fundamentals, the firm shows moderate profitability (profit=0.2295) and positive asset growth (Gat=0.0774), which are generally positive signals. However, its beta is slightly below 1 (0.93), suggesting lower systematic risk than the market, and its current holding is already substantial relative to AUM, limiting potential for large increases. Considering the fund's overall scale and the stock's small S&P 500 weight, any adjustment would likely be modest, possibly a slight increase to align with the positive fundamentals but constrained by existing exposure.","{""holding_log_delta"": -0.03}"
21,population,11,0.32999967000033004,0.32999967000033004,0.33999966000034004,,,191,NA,2018-01-01 00:00:00,89866,1329.118209,-0.16164446285585904,-0.02,0.14164446285585905,-0.14164446285585905,True,1,type_mean,0.0083004769074155,0.0070097321687576,0.0811969348655934,0.03216904798058883,"
<think>Given LKQ's current fundamentals, the firm shows moderate profitability (profit=0.2295) and positive asset growth (Gat=0.0774), which are generally positive signals. However, its beta is slightly below 1 (0.93), suggesting lower systematic risk than the market, and its current holding is already substantial relative to its AUM and SPX weight, indicating limited room for significant increase. Considering the fund's existing large position and the stock's modest volatility, a small adjustment to align with the benchmark weight or manage concentration risk is expected, likely resulting in a minimal normalized log change.</think>
<answer>
{""holding_log_delta"": -0.02}
</answer>","Given LKQ's current fundamentals, the firm shows moderate profitability (profit=0.2295) and positive asset growth (Gat=0.0774), which are generally positive signals. However, its beta is slightly below 1 (0.93), suggesting lower systematic risk than the market, and its current holding is already substantial relative to its AUM and SPX weight, indicating limited room for significant increase. Considering the fund's existing large position and the stock's modest volatility, a small adjustment to align with the benchmark weight or manage concentration risk is expected, likely resulting in a minimal normalized log change.","{""holding_log_delta"": -0.02}"
