generation,stage,candidate_idx,risk_aversion,herd_behavior,profit_driven,ticker,company,id,quarter,date,permno,holding_t,y_true,pred,abs_error,reward,valid,best_k,profile_strength_mode,x_risk_mean,x_herd_mean,x_profit_mean,overall_mean,raw_output,reason,answer_body
37,population,0,0.5333539583892247,0.24050729647358907,0.2261377451371862,OKE,ONEOK INC,720,NA,2016-04-01 00:00:00,25232,3257.742816,0.058866234287701,-0.02,0.078866234287701,-0.078866234287701,True,1,type_mean,0.0082565895035254,0.0069532062192367,0.2194993243101532,0.0782363733443051,"
<think>Given the firm's moderate profitability and low asset growth, combined with its beta near 1 indicating average market risk, the stock appears stable but not particularly attractive for significant overweighting. The fund's current holding is relatively small compared to AUM, and the stock's low S&P 500 weight suggests limited benchmark-driven demand. Considering the low volatility and modest fundamentals, a slight increase in holding might be expected to align with the benchmark, but the magnitude would likely be modest due to the fund's existing low exposure and the stock's average risk profile.</think>
<answer>
{""holding_log_delta"": -0.02}
</answer>","Given the firm's moderate profitability and low asset growth, combined with its beta near 1 indicating average market risk, the stock appears stable but not particularly attractive for significant overweighting. The fund's current holding is relatively small compared to AUM, and the stock's low S&P 500 weight suggests limited benchmark-driven demand. Considering the low volatility and modest fundamentals, a slight increase in holding might be expected to align with the benchmark, but the magnitude would likely be modest due to the fund's existing low exposure and the stock's average risk profile.","{""holding_log_delta"": -0.02}"
37,population,1,0.5333539583892247,0.24050729647358907,0.2261377451371862,OKE,ONEOK INC,720,NA,2016-04-01 00:00:00,25232,3257.742816,0.058866234287701,-0.02,0.078866234287701,-0.078866234287701,True,1,type_mean,0.0082565895035254,0.0069532062192367,0.2194993243101532,0.0782363733443051,"
<think>Given the firm's moderate profitability and low asset growth, combined with its beta near 1 indicating average market risk, the stock appears stable but not particularly attractive for significant overweighting. The fund's current holding is relatively small compared to AUM, and the stock's low S&P 500 weight suggests limited benchmark-driven demand. Considering the low volatility and modest fundamentals, a slight increase in holding might be expected to align with the benchmark, but the magnitude would likely be modest due to the fund's existing low exposure and the stock's average risk profile.</think>
<answer>
{""holding_log_delta"": -0.02}
</answer>","Given the firm's moderate profitability and low asset growth, combined with its beta near 1 indicating average market risk, the stock appears stable but not particularly attractive for significant overweighting. The fund's current holding is relatively small compared to AUM, and the stock's low S&P 500 weight suggests limited benchmark-driven demand. Considering the low volatility and modest fundamentals, a slight increase in holding might be expected to align with the benchmark, but the magnitude would likely be modest due to the fund's existing low exposure and the stock's average risk profile.","{""holding_log_delta"": -0.02}"
37,population,2,0.5833539583892248,0.24050729647358912,0.17613774513718625,OKE,ONEOK INC,720,NA,2016-04-01 00:00:00,25232,3257.742816,0.058866234287701,-0.02,0.078866234287701,-0.078866234287701,True,1,type_mean,0.0082565895035254,0.0069532062192367,0.2194993243101532,0.0782363733443051,"
<think>Given the firm's moderate profitability and low asset growth, combined with its beta near 1 indicating average market risk, the stock appears stable but not particularly attractive for significant overweighting. The fund's current holding is relatively small compared to AUM, and the stock's low S&P 500 weight suggests limited benchmark-driven demand. Considering the low volatility and modest fundamentals, a slight increase in holding might be expected to align with the benchmark, but the magnitude would likely be modest due to the stock's limited growth profile and the fund's existing low exposure.</think>
<answer>
{""holding_log_delta"": -0.02}
</answer>","Given the firm's moderate profitability and low asset growth, combined with its beta near 1 indicating average market risk, the stock appears stable but not particularly attractive for significant overweighting. The fund's current holding is relatively small compared to AUM, and the stock's low S&P 500 weight suggests limited benchmark-driven demand. Considering the low volatility and modest fundamentals, a slight increase in holding might be expected to align with the benchmark, but the magnitude would likely be modest due to the stock's limited growth profile and the fund's existing low exposure.","{""holding_log_delta"": -0.02}"
37,population,3,0.5633539583892248,0.21050729647358912,0.22613774513718626,OKE,ONEOK INC,720,NA,2016-04-01 00:00:00,25232,3257.742816,0.058866234287701,-0.02,0.078866234287701,-0.078866234287701,True,1,type_mean,0.0082565895035254,0.0069532062192367,0.2194993243101532,0.0782363733443051,"
<think>Given the firm's moderate profitability and low asset growth, combined with its beta near 1 indicating average market risk, the stock appears stable but not particularly attractive for significant overweighting. The fund's current holding is relatively small compared to AUM, and the stock's low S&P 500 weight suggests limited benchmark-driven demand. Considering the low volatility and modest fundamentals, a slight increase in holding might be expected to align with the benchmark, but the magnitude would likely be modest due to the stock's limited growth profile and the fund's existing low exposure.</think>
<answer>
{""holding_log_delta"": -0.02}
</answer>","Given the firm's moderate profitability and low asset growth, combined with its beta near 1 indicating average market risk, the stock appears stable but not particularly attractive for significant overweighting. The fund's current holding is relatively small compared to AUM, and the stock's low S&P 500 weight suggests limited benchmark-driven demand. Considering the low volatility and modest fundamentals, a slight increase in holding might be expected to align with the benchmark, but the magnitude would likely be modest due to the stock's limited growth profile and the fund's existing low exposure.","{""holding_log_delta"": -0.02}"
37,population,4,0.5333539583892248,0.2605072964735891,0.20613774513718625,OKE,ONEOK INC,720,NA,2016-04-01 00:00:00,25232,3257.742816,0.058866234287701,-0.02,0.078866234287701,-0.078866234287701,True,1,type_mean,0.0082565895035254,0.0069532062192367,0.2194993243101532,0.0782363733443051,"
<think>Given the firm's moderate profitability and low asset growth, combined with its beta near 1 indicating average market risk, the stock appears stable but not particularly attractive for significant overweighting. The fund's current holding is relatively small compared to AUM, and the stock's low S&P 500 weight suggests limited benchmark-driven demand. Considering the low volatility and modest fundamentals, a slight increase in holding might be expected to align with the benchmark, but the magnitude would likely be modest due to the stock's limited growth profile and the fund's existing low exposure.</think>
<answer>
{""holding_log_delta"": -0.02}
</answer>","Given the firm's moderate profitability and low asset growth, combined with its beta near 1 indicating average market risk, the stock appears stable but not particularly attractive for significant overweighting. The fund's current holding is relatively small compared to AUM, and the stock's low S&P 500 weight suggests limited benchmark-driven demand. Considering the low volatility and modest fundamentals, a slight increase in holding might be expected to align with the benchmark, but the magnitude would likely be modest due to the stock's limited growth profile and the fund's existing low exposure.","{""holding_log_delta"": -0.02}"
37,population,5,0.5733539583892248,0.21050729647358912,0.21613774513718625,OKE,ONEOK INC,720,NA,2016-04-01 00:00:00,25232,3257.742816,0.058866234287701,-0.02,0.078866234287701,-0.078866234287701,True,1,type_mean,0.0082565895035254,0.0069532062192367,0.2194993243101532,0.0782363733443051,"
<think>Given the firm's moderate profitability and low asset growth, combined with its beta near 1 indicating average market risk, the stock's fundamentals do not strongly signal a major shift. The fund's current holding is relatively small compared to AUM, and the stock's low S&P 500 weight suggests limited benchmark-driven pressure. Therefore, any adjustment is likely to be modest, possibly a slight increase or decrease to align with the stable profile, but not a large directional move.</think>
<answer>
{""holding_log_delta"": -0.02}
</answer>","Given the firm's moderate profitability and low asset growth, combined with its beta near 1 indicating average market risk, the stock's fundamentals do not strongly signal a major shift. The fund's current holding is relatively small compared to AUM, and the stock's low S&P 500 weight suggests limited benchmark-driven pressure. Therefore, any adjustment is likely to be modest, possibly a slight increase or decrease to align with the stable profile, but not a large directional move.","{""holding_log_delta"": -0.02}"
37,population,6,0.6133539583898281,0.2705072964738596,0.11613774513731237,OKE,ONEOK INC,720,NA,2016-04-01 00:00:00,25232,3257.742816,0.058866234287701,-0.04,0.098866234287701,-0.098866234287701,True,1,type_mean,0.0082565895035254,0.0069532062192367,0.2194993243101532,0.0782363733443051,"
<think>Given the firm's moderate profitability and low asset growth, combined with its beta near 1 indicating average market risk, the stock's fundamentals do not strongly signal a major shift. The fund's current holding is relatively small compared to AUM, and the stock's low S&P 500 weight suggests limited benchmark-driven pressure. Therefore, any adjustment is likely to be modest, possibly a slight increase or decrease depending on minor rebalancing needs.</think>
<answer>
{""holding_log_delta"": -0.04}
</answer>","Given the firm's moderate profitability and low asset growth, combined with its beta near 1 indicating average market risk, the stock's fundamentals do not strongly signal a major shift. The fund's current holding is relatively small compared to AUM, and the stock's low S&P 500 weight suggests limited benchmark-driven pressure. Therefore, any adjustment is likely to be modest, possibly a slight increase or decrease depending on minor rebalancing needs.","{""holding_log_delta"": -0.04}"
37,population,7,0.6133539583898281,0.2705072964738596,0.11613774513731237,OKE,ONEOK INC,720,NA,2016-04-01 00:00:00,25232,3257.742816,0.058866234287701,-0.04,0.098866234287701,-0.098866234287701,True,1,type_mean,0.0082565895035254,0.0069532062192367,0.2194993243101532,0.0782363733443051,"
<think>Given the firm's moderate profitability and low asset growth, combined with its beta near 1 indicating average market risk, the stock's fundamentals do not strongly signal a major shift. The fund's current holding is relatively small compared to AUM, and the stock's low S&P 500 weight suggests limited benchmark-driven pressure. Therefore, any adjustment is likely to be modest, possibly a slight increase or decrease depending on minor rebalancing needs.</think>
<answer>
{""holding_log_delta"": -0.04}
</answer>","Given the firm's moderate profitability and low asset growth, combined with its beta near 1 indicating average market risk, the stock's fundamentals do not strongly signal a major shift. The fund's current holding is relatively small compared to AUM, and the stock's low S&P 500 weight suggests limited benchmark-driven pressure. Therefore, any adjustment is likely to be modest, possibly a slight increase or decrease depending on minor rebalancing needs.","{""holding_log_delta"": -0.04}"
37,population,8,0.6133539583898281,0.2705072964738596,0.11613774513731237,OKE,ONEOK INC,720,NA,2016-04-01 00:00:00,25232,3257.742816,0.058866234287701,-0.04,0.098866234287701,-0.098866234287701,True,1,type_mean,0.0082565895035254,0.0069532062192367,0.2194993243101532,0.0782363733443051,"
<think>Given the firm's moderate profitability and low asset growth, combined with its beta near 1 indicating average market risk, the stock's fundamentals do not strongly signal a major shift. The fund's current holding is relatively small compared to AUM, and the stock's low S&P 500 weight suggests limited benchmark-driven pressure. Therefore, any adjustment is likely to be modest, possibly a slight increase or decrease depending on minor rebalancing needs.</think>
<answer>
{""holding_log_delta"": -0.04}
</answer>","Given the firm's moderate profitability and low asset growth, combined with its beta near 1 indicating average market risk, the stock's fundamentals do not strongly signal a major shift. The fund's current holding is relatively small compared to AUM, and the stock's low S&P 500 weight suggests limited benchmark-driven pressure. Therefore, any adjustment is likely to be modest, possibly a slight increase or decrease depending on minor rebalancing needs.","{""holding_log_delta"": -0.04}"
37,population,9,0.6133539583898281,0.2705072964738596,0.11613774513731237,OKE,ONEOK INC,720,NA,2016-04-01 00:00:00,25232,3257.742816,0.058866234287701,-0.04,0.098866234287701,-0.098866234287701,True,1,type_mean,0.0082565895035254,0.0069532062192367,0.2194993243101532,0.0782363733443051,"
<think>Given the firm's moderate profitability and low asset growth, combined with its beta near 1 indicating average market risk, the stock's fundamentals do not strongly signal a major shift. The fund's current holding is relatively small compared to AUM, and the stock's low S&P 500 weight suggests limited benchmark-driven pressure. Therefore, any adjustment is likely to be modest, possibly a slight increase or decrease depending on minor rebalancing needs.</think>
<answer>
{""holding_log_delta"": -0.04}
</answer>","Given the firm's moderate profitability and low asset growth, combined with its beta near 1 indicating average market risk, the stock's fundamentals do not strongly signal a major shift. The fund's current holding is relatively small compared to AUM, and the stock's low S&P 500 weight suggests limited benchmark-driven pressure. Therefore, any adjustment is likely to be modest, possibly a slight increase or decrease depending on minor rebalancing needs.","{""holding_log_delta"": -0.04}"
37,population,10,0.6133539583898281,0.2705072964738596,0.11613774513731237,OKE,ONEOK INC,720,NA,2016-04-01 00:00:00,25232,3257.742816,0.058866234287701,-0.04,0.098866234287701,-0.098866234287701,True,1,type_mean,0.0082565895035254,0.0069532062192367,0.2194993243101532,0.0782363733443051,"
<think>Given the firm's moderate profitability and low asset growth, combined with its beta near 1 indicating average market risk, the stock's fundamentals do not strongly signal a major shift. The fund's current holding is relatively small compared to AUM, and the stock's low S&P 500 weight suggests limited benchmark-driven pressure. Therefore, any adjustment is likely to be modest, possibly a slight increase or decrease depending on minor rebalancing needs.</think>
<answer>
{""holding_log_delta"": -0.04}
</answer>","Given the firm's moderate profitability and low asset growth, combined with its beta near 1 indicating average market risk, the stock's fundamentals do not strongly signal a major shift. The fund's current holding is relatively small compared to AUM, and the stock's low S&P 500 weight suggests limited benchmark-driven pressure. Therefore, any adjustment is likely to be modest, possibly a slight increase or decrease depending on minor rebalancing needs.","{""holding_log_delta"": -0.04}"
37,population,11,0.6133539583898281,0.2705072964738596,0.11613774513731237,OKE,ONEOK INC,720,NA,2016-04-01 00:00:00,25232,3257.742816,0.058866234287701,-0.04,0.098866234287701,-0.098866234287701,True,1,type_mean,0.0082565895035254,0.0069532062192367,0.2194993243101532,0.0782363733443051,"
<think>Given the firm's moderate profitability and low asset growth, combined with its beta near 1 indicating average market risk, the stock's fundamentals do not strongly signal a major shift. The fund's current holding is relatively small compared to AUM, and the stock's low S&P 500 weight suggests limited benchmark-driven pressure. Therefore, any adjustment is likely to be modest, possibly a slight increase or decrease depending on minor rebalancing needs.</think>
<answer>
{""holding_log_delta"": -0.04}
</answer>","Given the firm's moderate profitability and low asset growth, combined with its beta near 1 indicating average market risk, the stock's fundamentals do not strongly signal a major shift. The fund's current holding is relatively small compared to AUM, and the stock's low S&P 500 weight suggests limited benchmark-driven pressure. Therefore, any adjustment is likely to be modest, possibly a slight increase or decrease depending on minor rebalancing needs.","{""holding_log_delta"": -0.04}"
