generation,stage,candidate_idx,risk_aversion,herd_behavior,profit_driven,ticker,company,id,quarter,date,permno,holding_t,y_true,pred,abs_error,reward,valid,best_k,profile_strength_mode,x_risk_mean,x_herd_mean,x_profit_mean,overall_mean,raw_output,reason,answer_body
9,population,0,0.36724777727373004,0.5783902323275639,0.05436098972356357,DIS,DISNEY WALT PRODUCTIONS,523,NA,2018-04-01 00:00:00,26403,6551.932457,0.12548376880897183,-0.04,0.16548376880897184,-0.16548376880897184,True,1,type_mean,0.0105116667264412,0.009015847914168,2.8059538271968374,0.9418271139458155,"
<think>Given the firm's moderate profitability and growth, combined with a beta above 1 indicating higher market risk, the fund might adjust its position cautiously due to the high stock volatility and the fund's low risk tolerance. The current holding is substantial relative to AUM, and the fund's low turnover constraint may limit aggressive changes, so any adjustment is likely to be modest in magnitude.</think>
<answer>
{""holding_log_delta"": -0.04}
</answer>","Given the firm's moderate profitability and growth, combined with a beta above 1 indicating higher market risk, the fund might adjust its position cautiously due to the high stock volatility and the fund's low risk tolerance. The current holding is substantial relative to AUM, and the fund's low turnover constraint may limit aggressive changes, so any adjustment is likely to be modest in magnitude.","{""holding_log_delta"": -0.04}"
9,population,1,0.37739411440597026,0.6182805725204876,0.004324313074542126,DIS,DISNEY WALT PRODUCTIONS,523,NA,2018-04-01 00:00:00,26403,6551.932457,0.12548376880897183,-0.07,0.19548376880897184,-0.19548376880897184,True,1,type_mean,0.0105116667264412,0.009015847914168,2.8059538271968374,0.9418271139458155,"
<think>Given the firm's moderate profitability and growth, combined with a beta above 1 indicating higher market risk, the stock presents a mixed signal. The fund's current holding is substantial relative to its AUM and the stock's S&P 500 weight, suggesting a significant existing exposure. Considering the fund's defensive profile and low risk tolerance, a reduction in position size might be expected to manage risk exposure, leading to a negative normalized log change.</think>
<answer>
{""holding_log_delta"": -0.07}
</answer>","Given the firm's moderate profitability and growth, combined with a beta above 1 indicating higher market risk, the stock presents a mixed signal. The fund's current holding is substantial relative to its AUM and the stock's S&P 500 weight, suggesting a significant existing exposure. Considering the fund's defensive profile and low risk tolerance, a reduction in position size might be expected to manage risk exposure, leading to a negative normalized log change.","{""holding_log_delta"": -0.07}"
9,population,2,0.37739411440597026,0.6182805725204876,0.004324313074542126,DIS,DISNEY WALT PRODUCTIONS,523,NA,2018-04-01 00:00:00,26403,6551.932457,0.12548376880897183,-0.07,0.19548376880897184,-0.19548376880897184,True,1,type_mean,0.0105116667264412,0.009015847914168,2.8059538271968374,0.9418271139458155,"
<think>Given the firm's moderate profitability and growth, combined with a beta above 1 indicating higher market risk, the stock presents a mixed signal. The fund's current holding is substantial relative to its AUM and the stock's S&P 500 weight, suggesting a significant existing exposure. Considering the fund's defensive profile and low risk tolerance, a reduction in position size might be expected to manage risk exposure, leading to a negative normalized log change.</think>
<answer>
{""holding_log_delta"": -0.07}
</answer>","Given the firm's moderate profitability and growth, combined with a beta above 1 indicating higher market risk, the stock presents a mixed signal. The fund's current holding is substantial relative to its AUM and the stock's S&P 500 weight, suggesting a significant existing exposure. Considering the fund's defensive profile and low risk tolerance, a reduction in position size might be expected to manage risk exposure, leading to a negative normalized log change.","{""holding_log_delta"": -0.07}"
9,population,3,0.37739411440597026,0.6182805725204876,0.004324313074542126,DIS,DISNEY WALT PRODUCTIONS,523,NA,2018-04-01 00:00:00,26403,6551.932457,0.12548376880897183,-0.07,0.19548376880897184,-0.19548376880897184,True,1,type_mean,0.0105116667264412,0.009015847914168,2.8059538271968374,0.9418271139458155,"
<think>Given the firm's moderate profitability and growth, combined with a beta above 1 indicating higher market risk, the stock presents a mixed signal. The fund's current holding is substantial relative to its AUM and the stock's S&P 500 weight, suggesting a significant existing exposure. Considering the fund's defensive profile and low risk tolerance, a reduction in position size might be expected to manage risk exposure, leading to a negative normalized log change.</think>
<answer>
{""holding_log_delta"": -0.07}
</answer>","Given the firm's moderate profitability and growth, combined with a beta above 1 indicating higher market risk, the stock presents a mixed signal. The fund's current holding is substantial relative to its AUM and the stock's S&P 500 weight, suggesting a significant existing exposure. Considering the fund's defensive profile and low risk tolerance, a reduction in position size might be expected to manage risk exposure, leading to a negative normalized log change.","{""holding_log_delta"": -0.07}"
9,population,4,0.3973996026003974,0.5182994817005183,0.08429991570008431,DIS,DISNEY WALT PRODUCTIONS,523,NA,2018-04-01 00:00:00,26403,6551.932457,0.12548376880897183,-0.04,0.16548376880897184,-0.16548376880897184,True,1,type_mean,0.0105116667264412,0.009015847914168,2.8059538271968374,0.9418271139458155,"
<think>Given the firm's moderate profitability (profit=0.35) and positive asset growth (Gat=0.065), along with its above-market beta (1.237) indicating higher systematic risk, the stock presents mixed signals for a defensive investor. The fund's current holding is substantial relative to AUM, and the stock's S&P 500 weight suggests it is a significant benchmark component. Considering the fund's low risk tolerance and defensive style, a modest adjustment might be expected to align with the benchmark while managing concentration and volatility exposure.</think>
<answer>
{""holding_log_delta"": -0.04}
</answer>","Given the firm's moderate profitability (profit=0.35) and positive asset growth (Gat=0.065), along with its above-market beta (1.237) indicating higher systematic risk, the stock presents mixed signals for a defensive investor. The fund's current holding is substantial relative to AUM, and the stock's S&P 500 weight suggests it is a significant benchmark component. Considering the fund's low risk tolerance and defensive style, a modest adjustment might be expected to align with the benchmark while managing concentration and volatility exposure.","{""holding_log_delta"": -0.04}"
9,population,5,0.35739964260035745,0.5482994517005484,0.0942999057000943,DIS,DISNEY WALT PRODUCTIONS,523,NA,2018-04-01 00:00:00,26403,6551.932457,0.12548376880897183,-0.04,0.16548376880897184,-0.16548376880897184,True,1,type_mean,0.0105116667264412,0.009015847914168,2.8059538271968374,0.9418271139458155,"
<think>Given the firm's moderate profitability (profit=0.35) and positive asset growth (Gat=0.065), along with its above-market beta (1.237) indicating higher systematic risk, the stock presents mixed signals for a defensive investor. The fund's current holding is substantial relative to AUM, and the stock's S&P 500 weight suggests it is a significant benchmark component. Considering the fund's low risk tolerance and the stock's elevated beta, a modest reduction in position size might be expected to manage risk exposure, leading to a small negative normalized log change.</think>
<answer>
{""holding_log_delta"": -0.04}
</answer>","Given the firm's moderate profitability (profit=0.35) and positive asset growth (Gat=0.065), along with its above-market beta (1.237) indicating higher systematic risk, the stock presents mixed signals for a defensive investor. The fund's current holding is substantial relative to AUM, and the stock's S&P 500 weight suggests it is a significant benchmark component. Considering the fund's low risk tolerance and the stock's elevated beta, a modest reduction in position size might be expected to manage risk exposure, leading to a small negative normalized log change.","{""holding_log_delta"": -0.04}"
9,population,6,0.37714863971172535,0.5685046283838259,0.054345731510178935,DIS,DISNEY WALT PRODUCTIONS,523,NA,2018-04-01 00:00:00,26403,6551.932457,0.12548376880897183,-0.04,0.16548376880897184,-0.16548376880897184,True,1,type_mean,0.0105116667264412,0.009015847914168,2.8059538271968374,0.9418271139458155,"
<think>Given the firm's moderate profitability (profit=0.35) and positive asset growth (Gat=0.065), along with its above-market beta (1.237) indicating higher systematic risk, the stock presents mixed signals. The fund's current holding is substantial relative to AUM, and the stock's S&P 500 weight suggests it is a significant benchmark component. Considering the fund's defensive profile and low risk tolerance, a modest adjustment might be expected to align with benchmark weight while managing concentration and risk exposure.</think>
<answer>
{""holding_log_delta"": -0.04}
</answer>","Given the firm's moderate profitability (profit=0.35) and positive asset growth (Gat=0.065), along with its above-market beta (1.237) indicating higher systematic risk, the stock presents mixed signals. The fund's current holding is substantial relative to AUM, and the stock's S&P 500 weight suggests it is a significant benchmark component. Considering the fund's defensive profile and low risk tolerance, a modest adjustment might be expected to align with benchmark weight while managing concentration and risk exposure.","{""holding_log_delta"": -0.04}"
9,population,7,0.37714863971172535,0.5685046283838259,0.054345731510178935,DIS,DISNEY WALT PRODUCTIONS,523,NA,2018-04-01 00:00:00,26403,6551.932457,0.12548376880897183,-0.04,0.16548376880897184,-0.16548376880897184,True,1,type_mean,0.0105116667264412,0.009015847914168,2.8059538271968374,0.9418271139458155,"
<think>Given the firm's moderate profitability (profit=0.35) and positive asset growth (Gat=0.065), along with its above-market beta (1.237) indicating higher systematic risk, the stock presents mixed signals. The fund's current holding is substantial relative to AUM, and the stock's S&P 500 weight suggests it is a significant benchmark component. Considering the fund's defensive profile and low risk tolerance, a modest adjustment might be expected to align with benchmark weight while managing concentration and risk exposure.</think>
<answer>
{""holding_log_delta"": -0.04}
</answer>","Given the firm's moderate profitability (profit=0.35) and positive asset growth (Gat=0.065), along with its above-market beta (1.237) indicating higher systematic risk, the stock presents mixed signals. The fund's current holding is substantial relative to AUM, and the stock's S&P 500 weight suggests it is a significant benchmark component. Considering the fund's defensive profile and low risk tolerance, a modest adjustment might be expected to align with benchmark weight while managing concentration and risk exposure.","{""holding_log_delta"": -0.04}"
9,population,8,0.38739961260038747,0.5282994717005284,0.08429991570008431,DIS,DISNEY WALT PRODUCTIONS,523,NA,2018-04-01 00:00:00,26403,6551.932457,0.12548376880897183,-0.04,0.16548376880897184,-0.16548376880897184,True,1,type_mean,0.0105116667264412,0.009015847914168,2.8059538271968374,0.9418271139458155,"
<think>Given the firm's moderate profitability and growth, along with its beta above 1 indicating higher systematic risk, the fund might adjust its position cautiously due to the high stock volatility and the fund's low risk tolerance. The current holding is substantial relative to AUM, and the fund's low turnover constraint may limit aggressive changes, so any adjustment is likely to be modest in magnitude.</think>
<answer>
{""holding_log_delta"": -0.04}
</answer>","Given the firm's moderate profitability and growth, along with its beta above 1 indicating higher systematic risk, the fund might adjust its position cautiously due to the high stock volatility and the fund's low risk tolerance. The current holding is substantial relative to AUM, and the fund's low turnover constraint may limit aggressive changes, so any adjustment is likely to be modest in magnitude.","{""holding_log_delta"": -0.04}"
9,population,9,0.37739964309313706,0.5182995098441254,0.10429984706368328,DIS,DISNEY WALT PRODUCTIONS,523,NA,2018-04-01 00:00:00,26403,6551.932457,0.12548376880897183,-0.04,0.16548376880897184,-0.16548376880897184,True,1,type_mean,0.0105116667264412,0.009015847914168,2.8059538271968374,0.9418271139458155,"
<think>Given the firm's moderate profitability (profit=0.35) and positive asset growth (Gat=0.065), along with its above-market beta (1.237) indicating higher systematic risk, the stock presents mixed signals. The fund's current holding is substantial relative to AUM, and the stock's S&P 500 weight suggests it is a significant benchmark component. Considering the fund's defensive profile and low risk tolerance, a modest adjustment might be expected to align with benchmark weight while managing concentration and volatility exposure.</think>
<answer>
{""holding_log_delta"": -0.04}
</answer>","Given the firm's moderate profitability (profit=0.35) and positive asset growth (Gat=0.065), along with its above-market beta (1.237) indicating higher systematic risk, the stock presents mixed signals. The fund's current holding is substantial relative to AUM, and the stock's S&P 500 weight suggests it is a significant benchmark component. Considering the fund's defensive profile and low risk tolerance, a modest adjustment might be expected to align with benchmark weight while managing concentration and volatility exposure.","{""holding_log_delta"": -0.04}"
9,population,10,0.39239960760039244,0.5682994317005684,0.039299960700039306,DIS,DISNEY WALT PRODUCTIONS,523,NA,2018-04-01 00:00:00,26403,6551.932457,0.12548376880897183,-0.04,0.16548376880897184,-0.16548376880897184,True,1,type_mean,0.0105116667264412,0.009015847914168,2.8059538271968374,0.9418271139458155,"
<think>Given the firm's moderate profitability and growth, along with its beta above 1 indicating higher systematic risk, the fund might adjust its position cautiously due to the high stock volatility and the fund's low risk tolerance. The current holding is substantial relative to AUM, and the fund's low turnover constraint may limit aggressive changes, so any adjustment is likely to be modest in magnitude.</think>
<answer>
{""holding_log_delta"": -0.04}
</answer>","Given the firm's moderate profitability and growth, along with its beta above 1 indicating higher systematic risk, the fund might adjust its position cautiously due to the high stock volatility and the fund's low risk tolerance. The current holding is substantial relative to AUM, and the fund's low turnover constraint may limit aggressive changes, so any adjustment is likely to be modest in magnitude.","{""holding_log_delta"": -0.04}"
9,population,11,0.37739962260037746,0.5382994617005383,0.08429991570008431,DIS,DISNEY WALT PRODUCTIONS,523,NA,2018-04-01 00:00:00,26403,6551.932457,0.12548376880897183,-0.04,0.16548376880897184,-0.16548376880897184,True,1,type_mean,0.0105116667264412,0.009015847914168,2.8059538271968374,0.9418271139458155,"
<think>Given the firm's moderate profitability and growth, combined with a beta above 1 indicating higher market risk, the stock presents a mixed signal. The fund's current holding is substantial relative to its AUM and the stock's S&P 500 weight, suggesting a significant existing exposure. Considering the fund's defensive profile and low risk tolerance, a reduction in position size might be expected to manage risk exposure, leading to a negative normalized log change.</think>
<answer>
{""holding_log_delta"": -0.04}
</answer>","Given the firm's moderate profitability and growth, combined with a beta above 1 indicating higher market risk, the stock presents a mixed signal. The fund's current holding is substantial relative to its AUM and the stock's S&P 500 weight, suggesting a significant existing exposure. Considering the fund's defensive profile and low risk tolerance, a reduction in position size might be expected to manage risk exposure, leading to a negative normalized log change.","{""holding_log_delta"": -0.04}"
