generation,stage,candidate_idx,risk_aversion,herd_behavior,profit_driven,ticker,company,id,quarter,date,permno,holding_t,y_true,pred,abs_error,reward,valid,best_k,profile_strength_mode,x_risk_mean,x_herd_mean,x_profit_mean,overall_mean,raw_output,reason,answer_body
34,population,0,0.36699963300036703,0.5279994720005281,0.10499989500010501,EMN,EASTMAN CHEMICAL CO,924,NA,2017-07-01 00:00:00,80080,88.255528,0.7245533328788714,-0.04,0.7645533328788714,-0.7645533328788714,True,1,type_mean,0.0105116667264412,0.009015847914168,2.8059538271968374,0.9418271139458155,"
<think>Given the firm's moderate profitability and low asset growth, combined with its beta above 1 indicating higher systematic risk, the fund might reduce exposure due to the high-risk profile relative to its low AUM and the stock's small S&P 500 weight. The current holding is substantial relative to the fund's total AUM, suggesting potential for a normalization towards a more benchmark-aligned position.</think>
<answer>
{""holding_log_delta"": -0.04}
</answer>","Given the firm's moderate profitability and low asset growth, combined with its beta above 1 indicating higher systematic risk, the fund might reduce exposure due to the high-risk profile relative to its low AUM and the stock's small S&P 500 weight. The current holding is substantial relative to the fund's total AUM, suggesting potential for a normalization towards a more benchmark-aligned position.","{""holding_log_delta"": -0.04}"
34,population,1,0.37699962300037704,0.5579994420005581,0.06499993500006501,EMN,EASTMAN CHEMICAL CO,924,NA,2017-07-01 00:00:00,80080,88.255528,0.7245533328788714,-0.1,0.8245533328788713,-0.8245533328788713,True,1,type_mean,0.0105116667264412,0.009015847914168,2.8059538271968374,0.9418271139458155,"
<think>Given the firm's moderate profitability and low asset growth, combined with a beta above 1 indicating higher systematic risk, the fund may reduce exposure to align with its low-risk profile and benchmark weight. The current holding is substantial relative to AUM and the stock's small S&P 500 weight, suggesting potential for a normalization towards a more modest allocation.</think>
<answer>
{""holding_log_delta"": -0.1}
</answer>","Given the firm's moderate profitability and low asset growth, combined with a beta above 1 indicating higher systematic risk, the fund may reduce exposure to align with its low-risk profile and benchmark weight. The current holding is substantial relative to AUM and the stock's small S&P 500 weight, suggesting potential for a normalization towards a more modest allocation.","{""holding_log_delta"": -0.1}"
34,population,2,0.36699963300036703,0.577999422000578,0.054999945000055006,EMN,EASTMAN CHEMICAL CO,924,NA,2017-07-01 00:00:00,80080,88.255528,0.7245533328788714,-0.1,0.8245533328788713,-0.8245533328788713,True,1,type_mean,0.0105116667264412,0.009015847914168,2.8059538271968374,0.9418271139458155,"
<think>Given the firm's moderate profitability and low asset growth, combined with a beta above 1 indicating higher systematic risk, the fund may reduce exposure to align with its low-risk profile and benchmark weight. The current holding is substantial relative to AUM and the stock's small S&P 500 weight, suggesting potential for a normalization towards a more modest allocation.</think>
<answer>
{""holding_log_delta"": -0.1}
</answer>","Given the firm's moderate profitability and low asset growth, combined with a beta above 1 indicating higher systematic risk, the fund may reduce exposure to align with its low-risk profile and benchmark weight. The current holding is substantial relative to AUM and the stock's small S&P 500 weight, suggesting potential for a normalization towards a more modest allocation.","{""holding_log_delta"": -0.1}"
34,population,3,0.37699962300037704,0.5079994920005081,0.11499988500011502,EMN,EASTMAN CHEMICAL CO,924,NA,2017-07-01 00:00:00,80080,88.255528,0.7245533328788714,-0.07,0.7945533328788714,-0.7945533328788714,True,1,type_mean,0.0105116667264412,0.009015847914168,2.8059538271968374,0.9418271139458155,"
<think>Given the firm's moderate profitability and low asset growth, combined with its beta above 1 indicating higher systematic risk, the fund might reduce exposure to align with its low-risk profile and benchmark weight. The current holding is substantial relative to AUM and the stock's small S&P 500 weight, suggesting potential for a normalization towards a more modest allocation.</think>
<answer>
{""holding_log_delta"": -0.07}
</answer>","Given the firm's moderate profitability and low asset growth, combined with its beta above 1 indicating higher systematic risk, the fund might reduce exposure to align with its low-risk profile and benchmark weight. The current holding is substantial relative to AUM and the stock's small S&P 500 weight, suggesting potential for a normalization towards a more modest allocation.","{""holding_log_delta"": -0.07}"
34,population,4,0.37699962300037704,0.5079994920005081,0.11499988500011502,EMN,EASTMAN CHEMICAL CO,924,NA,2017-07-01 00:00:00,80080,88.255528,0.7245533328788714,-0.07,0.7945533328788714,-0.7945533328788714,True,1,type_mean,0.0105116667264412,0.009015847914168,2.8059538271968374,0.9418271139458155,"
<think>Given the firm's moderate profitability and low asset growth, combined with its beta above 1 indicating higher systematic risk, the fund might reduce exposure to align with its low-risk profile and benchmark weight. The current holding is substantial relative to AUM and the stock's small S&P 500 weight, suggesting potential for a normalization towards a more modest allocation.</think>
<answer>
{""holding_log_delta"": -0.07}
</answer>","Given the firm's moderate profitability and low asset growth, combined with its beta above 1 indicating higher systematic risk, the fund might reduce exposure to align with its low-risk profile and benchmark weight. The current holding is substantial relative to AUM and the stock's small S&P 500 weight, suggesting potential for a normalization towards a more modest allocation.","{""holding_log_delta"": -0.07}"
34,population,5,0.346999653000347,0.517999482000518,0.13499986500013503,EMN,EASTMAN CHEMICAL CO,924,NA,2017-07-01 00:00:00,80080,88.255528,0.7245533328788714,-0.07,0.7945533328788714,-0.7945533328788714,True,1,type_mean,0.0105116667264412,0.009015847914168,2.8059538271968374,0.9418271139458155,"
<think>Given the firm's moderate profitability and low asset growth, combined with a beta above 1 indicating higher systematic risk, the fund may reduce exposure to align with its low-risk profile and benchmark weight. The current holding is substantial relative to AUM and the stock's small S&P 500 weight, suggesting potential for a normalization towards a more modest allocation.</think>
<answer>
{""holding_log_delta"": -0.07}
</answer>","Given the firm's moderate profitability and low asset growth, combined with a beta above 1 indicating higher systematic risk, the fund may reduce exposure to align with its low-risk profile and benchmark weight. The current holding is substantial relative to AUM and the stock's small S&P 500 weight, suggesting potential for a normalization towards a more modest allocation.","{""holding_log_delta"": -0.07}"
34,population,6,0.346999653000347,0.516999483000517,0.13599986400013603,EMN,EASTMAN CHEMICAL CO,924,NA,2017-07-01 00:00:00,80080,88.255528,0.7245533328788714,-0.04,0.7645533328788714,-0.7645533328788714,True,1,type_mean,0.0105116667264412,0.009015847914168,2.8059538271968374,0.9418271139458155,"
<think>Given the firm's moderate profitability and low asset growth, combined with a beta above 1 indicating higher systematic risk, the fund may reduce exposure to align with its low-risk profile and benchmark weight. The current holding is substantial relative to AUM and the stock's small S&P 500 weight, suggesting potential for a normalization towards a more modest allocation.</think>
<answer>
{""holding_log_delta"": -0.04}
</answer>","Given the firm's moderate profitability and low asset growth, combined with a beta above 1 indicating higher systematic risk, the fund may reduce exposure to align with its low-risk profile and benchmark weight. The current holding is substantial relative to AUM and the stock's small S&P 500 weight, suggesting potential for a normalization towards a more modest allocation.","{""holding_log_delta"": -0.04}"
34,population,7,0.36699963300036703,0.49799950200049803,0.13499986500013503,EMN,EASTMAN CHEMICAL CO,924,NA,2017-07-01 00:00:00,80080,88.255528,0.7245533328788714,-0.1,0.8245533328788713,-0.8245533328788713,True,1,type_mean,0.0105116667264412,0.009015847914168,2.8059538271968374,0.9418271139458155,"
<think>Given the firm's moderate profitability and low asset growth, combined with its beta above 1 indicating higher systematic risk, the fund might reduce exposure to align with its low-risk profile and benchmark weight. The current holding is substantial relative to AUM and the stock's small S&P 500 weight, suggesting potential for a normalization toward a more modest allocation.</think>
<answer>
{""holding_log_delta"": -0.1}
</answer>","Given the firm's moderate profitability and low asset growth, combined with its beta above 1 indicating higher systematic risk, the fund might reduce exposure to align with its low-risk profile and benchmark weight. The current holding is substantial relative to AUM and the stock's small S&P 500 weight, suggesting potential for a normalization toward a more modest allocation.","{""holding_log_delta"": -0.1}"
34,population,8,0.375999624000376,0.517999482000518,0.10599989400010601,EMN,EASTMAN CHEMICAL CO,924,NA,2017-07-01 00:00:00,80080,88.255528,0.7245533328788714,-0.04,0.7645533328788714,-0.7645533328788714,True,1,type_mean,0.0105116667264412,0.009015847914168,2.8059538271968374,0.9418271139458155,"
<think>Given the firm's moderate profitability and low asset growth, combined with a beta above 1 indicating higher systematic risk, the stock presents a mixed signal. The fund's current holding is relatively small compared to its AUM and the stock's S&P 500 weight, suggesting limited active exposure. Considering the low risk tolerance and defensive investment style typical of insurance companies, any adjustment would likely be modest, possibly a slight reduction to align with the benchmark or manage risk exposure.</think>
<answer>
{""holding_log_delta"": -0.04}
</answer>","Given the firm's moderate profitability and low asset growth, combined with a beta above 1 indicating higher systematic risk, the stock presents a mixed signal. The fund's current holding is relatively small compared to its AUM and the stock's S&P 500 weight, suggesting limited active exposure. Considering the low risk tolerance and defensive investment style typical of insurance companies, any adjustment would likely be modest, possibly a slight reduction to align with the benchmark or manage risk exposure.","{""holding_log_delta"": -0.04}"
34,population,9,0.36699963300036703,0.5079994920005081,0.12499987500012501,EMN,EASTMAN CHEMICAL CO,924,NA,2017-07-01 00:00:00,80080,88.255528,0.7245533328788714,-0.1,0.8245533328788713,-0.8245533328788713,True,1,type_mean,0.0105116667264412,0.009015847914168,2.8059538271968374,0.9418271139458155,"
<think>Given the firm's moderate profitability and low asset growth, combined with a beta above 1 indicating higher systematic risk, the fund may reduce exposure to align with its low-risk profile and benchmark weight. The current holding is substantial relative to AUM and the stock's small S&P 500 weight, suggesting potential for a normalization towards a more modest allocation.</think>
<answer>
{""holding_log_delta"": -0.1}
</answer>","Given the firm's moderate profitability and low asset growth, combined with a beta above 1 indicating higher systematic risk, the fund may reduce exposure to align with its low-risk profile and benchmark weight. The current holding is substantial relative to AUM and the stock's small S&P 500 weight, suggesting potential for a normalization towards a more modest allocation.","{""holding_log_delta"": -0.1}"
34,population,10,0.38699961300038704,0.517999482000518,0.094999905000095,EMN,EASTMAN CHEMICAL CO,924,NA,2017-07-01 00:00:00,80080,88.255528,0.7245533328788714,-0.06,0.7845533328788714,-0.7845533328788714,True,1,type_mean,0.0105116667264412,0.009015847914168,2.8059538271968374,0.9418271139458155,"
<think>Given the firm's moderate profitability and low asset growth, combined with a beta above 1 indicating higher systematic risk, the fund may reduce exposure to align with its low-risk profile and benchmark weight. The current holding is substantial relative to AUM and the stock's small S&P 500 weight, suggesting potential for a normalization towards a more modest allocation.</think>
<answer>
{""holding_log_delta"": -0.06}
</answer>","Given the firm's moderate profitability and low asset growth, combined with a beta above 1 indicating higher systematic risk, the fund may reduce exposure to align with its low-risk profile and benchmark weight. The current holding is substantial relative to AUM and the stock's small S&P 500 weight, suggesting potential for a normalization towards a more modest allocation.","{""holding_log_delta"": -0.06}"
34,population,11,0.37699962300037704,0.537999462000538,0.08499991500008501,EMN,EASTMAN CHEMICAL CO,924,NA,2017-07-01 00:00:00,80080,88.255528,0.7245533328788714,-0.1,0.8245533328788713,-0.8245533328788713,True,1,type_mean,0.0105116667264412,0.009015847914168,2.8059538271968374,0.9418271139458155,"
<think>Given the firm's moderate profitability and low asset growth, combined with a beta above 1 indicating higher systematic risk, the fund may reduce exposure to align with its low-risk profile and benchmark weight. The current holding is substantial relative to AUM and the stock's small S&P 500 weight, suggesting potential for a normalization towards a more modest position.</think>
<answer>
{""holding_log_delta"": -0.1}
</answer>","Given the firm's moderate profitability and low asset growth, combined with a beta above 1 indicating higher systematic risk, the fund may reduce exposure to align with its low-risk profile and benchmark weight. The current holding is substantial relative to AUM and the stock's small S&P 500 weight, suggesting potential for a normalization towards a more modest position.","{""holding_log_delta"": -0.1}"
