generation,stage,candidate_idx,risk_aversion,herd_behavior,profit_driven,ticker,company,id,quarter,date,permno,holding_t,y_true,pred,abs_error,reward,valid,best_k,profile_strength_mode,x_risk_mean,x_herd_mean,x_profit_mean,overall_mean,raw_output,reason,answer_body
46,population,0,0.34999965000035,0.26999973000027006,0.37999962000038,,,913,NA,2016-04-01 00:00:00,93246,197.62677,0.08202204440925351,-0.02,0.10202204440925351,-0.10202204440925351,True,1,type_mean,0.0083004769074155,0.0070097321687576,0.0811969348655934,0.03216904798058883,"
<think>Given GNRC's current fundamentals, the firm has a moderate market capitalization relative to book equity and positive profitability, but negative asset growth and a beta near 1 suggest stable rather than aggressive expansion. The fund's current holding is substantial relative to its AUM, and the stock's very low S&P 500 weight indicates limited benchmark-driven pressure. With moderate risk and no strong directional signals from recent performance or volatility, a modest adjustment in line with the fund's overall scale and the stock's minimal benchmark importance is expected.</think>
<answer>
{""holding_log_delta"": -0.02}
</answer>","Given GNRC's current fundamentals, the firm has a moderate market capitalization relative to book equity and positive profitability, but negative asset growth and a beta near 1 suggest stable rather than aggressive expansion. The fund's current holding is substantial relative to its AUM, and the stock's very low S&P 500 weight indicates limited benchmark-driven pressure. With moderate risk and no strong directional signals from recent performance or volatility, a modest adjustment in line with the fund's overall scale and the stock's minimal benchmark importance is expected.","{""holding_log_delta"": -0.02}"
46,population,1,0.2978645032513684,0.33804754542887244,0.3640869513197653,,,913,NA,2016-04-01 00:00:00,93246,197.62677,0.08202204440925351,-0.03,0.11202204440925351,-0.11202204440925351,True,1,type_mean,0.0083004769074155,0.0070097321687576,0.0811969348655934,0.03216904798058883,"
<think>Given GNRC's current fundamentals, the firm has a moderate market capitalization relative to book equity and positive profitability, but negative asset growth and a beta near 1 suggest stable rather than aggressive expansion. The fund's current holding is small relative to its AUM and the stock's minimal S&P 500 weight, indicating limited benchmark-driven pressure. With low stock volatility and volume, and no strong signals of fundamental distress or growth, a modest adjustment in line with the stock's minor market role and the fund's existing low allocation is expected.</think>
<answer>
{""holding_log_delta"": -0.03}
</answer>","Given GNRC's current fundamentals, the firm has a moderate market capitalization relative to book equity and positive profitability, but negative asset growth and a beta near 1 suggest stable rather than aggressive expansion. The fund's current holding is small relative to its AUM and the stock's minimal S&P 500 weight, indicating limited benchmark-driven pressure. With low stock volatility and volume, and no strong signals of fundamental distress or growth, a modest adjustment in line with the stock's minor market role and the fund's existing low allocation is expected.","{""holding_log_delta"": -0.03}"
46,population,2,0.327864503068326,0.3080475456119149,0.3640869513197654,,,913,NA,2016-04-01 00:00:00,93246,197.62677,0.08202204440925351,-0.04,0.12202204440925352,-0.12202204440925352,True,1,type_mean,0.0083004769074155,0.0070097321687576,0.0811969348655934,0.03216904798058883,"
<think>Given GNRC's current fundamentals, the firm has a moderate market capitalization relative to book equity and positive profitability, but negative asset growth and a beta near 1 suggest stable rather than aggressive expansion. The fund's current holding is substantial relative to its AUM, and the stock's very low S&P 500 weight indicates limited benchmark-driven pressure. With moderate risk and low volatility, a modest adjustment to align with the fund's scale and the stock's minimal benchmark importance is expected, likely resulting in a small normalized log change.</think>
<answer>
{""holding_log_delta"": -0.04}
</answer>","Given GNRC's current fundamentals, the firm has a moderate market capitalization relative to book equity and positive profitability, but negative asset growth and a beta near 1 suggest stable rather than aggressive expansion. The fund's current holding is substantial relative to its AUM, and the stock's very low S&P 500 weight indicates limited benchmark-driven pressure. With moderate risk and low volatility, a modest adjustment to align with the fund's scale and the stock's minimal benchmark importance is expected, likely resulting in a small normalized log change.","{""holding_log_delta"": -0.04}"
46,population,3,0.32999967000033004,0.30999969000031,0.35999964000036,,,913,NA,2016-04-01 00:00:00,93246,197.62677,0.08202204440925351,-0.02,0.10202204440925351,-0.10202204440925351,True,1,type_mean,0.0083004769074155,0.0070097321687576,0.0811969348655934,0.03216904798058883,"
<think>Given GNRC's current fundamentals, the firm has a moderate market capitalization relative to book equity and positive profitability, but negative asset growth and a beta near 1 suggest stable rather than aggressive expansion. The fund's current holding is substantial relative to its AUM and the stock's S&P 500 weight, indicating a significant active position. With low stock volatility and moderate trading volume, the expected adjustment would likely be modest, possibly a slight reduction to align with the benchmark or manage concentration, given the neutral risk profile and the stock's already high weight.</think>
<answer>
{""holding_log_delta"": -0.02}
</answer>","Given GNRC's current fundamentals, the firm has a moderate market capitalization relative to book equity and positive profitability, but negative asset growth and a beta near 1 suggest stable rather than aggressive expansion. The fund's current holding is substantial relative to its AUM and the stock's S&P 500 weight, indicating a significant active position. With low stock volatility and moderate trading volume, the expected adjustment would likely be modest, possibly a slight reduction to align with the benchmark or manage concentration, given the neutral risk profile and the stock's already high weight.","{""holding_log_delta"": -0.02}"
46,population,4,0.32999967000033004,0.32999967000033004,0.33999966000034004,,,913,NA,2016-04-01 00:00:00,93246,197.62677,0.08202204440925351,-0.01,0.0920220444092535,-0.0920220444092535,True,1,type_mean,0.0083004769074155,0.0070097321687576,0.0811969348655934,0.03216904798058883,"
<think>Given GNRC's current fundamentals, the firm has a moderate market capitalization relative to book equity and positive profitability, but negative asset growth and a beta near 1 suggest stable rather than aggressive expansion. The fund's current holding is small relative to its AUM and the stock's minimal S&P 500 weight, indicating limited benchmark-driven pressure. With low stock volatility and volume, and no strong signals of fundamental distress or growth, a modest adjustment in line with the stock's minor market role and the fund's overall scale is expected.</think>
<answer>
{""holding_log_delta"": -0.01}
</answer>","Given GNRC's current fundamentals, the firm has a moderate market capitalization relative to book equity and positive profitability, but negative asset growth and a beta near 1 suggest stable rather than aggressive expansion. The fund's current holding is small relative to its AUM and the stock's minimal S&P 500 weight, indicating limited benchmark-driven pressure. With low stock volatility and volume, and no strong signals of fundamental distress or growth, a modest adjustment in line with the stock's minor market role and the fund's overall scale is expected.","{""holding_log_delta"": -0.01}"
46,population,5,0.32999967000033004,0.30999969000031,0.35999964000036,,,913,NA,2016-04-01 00:00:00,93246,197.62677,0.08202204440925351,-0.02,0.10202204440925351,-0.10202204440925351,True,1,type_mean,0.0083004769074155,0.0070097321687576,0.0811969348655934,0.03216904798058883,"
<think>Given GNRC's current fundamentals, the firm has a moderate market capitalization relative to book equity and positive profitability, but negative asset growth and a beta near 1 suggest stable rather than aggressive expansion. The fund's current holding is substantial relative to its AUM and the stock's S&P 500 weight, indicating a significant active position. With low stock volatility and moderate trading volume, the expected adjustment would likely be modest, possibly a slight reduction to align with the benchmark or manage concentration, given the neutral risk profile and the stock's already high weight.</think>
<answer>
{""holding_log_delta"": -0.02}
</answer>","Given GNRC's current fundamentals, the firm has a moderate market capitalization relative to book equity and positive profitability, but negative asset growth and a beta near 1 suggest stable rather than aggressive expansion. The fund's current holding is substantial relative to its AUM and the stock's S&P 500 weight, indicating a significant active position. With low stock volatility and moderate trading volume, the expected adjustment would likely be modest, possibly a slight reduction to align with the benchmark or manage concentration, given the neutral risk profile and the stock's already high weight.","{""holding_log_delta"": -0.02}"
46,population,6,0.327986533350548,0.3379255192096555,0.3340869535412105,,,913,NA,2016-04-01 00:00:00,93246,197.62677,0.08202204440925351,-0.01,0.0920220444092535,-0.0920220444092535,True,1,type_mean,0.0083004769074155,0.0070097321687576,0.0811969348655934,0.03216904798058883,"
<think>Given GNRC's current fundamentals, the firm has a moderate market capitalization relative to book equity and positive profitability, but negative asset growth and a beta near 1 suggest stable rather than aggressive expansion. The fund's current holding is substantial relative to its AUM, and the stock's very low S&P 500 weight indicates limited benchmark-driven pressure. With moderate risk and low volatility, a modest adjustment to align with the fund's scale and the stock's small benchmark weight is expected, likely resulting in a slight decrease or minimal change in the normalized log holding.</think>
<answer>
{""holding_log_delta"": -0.01}
</answer>","Given GNRC's current fundamentals, the firm has a moderate market capitalization relative to book equity and positive profitability, but negative asset growth and a beta near 1 suggest stable rather than aggressive expansion. The fund's current holding is substantial relative to its AUM, and the stock's very low S&P 500 weight indicates limited benchmark-driven pressure. With moderate risk and low volatility, a modest adjustment to align with the fund's scale and the stock's small benchmark weight is expected, likely resulting in a slight decrease or minimal change in the normalized log holding.","{""holding_log_delta"": -0.01}"
46,population,7,0.3068315531038686,0.2870295810410652,0.40613786585507616,,,913,NA,2016-04-01 00:00:00,93246,197.62677,0.08202204440925351,-0.03,0.11202204440925351,-0.11202204440925351,True,1,type_mean,0.0083004769074155,0.0070097321687576,0.0811969348655934,0.03216904798058883,"
<think>Given GNRC's current fundamentals, the firm has a moderate market capitalization relative to book equity and positive profitability, but negative asset growth and a beta near 1 suggest stable rather than aggressive expansion. The fund's current holding is small relative to its AUM and the stock's minimal S&P 500 weight, indicating limited benchmark-driven pressure. With low stock volatility and volume, and no strong signals of fundamental distress or momentum, a modest adjustment in line with the stock's minor market role and the fund's overall scale is expected.</think>
<answer>
{""holding_log_delta"": -0.03}
</answer>","Given GNRC's current fundamentals, the firm has a moderate market capitalization relative to book equity and positive profitability, but negative asset growth and a beta near 1 suggest stable rather than aggressive expansion. The fund's current holding is small relative to its AUM and the stock's minimal S&P 500 weight, indicating limited benchmark-driven pressure. With low stock volatility and volume, and no strong signals of fundamental distress or momentum, a modest adjustment in line with the stock's minor market role and the fund's overall scale is expected.","{""holding_log_delta"": -0.03}"
46,population,8,0.31683155300485477,0.27702958114007903,0.40613786585507616,,,913,NA,2016-04-01 00:00:00,93246,197.62677,0.08202204440925351,-0.04,0.12202204440925352,-0.12202204440925352,True,1,type_mean,0.0083004769074155,0.0070097321687576,0.0811969348655934,0.03216904798058883,"
<think>Given GNRC's current fundamentals, the firm has a moderate market capitalization relative to book equity and positive profitability, but negative asset growth and a beta near 1 suggest stable rather than aggressive expansion. The fund's current holding is substantial relative to its AUM, and the stock's very low S&P 500 weight indicates limited benchmark-driven pressure. With moderate risk and no strong directional signals from recent performance or volatility, a modest adjustment in line with the fund's overall scale and the stock's minimal benchmark importance is expected.</think>
<answer>
{""holding_log_delta"": -0.04}
</answer>","Given GNRC's current fundamentals, the firm has a moderate market capitalization relative to book equity and positive profitability, but negative asset growth and a beta near 1 suggest stable rather than aggressive expansion. The fund's current holding is substantial relative to its AUM, and the stock's very low S&P 500 weight indicates limited benchmark-driven pressure. With moderate risk and no strong directional signals from recent performance or volatility, a modest adjustment in line with the fund's overall scale and the stock's minimal benchmark importance is expected.","{""holding_log_delta"": -0.04}"
46,population,9,0.3168315561419266,0.29702958388305617,0.38613786987640436,,,913,NA,2016-04-01 00:00:00,93246,197.62677,0.08202204440925351,-0.04,0.12202204440925352,-0.12202204440925352,True,1,type_mean,0.0083004769074155,0.0070097321687576,0.0811969348655934,0.03216904798058883,"
<think>Given GNRC's current fundamentals, the firm has a moderate market capitalization relative to book equity and positive profitability, but negative asset growth and a beta near 1 suggest stable rather than aggressive expansion. The fund's current holding is small relative to its AUM and the stock's minimal S&P 500 weight, indicating limited benchmark-driven pressure. With low stock volatility and volume, and no strong signals of fundamental distress or growth, a modest adjustment in line with the stock's minor market role and the fund's existing low exposure is expected.</think>
<answer>
{""holding_log_delta"": -0.04}
</answer>","Given GNRC's current fundamentals, the firm has a moderate market capitalization relative to book equity and positive profitability, but negative asset growth and a beta near 1 suggest stable rather than aggressive expansion. The fund's current holding is small relative to its AUM and the stock's minimal S&P 500 weight, indicating limited benchmark-driven pressure. With low stock volatility and volume, and no strong signals of fundamental distress or growth, a modest adjustment in line with the stock's minor market role and the fund's existing low exposure is expected.","{""holding_log_delta"": -0.04}"
46,population,10,0.3478645050687631,0.31804754749144054,0.3340869535412106,,,913,NA,2016-04-01 00:00:00,93246,197.62677,0.08202204440925351,-0.02,0.10202204440925351,-0.10202204440925351,True,1,type_mean,0.0083004769074155,0.0070097321687576,0.0811969348655934,0.03216904798058883,"
<think>Given GNRC's current fundamentals, the firm has a moderate market capitalization relative to book equity and positive profitability, but negative asset growth and a beta near 1 suggest stable rather than aggressive expansion. The fund's current holding is small relative to its AUM and the stock's minimal S&P 500 weight, indicating limited benchmark-driven pressure. With low stock volatility and volume, and no strong signals of fundamental distress or growth, a modest adjustment in line with the stock's minor market role and the fund's existing low allocation is expected.</think>
<answer>
{""holding_log_delta"": -0.02}
</answer>","Given GNRC's current fundamentals, the firm has a moderate market capitalization relative to book equity and positive profitability, but negative asset growth and a beta near 1 suggest stable rather than aggressive expansion. The fund's current holding is small relative to its AUM and the stock's minimal S&P 500 weight, indicating limited benchmark-driven pressure. With low stock volatility and volume, and no strong signals of fundamental distress or growth, a modest adjustment in line with the stock's minor market role and the fund's existing low allocation is expected.","{""holding_log_delta"": -0.02}"
46,population,11,0.3068315531038686,0.29702958094205134,0.39613786595409006,,,913,NA,2016-04-01 00:00:00,93246,197.62677,0.08202204440925351,-0.01,0.0920220444092535,-0.0920220444092535,True,1,type_mean,0.0083004769074155,0.0070097321687576,0.0811969348655934,0.03216904798058883,"
<think>Given GNRC's current fundamentals, the firm has a moderate market capitalization relative to book equity and positive profitability, but negative asset growth and a beta near 1 suggest stable rather than high-growth characteristics. The fund's current holding is a small fraction of AUM, and the stock's very low S&P 500 weight indicates limited benchmark importance. With modest profitability and no strong growth signals, combined with the fund's existing low position relative to its scale, a minimal adjustment in holding is expected, likely a slight increase or decrease depending on minor valuation changes or trading volume effects.</think>
<answer>
{""holding_log_delta"": -0.01}
</answer>","Given GNRC's current fundamentals, the firm has a moderate market capitalization relative to book equity and positive profitability, but negative asset growth and a beta near 1 suggest stable rather than high-growth characteristics. The fund's current holding is a small fraction of AUM, and the stock's very low S&P 500 weight indicates limited benchmark importance. With modest profitability and no strong growth signals, combined with the fund's existing low position relative to its scale, a minimal adjustment in holding is expected, likely a slight increase or decrease depending on minor valuation changes or trading volume effects.","{""holding_log_delta"": -0.01}"
