generation,stage,candidate_idx,risk_aversion,herd_behavior,profit_driven,ticker,company,id,quarter,date,permno,holding_t,y_true,pred,abs_error,reward,valid,best_k,profile_strength_mode,x_risk_mean,x_herd_mean,x_profit_mean,overall_mean,raw_output,reason,answer_body
7,population,0,0.38739961260038747,0.5282994717005284,0.08429991570008431,AMGN,AMGEN INC,750,NA,2018-10-01 00:00:00,14008,1911.249018,-0.05834241557669482,-0.04,0.018342415576694818,-0.018342415576694818,True,1,type_mean,0.0105116667264412,0.009015847914168,2.8059538271968374,0.9418271139458155,"
<think>Given AMGN's current fundamentals, the company has a moderate market capitalization relative to book equity and positive profitability, but negative asset growth and a beta above 1 indicating higher systematic risk. The fund's current holding is substantial relative to its AUM and the stock's S&P 500 weight, suggesting a significant active position. Considering the fund's defensive profile and low risk tolerance, combined with the stock's elevated beta and recent negative asset growth, a modest reduction in holding might be expected to manage risk exposure while maintaining a benchmark-oriented allocation.</think>
<answer>
{""holding_log_delta"": -0.04}
</answer>","Given AMGN's current fundamentals, the company has a moderate market capitalization relative to book equity and positive profitability, but negative asset growth and a beta above 1 indicating higher systematic risk. The fund's current holding is substantial relative to its AUM and the stock's S&P 500 weight, suggesting a significant active position. Considering the fund's defensive profile and low risk tolerance, combined with the stock's elevated beta and recent negative asset growth, a modest reduction in holding might be expected to manage risk exposure while maintaining a benchmark-oriented allocation.","{""holding_log_delta"": -0.04}"
7,population,1,0.37739964309313706,0.5182995098441254,0.10429984706368328,AMGN,AMGEN INC,750,NA,2018-10-01 00:00:00,14008,1911.249018,-0.05834241557669482,-0.04,0.018342415576694818,-0.018342415576694818,True,1,type_mean,0.0105116667264412,0.009015847914168,2.8059538271968374,0.9418271139458155,"
<think>Given AMGN's current fundamentals, the company has a moderate market capitalization relative to book equity and positive profitability, but negative asset growth and a beta above 1 indicating higher systematic risk. The fund's current holding is substantial relative to its AUM and the stock's S&P 500 weight, suggesting a significant active position. Considering the fund's defensive profile and low risk tolerance, combined with the stock's elevated beta and recent negative asset growth, a modest reduction in holding might be expected to manage risk exposure while maintaining a benchmark-oriented allocation.</think>
<answer>
{""holding_log_delta"": -0.04}
</answer>","Given AMGN's current fundamentals, the company has a moderate market capitalization relative to book equity and positive profitability, but negative asset growth and a beta above 1 indicating higher systematic risk. The fund's current holding is substantial relative to its AUM and the stock's S&P 500 weight, suggesting a significant active position. Considering the fund's defensive profile and low risk tolerance, combined with the stock's elevated beta and recent negative asset growth, a modest reduction in holding might be expected to manage risk exposure while maintaining a benchmark-oriented allocation.","{""holding_log_delta"": -0.04}"
7,population,2,0.35739964260035745,0.5482994517005484,0.0942999057000943,AMGN,AMGEN INC,750,NA,2018-10-01 00:00:00,14008,1911.249018,-0.05834241557669482,-0.07,0.011657584423305188,-0.011657584423305188,True,1,type_mean,0.0105116667264412,0.009015847914168,2.8059538271968374,0.9418271139458155,"
<think>Given AMGN's current fundamentals, the company has a moderate market capitalization relative to book equity and positive profitability, but negative asset growth and a beta above 1 indicating higher systematic risk. The fund's current holding is substantial relative to AUM, and the stock's S&P 500 weight suggests it is a significant market component. Considering the fund's defensive profile and low risk tolerance, combined with the stock's elevated beta and recent negative asset growth, a modest reduction in holding might be expected to manage risk exposure while maintaining a meaningful position given its benchmark importance.</think>
<answer>
{""holding_log_delta"": -0.07}
</answer>","Given AMGN's current fundamentals, the company has a moderate market capitalization relative to book equity and positive profitability, but negative asset growth and a beta above 1 indicating higher systematic risk. The fund's current holding is substantial relative to AUM, and the stock's S&P 500 weight suggests it is a significant market component. Considering the fund's defensive profile and low risk tolerance, combined with the stock's elevated beta and recent negative asset growth, a modest reduction in holding might be expected to manage risk exposure while maintaining a meaningful position given its benchmark importance.","{""holding_log_delta"": -0.07}"
7,population,3,0.37739411440597026,0.6182805725204876,0.004324313074542126,AMGN,AMGEN INC,750,NA,2018-10-01 00:00:00,14008,1911.249018,-0.05834241557669482,-0.05,0.008342415576694816,-0.008342415576694816,True,1,type_mean,0.0105116667264412,0.009015847914168,2.8059538271968374,0.9418271139458155,"
<think>Given AMGN's current fundamentals, the company has a moderate market capitalization relative to book equity, positive profitability, and a negative growth in total assets, suggesting stable but not rapidly expanding operations. The fund's current holding is substantial relative to its AUM and the stock's S&P 500 weight, indicating a significant active position. Considering the fund's defensive style and low risk tolerance, combined with the stock's above-market beta and recent volatility, a modest reduction in holding might be expected to manage risk exposure while maintaining a meaningful allocation.</think>
<answer>
{""holding_log_delta"": -0.05}
</answer>","Given AMGN's current fundamentals, the company has a moderate market capitalization relative to book equity, positive profitability, and a negative growth in total assets, suggesting stable but not rapidly expanding operations. The fund's current holding is substantial relative to its AUM and the stock's S&P 500 weight, indicating a significant active position. Considering the fund's defensive style and low risk tolerance, combined with the stock's above-market beta and recent volatility, a modest reduction in holding might be expected to manage risk exposure while maintaining a meaningful allocation.","{""holding_log_delta"": -0.05}"
7,population,4,0.37739411440597026,0.6182805725204876,0.004324313074542126,AMGN,AMGEN INC,750,NA,2018-10-01 00:00:00,14008,1911.249018,-0.05834241557669482,-0.05,0.008342415576694816,-0.008342415576694816,True,1,type_mean,0.0105116667264412,0.009015847914168,2.8059538271968374,0.9418271139458155,"
<think>Given AMGN's current fundamentals, the company has a moderate market capitalization relative to book equity, positive profitability, and a negative growth in total assets, suggesting stable but not rapidly expanding operations. The fund's current holding is substantial relative to its AUM and the stock's S&P 500 weight, indicating a significant active position. Considering the fund's defensive style and low risk tolerance, combined with the stock's above-market beta and recent volatility, a modest reduction in holding might be expected to manage risk exposure while maintaining a meaningful allocation.</think>
<answer>
{""holding_log_delta"": -0.05}
</answer>","Given AMGN's current fundamentals, the company has a moderate market capitalization relative to book equity, positive profitability, and a negative growth in total assets, suggesting stable but not rapidly expanding operations. The fund's current holding is substantial relative to its AUM and the stock's S&P 500 weight, indicating a significant active position. Considering the fund's defensive style and low risk tolerance, combined with the stock's above-market beta and recent volatility, a modest reduction in holding might be expected to manage risk exposure while maintaining a meaningful allocation.","{""holding_log_delta"": -0.05}"
7,population,5,0.37739411440597026,0.6182805725204876,0.004324313074542126,AMGN,AMGEN INC,750,NA,2018-10-01 00:00:00,14008,1911.249018,-0.05834241557669482,-0.05,0.008342415576694816,-0.008342415576694816,True,1,type_mean,0.0105116667264412,0.009015847914168,2.8059538271968374,0.9418271139458155,"
<think>Given AMGN's current fundamentals, the company has a moderate market capitalization relative to book equity, positive profitability, and a negative growth in total assets, suggesting stable but not rapidly expanding operations. The fund's current holding is substantial relative to its AUM and the stock's S&P 500 weight, indicating a significant active position. Considering the fund's defensive style and low risk tolerance, combined with the stock's above-market beta and recent volatility, a modest reduction in holding might be expected to manage risk exposure while maintaining a meaningful allocation.</think>
<answer>
{""holding_log_delta"": -0.05}
</answer>","Given AMGN's current fundamentals, the company has a moderate market capitalization relative to book equity, positive profitability, and a negative growth in total assets, suggesting stable but not rapidly expanding operations. The fund's current holding is substantial relative to its AUM and the stock's S&P 500 weight, indicating a significant active position. Considering the fund's defensive style and low risk tolerance, combined with the stock's above-market beta and recent volatility, a modest reduction in holding might be expected to manage risk exposure while maintaining a meaningful allocation.","{""holding_log_delta"": -0.05}"
7,population,6,0.39239960760039244,0.5682994317005684,0.039299960700039306,AMGN,AMGEN INC,750,NA,2018-10-01 00:00:00,14008,1911.249018,-0.05834241557669482,-0.04,0.018342415576694818,-0.018342415576694818,True,1,type_mean,0.0105116667264412,0.009015847914168,2.8059538271968374,0.9418271139458155,"
<think>Given AMGN's current fundamentals, the company has a moderate market capitalization relative to book equity and positive profitability, but negative asset growth and a beta above 1 indicating higher systematic risk. The fund's current holding is substantial relative to its AUM and the stock's S&P 500 weight, suggesting a significant active position. Considering the fund's defensive profile and low risk tolerance, combined with the stock's elevated beta and recent negative asset growth, a modest reduction in holding might be expected to manage risk exposure while maintaining a benchmark-oriented allocation.</think>
<answer>
{""holding_log_delta"": -0.04}
</answer>","Given AMGN's current fundamentals, the company has a moderate market capitalization relative to book equity and positive profitability, but negative asset growth and a beta above 1 indicating higher systematic risk. The fund's current holding is substantial relative to its AUM and the stock's S&P 500 weight, suggesting a significant active position. Considering the fund's defensive profile and low risk tolerance, combined with the stock's elevated beta and recent negative asset growth, a modest reduction in holding might be expected to manage risk exposure while maintaining a benchmark-oriented allocation.","{""holding_log_delta"": -0.04}"
7,population,7,0.37739962260037746,0.5382994617005383,0.08429991570008431,AMGN,AMGEN INC,750,NA,2018-10-01 00:00:00,14008,1911.249018,-0.05834241557669482,-0.04,0.018342415576694818,-0.018342415576694818,True,1,type_mean,0.0105116667264412,0.009015847914168,2.8059538271968374,0.9418271139458155,"
<think>Given AMGN's current fundamentals, the company has a moderate market capitalization relative to book equity and positive profitability, but negative asset growth and a beta above 1 indicating higher systematic risk. The fund's current holding is substantial relative to its AUM and the stock's S&P 500 weight, suggesting a significant active position. Considering the fund's defensive profile and low risk tolerance, combined with the stock's elevated beta and recent negative asset growth, a modest reduction in holding might be expected to manage risk exposure while maintaining a benchmark-oriented allocation.</think>
<answer>
{""holding_log_delta"": -0.04}
</answer>","Given AMGN's current fundamentals, the company has a moderate market capitalization relative to book equity and positive profitability, but negative asset growth and a beta above 1 indicating higher systematic risk. The fund's current holding is substantial relative to its AUM and the stock's S&P 500 weight, suggesting a significant active position. Considering the fund's defensive profile and low risk tolerance, combined with the stock's elevated beta and recent negative asset growth, a modest reduction in holding might be expected to manage risk exposure while maintaining a benchmark-oriented allocation.","{""holding_log_delta"": -0.04}"
7,population,8,0.38432145840565984,0.5812052729057785,0.034472263663827385,AMGN,AMGEN INC,750,NA,2018-10-01 00:00:00,14008,1911.249018,-0.05834241557669482,-0.04,0.018342415576694818,-0.018342415576694818,True,1,type_mean,0.0105116667264412,0.009015847914168,2.8059538271968374,0.9418271139458155,"
<think>Given AMGN's current fundamentals, the company has a moderate market capitalization relative to book equity and positive profitability, but negative asset growth and a beta above 1 indicating higher systematic risk. The fund's current holding is substantial relative to its AUM and the stock's S&P 500 weight, suggesting a significant active position. Considering the fund's defensive profile and low risk tolerance, combined with the stock's elevated beta and recent negative asset growth, a modest reduction in holding might be expected to manage risk exposure while maintaining a benchmark-oriented allocation.</think>
<answer>
{""holding_log_delta"": -0.04}
</answer>","Given AMGN's current fundamentals, the company has a moderate market capitalization relative to book equity and positive profitability, but negative asset growth and a beta above 1 indicating higher systematic risk. The fund's current holding is substantial relative to its AUM and the stock's S&P 500 weight, suggesting a significant active position. Considering the fund's defensive profile and low risk tolerance, combined with the stock's elevated beta and recent negative asset growth, a modest reduction in holding might be expected to manage risk exposure while maintaining a benchmark-oriented allocation.","{""holding_log_delta"": -0.04}"
7,population,9,0.4023995976004024,0.5482994517005484,0.0492999507000493,AMGN,AMGEN INC,750,NA,2018-10-01 00:00:00,14008,1911.249018,-0.05834241557669482,-0.08,0.021657584423305183,-0.021657584423305183,True,1,type_mean,0.0105116667264412,0.009015847914168,2.8059538271968374,0.9418271139458155,"
<think>Given AMGN's current fundamentals, the company has a moderate market capitalization relative to book equity and positive profitability, but negative asset growth and a beta above 1 indicating higher systematic risk. The fund's current holding is substantial relative to its AUM and the stock's S&P 500 weight, suggesting a significant active position. Considering the high beta and negative asset growth, along with the fund's defensive profile and low risk tolerance, a reduction in the holding might be expected to manage risk exposure, leading to a negative normalized log change.</think>
<answer>
{""holding_log_delta"": -0.08}
</answer>","Given AMGN's current fundamentals, the company has a moderate market capitalization relative to book equity and positive profitability, but negative asset growth and a beta above 1 indicating higher systematic risk. The fund's current holding is substantial relative to its AUM and the stock's S&P 500 weight, suggesting a significant active position. Considering the high beta and negative asset growth, along with the fund's defensive profile and low risk tolerance, a reduction in the holding might be expected to manage risk exposure, leading to a negative normalized log change.","{""holding_log_delta"": -0.08}"
7,population,10,0.3973996026003974,0.5182994817005183,0.08429991570008431,AMGN,AMGEN INC,750,NA,2018-10-01 00:00:00,14008,1911.249018,-0.05834241557669482,-0.05,0.008342415576694816,-0.008342415576694816,True,1,type_mean,0.0105116667264412,0.009015847914168,2.8059538271968374,0.9418271139458155,"
<think>Given AMGN's current fundamentals, the company has a moderate market capitalization relative to book equity and positive profitability, but negative asset growth and a beta above 1 indicating higher systematic risk. The fund's current holding is substantial relative to its AUM and the stock's S&P 500 weight, suggesting a significant active position. Considering the fund's defensive profile and low risk tolerance, combined with the stock's elevated beta and recent negative asset growth, a modest reduction in holding might be expected to manage risk exposure while maintaining a benchmark-oriented allocation.</think>
<answer>
{""holding_log_delta"": -0.05}
</answer>","Given AMGN's current fundamentals, the company has a moderate market capitalization relative to book equity and positive profitability, but negative asset growth and a beta above 1 indicating higher systematic risk. The fund's current holding is substantial relative to its AUM and the stock's S&P 500 weight, suggesting a significant active position. Considering the fund's defensive profile and low risk tolerance, combined with the stock's elevated beta and recent negative asset growth, a modest reduction in holding might be expected to manage risk exposure while maintaining a benchmark-oriented allocation.","{""holding_log_delta"": -0.05}"
7,population,11,0.4073995926004074,0.48829951170048835,0.10429989570010431,AMGN,AMGEN INC,750,NA,2018-10-01 00:00:00,14008,1911.249018,-0.05834241557669482,-0.04,0.018342415576694818,-0.018342415576694818,True,1,type_mean,0.0105116667264412,0.009015847914168,2.8059538271968374,0.9418271139458155,"
<think>Given AMGN's current fundamentals, the company has a moderate market capitalization relative to book equity and positive profitability, but negative asset growth and a beta above 1 indicating higher systematic risk. The fund's current holding is substantial relative to its AUM and the stock's S&P 500 weight, suggesting a significant active position. Considering the fund's defensive profile and low risk tolerance, combined with the stock's elevated beta and recent negative asset growth, a modest reduction in holding might be expected to manage risk exposure while maintaining a benchmark-oriented allocation.</think>
<answer>
{""holding_log_delta"": -0.04}
</answer>","Given AMGN's current fundamentals, the company has a moderate market capitalization relative to book equity and positive profitability, but negative asset growth and a beta above 1 indicating higher systematic risk. The fund's current holding is substantial relative to its AUM and the stock's S&P 500 weight, suggesting a significant active position. Considering the fund's defensive profile and low risk tolerance, combined with the stock's elevated beta and recent negative asset growth, a modest reduction in holding might be expected to manage risk exposure while maintaining a benchmark-oriented allocation.","{""holding_log_delta"": -0.04}"
