generation,stage,candidate_idx,risk_aversion,herd_behavior,profit_driven,ticker,company,id,quarter,date,permno,holding_t,y_true,pred,abs_error,reward,valid,best_k,profile_strength_mode,x_risk_mean,x_herd_mean,x_profit_mean,overall_mean,raw_output,reason,answer_body
66,population,0,0.537999462000538,0.24999975000025002,0.21199978800021202,PFG,PRINCIPAL FINANCIAL GROUP INC,334,NA,2016-01-01 00:00:00,89195,3110.387497,-0.011905022591195294,-0.04,0.028094977408804706,-0.028094977408804706,True,1,type_mean,0.0082565895035254,0.0069532062192367,0.2194993243101532,0.0782363733443051,"
<think>Given the firm's moderate profitability and negative asset growth, combined with a high beta indicating above-market risk, the stock may be viewed as a higher-risk holding. The fund's current position is relatively small compared to its AUM and the stock's S&P 500 weight, suggesting limited active exposure. Considering the high stock volatility and the fund's medium turnover constraint, a modest reduction in holding might be expected to manage risk exposure, though the magnitude would likely be tempered by the stock's low benchmark weight.</think>
<answer>
{""holding_log_delta"": -0.04}
</answer>","Given the firm's moderate profitability and negative asset growth, combined with a high beta indicating above-market risk, the stock may be viewed as a higher-risk holding. The fund's current position is relatively small compared to its AUM and the stock's S&P 500 weight, suggesting limited active exposure. Considering the high stock volatility and the fund's medium turnover constraint, a modest reduction in holding might be expected to manage risk exposure, though the magnitude would likely be tempered by the stock's low benchmark weight.","{""holding_log_delta"": -0.04}"
66,population,1,0.512998944001086,0.24999951000047999,0.23700054599943401,PFG,PRINCIPAL FINANCIAL GROUP INC,334,NA,2016-01-01 00:00:00,89195,3110.387497,-0.011905022591195294,-0.04,0.028094977408804706,-0.028094977408804706,True,1,type_mean,0.0082565895035254,0.0069532062192367,0.2194993243101532,0.0782363733443051,"
<think>Given the firm's moderate profitability and negative asset growth, alongside a high beta indicating above-market risk, the stock may be viewed as a higher-risk holding. The fund's current position is relatively small compared to its AUM and the stock's S&P 500 weight, suggesting limited active exposure. Considering the high stock volatility and the fund's medium turnover constraint, a modest reduction in holding might be expected to manage risk exposure, though the magnitude would likely be tempered by the stock's low benchmark weight.</think>
<answer>
{""holding_log_delta"": -0.04}
</answer>","Given the firm's moderate profitability and negative asset growth, alongside a high beta indicating above-market risk, the stock may be viewed as a higher-risk holding. The fund's current position is relatively small compared to its AUM and the stock's S&P 500 weight, suggesting limited active exposure. Considering the high stock volatility and the fund's medium turnover constraint, a modest reduction in holding might be expected to manage risk exposure, though the magnitude would likely be tempered by the stock's low benchmark weight.","{""holding_log_delta"": -0.04}"
66,population,2,0.5379994570000051,0.244999759999995,0.216999783,PFG,PRINCIPAL FINANCIAL GROUP INC,334,NA,2016-01-01 00:00:00,89195,3110.387497,-0.011905022591195294,-0.04,0.028094977408804706,-0.028094977408804706,True,1,type_mean,0.0082565895035254,0.0069532062192367,0.2194993243101532,0.0782363733443051,"
<think>Given the firm's moderate profitability and negative asset growth, combined with a high beta indicating above-market risk, the stock may be viewed as a higher-risk holding. The fund's current position is relatively small compared to its AUM and the stock's S&P 500 weight, suggesting limited active exposure. Considering the high stock volatility and the fund's medium turnover constraint, a modest reduction in holding might be expected to manage risk exposure, though the magnitude would likely be tempered by the stock's low benchmark weight.</think>
<answer>
{""holding_log_delta"": -0.04}
</answer>","Given the firm's moderate profitability and negative asset growth, combined with a high beta indicating above-market risk, the stock may be viewed as a higher-risk holding. The fund's current position is relatively small compared to its AUM and the stock's S&P 500 weight, suggesting limited active exposure. Considering the high stock volatility and the fund's medium turnover constraint, a modest reduction in holding might be expected to manage risk exposure, though the magnitude would likely be tempered by the stock's low benchmark weight.","{""holding_log_delta"": -0.04}"
66,population,3,0.5619994380005621,0.244999755000245,0.192999807000193,PFG,PRINCIPAL FINANCIAL GROUP INC,334,NA,2016-01-01 00:00:00,89195,3110.387497,-0.011905022591195294,-0.04,0.028094977408804706,-0.028094977408804706,True,1,type_mean,0.0082565895035254,0.0069532062192367,0.2194993243101532,0.0782363733443051,"
<think>Given the firm's moderate profitability and negative asset growth, combined with a high beta indicating above-market risk, the stock may be viewed as a higher-risk holding. The fund's current position is relatively small compared to its AUM and the stock's S&P 500 weight, suggesting limited active exposure. Considering the high stock volatility and the fund's medium turnover constraint, a modest reduction in holding might be expected to manage risk exposure, though the magnitude would likely be tempered by the stock's low benchmark weight.</think>
<answer>
{""holding_log_delta"": -0.04}
</answer>","Given the firm's moderate profitability and negative asset growth, combined with a high beta indicating above-market risk, the stock may be viewed as a higher-risk holding. The fund's current position is relatively small compared to its AUM and the stock's S&P 500 weight, suggesting limited active exposure. Considering the high stock volatility and the fund's medium turnover constraint, a modest reduction in holding might be expected to manage risk exposure, though the magnitude would likely be tempered by the stock's low benchmark weight.","{""holding_log_delta"": -0.04}"
66,population,4,0.5429994570005431,0.244999755000245,0.21199978800021202,PFG,PRINCIPAL FINANCIAL GROUP INC,334,NA,2016-01-01 00:00:00,89195,3110.387497,-0.011905022591195294,-0.05,0.03809497740880471,-0.03809497740880471,True,1,type_mean,0.0082565895035254,0.0069532062192367,0.2194993243101532,0.0782363733443051,"
<think>Given the firm's moderate profitability and negative asset growth, combined with a high beta indicating above-market risk, the stock may be viewed as a higher-risk holding. The fund's current position is relatively small compared to its AUM and the stock's S&P 500 weight, suggesting limited active exposure. Considering the high stock volatility and the fund's medium turnover constraint, a modest reduction in holding might be expected to manage risk exposure, though the magnitude would likely be tempered by the stock's low benchmark weight.</think>
<answer>
{""holding_log_delta"": -0.05}
</answer>","Given the firm's moderate profitability and negative asset growth, combined with a high beta indicating above-market risk, the stock may be viewed as a higher-risk holding. The fund's current position is relatively small compared to its AUM and the stock's S&P 500 weight, suggesting limited active exposure. Considering the high stock volatility and the fund's medium turnover constraint, a modest reduction in holding might be expected to manage risk exposure, though the magnitude would likely be tempered by the stock's low benchmark weight.","{""holding_log_delta"": -0.05}"
66,population,5,0.5488423822113381,0.22273464290261522,0.22842196478503657,PFG,PRINCIPAL FINANCIAL GROUP INC,334,NA,2016-01-01 00:00:00,89195,3110.387497,-0.011905022591195294,-0.04,0.028094977408804706,-0.028094977408804706,True,1,type_mean,0.0082565895035254,0.0069532062192367,0.2194993243101532,0.0782363733443051,"
<think>Given the firm's moderate profitability and negative asset growth, combined with a high beta indicating above-market risk, the stock may be viewed as a higher-risk holding. The fund's current position is relatively small compared to its AUM and the stock's S&P 500 weight, suggesting limited active exposure. Considering the high stock volatility and the fund's medium turnover constraint, a modest reduction in holding might be expected to manage risk exposure, though the magnitude would likely be tempered by the stock's low benchmark weight.</think>
<answer>
{""holding_log_delta"": -0.04}
</answer>","Given the firm's moderate profitability and negative asset growth, combined with a high beta indicating above-market risk, the stock may be viewed as a higher-risk holding. The fund's current position is relatively small compared to its AUM and the stock's S&P 500 weight, suggesting limited active exposure. Considering the high stock volatility and the fund's medium turnover constraint, a modest reduction in holding might be expected to manage risk exposure, though the magnitude would likely be tempered by the stock's low benchmark weight.","{""holding_log_delta"": -0.04}"
66,population,6,0.5329989240010861,0.21999954000048,0.247000535999434,PFG,PRINCIPAL FINANCIAL GROUP INC,334,NA,2016-01-01 00:00:00,89195,3110.387497,-0.011905022591195294,-0.04,0.028094977408804706,-0.028094977408804706,True,1,type_mean,0.0082565895035254,0.0069532062192367,0.2194993243101532,0.0782363733443051,"
<think>Given the firm's moderate profitability and negative asset growth, combined with a high beta indicating above-market risk, the stock may be viewed as a higher-risk holding. The fund's current position is relatively small compared to its AUM and the stock's S&P 500 weight, suggesting limited active exposure. Considering the high stock volatility and the fund's medium turnover constraint, a modest reduction in holding might be expected to manage risk exposure, though the magnitude would likely be tempered by the stock's low benchmark weight.</think>
<answer>
{""holding_log_delta"": -0.04}
</answer>","Given the firm's moderate profitability and negative asset growth, combined with a high beta indicating above-market risk, the stock may be viewed as a higher-risk holding. The fund's current position is relatively small compared to its AUM and the stock's S&P 500 weight, suggesting limited active exposure. Considering the high stock volatility and the fund's medium turnover constraint, a modest reduction in holding might be expected to manage risk exposure, though the magnitude would likely be tempered by the stock's low benchmark weight.","{""holding_log_delta"": -0.04}"
66,population,7,0.5429994570000001,0.22999976000001,0.22699978299999002,PFG,PRINCIPAL FINANCIAL GROUP INC,334,NA,2016-01-01 00:00:00,89195,3110.387497,-0.011905022591195294,-0.04,0.028094977408804706,-0.028094977408804706,True,1,type_mean,0.0082565895035254,0.0069532062192367,0.2194993243101532,0.0782363733443051,"
<think>Given the firm's moderate profitability and negative asset growth, combined with a high beta indicating above-market risk, the stock may be viewed as a higher-risk holding. The fund's current position is relatively small compared to its AUM and the stock's S&P 500 weight, suggesting limited active exposure. Considering the high stock volatility and the fund's medium turnover constraint, a modest reduction in holding might be expected to manage risk exposure, though the magnitude would likely be tempered by the stock's low benchmark weight.</think>
<answer>
{""holding_log_delta"": -0.04}
</answer>","Given the firm's moderate profitability and negative asset growth, combined with a high beta indicating above-market risk, the stock may be viewed as a higher-risk holding. The fund's current position is relatively small compared to its AUM and the stock's S&P 500 weight, suggesting limited active exposure. Considering the high stock volatility and the fund's medium turnover constraint, a modest reduction in holding might be expected to manage risk exposure, though the magnitude would likely be tempered by the stock's low benchmark weight.","{""holding_log_delta"": -0.04}"
66,population,8,0.5429994570005431,0.23999976000024,0.21699978300021702,PFG,PRINCIPAL FINANCIAL GROUP INC,334,NA,2016-01-01 00:00:00,89195,3110.387497,-0.011905022591195294,-0.04,0.028094977408804706,-0.028094977408804706,True,1,type_mean,0.0082565895035254,0.0069532062192367,0.2194993243101532,0.0782363733443051,"
<think>Given the firm's moderate profitability and negative asset growth, combined with a high beta indicating above-market risk, the stock may be viewed as a higher-risk holding. The fund's current position is relatively small compared to its AUM and the stock's S&P 500 weight, suggesting limited active exposure. Considering the high stock volatility and the fund's medium turnover constraint, a modest reduction in holding might be expected to manage risk exposure, though the magnitude would likely be tempered by the stock's low benchmark weight.</think>
<answer>
{""holding_log_delta"": -0.04}
</answer>","Given the firm's moderate profitability and negative asset growth, combined with a high beta indicating above-market risk, the stock may be viewed as a higher-risk holding. The fund's current position is relatively small compared to its AUM and the stock's S&P 500 weight, suggesting limited active exposure. Considering the high stock volatility and the fund's medium turnover constraint, a modest reduction in holding might be expected to manage risk exposure, though the magnitude would likely be tempered by the stock's low benchmark weight.","{""holding_log_delta"": -0.04}"
66,population,9,0.5479994520005481,0.254999745000255,0.19699980300019704,PFG,PRINCIPAL FINANCIAL GROUP INC,334,NA,2016-01-01 00:00:00,89195,3110.387497,-0.011905022591195294,-0.04,0.028094977408804706,-0.028094977408804706,True,1,type_mean,0.0082565895035254,0.0069532062192367,0.2194993243101532,0.0782363733443051,"
<think>Given the firm's moderate profitability and negative asset growth, combined with a high beta indicating above-market risk, the stock may be viewed as a higher-risk holding. The fund's current position is relatively small compared to its AUM and the stock's S&P 500 weight, suggesting limited active exposure. Considering the high stock volatility and the fund's medium turnover constraint, a modest reduction in holding might be expected to manage risk exposure, though the magnitude would likely be tempered by the stock's low benchmark weight.</think>
<answer>
{""holding_log_delta"": -0.04}
</answer>","Given the firm's moderate profitability and negative asset growth, combined with a high beta indicating above-market risk, the stock may be viewed as a higher-risk holding. The fund's current position is relatively small compared to its AUM and the stock's S&P 500 weight, suggesting limited active exposure. Considering the high stock volatility and the fund's medium turnover constraint, a modest reduction in holding might be expected to manage risk exposure, though the magnitude would likely be tempered by the stock's low benchmark weight.","{""holding_log_delta"": -0.04}"
66,population,10,0.5333539583892248,0.2605072964735891,0.20613774513718625,PFG,PRINCIPAL FINANCIAL GROUP INC,334,NA,2016-01-01 00:00:00,89195,3110.387497,-0.011905022591195294,-0.04,0.028094977408804706,-0.028094977408804706,True,1,type_mean,0.0082565895035254,0.0069532062192367,0.2194993243101532,0.0782363733443051,"
<think>Given the firm's moderate profitability and negative asset growth, combined with a high beta indicating above-market risk, the stock may be viewed as a higher-risk holding. The fund's current position is relatively small compared to its AUM and the stock's S&P 500 weight, suggesting limited active exposure. Considering the high stock volatility and the fund's medium turnover constraint, a modest reduction in holding might be expected to manage risk exposure, though the magnitude would likely be tempered by the stock's low benchmark weight.</think>
<answer>
{""holding_log_delta"": -0.04}
</answer>","Given the firm's moderate profitability and negative asset growth, combined with a high beta indicating above-market risk, the stock may be viewed as a higher-risk holding. The fund's current position is relatively small compared to its AUM and the stock's S&P 500 weight, suggesting limited active exposure. Considering the high stock volatility and the fund's medium turnover constraint, a modest reduction in holding might be expected to manage risk exposure, though the magnitude would likely be tempered by the stock's low benchmark weight.","{""holding_log_delta"": -0.04}"
66,population,11,0.5529994470005531,0.23999976000024,0.20699979300020702,PFG,PRINCIPAL FINANCIAL GROUP INC,334,NA,2016-01-01 00:00:00,89195,3110.387497,-0.011905022591195294,-0.04,0.028094977408804706,-0.028094977408804706,True,1,type_mean,0.0082565895035254,0.0069532062192367,0.2194993243101532,0.0782363733443051,"
<think>Given the firm's moderate profitability and negative asset growth, combined with a high beta indicating above-market risk, the stock may be viewed as a higher-risk holding. The fund's current position is relatively small compared to its AUM and the stock's S&P 500 weight, suggesting limited active exposure. Considering the high stock volatility and the fund's medium turnover constraint, a modest reduction in holding might be expected to manage risk exposure, though the magnitude would likely be tempered by the stock's low benchmark weight.</think>
<answer>
{""holding_log_delta"": -0.04}
</answer>","Given the firm's moderate profitability and negative asset growth, combined with a high beta indicating above-market risk, the stock may be viewed as a higher-risk holding. The fund's current position is relatively small compared to its AUM and the stock's S&P 500 weight, suggesting limited active exposure. Considering the high stock volatility and the fund's medium turnover constraint, a modest reduction in holding might be expected to manage risk exposure, though the magnitude would likely be tempered by the stock's low benchmark weight.","{""holding_log_delta"": -0.04}"
