generation,stage,candidate_idx,risk_aversion,herd_behavior,profit_driven,ticker,company,id,quarter,date,permno,holding_t,y_true,pred,abs_error,reward,valid,best_k,profile_strength_mode,x_risk_mean,x_herd_mean,x_profit_mean,overall_mean,raw_output,reason,answer_body
28,population,0,0.3069305228898734,0.3069305228898734,0.3861379641217923,,,804,NA,2019-04-01 00:00:00,64936,7799.154786,0.08437180600640819,-0.03,0.11437180600640819,-0.11437180600640819,True,1,type_mean,0.0083004769074155,0.0070097321687576,0.0811969348655934,0.03216904798058883,"
<think>Given Dominion Energy's strong profitability (profit=0.1877) and low beta (0.2027), the stock appears fundamentally sound with low systematic risk. The fund's current holding is substantial relative to its AUM, and the stock's low S&P 500 weight suggests limited benchmark-driven pressure. With positive fundamentals and low volatility, a modest increase in holding might be expected to align with the firm's growth orientation, but the high existing position and low turnover constraint may limit the magnitude.</think>
<answer>
{""holding_log_delta"": -0.03}
</answer>","Given Dominion Energy's strong profitability (profit=0.1877) and low beta (0.2027), the stock appears fundamentally sound with low systematic risk. The fund's current holding is substantial relative to its AUM, and the stock's low S&P 500 weight suggests limited benchmark-driven pressure. With positive fundamentals and low volatility, a modest increase in holding might be expected to align with the firm's growth orientation, but the high existing position and low turnover constraint may limit the magnitude.","{""holding_log_delta"": -0.03}"
28,population,1,0.28999979030112744,0.2699998047631187,0.43999940493647705,,,804,NA,2019-04-01 00:00:00,64936,7799.154786,0.08437180600640819,-0.01,0.09437180600640818,-0.09437180600640818,True,1,type_mean,0.0083004769074155,0.0070097321687576,0.0811969348655934,0.03216904798058883,"
<think>Given Dominion Energy's strong profitability (profit=0.1877) and low beta (0.2027), the stock appears fundamentally sound with low systematic risk. The fund's current holding is substantial relative to its AUM, and the stock's S&P 500 weight suggests it is a significant market component. With positive fundamentals and low volatility, a modest increase in the normalized log holding might be expected to align with the benchmark weight, though the high existing position may limit the magnitude of any adjustment.</think>
<answer>
{""holding_log_delta"": -0.01}
</answer>","Given Dominion Energy's strong profitability (profit=0.1877) and low beta (0.2027), the stock appears fundamentally sound with low systematic risk. The fund's current holding is substantial relative to its AUM, and the stock's S&P 500 weight suggests it is a significant market component. With positive fundamentals and low volatility, a modest increase in the normalized log holding might be expected to align with the benchmark weight, though the high existing position may limit the magnitude of any adjustment.","{""holding_log_delta"": -0.01}"
28,population,2,0.33999952159912217,0.26999978661886426,0.3899996917828039,,,804,NA,2019-04-01 00:00:00,64936,7799.154786,0.08437180600640819,-0.03,0.11437180600640819,-0.11437180600640819,True,1,type_mean,0.0083004769074155,0.0070097321687576,0.0811969348655934,0.03216904798058883,"
<think>Given Dominion Energy's strong profitability (profit=0.1877) and low beta (0.2027), it appears fundamentally sound with low systematic risk. The fund's current holding is substantial relative to its AUM, and the stock's low S&P 500 weight suggests it is not a major benchmark component. With high profitability and low volatility, a modest increase in holding might be expected to align with the positive fundamentals, but the already significant position and low benchmark weight may limit the magnitude of any adjustment.</think>
<answer>
{""holding_log_delta"": -0.03}
</answer>","Given Dominion Energy's strong profitability (profit=0.1877) and low beta (0.2027), it appears fundamentally sound with low systematic risk. The fund's current holding is substantial relative to its AUM, and the stock's low S&P 500 weight suggests it is not a major benchmark component. With high profitability and low volatility, a modest increase in holding might be expected to align with the positive fundamentals, but the already significant position and low benchmark weight may limit the magnitude of any adjustment.","{""holding_log_delta"": -0.03}"
28,population,3,0.33999952159912217,0.26999978661886426,0.3899996917828039,,,804,NA,2019-04-01 00:00:00,64936,7799.154786,0.08437180600640819,-0.03,0.11437180600640819,-0.11437180600640819,True,1,type_mean,0.0083004769074155,0.0070097321687576,0.0811969348655934,0.03216904798058883,"
<think>Given Dominion Energy's strong profitability (profit=0.1877) and low beta (0.2027), it appears fundamentally sound with low systematic risk. The fund's current holding is substantial relative to its AUM, and the stock's low S&P 500 weight suggests it is not a major benchmark component. With high profitability and low volatility, a modest increase in holding might be expected to align with the positive fundamentals, but the already significant position and low benchmark weight may limit the magnitude of any adjustment.</think>
<answer>
{""holding_log_delta"": -0.03}
</answer>","Given Dominion Energy's strong profitability (profit=0.1877) and low beta (0.2027), it appears fundamentally sound with low systematic risk. The fund's current holding is substantial relative to its AUM, and the stock's low S&P 500 weight suggests it is not a major benchmark component. With high profitability and low volatility, a modest increase in holding might be expected to align with the positive fundamentals, but the already significant position and low benchmark weight may limit the magnitude of any adjustment.","{""holding_log_delta"": -0.03}"
28,population,4,0.2899997666188834,0.3199995472392851,0.38999968614263636,,,804,NA,2019-04-01 00:00:00,64936,7799.154786,0.08437180600640819,-0.04,0.12437180600640818,-0.12437180600640818,True,1,type_mean,0.0083004769074155,0.0070097321687576,0.0811969348655934,0.03216904798058883,"
<think>Given Dominion Energy's strong profitability (profit=0.1877) and low beta (0.2027), the stock appears fundamentally sound with low systematic risk. The fund's current holding is substantial relative to its AUM, and the stock's S&P 500 weight suggests it is a significant market component. Considering the positive fundamentals and the fund's large existing position, a modest increase in holding might be expected to align with the stock's market importance, but the low beta and high current exposure may limit the magnitude of any adjustment.</think>
<answer>
{""holding_log_delta"": -0.04}
</answer>","Given Dominion Energy's strong profitability (profit=0.1877) and low beta (0.2027), the stock appears fundamentally sound with low systematic risk. The fund's current holding is substantial relative to its AUM, and the stock's S&P 500 weight suggests it is a significant market component. Considering the positive fundamentals and the fund's large existing position, a modest increase in holding might be expected to align with the stock's market importance, but the low beta and high current exposure may limit the magnitude of any adjustment.","{""holding_log_delta"": -0.04}"
28,population,5,0.3267325422713618,0.28712859775362093,0.38613786987640436,,,804,NA,2019-04-01 00:00:00,64936,7799.154786,0.08437180600640819,-0.04,0.12437180600640818,-0.12437180600640818,True,1,type_mean,0.0083004769074155,0.0070097321687576,0.0811969348655934,0.03216904798058883,"
<think>Given Dominion Energy's strong profitability (profit=0.1877) and low beta (0.2027), it appears fundamentally sound with low systematic risk. The fund's current holding is substantial relative to its AUM, and the stock's low S&P 500 weight suggests limited benchmark-driven pressure. With positive fundamentals and low volatility, a modest increase in holding might be expected to align with the firm's growth orientation, but the high existing position and low turnover constraint may limit the magnitude.</think>
<answer>
{""holding_log_delta"": -0.04}
</answer>","Given Dominion Energy's strong profitability (profit=0.1877) and low beta (0.2027), it appears fundamentally sound with low systematic risk. The fund's current holding is substantial relative to its AUM, and the stock's low S&P 500 weight suggests limited benchmark-driven pressure. With positive fundamentals and low volatility, a modest increase in holding might be expected to align with the firm's growth orientation, but the high existing position and low turnover constraint may limit the magnitude.","{""holding_log_delta"": -0.04}"
28,population,6,0.33999966000034004,0.28999971000029,0.36999963000037,,,804,NA,2019-04-01 00:00:00,64936,7799.154786,0.08437180600640819,-0.03,0.11437180600640819,-0.11437180600640819,True,1,type_mean,0.0083004769074155,0.0070097321687576,0.0811969348655934,0.03216904798058883,"
<think>Given Dominion Energy's strong profitability (profit=0.1877) and low beta (0.2027), the stock appears fundamentally sound with low systematic risk. The fund's current holding is substantial relative to its AUM, and the stock's low S&P 500 weight suggests limited benchmark-driven pressure. With positive fundamentals and low volatility, a modest increase in holding might be expected to align with the firm's growth orientation, but the high existing position and low turnover constraint may limit the magnitude.</think>
<answer>
{""holding_log_delta"": -0.03}
</answer>","Given Dominion Energy's strong profitability (profit=0.1877) and low beta (0.2027), the stock appears fundamentally sound with low systematic risk. The fund's current holding is substantial relative to its AUM, and the stock's low S&P 500 weight suggests limited benchmark-driven pressure. With positive fundamentals and low volatility, a modest increase in holding might be expected to align with the firm's growth orientation, but the high existing position and low turnover constraint may limit the magnitude.","{""holding_log_delta"": -0.03}"
28,population,7,0.2999997000003,0.30999969000031,0.38999961000039,,,804,NA,2019-04-01 00:00:00,64936,7799.154786,0.08437180600640819,-0.03,0.11437180600640819,-0.11437180600640819,True,1,type_mean,0.0083004769074155,0.0070097321687576,0.0811969348655934,0.03216904798058883,"
<think>Given Dominion Energy's strong profitability (profit=0.1877) and low beta (0.2027), the stock appears fundamentally sound with low systematic risk. The fund's current holding is substantial relative to its AUM, and the stock's low S&P 500 weight suggests limited benchmark-driven pressure. With positive fundamentals and low volatility, a modest increase in holding might be expected to align with the firm's growth orientation, but the high existing position and low turnover constraint may limit the magnitude.</think>
<answer>
{""holding_log_delta"": -0.03}
</answer>","Given Dominion Energy's strong profitability (profit=0.1877) and low beta (0.2027), the stock appears fundamentally sound with low systematic risk. The fund's current holding is substantial relative to its AUM, and the stock's low S&P 500 weight suggests limited benchmark-driven pressure. With positive fundamentals and low volatility, a modest increase in holding might be expected to align with the firm's growth orientation, but the high existing position and low turnover constraint may limit the magnitude.","{""holding_log_delta"": -0.03}"
28,population,8,0.30693057001249135,0.30693057001249135,0.38613786987640436,,,804,NA,2019-04-01 00:00:00,64936,7799.154786,0.08437180600640819,-0.03,0.11437180600640819,-0.11437180600640819,True,1,type_mean,0.0083004769074155,0.0070097321687576,0.0811969348655934,0.03216904798058883,"
<think>Given Dominion Energy's strong profitability (profit=0.1877) and low beta (0.2027), the stock appears fundamentally sound with low systematic risk. The fund's current holding is substantial relative to its AUM, and the stock's low S&P 500 weight suggests limited benchmark-driven pressure. With positive fundamentals and low volatility, a modest increase in holding might be expected to align with the firm's growth orientation, but the high existing position and low turnover constraint may limit the magnitude.</think>
<answer>
{""holding_log_delta"": -0.03}
</answer>","Given Dominion Energy's strong profitability (profit=0.1877) and low beta (0.2027), the stock appears fundamentally sound with low systematic risk. The fund's current holding is substantial relative to its AUM, and the stock's low S&P 500 weight suggests limited benchmark-driven pressure. With positive fundamentals and low volatility, a modest increase in holding might be expected to align with the firm's growth orientation, but the high existing position and low turnover constraint may limit the magnitude.","{""holding_log_delta"": -0.03}"
28,population,9,0.37999962000038,0.27999972000028006,0.33999966000034004,,,804,NA,2019-04-01 00:00:00,64936,7799.154786,0.08437180600640819,-0.03,0.11437180600640819,-0.11437180600640819,True,1,type_mean,0.0083004769074155,0.0070097321687576,0.0811969348655934,0.03216904798058883,"
<think>Given Dominion Energy's strong profitability (profit=0.1877) and low beta (0.2027), the stock appears fundamentally sound with low systematic risk. The fund's current holding is substantial relative to its AUM, and the stock's S&P 500 weight suggests it is a significant market component. Considering the positive fundamentals and the fund's large existing position, a modest increase in holding might be expected to align with the stock's market importance, but the low beta and high current exposure may limit the magnitude of any adjustment.</think>
<answer>
{""holding_log_delta"": -0.03}
</answer>","Given Dominion Energy's strong profitability (profit=0.1877) and low beta (0.2027), the stock appears fundamentally sound with low systematic risk. The fund's current holding is substantial relative to its AUM, and the stock's S&P 500 weight suggests it is a significant market component. Considering the positive fundamentals and the fund's large existing position, a modest increase in holding might be expected to align with the stock's market importance, but the low beta and high current exposure may limit the magnitude of any adjustment.","{""holding_log_delta"": -0.03}"
28,population,10,0.33999966000034004,0.27999972000028006,0.37999962000038,,,804,NA,2019-04-01 00:00:00,64936,7799.154786,0.08437180600640819,-0.03,0.11437180600640819,-0.11437180600640819,True,1,type_mean,0.0083004769074155,0.0070097321687576,0.0811969348655934,0.03216904798058883,"
<think>Given Dominion Energy's strong profitability (profit=0.1877) and low beta (0.2027), the stock appears fundamentally sound with low systematic risk. The fund's current holding is substantial relative to its AUM, and the stock's S&P 500 weight suggests it is a significant market component. Considering the positive fundamentals and the fund's large existing position, a modest increase in holding might be expected to align with the stock's market importance, but the low beta and high current exposure may limit the magnitude of any adjustment.</think>
<answer>
{""holding_log_delta"": -0.03}
</answer>","Given Dominion Energy's strong profitability (profit=0.1877) and low beta (0.2027), the stock appears fundamentally sound with low systematic risk. The fund's current holding is substantial relative to its AUM, and the stock's S&P 500 weight suggests it is a significant market component. Considering the positive fundamentals and the fund's large existing position, a modest increase in holding might be expected to align with the stock's market importance, but the low beta and high current exposure may limit the magnitude of any adjustment.","{""holding_log_delta"": -0.03}"
28,population,11,0.3168315561419266,0.29702958388305617,0.38613786987640436,,,804,NA,2019-04-01 00:00:00,64936,7799.154786,0.08437180600640819,-0.03,0.11437180600640819,-0.11437180600640819,True,1,type_mean,0.0083004769074155,0.0070097321687576,0.0811969348655934,0.03216904798058883,"
<think>Given Dominion Energy's strong profitability (profit=0.1877) and low beta (0.2027), it appears fundamentally sound with low systematic risk. The fund's current holding is substantial relative to its AUM, and the stock's low S&P 500 weight suggests limited benchmark-driven pressure. With positive fundamentals and low volatility, a modest increase in holding might be expected to align with the firm's growth orientation, but the high existing position and low turnover constraint may limit the magnitude.</think>
<answer>
{""holding_log_delta"": -0.03}
</answer>","Given Dominion Energy's strong profitability (profit=0.1877) and low beta (0.2027), it appears fundamentally sound with low systematic risk. The fund's current holding is substantial relative to its AUM, and the stock's low S&P 500 weight suggests limited benchmark-driven pressure. With positive fundamentals and low volatility, a modest increase in holding might be expected to align with the firm's growth orientation, but the high existing position and low turnover constraint may limit the magnitude.","{""holding_log_delta"": -0.03}"
