generation,stage,candidate_idx,risk_aversion,herd_behavior,profit_driven,ticker,company,id,quarter,date,permno,holding_t,y_true,pred,abs_error,reward,valid,best_k,profile_strength_mode,x_risk_mean,x_herd_mean,x_profit_mean,overall_mean,raw_output,reason,answer_body
30,population,0,0.36699963300036703,0.577999422000578,0.054999945000055006,AEE,AMEREN CORP,630,NA,2016-07-01 00:00:00,24985,161.011534,-0.024355947331597093,-0.04,0.015644052668402908,-0.015644052668402908,True,1,type_mean,0.0105116667264412,0.009015847914168,2.8059538271968374,0.9418271139458155,"
<think>Given the firm's moderate profitability (profit=0.16) and low beta (0.30), the stock appears stable but not growth-oriented. The fund's current holding is relatively small compared to its AUM, and the stock's very low S&P 500 weight suggests limited benchmark-driven pressure. With low volatility and positive Gat (growth in total assets), a modest increase in holding might be expected to align with the benchmark while managing risk given the low beta.</think>
<answer>
{""holding_log_delta"": -0.04}
</answer>","Given the firm's moderate profitability (profit=0.16) and low beta (0.30), the stock appears stable but not growth-oriented. The fund's current holding is relatively small compared to its AUM, and the stock's very low S&P 500 weight suggests limited benchmark-driven pressure. With low volatility and positive Gat (growth in total assets), a modest increase in holding might be expected to align with the benchmark while managing risk given the low beta.","{""holding_log_delta"": -0.04}"
30,population,1,0.356999643000357,0.5479994520005481,0.094999905000095,AEE,AMEREN CORP,630,NA,2016-07-01 00:00:00,24985,161.011534,-0.024355947331597093,-0.02,0.0043559473315970924,-0.0043559473315970924,True,1,type_mean,0.0105116667264412,0.009015847914168,2.8059538271968374,0.9418271139458155,"
<think>Given the firm's moderate profitability (profit=0.16) and low beta (0.30), the stock appears stable but not growth-oriented. The fund's current holding is relatively small compared to its AUM, and the stock's very low S&P 500 weight suggests limited benchmark-driven demand. With low volatility and average trading volume, a modest adjustment to align with the benchmark or manage risk exposure is expected, likely resulting in a small positive or neutral change.</think>
<answer>
{""holding_log_delta"": -0.02}
</answer>","Given the firm's moderate profitability (profit=0.16) and low beta (0.30), the stock appears stable but not growth-oriented. The fund's current holding is relatively small compared to its AUM, and the stock's very low S&P 500 weight suggests limited benchmark-driven demand. With low volatility and average trading volume, a modest adjustment to align with the benchmark or manage risk exposure is expected, likely resulting in a small positive or neutral change.","{""holding_log_delta"": -0.02}"
30,population,2,0.37739962260037746,0.5382994617005383,0.08429991570008431,AEE,AMEREN CORP,630,NA,2016-07-01 00:00:00,24985,161.011534,-0.024355947331597093,-0.04,0.015644052668402908,-0.015644052668402908,True,1,type_mean,0.0105116667264412,0.009015847914168,2.8059538271968374,0.9418271139458155,"
<think>Given the firm's moderate profitability (profit=0.16) and low beta (0.30), the stock appears stable but not growth-oriented. The fund's current holding is relatively small compared to its AUM, and the stock's very low S&P 500 weight suggests limited benchmark-driven pressure. With low volatility and positive Gat (growth in total assets), a modest increase in holding might be expected to align with the benchmark while managing risk given the low beta.</think>
<answer>
{""holding_log_delta"": -0.04}
</answer>","Given the firm's moderate profitability (profit=0.16) and low beta (0.30), the stock appears stable but not growth-oriented. The fund's current holding is relatively small compared to its AUM, and the stock's very low S&P 500 weight suggests limited benchmark-driven pressure. With low volatility and positive Gat (growth in total assets), a modest increase in holding might be expected to align with the benchmark while managing risk given the low beta.","{""holding_log_delta"": -0.04}"
30,population,3,0.37699962300037704,0.5069994930005071,0.11599988400011602,AEE,AMEREN CORP,630,NA,2016-07-01 00:00:00,24985,161.011534,-0.024355947331597093,-0.04,0.015644052668402908,-0.015644052668402908,True,1,type_mean,0.0105116667264412,0.009015847914168,2.8059538271968374,0.9418271139458155,"
<think>Given the firm's moderate profitability (profit=0.16) and low beta (0.30), it appears relatively stable but not growth-oriented. The fund's current holding is substantial relative to its AUM, and the stock's very low S&P 500 weight suggests limited benchmark-driven demand. With the fund already exposed at a meaningful level and no strong positive fundamentals driving significant active allocation, a modest adjustment to align with the benchmark or manage concentration is likely, resulting in a small negative normalized log change.</think>
<answer>
{""holding_log_delta"": -0.04}
</answer>","Given the firm's moderate profitability (profit=0.16) and low beta (0.30), it appears relatively stable but not growth-oriented. The fund's current holding is substantial relative to its AUM, and the stock's very low S&P 500 weight suggests limited benchmark-driven demand. With the fund already exposed at a meaningful level and no strong positive fundamentals driving significant active allocation, a modest adjustment to align with the benchmark or manage concentration is likely, resulting in a small negative normalized log change.","{""holding_log_delta"": -0.04}"
30,population,4,0.37699962300037704,0.5079994920005081,0.11499988500011502,AEE,AMEREN CORP,630,NA,2016-07-01 00:00:00,24985,161.011534,-0.024355947331597093,-0.04,0.015644052668402908,-0.015644052668402908,True,1,type_mean,0.0105116667264412,0.009015847914168,2.8059538271968374,0.9418271139458155,"
<think>Given the firm's moderate profitability (profit=0.16) and low beta (0.30), the stock appears stable but not growth-oriented. The fund's current holding is relatively small compared to its AUM, and the stock's very low S&P 500 weight suggests limited benchmark-driven pressure. With low volatility and average trading volume, a modest adjustment to align with the benchmark or manage risk exposure is expected, likely resulting in a small positive or neutral change.</think>
<answer>
{""holding_log_delta"": -0.04}
</answer>","Given the firm's moderate profitability (profit=0.16) and low beta (0.30), the stock appears stable but not growth-oriented. The fund's current holding is relatively small compared to its AUM, and the stock's very low S&P 500 weight suggests limited benchmark-driven pressure. With low volatility and average trading volume, a modest adjustment to align with the benchmark or manage risk exposure is expected, likely resulting in a small positive or neutral change.","{""holding_log_delta"": -0.04}"
30,population,5,0.36699963300036703,0.537999462000538,0.094999905000095,AEE,AMEREN CORP,630,NA,2016-07-01 00:00:00,24985,161.011534,-0.024355947331597093,-0.04,0.015644052668402908,-0.015644052668402908,True,1,type_mean,0.0105116667264412,0.009015847914168,2.8059538271968374,0.9418271139458155,"
<think>Given the firm's moderate profitability (profit=0.16) and low beta (0.30), the stock appears stable but not growth-oriented. The fund's current holding is relatively small compared to its AUM, and the stock's very low S&P 500 weight suggests limited benchmark-driven demand. With low volatility and average trading volume, a modest adjustment to align with the benchmark or manage risk exposure is expected, likely resulting in a small positive or neutral change.</think>
<answer>
{""holding_log_delta"": -0.04}
</answer>","Given the firm's moderate profitability (profit=0.16) and low beta (0.30), the stock appears stable but not growth-oriented. The fund's current holding is relatively small compared to its AUM, and the stock's very low S&P 500 weight suggests limited benchmark-driven demand. With low volatility and average trading volume, a modest adjustment to align with the benchmark or manage risk exposure is expected, likely resulting in a small positive or neutral change.","{""holding_log_delta"": -0.04}"
30,population,6,0.346999653000347,0.517999482000518,0.13499986500013503,AEE,AMEREN CORP,630,NA,2016-07-01 00:00:00,24985,161.011534,-0.024355947331597093,-0.04,0.015644052668402908,-0.015644052668402908,True,1,type_mean,0.0105116667264412,0.009015847914168,2.8059538271968374,0.9418271139458155,"
<think>Given the firm's moderate profitability (profit=0.16) and low beta (0.30), it appears relatively stable but not growth-oriented. The fund's current holding is substantial relative to its AUM, and the stock's very low S&P 500 weight suggests limited benchmark-driven demand. With the fund already exposed at a meaningful level and no strong positive fundamentals driving significant active allocation, a modest adjustment to align with the benchmark or manage concentration is expected, likely resulting in a small negative normalized log change.</think>
<answer>
{""holding_log_delta"": -0.04}
</answer>","Given the firm's moderate profitability (profit=0.16) and low beta (0.30), it appears relatively stable but not growth-oriented. The fund's current holding is substantial relative to its AUM, and the stock's very low S&P 500 weight suggests limited benchmark-driven demand. With the fund already exposed at a meaningful level and no strong positive fundamentals driving significant active allocation, a modest adjustment to align with the benchmark or manage concentration is expected, likely resulting in a small negative normalized log change.","{""holding_log_delta"": -0.04}"
30,population,7,0.36699965318530753,0.5279995010404425,0.10499984577519497,AEE,AMEREN CORP,630,NA,2016-07-01 00:00:00,24985,161.011534,-0.024355947331597093,-0.04,0.015644052668402908,-0.015644052668402908,True,1,type_mean,0.0105116667264412,0.009015847914168,2.8059538271968374,0.9418271139458155,"
<think>Given the firm's moderate profitability (profit=0.16) and low beta (0.30), the stock appears stable but not growth-oriented. The fund's current holding is relatively small compared to its AUM, and the stock's very low S&P 500 weight suggests limited benchmark-driven pressure. With low volatility and positive Gat (growth in total assets), a modest increase in holding might be expected to align with the benchmark while managing risk given the low beta.</think>
<answer>
{""holding_log_delta"": -0.04}
</answer>","Given the firm's moderate profitability (profit=0.16) and low beta (0.30), the stock appears stable but not growth-oriented. The fund's current holding is relatively small compared to its AUM, and the stock's very low S&P 500 weight suggests limited benchmark-driven pressure. With low volatility and positive Gat (growth in total assets), a modest increase in holding might be expected to align with the benchmark while managing risk given the low beta.","{""holding_log_delta"": -0.04}"
30,population,8,0.35699966263529914,0.5379994915904508,0.10499984577519497,AEE,AMEREN CORP,630,NA,2016-07-01 00:00:00,24985,161.011534,-0.024355947331597093,-0.04,0.015644052668402908,-0.015644052668402908,True,1,type_mean,0.0105116667264412,0.009015847914168,2.8059538271968374,0.9418271139458155,"
<think>Given the firm's moderate profitability (profit=0.16) and low beta (0.30), the stock appears stable but not growth-oriented. The fund's current holding is relatively small compared to its AUM, and the stock's very low S&P 500 weight suggests limited benchmark-driven pressure. With low volatility and positive Gat (growth in total assets), a modest increase in holding might be expected to align with the benchmark while managing risk given the low beta.</think>
<answer>
{""holding_log_delta"": -0.04}
</answer>","Given the firm's moderate profitability (profit=0.16) and low beta (0.30), the stock appears stable but not growth-oriented. The fund's current holding is relatively small compared to its AUM, and the stock's very low S&P 500 weight suggests limited benchmark-driven pressure. With low volatility and positive Gat (growth in total assets), a modest increase in holding might be expected to align with the benchmark while managing risk given the low beta.","{""holding_log_delta"": -0.04}"
30,population,9,0.36699963300036703,0.5479994520005481,0.08499991500008501,AEE,AMEREN CORP,630,NA,2016-07-01 00:00:00,24985,161.011534,-0.024355947331597093,-0.04,0.015644052668402908,-0.015644052668402908,True,1,type_mean,0.0105116667264412,0.009015847914168,2.8059538271968374,0.9418271139458155,"
<think>Given the firm's moderate profitability (profit=0.16) and low beta (0.30), the stock appears stable but not growth-oriented. The fund's current holding is relatively small compared to its AUM, and the stock's very low S&P 500 weight suggests limited benchmark-driven pressure. With low volatility and positive Gat (growth in total assets), a modest increase in holding might be expected to align with the defensive, benchmark-oriented strategy, though the low beta and existing small position likely constrain the magnitude.</think>
<answer>
{""holding_log_delta"": -0.04}
</answer>","Given the firm's moderate profitability (profit=0.16) and low beta (0.30), the stock appears stable but not growth-oriented. The fund's current holding is relatively small compared to its AUM, and the stock's very low S&P 500 weight suggests limited benchmark-driven pressure. With low volatility and positive Gat (growth in total assets), a modest increase in holding might be expected to align with the defensive, benchmark-oriented strategy, though the low beta and existing small position likely constrain the magnitude.","{""holding_log_delta"": -0.04}"
30,population,10,0.37699962300037704,0.5579994420005581,0.06499993500006501,AEE,AMEREN CORP,630,NA,2016-07-01 00:00:00,24985,161.011534,-0.024355947331597093,-0.04,0.015644052668402908,-0.015644052668402908,True,1,type_mean,0.0105116667264412,0.009015847914168,2.8059538271968374,0.9418271139458155,"
<think>Given the firm's moderate profitability (profit=0.16) and low beta (0.30), the stock appears stable but not growth-oriented. The fund's current holding is relatively small compared to its AUM, and the stock's very low S&P 500 weight suggests limited benchmark-driven pressure. With low volatility and average trading volume, a modest adjustment to align with the benchmark or manage risk exposure is expected, likely resulting in a small positive or neutral change.</think>
<answer>
{""holding_log_delta"": -0.04}
</answer>","Given the firm's moderate profitability (profit=0.16) and low beta (0.30), the stock appears stable but not growth-oriented. The fund's current holding is relatively small compared to its AUM, and the stock's very low S&P 500 weight suggests limited benchmark-driven pressure. With low volatility and average trading volume, a modest adjustment to align with the benchmark or manage risk exposure is expected, likely resulting in a small positive or neutral change.","{""holding_log_delta"": -0.04}"
30,population,11,0.346999653000347,0.516999483000517,0.13599986400013603,AEE,AMEREN CORP,630,NA,2016-07-01 00:00:00,24985,161.011534,-0.024355947331597093,-0.04,0.015644052668402908,-0.015644052668402908,True,1,type_mean,0.0105116667264412,0.009015847914168,2.8059538271968374,0.9418271139458155,"
<think>Given the firm's moderate profitability (profit=0.16) and low beta (0.30), the stock appears stable but not growth-oriented. The fund's current holding is relatively small compared to its AUM, and the stock's very low S&P 500 weight suggests limited benchmark-driven pressure. With low volatility and positive Gat (growth in total assets), a modest increase in holding might be expected to align with the defensive, benchmark-oriented strategy, though the magnitude would likely be small due to the fund's high outAUM and the stock's low market importance.</think>
<answer>
{""holding_log_delta"": -0.04}
</answer>","Given the firm's moderate profitability (profit=0.16) and low beta (0.30), the stock appears stable but not growth-oriented. The fund's current holding is relatively small compared to its AUM, and the stock's very low S&P 500 weight suggests limited benchmark-driven pressure. With low volatility and positive Gat (growth in total assets), a modest increase in holding might be expected to align with the defensive, benchmark-oriented strategy, though the magnitude would likely be small due to the fund's high outAUM and the stock's low market importance.","{""holding_log_delta"": -0.04}"
