generation,stage,candidate_idx,risk_aversion,herd_behavior,profit_driven,ticker,company,id,quarter,date,permno,holding_t,y_true,pred,abs_error,reward,valid,best_k,profile_strength_mode,x_risk_mean,x_herd_mean,x_profit_mean,overall_mean,raw_output,reason,answer_body
44,population,0,0.5533539583892247,0.25050729647358905,0.1961377451371862,ALL,ALLSTATE CORP,466,NA,2016-04-01 00:00:00,79323,8817.567431,-0.029441885434230618,-0.02,0.009441885434230617,-0.009441885434230617,True,1,type_mean,0.0082565895035254,0.0069532062192367,0.2194993243101532,0.0782363733443051,"
<think>Given the firm's moderate profitability and negative asset growth, alongside its beta near 1 indicating average market risk, the stock presents stable but not exceptional fundamentals. The fund's current holding is relatively small compared to AUM, and the stock's low S&P 500 weight suggests limited benchmark-driven pressure. Considering the low risk tolerance and high turnover constraint in the investor profile, any adjustment would likely be modest, possibly a slight increase to align with the benchmark or a minor decrease due to the negative asset growth signal.</think>
<answer>
{""holding_log_delta"": -0.02}
</answer>","Given the firm's moderate profitability and negative asset growth, alongside its beta near 1 indicating average market risk, the stock presents stable but not exceptional fundamentals. The fund's current holding is relatively small compared to AUM, and the stock's low S&P 500 weight suggests limited benchmark-driven pressure. Considering the low risk tolerance and high turnover constraint in the investor profile, any adjustment would likely be modest, possibly a slight increase to align with the benchmark or a minor decrease due to the negative asset growth signal.","{""holding_log_delta"": -0.02}"
44,population,1,0.5833539583892248,0.24050729647358912,0.17613774513718625,ALL,ALLSTATE CORP,466,NA,2016-04-01 00:00:00,79323,8817.567431,-0.029441885434230618,-0.02,0.009441885434230617,-0.009441885434230617,True,1,type_mean,0.0082565895035254,0.0069532062192367,0.2194993243101532,0.0782363733443051,"
<think>Given the firm's moderate profitability and negative asset growth, alongside its beta near 1 indicating average market risk, the stock presents stable but not exceptional fundamentals. The fund's current holding is relatively small compared to AUM, and the stock's low S&P 500 weight suggests limited benchmark-driven pressure. Considering the low risk tolerance and high turnover constraint in the investor profile, any adjustment would likely be modest, possibly a slight increase to align with the benchmark or a minor decrease due to the negative asset growth signal.</think>
<answer>
{""holding_log_delta"": -0.02}
</answer>","Given the firm's moderate profitability and negative asset growth, alongside its beta near 1 indicating average market risk, the stock presents stable but not exceptional fundamentals. The fund's current holding is relatively small compared to AUM, and the stock's low S&P 500 weight suggests limited benchmark-driven pressure. Considering the low risk tolerance and high turnover constraint in the investor profile, any adjustment would likely be modest, possibly a slight increase to align with the benchmark or a minor decrease due to the negative asset growth signal.","{""holding_log_delta"": -0.02}"
44,population,2,0.5433539583892247,0.27050729647358907,0.1861377451371862,ALL,ALLSTATE CORP,466,NA,2016-04-01 00:00:00,79323,8817.567431,-0.029441885434230618,-0.02,0.009441885434230617,-0.009441885434230617,True,1,type_mean,0.0082565895035254,0.0069532062192367,0.2194993243101532,0.0782363733443051,"
<think>Given the firm's moderate profitability and negative asset growth, alongside its beta near 1 indicating average market risk, the stock presents a stable but not particularly high-growth profile. The fund's current holding is relatively small compared to AUM and the stock's S&P 500 weight, suggesting limited active exposure. With low volatility and no extreme signals, a modest adjustment to align with the benchmark weight might be expected, likely resulting in a slight increase or minimal change in holding.</think>
<answer>
{""holding_log_delta"": -0.02}
</answer>","Given the firm's moderate profitability and negative asset growth, alongside its beta near 1 indicating average market risk, the stock presents a stable but not particularly high-growth profile. The fund's current holding is relatively small compared to AUM and the stock's S&P 500 weight, suggesting limited active exposure. With low volatility and no extreme signals, a modest adjustment to align with the benchmark weight might be expected, likely resulting in a slight increase or minimal change in holding.","{""holding_log_delta"": -0.02}"
44,population,3,0.5488423822113381,0.22273464290261522,0.22842196478503657,ALL,ALLSTATE CORP,466,NA,2016-04-01 00:00:00,79323,8817.567431,-0.029441885434230618,-0.02,0.009441885434230617,-0.009441885434230617,True,1,type_mean,0.0082565895035254,0.0069532062192367,0.2194993243101532,0.0782363733443051,"
<think>Given the firm's moderate profitability and negative asset growth, alongside its beta near 1 indicating average market risk, the stock presents a stable but not particularly high-growth profile. The fund's current holding is relatively small compared to AUM, and the stock's low S&P 500 weight suggests limited benchmark-driven pressure. Considering the low risk tolerance and high turnover constraint in the investor's profile, any adjustment would likely be modest, possibly a slight increase to align with the benchmark or a minor decrease due to the negative asset growth signal.</think>
<answer>
{""holding_log_delta"": -0.02}
</answer>","Given the firm's moderate profitability and negative asset growth, alongside its beta near 1 indicating average market risk, the stock presents a stable but not particularly high-growth profile. The fund's current holding is relatively small compared to AUM, and the stock's low S&P 500 weight suggests limited benchmark-driven pressure. Considering the low risk tolerance and high turnover constraint in the investor's profile, any adjustment would likely be modest, possibly a slight increase to align with the benchmark or a minor decrease due to the negative asset growth signal.","{""holding_log_delta"": -0.02}"
44,population,4,0.5333539583892248,0.2605072964735891,0.20613774513718625,ALL,ALLSTATE CORP,466,NA,2016-04-01 00:00:00,79323,8817.567431,-0.029441885434230618,-0.02,0.009441885434230617,-0.009441885434230617,True,1,type_mean,0.0082565895035254,0.0069532062192367,0.2194993243101532,0.0782363733443051,"
<think>Given the firm's moderate profitability and negative asset growth, alongside its beta near 1 indicating average market risk, the stock presents stable but not exceptional fundamentals. The fund's current holding is relatively small compared to AUM and the stock's S&P 500 weight, suggesting limited active exposure. With low volatility and no extreme signals, a modest adjustment to align with the benchmark weight is expected, likely resulting in a slight increase or minimal change in holding.</think>
<answer>
{""holding_log_delta"": -0.02}
</answer>","Given the firm's moderate profitability and negative asset growth, alongside its beta near 1 indicating average market risk, the stock presents stable but not exceptional fundamentals. The fund's current holding is relatively small compared to AUM and the stock's S&P 500 weight, suggesting limited active exposure. With low volatility and no extreme signals, a modest adjustment to align with the benchmark weight is expected, likely resulting in a slight increase or minimal change in holding.","{""holding_log_delta"": -0.02}"
44,population,5,0.5733539583892248,0.2505072964735891,0.17613774513718625,ALL,ALLSTATE CORP,466,NA,2016-04-01 00:00:00,79323,8817.567431,-0.029441885434230618,-0.02,0.009441885434230617,-0.009441885434230617,True,1,type_mean,0.0082565895035254,0.0069532062192367,0.2194993243101532,0.0782363733443051,"
<think>Given the firm's moderate profitability and negative asset growth, alongside its beta near 1 indicating average market risk, the stock presents a stable but not particularly high-growth profile. The fund's current holding is relatively small compared to AUM, and the stock's low S&P 500 weight suggests limited benchmark-driven pressure. Considering the low risk tolerance and high turnover constraint in the investor's profile, any adjustment would likely be modest, possibly a slight increase to align with the benchmark or a minor decrease due to the negative asset growth signal.</think>
<answer>
{""holding_log_delta"": -0.02}
</answer>","Given the firm's moderate profitability and negative asset growth, alongside its beta near 1 indicating average market risk, the stock presents a stable but not particularly high-growth profile. The fund's current holding is relatively small compared to AUM, and the stock's low S&P 500 weight suggests limited benchmark-driven pressure. Considering the low risk tolerance and high turnover constraint in the investor's profile, any adjustment would likely be modest, possibly a slight increase to align with the benchmark or a minor decrease due to the negative asset growth signal.","{""holding_log_delta"": -0.02}"
44,population,6,0.5690444024133583,0.20253262270059505,0.2284219647850366,ALL,ALLSTATE CORP,466,NA,2016-04-01 00:00:00,79323,8817.567431,-0.029441885434230618,-0.02,0.009441885434230617,-0.009441885434230617,True,1,type_mean,0.0082565895035254,0.0069532062192367,0.2194993243101532,0.0782363733443051,"
<think>Given the firm's moderate profitability and negative asset growth, alongside its beta near 1 indicating average market risk, the stock presents a stable but not particularly high-growth profile. The fund's current holding is relatively small compared to AUM, and the stock's low S&P 500 weight suggests limited benchmark-driven pressure. Considering the low risk tolerance and high turnover constraint in the investor's profile, any adjustment would likely be modest, possibly a slight increase to align with the benchmark or a minor decrease due to the negative asset growth signal.</think>
<answer>
{""holding_log_delta"": -0.02}
</answer>","Given the firm's moderate profitability and negative asset growth, alongside its beta near 1 indicating average market risk, the stock presents a stable but not particularly high-growth profile. The fund's current holding is relatively small compared to AUM, and the stock's low S&P 500 weight suggests limited benchmark-driven pressure. Considering the low risk tolerance and high turnover constraint in the investor's profile, any adjustment would likely be modest, possibly a slight increase to align with the benchmark or a minor decrease due to the negative asset growth signal.","{""holding_log_delta"": -0.02}"
44,population,7,0.5833539583892248,0.2405072964735891,0.17613774513718625,ALL,ALLSTATE CORP,466,NA,2016-04-01 00:00:00,79323,8817.567431,-0.029441885434230618,-0.02,0.009441885434230617,-0.009441885434230617,True,1,type_mean,0.0082565895035254,0.0069532062192367,0.2194993243101532,0.0782363733443051,"
<think>Given the firm's moderate profitability and negative asset growth, alongside its beta near 1 indicating average market risk, the stock presents a stable but not particularly high-growth profile. The fund's current holding is relatively small compared to AUM, and the stock's low S&P 500 weight suggests limited benchmark-driven pressure. Considering the low risk tolerance and high turnover constraint in the investor's profile, any adjustment would likely be modest, possibly a slight increase to align with the benchmark or a minor decrease due to the neutral risk-return profile.</think>
<answer>
{""holding_log_delta"": -0.02}
</answer>","Given the firm's moderate profitability and negative asset growth, alongside its beta near 1 indicating average market risk, the stock presents a stable but not particularly high-growth profile. The fund's current holding is relatively small compared to AUM, and the stock's low S&P 500 weight suggests limited benchmark-driven pressure. Considering the low risk tolerance and high turnover constraint in the investor's profile, any adjustment would likely be modest, possibly a slight increase to align with the benchmark or a minor decrease due to the neutral risk-return profile.","{""holding_log_delta"": -0.02}"
44,population,8,0.5333539583892247,0.24050729647358907,0.2261377451371862,ALL,ALLSTATE CORP,466,NA,2016-04-01 00:00:00,79323,8817.567431,-0.029441885434230618,-0.02,0.009441885434230617,-0.009441885434230617,True,1,type_mean,0.0082565895035254,0.0069532062192367,0.2194993243101532,0.0782363733443051,"
<think>Given the firm's moderate profitability and negative asset growth, alongside its beta near 1 indicating average market risk, the stock presents a stable but not particularly high-growth profile. The fund's current holding is relatively small compared to AUM and the stock's S&P 500 weight, suggesting limited active exposure. With low volatility and no extreme signals, a modest adjustment to align with the benchmark weight might be expected, likely resulting in a slight increase or minimal change in holding.</think>
<answer>
{""holding_log_delta"": -0.02}
</answer>","Given the firm's moderate profitability and negative asset growth, alongside its beta near 1 indicating average market risk, the stock presents a stable but not particularly high-growth profile. The fund's current holding is relatively small compared to AUM and the stock's S&P 500 weight, suggesting limited active exposure. With low volatility and no extreme signals, a modest adjustment to align with the benchmark weight might be expected, likely resulting in a slight increase or minimal change in holding.","{""holding_log_delta"": -0.02}"
44,population,9,0.5333539583892247,0.24050729647358907,0.2261377451371862,ALL,ALLSTATE CORP,466,NA,2016-04-01 00:00:00,79323,8817.567431,-0.029441885434230618,-0.02,0.009441885434230617,-0.009441885434230617,True,1,type_mean,0.0082565895035254,0.0069532062192367,0.2194993243101532,0.0782363733443051,"
<think>Given the firm's moderate profitability and negative asset growth, alongside its beta near 1 indicating average market risk, the stock presents a stable but not particularly high-growth profile. The fund's current holding is relatively small compared to AUM and the stock's S&P 500 weight, suggesting limited active exposure. With low volatility and no extreme signals, a modest adjustment to align with the benchmark weight might be expected, likely resulting in a slight increase or minimal change in holding.</think>
<answer>
{""holding_log_delta"": -0.02}
</answer>","Given the firm's moderate profitability and negative asset growth, alongside its beta near 1 indicating average market risk, the stock presents a stable but not particularly high-growth profile. The fund's current holding is relatively small compared to AUM and the stock's S&P 500 weight, suggesting limited active exposure. With low volatility and no extreme signals, a modest adjustment to align with the benchmark weight might be expected, likely resulting in a slight increase or minimal change in holding.","{""holding_log_delta"": -0.02}"
44,population,10,0.5633539583892248,0.21050729647358912,0.22613774513718626,ALL,ALLSTATE CORP,466,NA,2016-04-01 00:00:00,79323,8817.567431,-0.029441885434230618,-0.02,0.009441885434230617,-0.009441885434230617,True,1,type_mean,0.0082565895035254,0.0069532062192367,0.2194993243101532,0.0782363733443051,"
<think>Given the firm's moderate profitability and negative asset growth, alongside its beta near 1 indicating average market risk, the stock presents a stable but not particularly high-growth profile. The fund's current holding is relatively small compared to AUM, and the stock's low S&P 500 weight suggests limited benchmark-driven pressure. Considering the low risk tolerance and high turnover constraint in the investor's profile, any adjustment would likely be modest, possibly a slight increase to align with the benchmark or a minor decrease due to the negative asset growth signal.</think>
<answer>
{""holding_log_delta"": -0.02}
</answer>","Given the firm's moderate profitability and negative asset growth, alongside its beta near 1 indicating average market risk, the stock presents a stable but not particularly high-growth profile. The fund's current holding is relatively small compared to AUM, and the stock's low S&P 500 weight suggests limited benchmark-driven pressure. Considering the low risk tolerance and high turnover constraint in the investor's profile, any adjustment would likely be modest, possibly a slight increase to align with the benchmark or a minor decrease due to the negative asset growth signal.","{""holding_log_delta"": -0.02}"
44,population,11,0.5733539583892248,0.21050729647358912,0.21613774513718625,ALL,ALLSTATE CORP,466,NA,2016-04-01 00:00:00,79323,8817.567431,-0.029441885434230618,-0.02,0.009441885434230617,-0.009441885434230617,True,1,type_mean,0.0082565895035254,0.0069532062192367,0.2194993243101532,0.0782363733443051,"
<think>Given the firm's moderate profitability and negative asset growth, alongside its beta near 1 indicating average market risk, the stock presents a stable but not particularly high-growth profile. The fund's current holding is relatively small compared to AUM, and the stock's low S&P 500 weight suggests limited benchmark-driven pressure. Considering the low risk tolerance and high turnover constraint in the investor's profile, any adjustment would likely be modest, possibly a slight increase to align with the benchmark or a minor decrease due to the negative asset growth signal.</think>
<answer>
{""holding_log_delta"": -0.02}
</answer>","Given the firm's moderate profitability and negative asset growth, alongside its beta near 1 indicating average market risk, the stock presents a stable but not particularly high-growth profile. The fund's current holding is relatively small compared to AUM, and the stock's low S&P 500 weight suggests limited benchmark-driven pressure. Considering the low risk tolerance and high turnover constraint in the investor's profile, any adjustment would likely be modest, possibly a slight increase to align with the benchmark or a minor decrease due to the negative asset growth signal.","{""holding_log_delta"": -0.02}"
