generation,stage,candidate_idx,risk_aversion,herd_behavior,profit_driven,ticker,company,id,quarter,date,permno,holding_t,y_true,pred,abs_error,reward,valid,best_k,profile_strength_mode,x_risk_mean,x_herd_mean,x_profit_mean,overall_mean,raw_output,reason,answer_body
83,population,0,0.35999964000036,0.46999953000047,0.16999983000017002,CPB,CAMPBELLS CO,842,NA,2019-04-01 00:00:00,25320,226.45945,0.2478637698529994,-0.04,0.2878637698529994,-0.2878637698529994,True,1,type_mean,0.0105116667264412,0.009015847914168,2.8059538271968374,0.9418271139458155,"
<think>Given the firm's moderate profitability (profit=0.44) and low beta (0.42), it appears relatively stable but not growth-oriented. The fund's current holding is substantial relative to its AUM, and the stock's very low S&P 500 weight suggests limited benchmark-driven demand. With the fund already exposed at a meaningful level and no strong positive fundamentals driving significant active allocation, a modest adjustment to align with the benchmark or manage concentration is likely, resulting in a small negative normalized log change.</think>
<answer>
{""holding_log_delta"": -0.04}
</answer>","Given the firm's moderate profitability (profit=0.44) and low beta (0.42), it appears relatively stable but not growth-oriented. The fund's current holding is substantial relative to its AUM, and the stock's very low S&P 500 weight suggests limited benchmark-driven demand. With the fund already exposed at a meaningful level and no strong positive fundamentals driving significant active allocation, a modest adjustment to align with the benchmark or manage concentration is likely, resulting in a small negative normalized log change.","{""holding_log_delta"": -0.04}"
83,population,1,0.33999970080022246,0.4899995688003206,0.16999973040033683,CPB,CAMPBELLS CO,842,NA,2019-04-01 00:00:00,25320,226.45945,0.2478637698529994,-0.04,0.2878637698529994,-0.2878637698529994,True,1,type_mean,0.0105116667264412,0.009015847914168,2.8059538271968374,0.9418271139458155,"
<think>Given the firm's moderate profitability (profit=0.44) and low beta (0.42), it appears relatively stable but not growth-oriented. The fund's current holding is substantial relative to its AUM, and the stock's very low S&P 500 weight suggests limited benchmark-driven demand. With the fund already exposed at a meaningful level and no strong positive fundamentals driving significant increase, a modest adjustment downward or minimal change is expected to manage concentration and align with the defensive, low-turnover profile.</think>
<answer>
{""holding_log_delta"": -0.04}
</answer>","Given the firm's moderate profitability (profit=0.44) and low beta (0.42), it appears relatively stable but not growth-oriented. The fund's current holding is substantial relative to its AUM, and the stock's very low S&P 500 weight suggests limited benchmark-driven demand. With the fund already exposed at a meaningful level and no strong positive fundamentals driving significant increase, a modest adjustment downward or minimal change is expected to manage concentration and align with the defensive, low-turnover profile.","{""holding_log_delta"": -0.04}"
83,population,2,0.357999642000358,0.516999483000517,0.12499987500012501,CPB,CAMPBELLS CO,842,NA,2019-04-01 00:00:00,25320,226.45945,0.2478637698529994,-0.04,0.2878637698529994,-0.2878637698529994,True,1,type_mean,0.0105116667264412,0.009015847914168,2.8059538271968374,0.9418271139458155,"
<think>Given the firm's moderate profitability (profit=0.44) and low beta (0.42), it appears relatively stable but not growth-oriented. The fund's current holding is substantial relative to its AUM, and the stock's very low S&P 500 weight suggests limited benchmark-driven demand. With the fund already exposed at a meaningful level and no strong positive fundamentals driving significant growth expectations, a modest adjustment to align with the benchmark or manage concentration is likely, resulting in a small negative normalized log change.</think>
<answer>
{""holding_log_delta"": -0.04}
</answer>","Given the firm's moderate profitability (profit=0.44) and low beta (0.42), it appears relatively stable but not growth-oriented. The fund's current holding is substantial relative to its AUM, and the stock's very low S&P 500 weight suggests limited benchmark-driven demand. With the fund already exposed at a meaningful level and no strong positive fundamentals driving significant growth expectations, a modest adjustment to align with the benchmark or manage concentration is likely, resulting in a small negative normalized log change.","{""holding_log_delta"": -0.04}"
83,population,3,0.3535350392819424,0.474747052750037,0.17171689786790836,CPB,CAMPBELLS CO,842,NA,2019-04-01 00:00:00,25320,226.45945,0.2478637698529994,-0.04,0.2878637698529994,-0.2878637698529994,True,1,type_mean,0.0105116667264412,0.009015847914168,2.8059538271968374,0.9418271139458155,"
<think>Given the firm's moderate profitability (profit=0.44) and low beta (0.42), it appears relatively stable but not growth-oriented. The fund's current holding is substantial relative to its AUM, and the stock's very low S&P 500 weight suggests limited benchmark-driven demand. With the fund already exposed at a meaningful level and no strong positive fundamentals driving significant growth expectations, a modest adjustment to align with the benchmark or manage concentration is likely, resulting in a small negative normalized log change.</think>
<answer>
{""holding_log_delta"": -0.04}
</answer>","Given the firm's moderate profitability (profit=0.44) and low beta (0.42), it appears relatively stable but not growth-oriented. The fund's current holding is substantial relative to its AUM, and the stock's very low S&P 500 weight suggests limited benchmark-driven demand. With the fund already exposed at a meaningful level and no strong positive fundamentals driving significant growth expectations, a modest adjustment to align with the benchmark or manage concentration is likely, resulting in a small negative normalized log change.","{""holding_log_delta"": -0.04}"
83,population,4,0.37999985559981925,0.449999329000476,0.16999981540008474,CPB,CAMPBELLS CO,842,NA,2019-04-01 00:00:00,25320,226.45945,0.2478637698529994,-0.04,0.2878637698529994,-0.2878637698529994,True,1,type_mean,0.0105116667264412,0.009015847914168,2.8059538271968374,0.9418271139458155,"
<think>Given the firm's moderate profitability (profit=0.44) and low beta (0.42), it appears relatively stable but not growth-oriented. The fund's current holding is substantial relative to its AUM, and the stock's very low S&P 500 weight suggests limited benchmark-driven demand. With the fund already exposed at a meaningful level and no strong positive fundamentals driving significant growth expectations, a modest adjustment to align with the benchmark or manage concentration is likely, resulting in a small negative normalized log change.</think>
<answer>
{""holding_log_delta"": -0.04}
</answer>","Given the firm's moderate profitability (profit=0.44) and low beta (0.42), it appears relatively stable but not growth-oriented. The fund's current holding is substantial relative to its AUM, and the stock's very low S&P 500 weight suggests limited benchmark-driven demand. With the fund already exposed at a meaningful level and no strong positive fundamentals driving significant growth expectations, a modest adjustment to align with the benchmark or manage concentration is likely, resulting in a small negative normalized log change.","{""holding_log_delta"": -0.04}"
83,population,5,0.33999966000034004,0.45999954000046006,0.19999980000020004,CPB,CAMPBELLS CO,842,NA,2019-04-01 00:00:00,25320,226.45945,0.2478637698529994,-0.04,0.2878637698529994,-0.2878637698529994,True,1,type_mean,0.0105116667264412,0.009015847914168,2.8059538271968374,0.9418271139458155,"
<think>Given the firm's moderate profitability (profit=0.44) and low beta (0.42), it appears relatively stable but not growth-oriented. The fund's current holding is substantial relative to its AUM, and the stock's very low S&P 500 weight suggests limited benchmark-driven demand. With the fund already exposed at a meaningful level and no strong positive fundamentals driving significant growth expectations, a modest adjustment to align with the benchmark or manage concentration is likely, resulting in a small negative normalized log change.</think>
<answer>
{""holding_log_delta"": -0.04}
</answer>","Given the firm's moderate profitability (profit=0.44) and low beta (0.42), it appears relatively stable but not growth-oriented. The fund's current holding is substantial relative to its AUM, and the stock's very low S&P 500 weight suggests limited benchmark-driven demand. With the fund already exposed at a meaningful level and no strong positive fundamentals driving significant growth expectations, a modest adjustment to align with the benchmark or manage concentration is likely, resulting in a small negative normalized log change.","{""holding_log_delta"": -0.04}"
83,population,6,0.35999964000036,0.43999956000044005,0.19999980000020004,CPB,CAMPBELLS CO,842,NA,2019-04-01 00:00:00,25320,226.45945,0.2478637698529994,-0.04,0.2878637698529994,-0.2878637698529994,True,1,type_mean,0.0105116667264412,0.009015847914168,2.8059538271968374,0.9418271139458155,"
<think>Given the firm's moderate profitability (profit=0.44) and low beta (0.42), it appears relatively stable but not growth-oriented. The fund's current holding is substantial relative to its AUM, and the stock's very low S&P 500 weight suggests limited benchmark-driven demand. With the fund already exposed at a meaningful level and no strong positive fundamentals driving significant growth expectations, a modest adjustment to align with the low-beta profile and manage concentration is likely, resulting in a small negative normalized log change.</think>
<answer>
{""holding_log_delta"": -0.04}
</answer>","Given the firm's moderate profitability (profit=0.44) and low beta (0.42), it appears relatively stable but not growth-oriented. The fund's current holding is substantial relative to its AUM, and the stock's very low S&P 500 weight suggests limited benchmark-driven demand. With the fund already exposed at a meaningful level and no strong positive fundamentals driving significant growth expectations, a modest adjustment to align with the low-beta profile and manage concentration is likely, resulting in a small negative normalized log change.","{""holding_log_delta"": -0.04}"
83,population,7,0.34999965000035,0.43999956000044005,0.20999979000021002,CPB,CAMPBELLS CO,842,NA,2019-04-01 00:00:00,25320,226.45945,0.2478637698529994,-0.04,0.2878637698529994,-0.2878637698529994,True,1,type_mean,0.0105116667264412,0.009015847914168,2.8059538271968374,0.9418271139458155,"
<think>Given the firm's moderate profitability (profit=0.44) and low beta (0.42), it appears relatively stable but not growth-oriented. The fund's current holding is substantial relative to its AUM, and the stock's very low S&P 500 weight suggests limited benchmark-driven demand. With the fund already exposed at a meaningful level and no strong positive fundamentals driving significant active allocation, a modest adjustment to align with the benchmark or manage concentration is likely, resulting in a small negative normalized log change.</think>
<answer>
{""holding_log_delta"": -0.04}
</answer>","Given the firm's moderate profitability (profit=0.44) and low beta (0.42), it appears relatively stable but not growth-oriented. The fund's current holding is substantial relative to its AUM, and the stock's very low S&P 500 weight suggests limited benchmark-driven demand. With the fund already exposed at a meaningful level and no strong positive fundamentals driving significant active allocation, a modest adjustment to align with the benchmark or manage concentration is likely, resulting in a small negative normalized log change.","{""holding_log_delta"": -0.04}"
83,population,8,0.36999963000037,0.42999957000043004,0.19999980000020004,CPB,CAMPBELLS CO,842,NA,2019-04-01 00:00:00,25320,226.45945,0.2478637698529994,-0.04,0.2878637698529994,-0.2878637698529994,True,1,type_mean,0.0105116667264412,0.009015847914168,2.8059538271968374,0.9418271139458155,"
<think>Given the firm's moderate profitability (profit=0.44) and low beta (0.42), it appears relatively stable but not growth-oriented. The fund's current holding is substantial relative to its AUM, and the stock's very low S&P 500 weight suggests limited benchmark-driven demand. With the fund already exposed at a meaningful level and no strong positive fundamentals driving significant growth expectations, a modest adjustment to align with the benchmark or manage concentration is likely, resulting in a small negative normalized log change.</think>
<answer>
{""holding_log_delta"": -0.04}
</answer>","Given the firm's moderate profitability (profit=0.44) and low beta (0.42), it appears relatively stable but not growth-oriented. The fund's current holding is substantial relative to its AUM, and the stock's very low S&P 500 weight suggests limited benchmark-driven demand. With the fund already exposed at a meaningful level and no strong positive fundamentals driving significant growth expectations, a modest adjustment to align with the benchmark or manage concentration is likely, resulting in a small negative normalized log change.","{""holding_log_delta"": -0.04}"
83,population,9,0.32999967000033004,0.46999953000047,0.19999980000020004,CPB,CAMPBELLS CO,842,NA,2019-04-01 00:00:00,25320,226.45945,0.2478637698529994,-0.04,0.2878637698529994,-0.2878637698529994,True,1,type_mean,0.0105116667264412,0.009015847914168,2.8059538271968374,0.9418271139458155,"
<think>Given the firm's moderate profitability (profit=0.44) and low beta (0.42), it appears relatively stable but not growth-oriented. The fund's current holding is substantial relative to its AUM, and the stock's very low S&P 500 weight suggests limited benchmark-driven demand. With the fund already exposed at a meaningful level and no strong positive fundamentals driving significant outperformance, a modest adjustment to align with the benchmark or manage concentration is likely, resulting in a small negative normalized log change.</think>
<answer>
{""holding_log_delta"": -0.04}
</answer>","Given the firm's moderate profitability (profit=0.44) and low beta (0.42), it appears relatively stable but not growth-oriented. The fund's current holding is substantial relative to its AUM, and the stock's very low S&P 500 weight suggests limited benchmark-driven demand. With the fund already exposed at a meaningful level and no strong positive fundamentals driving significant outperformance, a modest adjustment to align with the benchmark or manage concentration is likely, resulting in a small negative normalized log change.","{""holding_log_delta"": -0.04}"
83,population,10,0.34999965000035,0.46999953000047,0.17999982000018,CPB,CAMPBELLS CO,842,NA,2019-04-01 00:00:00,25320,226.45945,0.2478637698529994,-0.04,0.2878637698529994,-0.2878637698529994,True,1,type_mean,0.0105116667264412,0.009015847914168,2.8059538271968374,0.9418271139458155,"
<think>Given the firm's moderate profitability (profit=0.44) and low beta (0.42), it appears relatively stable but not growth-oriented. The fund's current holding is substantial relative to its AUM, and the stock's very low S&P 500 weight suggests limited benchmark-driven demand. With the fund already exposed at a meaningful level and no strong positive fundamentals driving significant outperformance, a modest adjustment to align with the benchmark or manage concentration is likely, leading to a small negative expected change.</think>
<answer>
{""holding_log_delta"": -0.04}
</answer>","Given the firm's moderate profitability (profit=0.44) and low beta (0.42), it appears relatively stable but not growth-oriented. The fund's current holding is substantial relative to its AUM, and the stock's very low S&P 500 weight suggests limited benchmark-driven demand. With the fund already exposed at a meaningful level and no strong positive fundamentals driving significant outperformance, a modest adjustment to align with the benchmark or manage concentration is likely, leading to a small negative expected change.","{""holding_log_delta"": -0.04}"
83,population,11,0.34999965000035,0.46999953000047,0.17999982000018,CPB,CAMPBELLS CO,842,NA,2019-04-01 00:00:00,25320,226.45945,0.2478637698529994,-0.04,0.2878637698529994,-0.2878637698529994,True,1,type_mean,0.0105116667264412,0.009015847914168,2.8059538271968374,0.9418271139458155,"
<think>Given the firm's moderate profitability (profit=0.44) and low beta (0.42), it appears relatively stable but not growth-oriented. The fund's current holding is substantial relative to its AUM, and the stock's very low S&P 500 weight suggests limited benchmark-driven demand. With the fund already exposed at a meaningful level and no strong positive fundamentals driving significant outperformance, a modest adjustment to align with the benchmark or manage concentration is likely, leading to a small negative expected change.</think>
<answer>
{""holding_log_delta"": -0.04}
</answer>","Given the firm's moderate profitability (profit=0.44) and low beta (0.42), it appears relatively stable but not growth-oriented. The fund's current holding is substantial relative to its AUM, and the stock's very low S&P 500 weight suggests limited benchmark-driven demand. With the fund already exposed at a meaningful level and no strong positive fundamentals driving significant outperformance, a modest adjustment to align with the benchmark or manage concentration is likely, leading to a small negative expected change.","{""holding_log_delta"": -0.04}"
