generation,stage,candidate_idx,risk_aversion,herd_behavior,profit_driven,ticker,company,id,quarter,date,permno,holding_t,y_true,pred,abs_error,reward,valid,best_k,profile_strength_mode,x_risk_mean,x_herd_mean,x_profit_mean,overall_mean,raw_output,reason,answer_body
39,population,0,0.5333539583892247,0.24050729647358907,0.2261377451371862,BBUY,BEST BUY COMPANY INC,426,NA,2019-07-01 00:00:00,85914,4250.52627,0.23284989896326455,-0.04,0.27284989896326456,-0.27284989896326456,True,1,type_mean,0.0082565895035254,0.0069532062192367,0.2194993243101532,0.0782363733443051,"
<think>Given the firm's moderate profitability and negative asset growth, alongside a beta slightly above 1 indicating market-like risk, the stock may not present strong fundamental momentum. The fund's current holding is relatively small compared to its AUM and the stock's S&P 500 weight, suggesting limited active exposure. With average stock volatility and no significant recent volume changes, a modest adjustment in holding is expected, likely a slight reduction due to the mixed signals and the fund's existing low concentration.</think>
<answer>
{""holding_log_delta"": -0.04}
</answer>","Given the firm's moderate profitability and negative asset growth, alongside a beta slightly above 1 indicating market-like risk, the stock may not present strong fundamental momentum. The fund's current holding is relatively small compared to its AUM and the stock's S&P 500 weight, suggesting limited active exposure. With average stock volatility and no significant recent volume changes, a modest adjustment in holding is expected, likely a slight reduction due to the mixed signals and the fund's existing low concentration.","{""holding_log_delta"": -0.04}"
39,population,1,0.5333539583892247,0.24050729647358907,0.2261377451371862,BBUY,BEST BUY COMPANY INC,426,NA,2019-07-01 00:00:00,85914,4250.52627,0.23284989896326455,-0.04,0.27284989896326456,-0.27284989896326456,True,1,type_mean,0.0082565895035254,0.0069532062192367,0.2194993243101532,0.0782363733443051,"
<think>Given the firm's moderate profitability and negative asset growth, alongside a beta slightly above 1 indicating market-like risk, the stock may not present strong fundamental momentum. The fund's current holding is relatively small compared to its AUM and the stock's S&P 500 weight, suggesting limited active exposure. With average stock volatility and no significant recent volume changes, a modest adjustment in holding is expected, likely a slight reduction due to the mixed signals and the fund's existing low concentration.</think>
<answer>
{""holding_log_delta"": -0.04}
</answer>","Given the firm's moderate profitability and negative asset growth, alongside a beta slightly above 1 indicating market-like risk, the stock may not present strong fundamental momentum. The fund's current holding is relatively small compared to its AUM and the stock's S&P 500 weight, suggesting limited active exposure. With average stock volatility and no significant recent volume changes, a modest adjustment in holding is expected, likely a slight reduction due to the mixed signals and the fund's existing low concentration.","{""holding_log_delta"": -0.04}"
39,population,2,0.5833539583892248,0.24050729647358912,0.17613774513718625,BBUY,BEST BUY COMPANY INC,426,NA,2019-07-01 00:00:00,85914,4250.52627,0.23284989896326455,-0.02,0.25284989896326454,-0.25284989896326454,True,1,type_mean,0.0082565895035254,0.0069532062192367,0.2194993243101532,0.0782363733443051,"
<think>Given the firm's moderate profitability and negative asset growth, alongside a beta slightly above 1 indicating market-like risk, the stock may not present strong fundamental momentum. With the fund's current holding being a relatively small portion of AUM and the stock's low S&P 500 weight, any adjustment is likely to be modest. Considering the low risk tolerance and high turnover constraint in the investor profile, a slight reduction or minimal change in holding is expected to align with the benchmark without aggressive directional bets.</think>
<answer>
{""holding_log_delta"": -0.02}
</answer>","Given the firm's moderate profitability and negative asset growth, alongside a beta slightly above 1 indicating market-like risk, the stock may not present strong fundamental momentum. With the fund's current holding being a relatively small portion of AUM and the stock's low S&P 500 weight, any adjustment is likely to be modest. Considering the low risk tolerance and high turnover constraint in the investor profile, a slight reduction or minimal change in holding is expected to align with the benchmark without aggressive directional bets.","{""holding_log_delta"": -0.02}"
39,population,3,0.5633539583892248,0.21050729647358912,0.22613774513718626,BBUY,BEST BUY COMPANY INC,426,NA,2019-07-01 00:00:00,85914,4250.52627,0.23284989896326455,-0.04,0.27284989896326456,-0.27284989896326456,True,1,type_mean,0.0082565895035254,0.0069532062192367,0.2194993243101532,0.0782363733443051,"
<think>Given the firm's moderate profitability and negative asset growth, alongside a beta slightly above 1 indicating market-like risk, the stock may not present strong fundamental momentum. With the fund's current holding being a relatively small portion of AUM and the stock's low S&P 500 weight, any adjustment is likely to be modest. Considering the low risk tolerance and high turnover constraint, a slight reduction or minimal change in holding is expected to align with the benchmark without aggressive directional bets.</think>
<answer>
{""holding_log_delta"": -0.04}
</answer>","Given the firm's moderate profitability and negative asset growth, alongside a beta slightly above 1 indicating market-like risk, the stock may not present strong fundamental momentum. With the fund's current holding being a relatively small portion of AUM and the stock's low S&P 500 weight, any adjustment is likely to be modest. Considering the low risk tolerance and high turnover constraint, a slight reduction or minimal change in holding is expected to align with the benchmark without aggressive directional bets.","{""holding_log_delta"": -0.04}"
39,population,4,0.5333539583892248,0.2605072964735891,0.20613774513718625,BBUY,BEST BUY COMPANY INC,426,NA,2019-07-01 00:00:00,85914,4250.52627,0.23284989896326455,-0.03,0.26284989896326455,-0.26284989896326455,True,1,type_mean,0.0082565895035254,0.0069532062192367,0.2194993243101532,0.0782363733443051,"
<think>Given the firm's moderate profitability and negative asset growth, alongside a beta slightly above 1 indicating market-like risk, the stock may not present strong fundamental momentum. The fund's current holding is relatively small compared to its AUM and the stock's S&P 500 weight, suggesting limited active exposure. Considering the low risk tolerance and high turnover constraint in the investor profile, any adjustment is likely to be modest, possibly a slight reduction to align closer to the benchmark weight or manage volatility.</think>
<answer>
{""holding_log_delta"": -0.03}
</answer>","Given the firm's moderate profitability and negative asset growth, alongside a beta slightly above 1 indicating market-like risk, the stock may not present strong fundamental momentum. The fund's current holding is relatively small compared to its AUM and the stock's S&P 500 weight, suggesting limited active exposure. Considering the low risk tolerance and high turnover constraint in the investor profile, any adjustment is likely to be modest, possibly a slight reduction to align closer to the benchmark weight or manage volatility.","{""holding_log_delta"": -0.03}"
39,population,5,0.5733539583892248,0.21050729647358912,0.21613774513718625,BBUY,BEST BUY COMPANY INC,426,NA,2019-07-01 00:00:00,85914,4250.52627,0.23284989896326455,-0.04,0.27284989896326456,-0.27284989896326456,True,1,type_mean,0.0082565895035254,0.0069532062192367,0.2194993243101532,0.0782363733443051,"
<think>Given the firm's moderate profitability and negative asset growth, alongside a beta slightly above 1 indicating market-like risk, the stock may not present strong fundamental momentum. The fund's current holding is relatively small compared to its AUM and the stock's S&P 500 weight, suggesting limited active exposure. With average stock volatility and no significant catalysts provided, a modest adjustment in holding magnitude is expected, likely a slight reduction due to the neutral-to-negative fundamentals and the fund's existing low allocation relative to the benchmark.</think>
<answer>
{""holding_log_delta"": -0.04}
</answer>","Given the firm's moderate profitability and negative asset growth, alongside a beta slightly above 1 indicating market-like risk, the stock may not present strong fundamental momentum. The fund's current holding is relatively small compared to its AUM and the stock's S&P 500 weight, suggesting limited active exposure. With average stock volatility and no significant catalysts provided, a modest adjustment in holding magnitude is expected, likely a slight reduction due to the neutral-to-negative fundamentals and the fund's existing low allocation relative to the benchmark.","{""holding_log_delta"": -0.04}"
39,population,6,0.5733539583892248,0.2505072964735891,0.17613774513718625,BBUY,BEST BUY COMPANY INC,426,NA,2019-07-01 00:00:00,85914,4250.52627,0.23284989896326455,-0.04,0.27284989896326456,-0.27284989896326456,True,1,type_mean,0.0082565895035254,0.0069532062192367,0.2194993243101532,0.0782363733443051,"
<think>Given the firm's moderate profitability and negative asset growth, alongside a beta slightly above 1 indicating market-like risk, the stock may not present strong fundamental momentum. The fund's current holding is relatively small compared to its AUM and the stock's S&P 500 weight, suggesting limited active exposure. With average stock volatility and no significant recent volume changes, a modest adjustment in holding is expected, likely a slight reduction due to the mixed signals and the fund's low concentration constraint.</think>
<answer>
{""holding_log_delta"": -0.04}
</answer>","Given the firm's moderate profitability and negative asset growth, alongside a beta slightly above 1 indicating market-like risk, the stock may not present strong fundamental momentum. The fund's current holding is relatively small compared to its AUM and the stock's S&P 500 weight, suggesting limited active exposure. With average stock volatility and no significant recent volume changes, a modest adjustment in holding is expected, likely a slight reduction due to the mixed signals and the fund's low concentration constraint.","{""holding_log_delta"": -0.04}"
39,population,7,0.5433539583892247,0.27050729647358907,0.1861377451371862,BBUY,BEST BUY COMPANY INC,426,NA,2019-07-01 00:00:00,85914,4250.52627,0.23284989896326455,-0.02,0.25284989896326454,-0.25284989896326454,True,1,type_mean,0.0082565895035254,0.0069532062192367,0.2194993243101532,0.0782363733443051,"
<think>Given the firm's moderate profitability and negative asset growth, alongside a beta slightly above 1 indicating market-like risk, the stock may not present strong fundamental momentum. The fund's current holding is relatively small compared to its AUM and the stock's S&P 500 weight, suggesting limited active exposure. With average stock volatility and no significant recent volume changes, a modest adjustment in holding is expected, likely a slight decrease or minimal increase to align with the benchmark weight.</think>
<answer>
{""holding_log_delta"": -0.02}
</answer>","Given the firm's moderate profitability and negative asset growth, alongside a beta slightly above 1 indicating market-like risk, the stock may not present strong fundamental momentum. The fund's current holding is relatively small compared to its AUM and the stock's S&P 500 weight, suggesting limited active exposure. With average stock volatility and no significant recent volume changes, a modest adjustment in holding is expected, likely a slight decrease or minimal increase to align with the benchmark weight.","{""holding_log_delta"": -0.02}"
39,population,8,0.5533539583892247,0.25050729647358905,0.1961377451371862,BBUY,BEST BUY COMPANY INC,426,NA,2019-07-01 00:00:00,85914,4250.52627,0.23284989896326455,-0.04,0.27284989896326456,-0.27284989896326456,True,1,type_mean,0.0082565895035254,0.0069532062192367,0.2194993243101532,0.0782363733443051,"
<think>Given the firm's moderate profitability and negative asset growth, alongside a beta slightly above 1 indicating market-like risk, the stock may not present strong fundamental momentum. With the fund's current holding being a small fraction of AUM and the stock's minimal S&P 500 weight, any adjustment is likely to be modest. Considering the low risk tolerance and high turnover constraint, a slight reduction or minimal change in holding is expected to align with the benchmark without aggressive directional bets.</think>
<answer>
{""holding_log_delta"": -0.04}
</answer>","Given the firm's moderate profitability and negative asset growth, alongside a beta slightly above 1 indicating market-like risk, the stock may not present strong fundamental momentum. With the fund's current holding being a small fraction of AUM and the stock's minimal S&P 500 weight, any adjustment is likely to be modest. Considering the low risk tolerance and high turnover constraint, a slight reduction or minimal change in holding is expected to align with the benchmark without aggressive directional bets.","{""holding_log_delta"": -0.04}"
39,population,9,0.5833539583892248,0.2405072964735891,0.17613774513718625,BBUY,BEST BUY COMPANY INC,426,NA,2019-07-01 00:00:00,85914,4250.52627,0.23284989896326455,-0.04,0.27284989896326456,-0.27284989896326456,True,1,type_mean,0.0082565895035254,0.0069532062192367,0.2194993243101532,0.0782363733443051,"
<think>Given the firm's moderate profitability and negative asset growth, alongside a beta slightly above 1 indicating market-like risk, the stock may not present strong fundamental momentum. The fund's current holding is relatively small compared to its AUM and the stock's S&P 500 weight, suggesting limited active exposure. With average stock volatility and no significant recent volume changes, a modest adjustment in holding is expected, likely a slight decrease due to the mixed signals and the fund's low concentration constraint.</think>
<answer>
{""holding_log_delta"": -0.04}
</answer>","Given the firm's moderate profitability and negative asset growth, alongside a beta slightly above 1 indicating market-like risk, the stock may not present strong fundamental momentum. The fund's current holding is relatively small compared to its AUM and the stock's S&P 500 weight, suggesting limited active exposure. With average stock volatility and no significant recent volume changes, a modest adjustment in holding is expected, likely a slight decrease due to the mixed signals and the fund's low concentration constraint.","{""holding_log_delta"": -0.04}"
39,population,10,0.6133539583898281,0.2705072964738596,0.11613774513731237,BBUY,BEST BUY COMPANY INC,426,NA,2019-07-01 00:00:00,85914,4250.52627,0.23284989896326455,-0.04,0.27284989896326456,-0.27284989896326456,True,1,type_mean,0.0082565895035254,0.0069532062192367,0.2194993243101532,0.0782363733443051,"
<think>Given the firm's moderate profitability and negative asset growth, alongside a beta slightly above 1 indicating market-like risk, the stock may not present strong fundamental momentum. The fund's current holding is relatively small compared to its AUM and the stock's S&P 500 weight, suggesting limited active exposure. With average stock volatility and no significant catalysts provided, a modest adjustment in holding is expected, likely a slight reduction due to the neutral to slightly negative fundamentals and the fund's existing low allocation relative to the benchmark.</think>
<answer>
{""holding_log_delta"": -0.04}
</answer>","Given the firm's moderate profitability and negative asset growth, alongside a beta slightly above 1 indicating market-like risk, the stock may not present strong fundamental momentum. The fund's current holding is relatively small compared to its AUM and the stock's S&P 500 weight, suggesting limited active exposure. With average stock volatility and no significant catalysts provided, a modest adjustment in holding is expected, likely a slight reduction due to the neutral to slightly negative fundamentals and the fund's existing low allocation relative to the benchmark.","{""holding_log_delta"": -0.04}"
39,population,11,0.6133539583898281,0.2705072964738596,0.11613774513731237,BBUY,BEST BUY COMPANY INC,426,NA,2019-07-01 00:00:00,85914,4250.52627,0.23284989896326455,-0.04,0.27284989896326456,-0.27284989896326456,True,1,type_mean,0.0082565895035254,0.0069532062192367,0.2194993243101532,0.0782363733443051,"
<think>Given the firm's moderate profitability and negative asset growth, alongside a beta slightly above 1 indicating market-like risk, the stock may not present strong fundamental momentum. The fund's current holding is relatively small compared to its AUM and the stock's S&P 500 weight, suggesting limited active exposure. With average stock volatility and no significant catalysts provided, a modest adjustment in holding is expected, likely a slight reduction due to the neutral to slightly negative fundamentals and the fund's existing low allocation relative to the benchmark.</think>
<answer>
{""holding_log_delta"": -0.04}
</answer>","Given the firm's moderate profitability and negative asset growth, alongside a beta slightly above 1 indicating market-like risk, the stock may not present strong fundamental momentum. The fund's current holding is relatively small compared to its AUM and the stock's S&P 500 weight, suggesting limited active exposure. With average stock volatility and no significant catalysts provided, a modest adjustment in holding is expected, likely a slight reduction due to the neutral to slightly negative fundamentals and the fund's existing low allocation relative to the benchmark.","{""holding_log_delta"": -0.04}"
