generation,stage,candidate_idx,risk_aversion,herd_behavior,profit_driven,ticker,company,id,quarter,date,permno,holding_t,y_true,pred,abs_error,reward,valid,best_k,profile_strength_mode,x_risk_mean,x_herd_mean,x_profit_mean,overall_mean,raw_output,reason,answer_body
64,population,0,0.356999643000357,0.516999483000517,0.12599987400012602,WEC,W E C ENERGY GROUP INC,364,NA,2017-04-01 00:00:00,23536,366.281719,-0.16160311402060984,-0.04,0.12160311402060983,-0.12160311402060983,True,1,type_mean,0.0105116667264412,0.009015847914168,2.8059538271968374,0.9418271139458155,"
<think>Given the firm's low profitability (profit=0.144) and very low beta (0.0358), the stock appears to have limited growth potential and high risk-adjusted return, which may not align strongly with the defensive, low-risk profile of an insurance company investor. The current holding is relatively small compared to AUM, and the stock's low SPX weight suggests it is not a major benchmark component, so any adjustment would likely be modest in magnitude. Considering the low-beta nature and the fund's existing exposure scale, a slight reduction or minimal change in holding might be expected to manage risk exposure without significant active allocation.</think>
<answer>
{""holding_log_delta"": -0.04}
</answer>","Given the firm's low profitability (profit=0.144) and very low beta (0.0358), the stock appears to have limited growth potential and high risk-adjusted return, which may not align strongly with the defensive, low-risk profile of an insurance company investor. The current holding is relatively small compared to AUM, and the stock's low SPX weight suggests it is not a major benchmark component, so any adjustment would likely be modest in magnitude. Considering the low-beta nature and the fund's existing exposure scale, a slight reduction or minimal change in holding might be expected to manage risk exposure without significant active allocation.","{""holding_log_delta"": -0.04}"
64,population,1,0.346345999653654,0.507506999492493,0.146145999853854,WEC,W E C ENERGY GROUP INC,364,NA,2017-04-01 00:00:00,23536,366.281719,-0.16160311402060984,-0.04,0.12160311402060983,-0.12160311402060983,True,1,type_mean,0.0105116667264412,0.009015847914168,2.8059538271968374,0.9418271139458155,"
<think>Given the firm's low profitability (profit=0.144) and very low beta (0.0358), the stock appears to have limited growth potential and high risk-adjusted return, which may not align strongly with the defensive, low-risk profile of an insurance company investor. The current holding is relatively small compared to AUM, and the stock's very low beta suggests minimal systematic risk, but its low profitability might temper any significant increase in allocation. Considering the low risk tolerance and defensive nature, a modest adjustment to align with the benchmark weight or manage concentration is likely, rather than a large directional shift.</think>
<answer>
{""holding_log_delta"": -0.04}
</answer>","Given the firm's low profitability (profit=0.144) and very low beta (0.0358), the stock appears to have limited growth potential and high risk-adjusted return, which may not align strongly with the defensive, low-risk profile of an insurance company investor. The current holding is relatively small compared to AUM, and the stock's very low beta suggests minimal systematic risk, but its low profitability might temper any significant increase in allocation. Considering the low risk tolerance and defensive nature, a modest adjustment to align with the benchmark weight or manage concentration is likely, rather than a large directional shift.","{""holding_log_delta"": -0.04}"
64,population,2,0.346345999653654,0.516515999483484,0.137136999862863,WEC,W E C ENERGY GROUP INC,364,NA,2017-04-01 00:00:00,23536,366.281719,-0.16160311402060984,-0.04,0.12160311402060983,-0.12160311402060983,True,1,type_mean,0.0105116667264412,0.009015847914168,2.8059538271968374,0.9418271139458155,"
<think>Given the firm's low profitability (profit=0.144) and very low beta (0.0358), the stock appears to be a low-risk, potentially defensive holding. The fund's current position is modest relative to AUM, and the stock's S&P 500 weight is small, suggesting limited benchmark-driven pressure. With low volatility and volume, any adjustment would likely be minor, possibly a slight increase to align with the defensive profile but constrained by the fund's existing low allocation.</think>
<answer>
{""holding_log_delta"": -0.04}
</answer>","Given the firm's low profitability (profit=0.144) and very low beta (0.0358), the stock appears to be a low-risk, potentially defensive holding. The fund's current position is modest relative to AUM, and the stock's S&P 500 weight is small, suggesting limited benchmark-driven pressure. With low volatility and volume, any adjustment would likely be minor, possibly a slight increase to align with the defensive profile but constrained by the fund's existing low allocation.","{""holding_log_delta"": -0.04}"
64,population,3,0.34999965000035,0.47999952000048,0.16999983000017002,WEC,W E C ENERGY GROUP INC,364,NA,2017-04-01 00:00:00,23536,366.281719,-0.16160311402060984,-0.04,0.12160311402060983,-0.12160311402060983,True,1,type_mean,0.0105116667264412,0.009015847914168,2.8059538271968374,0.9418271139458155,"
<think>Given the firm's low profitability (profit=0.144) and very low beta (0.0358), the stock appears to be a low-risk, potentially defensive holding. The fund's current holding is modest relative to AUM, and the stock's S&P 500 weight is small, suggesting limited benchmark-driven pressure. With low volatility and volume, any adjustment would likely be minor, possibly a slight increase to align with the defensive profile but constrained by the fund's existing low allocation.</think>
<answer>
{""holding_log_delta"": -0.04}
</answer>","Given the firm's low profitability (profit=0.144) and very low beta (0.0358), the stock appears to be a low-risk, potentially defensive holding. The fund's current holding is modest relative to AUM, and the stock's S&P 500 weight is small, suggesting limited benchmark-driven pressure. With low volatility and volume, any adjustment would likely be minor, possibly a slight increase to align with the defensive profile but constrained by the fund's existing low allocation.","{""holding_log_delta"": -0.04}"
64,population,4,0.346999653000347,0.5069994930005071,0.145999854000146,WEC,W E C ENERGY GROUP INC,364,NA,2017-04-01 00:00:00,23536,366.281719,-0.16160311402060984,-0.04,0.12160311402060983,-0.12160311402060983,True,1,type_mean,0.0105116667264412,0.009015847914168,2.8059538271968374,0.9418271139458155,"
<think>Given the firm's low profitability (profit=0.144) and very low beta (0.0358), the stock appears to have limited growth potential and high systematic risk relative to the market. The fund's current holding is modest relative to AUM and the stock's S&P 500 weight, suggesting it is not a large position. With the fund's defensive style and low risk tolerance, a reduction in exposure to this low-beta, low-profit stock is likely to minimize risk without significant active risk-taking.</think>
<answer>
{""holding_log_delta"": -0.04}
</answer>","Given the firm's low profitability (profit=0.144) and very low beta (0.0358), the stock appears to have limited growth potential and high systematic risk relative to the market. The fund's current holding is modest relative to AUM and the stock's S&P 500 weight, suggesting it is not a large position. With the fund's defensive style and low risk tolerance, a reduction in exposure to this low-beta, low-profit stock is likely to minimize risk without significant active risk-taking.","{""holding_log_delta"": -0.04}"
64,population,5,0.35635599964364395,0.496495999503504,0.14714699985285298,WEC,W E C ENERGY GROUP INC,364,NA,2017-04-01 00:00:00,23536,366.281719,-0.16160311402060984,-0.04,0.12160311402060983,-0.12160311402060983,True,1,type_mean,0.0105116667264412,0.009015847914168,2.8059538271968374,0.9418271139458155,"
<think>Given the firm's low profitability (profit=0.144) and very low beta (0.0358), the stock appears to be a low-risk, potentially defensive holding. The fund's current position is modest relative to its AUM and the stock's S&P 500 weight, suggesting limited active allocation. With the fund's low risk tolerance and defensive investment style, any adjustment would likely be small in magnitude, possibly a slight reduction due to the stock's low growth (Gat=0.0258) and low volatility (stock_vol_q_prev=2.8075), but the magnitude would be constrained by the fund's low turnover constraint.</think>
<answer>
{""holding_log_delta"": -0.04}
</answer>","Given the firm's low profitability (profit=0.144) and very low beta (0.0358), the stock appears to be a low-risk, potentially defensive holding. The fund's current position is modest relative to its AUM and the stock's S&P 500 weight, suggesting limited active allocation. With the fund's low risk tolerance and defensive investment style, any adjustment would likely be small in magnitude, possibly a slight reduction due to the stock's low growth (Gat=0.0258) and low volatility (stock_vol_q_prev=2.8075), but the magnitude would be constrained by the fund's low turnover constraint.","{""holding_log_delta"": -0.04}"
64,population,6,0.346999653000347,0.521999478000522,0.13099986900013103,WEC,W E C ENERGY GROUP INC,364,NA,2017-04-01 00:00:00,23536,366.281719,-0.16160311402060984,-0.04,0.12160311402060983,-0.12160311402060983,True,1,type_mean,0.0105116667264412,0.009015847914168,2.8059538271968374,0.9418271139458155,"
<think>Given the firm's low profitability (profit=0.144) and very low beta (0.0358), the stock appears to have limited growth potential and high stability, which aligns with a defensive investor's preference for low-risk assets. The fund's current holding is relatively small compared to its AUM, and the stock's low S&P 500 weight suggests it is not a major benchmark component. With no strong positive fundamentals driving increased allocation and given the fund's defensive stance and low turnover constraint, a modest reduction in holding or minimal adjustment is expected.</think>
<answer>
{""holding_log_delta"": -0.04}
</answer>","Given the firm's low profitability (profit=0.144) and very low beta (0.0358), the stock appears to have limited growth potential and high stability, which aligns with a defensive investor's preference for low-risk assets. The fund's current holding is relatively small compared to its AUM, and the stock's low S&P 500 weight suggests it is not a major benchmark component. With no strong positive fundamentals driving increased allocation and given the fund's defensive stance and low turnover constraint, a modest reduction in holding or minimal adjustment is expected.","{""holding_log_delta"": -0.04}"
64,population,7,0.33633599966366395,0.5165159994834839,0.14714699985285298,WEC,W E C ENERGY GROUP INC,364,NA,2017-04-01 00:00:00,23536,366.281719,-0.16160311402060984,-0.04,0.12160311402060983,-0.12160311402060983,True,1,type_mean,0.0105116667264412,0.009015847914168,2.8059538271968374,0.9418271139458155,"
<think>Given the firm's low profitability (profit=0.144) and very low beta (0.0358), the stock appears to be a low-risk, potentially defensive holding. The fund's current position is modest relative to AUM, and the stock's S&P 500 weight is small, suggesting limited benchmark-driven pressure. With low volatility and volume, any adjustment would likely be minor, possibly a slight increase to align with the defensive profile but constrained by the fund's existing low allocation.</think>
<answer>
{""holding_log_delta"": -0.04}
</answer>","Given the firm's low profitability (profit=0.144) and very low beta (0.0358), the stock appears to be a low-risk, potentially defensive holding. The fund's current position is modest relative to AUM, and the stock's S&P 500 weight is small, suggesting limited benchmark-driven pressure. With low volatility and volume, any adjustment would likely be minor, possibly a slight increase to align with the defensive profile but constrained by the fund's existing low allocation.","{""holding_log_delta"": -0.04}"
64,population,8,0.35635599964364395,0.506505999493494,0.137136999862863,WEC,W E C ENERGY GROUP INC,364,NA,2017-04-01 00:00:00,23536,366.281719,-0.16160311402060984,-0.04,0.12160311402060983,-0.12160311402060983,True,1,type_mean,0.0105116667264412,0.009015847914168,2.8059538271968374,0.9418271139458155,"
<think>Given the firm's low profitability (profit=0.144) and very low beta (0.0358), the stock appears to be a low-risk, potentially defensive holding. The fund's current position is modest relative to its AUM, and the stock's S&P 500 weight is small, suggesting limited benchmark-driven pressure. With the fund's high AUM and low turnover constraint, any adjustment would likely be small in magnitude, possibly a slight increase to align with the low-risk profile but constrained by the existing holding size.</think>
<answer>
{""holding_log_delta"": -0.04}
</answer>","Given the firm's low profitability (profit=0.144) and very low beta (0.0358), the stock appears to be a low-risk, potentially defensive holding. The fund's current position is modest relative to its AUM, and the stock's S&P 500 weight is small, suggesting limited benchmark-driven pressure. With the fund's high AUM and low turnover constraint, any adjustment would likely be small in magnitude, possibly a slight increase to align with the low-risk profile but constrained by the existing holding size.","{""holding_log_delta"": -0.04}"
64,population,9,0.357999642000358,0.516999483000517,0.12499987500012501,WEC,W E C ENERGY GROUP INC,364,NA,2017-04-01 00:00:00,23536,366.281719,-0.16160311402060984,-0.04,0.12160311402060983,-0.12160311402060983,True,1,type_mean,0.0105116667264412,0.009015847914168,2.8059538271968374,0.9418271139458155,"
<think>Given the firm's low profitability (profit=0.144) and very low beta (0.0358), the stock appears to have limited growth potential and high stability, which aligns with a defensive investor's preference. The fund's current holding is relatively small compared to its AUM, and the stock's low S&P 500 weight suggests it is not a major benchmark component. With the fund's low risk tolerance and high concentration constraints, a modest increase in holding might be expected to align with the benchmark while managing risk exposure.</think>
<answer>
{""holding_log_delta"": -0.04}
</answer>","Given the firm's low profitability (profit=0.144) and very low beta (0.0358), the stock appears to have limited growth potential and high stability, which aligns with a defensive investor's preference. The fund's current holding is relatively small compared to its AUM, and the stock's low S&P 500 weight suggests it is not a major benchmark component. With the fund's low risk tolerance and high concentration constraints, a modest increase in holding might be expected to align with the benchmark while managing risk exposure.","{""holding_log_delta"": -0.04}"
64,population,10,0.358999641000359,0.516999483000517,0.123999876000124,WEC,W E C ENERGY GROUP INC,364,NA,2017-04-01 00:00:00,23536,366.281719,-0.16160311402060984,-0.04,0.12160311402060983,-0.12160311402060983,True,1,type_mean,0.0105116667264412,0.009015847914168,2.8059538271968374,0.9418271139458155,"
<think>Given the firm's low profitability (profit=0.144) and very low beta (0.0358), the stock appears to be a low-risk, potentially defensive holding. The fund's current position is modest relative to AUM, and the stock's S&P 500 weight is small, suggesting limited benchmark-driven pressure. With low volatility and volume, any adjustment would likely be minor, possibly a slight increase to align with the defensive profile but constrained by the fund's existing low allocation.</think>
<answer>
{""holding_log_delta"": -0.04}
</answer>","Given the firm's low profitability (profit=0.144) and very low beta (0.0358), the stock appears to be a low-risk, potentially defensive holding. The fund's current position is modest relative to AUM, and the stock's S&P 500 weight is small, suggesting limited benchmark-driven pressure. With low volatility and volume, any adjustment would likely be minor, possibly a slight increase to align with the defensive profile but constrained by the fund's existing low allocation.","{""holding_log_delta"": -0.04}"
64,population,11,0.351999648000352,0.5119994880005121,0.13599986400013603,WEC,W E C ENERGY GROUP INC,364,NA,2017-04-01 00:00:00,23536,366.281719,-0.16160311402060984,-0.04,0.12160311402060983,-0.12160311402060983,True,1,type_mean,0.0105116667264412,0.009015847914168,2.8059538271968374,0.9418271139458155,"
<think>Given the firm's low profitability (profit=0.144) and very low beta (0.0358), the stock appears to be a low-risk, potentially defensive holding. The fund's current position is modest relative to AUM, and the stock's S&P 500 weight is small, suggesting limited benchmark-driven pressure. With low volatility and volume, any adjustment would likely be minor, possibly a slight increase to align with the defensive profile but constrained by the fund's existing low allocation.</think>
<answer>
{""holding_log_delta"": -0.04}
</answer>","Given the firm's low profitability (profit=0.144) and very low beta (0.0358), the stock appears to be a low-risk, potentially defensive holding. The fund's current position is modest relative to AUM, and the stock's S&P 500 weight is small, suggesting limited benchmark-driven pressure. With low volatility and volume, any adjustment would likely be minor, possibly a slight increase to align with the defensive profile but constrained by the fund's existing low allocation.","{""holding_log_delta"": -0.04}"
