generation,stage,candidate_idx,risk_aversion,herd_behavior,profit_driven,ticker,company,id,quarter,date,permno,holding_t,y_true,pred,abs_error,reward,valid,best_k,profile_strength_mode,x_risk_mean,x_herd_mean,x_profit_mean,overall_mean,raw_output,reason,answer_body
11,population,0,0.36724777727373004,0.5783902323275639,0.05436098972356357,IFF,INTERNATIONAL FLAVORS & FRAG INC,809,NA,2016-04-01 00:00:00,40272,529.863636,0.11833757161619224,-0.03,0.14833757161619224,-0.14833757161619224,True,1,type_mean,0.0105116667264412,0.009015847914168,2.8059538271968374,0.9418271139458155,"
<think>Given the firm's moderate profitability and low beta, combined with the fund's substantial AUM and the stock's very small S&P 500 weight, a modest increase in holding might be expected to align with the benchmark while managing risk due to the low-beta profile. However, the current holding is already significant relative to the fund's total assets, and the stock's recent volatility is relatively high, which could temper any large increase.</think>
<answer>
{""holding_log_delta"": -0.03}
</answer>","Given the firm's moderate profitability and low beta, combined with the fund's substantial AUM and the stock's very small S&P 500 weight, a modest increase in holding might be expected to align with the benchmark while managing risk due to the low-beta profile. However, the current holding is already significant relative to the fund's total assets, and the stock's recent volatility is relatively high, which could temper any large increase.","{""holding_log_delta"": -0.03}"
11,population,1,0.3973996026003974,0.5182994817005183,0.08429991570008431,IFF,INTERNATIONAL FLAVORS & FRAG INC,809,NA,2016-04-01 00:00:00,40272,529.863636,0.11833757161619224,-0.04,0.15833757161619225,-0.15833757161619225,True,1,type_mean,0.0105116667264412,0.009015847914168,2.8059538271968374,0.9418271139458155,"
<think>Given the firm's moderate profitability and low beta, combined with the fund's substantial AUM and the stock's very small S&P 500 weight, a modest increase in holding might be expected to align with the benchmark while managing risk due to the low-beta profile. However, the current holding is already significant relative to the stock's market capitalization and the fund's total outflows, suggesting limited room for large increases without violating the fund's low-turnover constraint.</think>
<answer>
{""holding_log_delta"": -0.04}
</answer>","Given the firm's moderate profitability and low beta, combined with the fund's substantial AUM and the stock's very small S&P 500 weight, a modest increase in holding might be expected to align with the benchmark while managing risk due to the low-beta profile. However, the current holding is already significant relative to the stock's market capitalization and the fund's total outflows, suggesting limited room for large increases without violating the fund's low-turnover constraint.","{""holding_log_delta"": -0.04}"
11,population,2,0.35739964260035745,0.5482994517005484,0.0942999057000943,IFF,INTERNATIONAL FLAVORS & FRAG INC,809,NA,2016-04-01 00:00:00,40272,529.863636,0.11833757161619224,-0.03,0.14833757161619224,-0.14833757161619224,True,1,type_mean,0.0105116667264412,0.009015847914168,2.8059538271968374,0.9418271139458155,"
<think>Given the firm's moderate profitability and low beta, combined with the fund's substantial AUM and the stock's very small S&P 500 weight, a modest increase in holding might be expected to align with benchmark tracking while considering the low-risk profile. However, the current holding is already significant relative to the fund's total assets, and the stock's recent volatility is relatively high, which could temper any large adjustment.</think>
<answer>
{""holding_log_delta"": -0.03}
</answer>","Given the firm's moderate profitability and low beta, combined with the fund's substantial AUM and the stock's very small S&P 500 weight, a modest increase in holding might be expected to align with benchmark tracking while considering the low-risk profile. However, the current holding is already significant relative to the fund's total assets, and the stock's recent volatility is relatively high, which could temper any large adjustment.","{""holding_log_delta"": -0.03}"
11,population,3,0.37714863971172535,0.5685046283838259,0.054345731510178935,IFF,INTERNATIONAL FLAVORS & FRAG INC,809,NA,2016-04-01 00:00:00,40272,529.863636,0.11833757161619224,-0.04,0.15833757161619225,-0.15833757161619225,True,1,type_mean,0.0105116667264412,0.009015847914168,2.8059538271968374,0.9418271139458155,"
<think>Given the firm's moderate profitability and low beta, combined with the fund's substantial AUM and the stock's very small S&P 500 weight, a modest increase in holding might be expected to align with benchmark tracking, but the low beta and existing position size relative to AUM suggest limited magnitude.</think>
<answer>
{""holding_log_delta"": -0.04}
</answer>","Given the firm's moderate profitability and low beta, combined with the fund's substantial AUM and the stock's very small S&P 500 weight, a modest increase in holding might be expected to align with benchmark tracking, but the low beta and existing position size relative to AUM suggest limited magnitude.","{""holding_log_delta"": -0.04}"
11,population,4,0.37714863971172535,0.5685046283838259,0.054345731510178935,IFF,INTERNATIONAL FLAVORS & FRAG INC,809,NA,2016-04-01 00:00:00,40272,529.863636,0.11833757161619224,-0.04,0.15833757161619225,-0.15833757161619225,True,1,type_mean,0.0105116667264412,0.009015847914168,2.8059538271968374,0.9418271139458155,"
<think>Given the firm's moderate profitability and low beta, combined with the fund's substantial AUM and the stock's very small S&P 500 weight, a modest increase in holding might be expected to align with benchmark tracking, but the low beta and existing position size relative to AUM suggest limited magnitude.</think>
<answer>
{""holding_log_delta"": -0.04}
</answer>","Given the firm's moderate profitability and low beta, combined with the fund's substantial AUM and the stock's very small S&P 500 weight, a modest increase in holding might be expected to align with benchmark tracking, but the low beta and existing position size relative to AUM suggest limited magnitude.","{""holding_log_delta"": -0.04}"
11,population,5,0.38739961260038747,0.5282994717005284,0.08429991570008431,IFF,INTERNATIONAL FLAVORS & FRAG INC,809,NA,2016-04-01 00:00:00,40272,529.863636,0.11833757161619224,-0.04,0.15833757161619225,-0.15833757161619225,True,1,type_mean,0.0105116667264412,0.009015847914168,2.8059538271968374,0.9418271139458155,"
<think>Given the firm's moderate profitability and low beta, combined with the fund's substantial AUM and the stock's very small S&P 500 weight, a modest increase in holding might be expected to align with benchmark tracking while considering the low risk profile. However, the current holding is already significant relative to the fund's total assets, and the stock's recent volatility is relatively high, which could temper any large adjustment.</think>
<answer>
{""holding_log_delta"": -0.04}
</answer>","Given the firm's moderate profitability and low beta, combined with the fund's substantial AUM and the stock's very small S&P 500 weight, a modest increase in holding might be expected to align with benchmark tracking while considering the low risk profile. However, the current holding is already significant relative to the fund's total assets, and the stock's recent volatility is relatively high, which could temper any large adjustment.","{""holding_log_delta"": -0.04}"
11,population,6,0.37739964309313706,0.5182995098441254,0.10429984706368328,IFF,INTERNATIONAL FLAVORS & FRAG INC,809,NA,2016-04-01 00:00:00,40272,529.863636,0.11833757161619224,-0.03,0.14833757161619224,-0.14833757161619224,True,1,type_mean,0.0105116667264412,0.009015847914168,2.8059538271968374,0.9418271139458155,"
<think>Given the firm's moderate profitability and low beta, combined with the fund's substantial AUM and the stock's very small S&P 500 weight, a modest increase in holding might be expected to align with benchmark tracking, but the low beta and existing position size relative to AUM suggest limited magnitude.</think>
<answer>
{""holding_log_delta"": -0.03}
</answer>","Given the firm's moderate profitability and low beta, combined with the fund's substantial AUM and the stock's very small S&P 500 weight, a modest increase in holding might be expected to align with benchmark tracking, but the low beta and existing position size relative to AUM suggest limited magnitude.","{""holding_log_delta"": -0.03}"
11,population,7,0.39239960760039244,0.5682994317005684,0.039299960700039306,IFF,INTERNATIONAL FLAVORS & FRAG INC,809,NA,2016-04-01 00:00:00,40272,529.863636,0.11833757161619224,-0.04,0.15833757161619225,-0.15833757161619225,True,1,type_mean,0.0105116667264412,0.009015847914168,2.8059538271968374,0.9418271139458155,"
<think>Given the firm's moderate profitability and low beta, the stock appears relatively stable but not growth-oriented. The fund's current holding is substantial relative to its AUM and the stock's S&P 500 weight, suggesting a significant existing exposure. With low volatility and a defensive profile, a modest adjustment to align with the benchmark or manage concentration is likely, leading to a small negative normalized log change.</think>
<answer>
{""holding_log_delta"": -0.04}
</answer>","Given the firm's moderate profitability and low beta, the stock appears relatively stable but not growth-oriented. The fund's current holding is substantial relative to its AUM and the stock's S&P 500 weight, suggesting a significant existing exposure. With low volatility and a defensive profile, a modest adjustment to align with the benchmark or manage concentration is likely, leading to a small negative normalized log change.","{""holding_log_delta"": -0.04}"
11,population,8,0.37739962260037746,0.5382994617005383,0.08429991570008431,IFF,INTERNATIONAL FLAVORS & FRAG INC,809,NA,2016-04-01 00:00:00,40272,529.863636,0.11833757161619224,-0.04,0.15833757161619225,-0.15833757161619225,True,1,type_mean,0.0105116667264412,0.009015847914168,2.8059538271968374,0.9418271139458155,"
<think>Given the firm's moderate profitability (profit=0.396) and low beta (0.944), the stock appears stable but not growth-oriented. The fund's current holding is relatively small compared to its AUM, and the stock's very low S&P 500 weight suggests limited benchmark-driven demand. With low volatility and average trading volume, a modest adjustment to align with the benchmark or manage risk exposure is expected, likely resulting in a small positive or neutral change.</think>
<answer>
{""holding_log_delta"": -0.04}
</answer>","Given the firm's moderate profitability (profit=0.396) and low beta (0.944), the stock appears stable but not growth-oriented. The fund's current holding is relatively small compared to its AUM, and the stock's very low S&P 500 weight suggests limited benchmark-driven demand. With low volatility and average trading volume, a modest adjustment to align with the benchmark or manage risk exposure is expected, likely resulting in a small positive or neutral change.","{""holding_log_delta"": -0.04}"
11,population,9,0.356999643000357,0.5479994520005481,0.094999905000095,IFF,INTERNATIONAL FLAVORS & FRAG INC,809,NA,2016-04-01 00:00:00,40272,529.863636,0.11833757161619224,-0.02,0.13833757161619223,-0.13833757161619223,True,1,type_mean,0.0105116667264412,0.009015847914168,2.8059538271968374,0.9418271139458155,"
<think>Given the firm's moderate profitability and low beta, combined with the fund's substantial AUM and the stock's very small S&P 500 weight, a modest increase in holding might be expected to align with benchmark tracking, but the low beta and existing position size relative to AUM suggest limited magnitude.</think>
<answer>
{""holding_log_delta"": -0.02}
</answer>","Given the firm's moderate profitability and low beta, combined with the fund's substantial AUM and the stock's very small S&P 500 weight, a modest increase in holding might be expected to align with benchmark tracking, but the low beta and existing position size relative to AUM suggest limited magnitude.","{""holding_log_delta"": -0.02}"
11,population,10,0.37699962300037704,0.5579994420005581,0.06499993500006501,IFF,INTERNATIONAL FLAVORS & FRAG INC,809,NA,2016-04-01 00:00:00,40272,529.863636,0.11833757161619224,-0.02,0.13833757161619223,-0.13833757161619223,True,1,type_mean,0.0105116667264412,0.009015847914168,2.8059538271968374,0.9418271139458155,"
<think>Given the firm's moderate profitability and low beta, the stock appears stable but not growth-oriented. The fund's current holding is relatively small compared to its AUM and the stock's S&P 500 weight, suggesting room for modest adjustment. Considering the low risk profile and defensive investment style, any change would likely be minor, possibly a slight increase to align closer with the benchmark weight or a small decrease due to the stock's average volatility.</think>
<answer>
{""holding_log_delta"": -0.02}
</answer>","Given the firm's moderate profitability and low beta, the stock appears stable but not growth-oriented. The fund's current holding is relatively small compared to its AUM and the stock's S&P 500 weight, suggesting room for modest adjustment. Considering the low risk profile and defensive investment style, any change would likely be minor, possibly a slight increase to align closer with the benchmark weight or a small decrease due to the stock's average volatility.","{""holding_log_delta"": -0.02}"
11,population,11,0.36699963300036703,0.537999462000538,0.094999905000095,IFF,INTERNATIONAL FLAVORS & FRAG INC,809,NA,2016-04-01 00:00:00,40272,529.863636,0.11833757161619224,-0.04,0.15833757161619225,-0.15833757161619225,True,1,type_mean,0.0105116667264412,0.009015847914168,2.8059538271968374,0.9418271139458155,"
<think>Given the firm's moderate profitability and low beta, combined with the fund's substantial AUM and the stock's very small S&P 500 weight, a modest increase in holding might be expected to align with benchmark tracking while considering the low risk profile. However, the current position is already significant relative to the fund's total assets, and the stock's recent volatility is relatively high, which could temper any large adjustment.</think>
<answer>
{""holding_log_delta"": -0.04}
</answer>","Given the firm's moderate profitability and low beta, combined with the fund's substantial AUM and the stock's very small S&P 500 weight, a modest increase in holding might be expected to align with benchmark tracking while considering the low risk profile. However, the current position is already significant relative to the fund's total assets, and the stock's recent volatility is relatively high, which could temper any large adjustment.","{""holding_log_delta"": -0.04}"
