generation,stage,candidate_idx,risk_aversion,herd_behavior,profit_driven,ticker,company,id,quarter,date,permno,holding_t,y_true,pred,abs_error,reward,valid,best_k,profile_strength_mode,x_risk_mean,x_herd_mean,x_profit_mean,overall_mean,raw_output,reason,answer_body
19,population,0,0.35739964260035745,0.5482994517005484,0.0942999057000943,MET,METLIFE INC,336,NA,2018-04-01 00:00:00,87842,577.645698,0.11941544782550441,-0.07,0.1894154478255044,-0.1894154478255044,True,1,type_mean,0.0105116667264412,0.009015847914168,2.8059538271968374,0.9418271139458155,"
<think>Given MET's current fundamentals, the company has a moderate market capitalization relative to book equity and positive profitability, but negative asset growth and a beta above 1 indicating higher systematic risk. The fund's current holding is substantial relative to its AUM, and the stock's low S&P 500 weight suggests limited benchmark-driven demand. Considering the high beta and negative asset growth, along with the fund's existing large position, a modest reduction in holding might be expected to manage risk exposure, though the magnitude would likely be tempered by the stock's positive profitability and the fund's high AUM.</think>
<answer>
{""holding_log_delta"": -0.07}
</answer>","Given MET's current fundamentals, the company has a moderate market capitalization relative to book equity and positive profitability, but negative asset growth and a beta above 1 indicating higher systematic risk. The fund's current holding is substantial relative to its AUM, and the stock's low S&P 500 weight suggests limited benchmark-driven demand. Considering the high beta and negative asset growth, along with the fund's existing large position, a modest reduction in holding might be expected to manage risk exposure, though the magnitude would likely be tempered by the stock's positive profitability and the fund's high AUM.","{""holding_log_delta"": -0.07}"
19,population,1,0.36699963300036703,0.537999462000538,0.094999905000095,MET,METLIFE INC,336,NA,2018-04-01 00:00:00,87842,577.645698,0.11941544782550441,-0.04,0.1594154478255044,-0.1594154478255044,True,1,type_mean,0.0105116667264412,0.009015847914168,2.8059538271968374,0.9418271139458155,"
<think>Given MET's current fundamentals, the company has a moderate market capitalization relative to book equity and positive profitability, but negative asset growth and a beta above 1 indicating higher systematic risk. The fund's current holding is substantial relative to its AUM and the stock's S&P 500 weight, suggesting a significant active position. Considering the high beta and negative asset growth, along with the fund's defensive profile and low risk tolerance, a reduction in the holding might be expected to manage risk exposure, leading to a negative normalized log change.</think>
<answer>
{""holding_log_delta"": -0.04}
</answer>","Given MET's current fundamentals, the company has a moderate market capitalization relative to book equity and positive profitability, but negative asset growth and a beta above 1 indicating higher systematic risk. The fund's current holding is substantial relative to its AUM and the stock's S&P 500 weight, suggesting a significant active position. Considering the high beta and negative asset growth, along with the fund's defensive profile and low risk tolerance, a reduction in the holding might be expected to manage risk exposure, leading to a negative normalized log change.","{""holding_log_delta"": -0.04}"
19,population,2,0.36724777727373004,0.5783902323275639,0.05436098972356357,MET,METLIFE INC,336,NA,2018-04-01 00:00:00,87842,577.645698,0.11941544782550441,-0.07,0.1894154478255044,-0.1894154478255044,True,1,type_mean,0.0105116667264412,0.009015847914168,2.8059538271968374,0.9418271139458155,"
<think>Given MET's current fundamentals, the company has a moderate market capitalization relative to book equity and positive profitability, but negative asset growth and a beta above 1 indicating higher systematic risk. The fund's current holding is substantial relative to its AUM and the stock's S&P 500 weight, suggesting a significant active position. Considering the high beta and negative asset growth, combined with the fund's defensive profile and low risk tolerance, a reduction in the holding might be expected to manage risk exposure, leading to a negative normalized log change.</think>
<answer>
{""holding_log_delta"": -0.07}
</answer>","Given MET's current fundamentals, the company has a moderate market capitalization relative to book equity and positive profitability, but negative asset growth and a beta above 1 indicating higher systematic risk. The fund's current holding is substantial relative to its AUM and the stock's S&P 500 weight, suggesting a significant active position. Considering the high beta and negative asset growth, combined with the fund's defensive profile and low risk tolerance, a reduction in the holding might be expected to manage risk exposure, leading to a negative normalized log change.","{""holding_log_delta"": -0.07}"
19,population,3,0.39239960760039244,0.5682994317005684,0.039299960700039306,MET,METLIFE INC,336,NA,2018-04-01 00:00:00,87842,577.645698,0.11941544782550441,-0.08,0.1994154478255044,-0.1994154478255044,True,1,type_mean,0.0105116667264412,0.009015847914168,2.8059538271968374,0.9418271139458155,"
<think>Given MET's current fundamentals, the company has a moderate market capitalization relative to book equity and positive profitability, but negative asset growth and a beta above 1 indicating higher systematic risk. The fund's current holding is substantial relative to its AUM and the stock's S&P 500 weight, suggesting a significant active position. Considering the high beta and negative asset growth, combined with the fund's defensive profile and low risk tolerance, a reduction in the holding might be expected to manage risk exposure, leading to a negative normalized log change.</think>
<answer>
{""holding_log_delta"": -0.08}
</answer>","Given MET's current fundamentals, the company has a moderate market capitalization relative to book equity and positive profitability, but negative asset growth and a beta above 1 indicating higher systematic risk. The fund's current holding is substantial relative to its AUM and the stock's S&P 500 weight, suggesting a significant active position. Considering the high beta and negative asset growth, combined with the fund's defensive profile and low risk tolerance, a reduction in the holding might be expected to manage risk exposure, leading to a negative normalized log change.","{""holding_log_delta"": -0.08}"
19,population,4,0.37699962300037704,0.5579994420005581,0.06499993500006501,MET,METLIFE INC,336,NA,2018-04-01 00:00:00,87842,577.645698,0.11941544782550441,-0.04,0.1594154478255044,-0.1594154478255044,True,1,type_mean,0.0105116667264412,0.009015847914168,2.8059538271968374,0.9418271139458155,"
<think>Given MET's current fundamentals, the company has a moderate market capitalization relative to book equity and positive profitability, but negative asset growth and a beta above 1 indicating higher systematic risk. The fund's current holding is substantial relative to its AUM and the stock's S&P 500 weight, suggesting a significant active position. Considering the high beta and negative asset growth, along with the fund's defensive profile and low risk tolerance, a reduction in the holding might be expected to manage risk exposure, leading to a negative normalized log change.</think>
<answer>
{""holding_log_delta"": -0.04}
</answer>","Given MET's current fundamentals, the company has a moderate market capitalization relative to book equity and positive profitability, but negative asset growth and a beta above 1 indicating higher systematic risk. The fund's current holding is substantial relative to its AUM and the stock's S&P 500 weight, suggesting a significant active position. Considering the high beta and negative asset growth, along with the fund's defensive profile and low risk tolerance, a reduction in the holding might be expected to manage risk exposure, leading to a negative normalized log change.","{""holding_log_delta"": -0.04}"
19,population,5,0.38739961260038747,0.5282994717005284,0.08429991570008431,MET,METLIFE INC,336,NA,2018-04-01 00:00:00,87842,577.645698,0.11941544782550441,-0.04,0.1594154478255044,-0.1594154478255044,True,1,type_mean,0.0105116667264412,0.009015847914168,2.8059538271968374,0.9418271139458155,"
<think>Given MET's current fundamentals, the company has a moderate market capitalization relative to book equity and positive profitability, but negative asset growth and a beta above 1 indicating higher systematic risk. The fund's current holding is substantial relative to its AUM, and the stock's low S&P 500 weight suggests limited benchmark-driven demand. Considering the high beta and negative asset growth, along with the fund's existing large position, a modest reduction in holding might be expected to manage risk exposure, though the positive profitability could provide some support against a significant decrease.</think>
<answer>
{""holding_log_delta"": -0.04}
</answer>","Given MET's current fundamentals, the company has a moderate market capitalization relative to book equity and positive profitability, but negative asset growth and a beta above 1 indicating higher systematic risk. The fund's current holding is substantial relative to its AUM, and the stock's low S&P 500 weight suggests limited benchmark-driven demand. Considering the high beta and negative asset growth, along with the fund's existing large position, a modest reduction in holding might be expected to manage risk exposure, though the positive profitability could provide some support against a significant decrease.","{""holding_log_delta"": -0.04}"
19,population,6,0.37714863971172535,0.5685046283838259,0.054345731510178935,MET,METLIFE INC,336,NA,2018-04-01 00:00:00,87842,577.645698,0.11941544782550441,-0.04,0.1594154478255044,-0.1594154478255044,True,1,type_mean,0.0105116667264412,0.009015847914168,2.8059538271968374,0.9418271139458155,"
<think>Given MET's current fundamentals, the company has a moderate market capitalization relative to book equity and positive profitability, but negative asset growth and a beta above 1 indicating higher systematic risk. The fund's current holding is substantial relative to its AUM, and the stock's low S&P 500 weight suggests limited benchmark-driven demand. Considering the high beta and negative asset growth, along with the fund's existing large position, a modest reduction in holding might be expected to manage risk exposure, though the positive profitability could provide some support against a significant decrease.</think>
<answer>
{""holding_log_delta"": -0.04}
</answer>","Given MET's current fundamentals, the company has a moderate market capitalization relative to book equity and positive profitability, but negative asset growth and a beta above 1 indicating higher systematic risk. The fund's current holding is substantial relative to its AUM, and the stock's low S&P 500 weight suggests limited benchmark-driven demand. Considering the high beta and negative asset growth, along with the fund's existing large position, a modest reduction in holding might be expected to manage risk exposure, though the positive profitability could provide some support against a significant decrease.","{""holding_log_delta"": -0.04}"
19,population,7,0.37714863971172535,0.5685046283838259,0.054345731510178935,MET,METLIFE INC,336,NA,2018-04-01 00:00:00,87842,577.645698,0.11941544782550441,-0.04,0.1594154478255044,-0.1594154478255044,True,1,type_mean,0.0105116667264412,0.009015847914168,2.8059538271968374,0.9418271139458155,"
<think>Given MET's current fundamentals, the company has a moderate market capitalization relative to book equity and positive profitability, but negative asset growth and a beta above 1 indicating higher systematic risk. The fund's current holding is substantial relative to its AUM, and the stock's low S&P 500 weight suggests limited benchmark-driven demand. Considering the high beta and negative asset growth, along with the fund's existing large position, a modest reduction in holding might be expected to manage risk exposure, though the positive profitability could provide some support against a significant decrease.</think>
<answer>
{""holding_log_delta"": -0.04}
</answer>","Given MET's current fundamentals, the company has a moderate market capitalization relative to book equity and positive profitability, but negative asset growth and a beta above 1 indicating higher systematic risk. The fund's current holding is substantial relative to its AUM, and the stock's low S&P 500 weight suggests limited benchmark-driven demand. Considering the high beta and negative asset growth, along with the fund's existing large position, a modest reduction in holding might be expected to manage risk exposure, though the positive profitability could provide some support against a significant decrease.","{""holding_log_delta"": -0.04}"
19,population,8,0.37739962260037746,0.5382994617005383,0.08429991570008431,MET,METLIFE INC,336,NA,2018-04-01 00:00:00,87842,577.645698,0.11941544782550441,-0.04,0.1594154478255044,-0.1594154478255044,True,1,type_mean,0.0105116667264412,0.009015847914168,2.8059538271968374,0.9418271139458155,"
<think>Given MET's current fundamentals, the company has a moderate market capitalization relative to book equity and positive profitability, but negative asset growth and a beta above 1 indicating higher systematic risk. The fund's current holding is substantial relative to its AUM and the stock's S&P 500 weight, suggesting a significant active position. Considering the high beta and negative asset growth, combined with the fund's defensive profile and low risk tolerance, a reduction in the holding might be expected to manage risk exposure, though the positive profitability could provide some support against a large decrease.</think>
<answer>
{""holding_log_delta"": -0.04}
</answer>","Given MET's current fundamentals, the company has a moderate market capitalization relative to book equity and positive profitability, but negative asset growth and a beta above 1 indicating higher systematic risk. The fund's current holding is substantial relative to its AUM and the stock's S&P 500 weight, suggesting a significant active position. Considering the high beta and negative asset growth, combined with the fund's defensive profile and low risk tolerance, a reduction in the holding might be expected to manage risk exposure, though the positive profitability could provide some support against a large decrease.","{""holding_log_delta"": -0.04}"
19,population,9,0.3973996026003974,0.5182994817005183,0.08429991570008431,MET,METLIFE INC,336,NA,2018-04-01 00:00:00,87842,577.645698,0.11941544782550441,-0.07,0.1894154478255044,-0.1894154478255044,True,1,type_mean,0.0105116667264412,0.009015847914168,2.8059538271968374,0.9418271139458155,"
<think>Given MET's current fundamentals, the company has a moderate market capitalization relative to book equity and positive profitability, but negative asset growth and a beta above 1 indicating higher systematic risk. The fund's current holding is substantial relative to its AUM and the stock's S&P 500 weight, suggesting a significant active position. Considering the high beta and negative asset growth, along with the fund's defensive profile and low risk tolerance, a reduction in the holding might be expected to manage risk exposure, leading to a negative normalized log change.</think>
<answer>
{""holding_log_delta"": -0.07}
</answer>","Given MET's current fundamentals, the company has a moderate market capitalization relative to book equity and positive profitability, but negative asset growth and a beta above 1 indicating higher systematic risk. The fund's current holding is substantial relative to its AUM and the stock's S&P 500 weight, suggesting a significant active position. Considering the high beta and negative asset growth, along with the fund's defensive profile and low risk tolerance, a reduction in the holding might be expected to manage risk exposure, leading to a negative normalized log change.","{""holding_log_delta"": -0.07}"
19,population,10,0.37739964309313706,0.5182995098441254,0.10429984706368328,MET,METLIFE INC,336,NA,2018-04-01 00:00:00,87842,577.645698,0.11941544782550441,-0.04,0.1594154478255044,-0.1594154478255044,True,1,type_mean,0.0105116667264412,0.009015847914168,2.8059538271968374,0.9418271139458155,"
<think>Given MET's current fundamentals, the company has a moderate market capitalization relative to book equity and positive profitability, but negative asset growth and a beta above 1 indicating higher systematic risk. The fund's current holding is substantial relative to AUM, and the stock's low S&P 500 weight suggests limited benchmark-driven demand. Considering the high beta and negative asset growth, a defensive investor might reduce exposure to manage risk, leading to a modest decrease in the normalized log holding.</think>
<answer>
{""holding_log_delta"": -0.04}
</answer>","Given MET's current fundamentals, the company has a moderate market capitalization relative to book equity and positive profitability, but negative asset growth and a beta above 1 indicating higher systematic risk. The fund's current holding is substantial relative to AUM, and the stock's low S&P 500 weight suggests limited benchmark-driven demand. Considering the high beta and negative asset growth, a defensive investor might reduce exposure to manage risk, leading to a modest decrease in the normalized log holding.","{""holding_log_delta"": -0.04}"
19,population,11,0.356999643000357,0.5479994520005481,0.094999905000095,MET,METLIFE INC,336,NA,2018-04-01 00:00:00,87842,577.645698,0.11941544782550441,-0.05,0.1694154478255044,-0.1694154478255044,True,1,type_mean,0.0105116667264412,0.009015847914168,2.8059538271968374,0.9418271139458155,"
<think>Given MET's current fundamentals, the company has a moderate market capitalization relative to book equity and positive profitability, but negative asset growth and a beta above 1 indicating higher systematic risk. The fund's current holding is substantial relative to AUM, and the stock's low S&P 500 weight suggests limited benchmark-driven demand. Considering the high beta and negative asset growth, a defensive investor might reduce exposure to manage risk, leading to a modest decrease in the normalized log holding.</think>
<answer>
{""holding_log_delta"": -0.05}
</answer>","Given MET's current fundamentals, the company has a moderate market capitalization relative to book equity and positive profitability, but negative asset growth and a beta above 1 indicating higher systematic risk. The fund's current holding is substantial relative to AUM, and the stock's low S&P 500 weight suggests limited benchmark-driven demand. Considering the high beta and negative asset growth, a defensive investor might reduce exposure to manage risk, leading to a modest decrease in the normalized log holding.","{""holding_log_delta"": -0.05}"
