generation,stage,candidate_idx,risk_aversion,herd_behavior,profit_driven,ticker,company,id,quarter,date,permno,holding_t,y_true,pred,abs_error,reward,valid,best_k,profile_strength_mode,x_risk_mean,x_herd_mean,x_profit_mean,overall_mean,raw_output,reason,answer_body
51,population,0,0.37299962700037304,0.521999478000522,0.10499989500010501,NIKE,NIKE INC,965,NA,2017-10-01 00:00:00,57665,1497.430656,0.030646630002507412,-0.01,0.040646630002507414,-0.040646630002507414,True,1,type_mean,0.0105116667264412,0.009015847914168,2.8059538271968374,0.9418271139458155,"
<think>Given the firm's moderate profitability (profit=0.43) and low beta (0.61), the stock appears relatively stable but not growth-oriented. The fund's current holding is substantial relative to its AUM, and the stock's low beta suggests lower systematic risk, which aligns with the investor's defensive profile. Considering the low beta and the fund's high AUM, a modest adjustment to align with the benchmark weight (0.004179) while managing concentration might lead to a slight increase or minimal change in holding.</think>
<answer>
{""holding_log_delta"": -0.01}
</answer>","Given the firm's moderate profitability (profit=0.43) and low beta (0.61), the stock appears relatively stable but not growth-oriented. The fund's current holding is substantial relative to its AUM, and the stock's low beta suggests lower systematic risk, which aligns with the investor's defensive profile. Considering the low beta and the fund's high AUM, a modest adjustment to align with the benchmark weight (0.004179) while managing concentration might lead to a slight increase or minimal change in holding.","{""holding_log_delta"": -0.01}"
51,population,1,0.357999642000358,0.516999483000517,0.12499987500012501,NIKE,NIKE INC,965,NA,2017-10-01 00:00:00,57665,1497.430656,0.030646630002507412,-0.01,0.040646630002507414,-0.040646630002507414,True,1,type_mean,0.0105116667264412,0.009015847914168,2.8059538271968374,0.9418271139458155,"
<think>Given the firm's moderate profitability (profit=0.43) and low beta (0.61), the stock appears relatively stable but not growth-oriented. The fund's current holding is substantial relative to its AUM, and the stock's low beta suggests lower systematic risk, which aligns with the investor's defensive profile. Considering the low volatility (stock_vol_q_prev=0.18) and the fund's high AUM, a modest adjustment to align with the benchmark weight (spx_weight=0.0042) while managing concentration might be expected, leading to a small positive or neutral normalized log change.</think>
<answer>
{""holding_log_delta"": -0.01}
</answer>","Given the firm's moderate profitability (profit=0.43) and low beta (0.61), the stock appears relatively stable but not growth-oriented. The fund's current holding is substantial relative to its AUM, and the stock's low beta suggests lower systematic risk, which aligns with the investor's defensive profile. Considering the low volatility (stock_vol_q_prev=0.18) and the fund's high AUM, a modest adjustment to align with the benchmark weight (spx_weight=0.0042) while managing concentration might be expected, leading to a small positive or neutral normalized log change.","{""holding_log_delta"": -0.01}"
51,population,2,0.36699963300036703,0.5279994720005281,0.10499989500010501,NIKE,NIKE INC,965,NA,2017-10-01 00:00:00,57665,1497.430656,0.030646630002507412,-0.04,0.07064663000250741,-0.07064663000250741,True,1,type_mean,0.0105116667264412,0.009015847914168,2.8059538271968374,0.9418271139458155,"
<think>Given the firm's moderate profitability (profit=0.43) and low beta (0.61), the stock appears relatively stable but not aggressively growth-oriented. The fund's current holding is substantial relative to its AUM, and the stock's low beta suggests lower systematic risk, which aligns with the investor's defensive profile. Considering the low beta and the fund's high AUM, a modest adjustment to align with the benchmark weight (0.004179) while managing concentration might lead to a small decrease in holding, though the magnitude would likely be limited due to the fund's large size and the stock's moderate risk profile.</think>
<answer>
{""holding_log_delta"": -0.04}
</answer>","Given the firm's moderate profitability (profit=0.43) and low beta (0.61), the stock appears relatively stable but not aggressively growth-oriented. The fund's current holding is substantial relative to its AUM, and the stock's low beta suggests lower systematic risk, which aligns with the investor's defensive profile. Considering the low beta and the fund's high AUM, a modest adjustment to align with the benchmark weight (0.004179) while managing concentration might lead to a small decrease in holding, though the magnitude would likely be limited due to the fund's large size and the stock's moderate risk profile.","{""holding_log_delta"": -0.04}"
51,population,3,0.36699963300036703,0.5279994720005281,0.10499989500010501,NIKE,NIKE INC,965,NA,2017-10-01 00:00:00,57665,1497.430656,0.030646630002507412,-0.04,0.07064663000250741,-0.07064663000250741,True,1,type_mean,0.0105116667264412,0.009015847914168,2.8059538271968374,0.9418271139458155,"
<think>Given the firm's moderate profitability (profit=0.43) and low beta (0.61), the stock appears relatively stable but not aggressively growth-oriented. The fund's current holding is substantial relative to its AUM, and the stock's low beta suggests lower systematic risk, which aligns with the investor's defensive profile. Considering the low beta and the fund's high AUM, a modest adjustment to align with the benchmark weight (0.004179) while managing concentration might lead to a small decrease in holding, though the magnitude would likely be limited due to the fund's large size and the stock's moderate risk profile.</think>
<answer>
{""holding_log_delta"": -0.04}
</answer>","Given the firm's moderate profitability (profit=0.43) and low beta (0.61), the stock appears relatively stable but not aggressively growth-oriented. The fund's current holding is substantial relative to its AUM, and the stock's low beta suggests lower systematic risk, which aligns with the investor's defensive profile. Considering the low beta and the fund's high AUM, a modest adjustment to align with the benchmark weight (0.004179) while managing concentration might lead to a small decrease in holding, though the magnitude would likely be limited due to the fund's large size and the stock's moderate risk profile.","{""holding_log_delta"": -0.04}"
51,population,4,0.36699963300036703,0.5279994720005281,0.10499989500010501,NIKE,NIKE INC,965,NA,2017-10-01 00:00:00,57665,1497.430656,0.030646630002507412,-0.04,0.07064663000250741,-0.07064663000250741,True,1,type_mean,0.0105116667264412,0.009015847914168,2.8059538271968374,0.9418271139458155,"
<think>Given the firm's moderate profitability (profit=0.43) and low beta (0.61), the stock appears relatively stable but not aggressively growth-oriented. The fund's current holding is substantial relative to its AUM, and the stock's low beta suggests lower systematic risk, which aligns with the investor's defensive profile. Considering the low beta and the fund's high AUM, a modest adjustment to align with the benchmark weight (0.004179) while managing concentration might lead to a small decrease in holding, though the magnitude would likely be limited due to the fund's large size and the stock's moderate risk profile.</think>
<answer>
{""holding_log_delta"": -0.04}
</answer>","Given the firm's moderate profitability (profit=0.43) and low beta (0.61), the stock appears relatively stable but not aggressively growth-oriented. The fund's current holding is substantial relative to its AUM, and the stock's low beta suggests lower systematic risk, which aligns with the investor's defensive profile. Considering the low beta and the fund's high AUM, a modest adjustment to align with the benchmark weight (0.004179) while managing concentration might lead to a small decrease in holding, though the magnitude would likely be limited due to the fund's large size and the stock's moderate risk profile.","{""holding_log_delta"": -0.04}"
51,population,5,0.37699962300037704,0.5579994420005581,0.06499993500006501,NIKE,NIKE INC,965,NA,2017-10-01 00:00:00,57665,1497.430656,0.030646630002507412,-0.03,0.06064663000250741,-0.06064663000250741,True,1,type_mean,0.0105116667264412,0.009015847914168,2.8059538271968374,0.9418271139458155,"
<think>Given the firm's moderate profitability (profit=0.43) and low beta (0.61) indicating lower systematic risk, combined with the fund's substantial AUM and the stock's small S&P 500 weight, a modest increase in holding might be expected to align with the benchmark while managing concentration. However, the fund's high outAUM relative to AUM suggests active management, potentially leading to a smaller adjustment than the benchmark weight would imply.</think>
<answer>
{""holding_log_delta"": -0.03}
</answer>","Given the firm's moderate profitability (profit=0.43) and low beta (0.61) indicating lower systematic risk, combined with the fund's substantial AUM and the stock's small S&P 500 weight, a modest increase in holding might be expected to align with the benchmark while managing concentration. However, the fund's high outAUM relative to AUM suggests active management, potentially leading to a smaller adjustment than the benchmark weight would imply.","{""holding_log_delta"": -0.03}"
51,population,6,0.37699962300037704,0.5579994420005581,0.06499993500006501,NIKE,NIKE INC,965,NA,2017-10-01 00:00:00,57665,1497.430656,0.030646630002507412,-0.03,0.06064663000250741,-0.06064663000250741,True,1,type_mean,0.0105116667264412,0.009015847914168,2.8059538271968374,0.9418271139458155,"
<think>Given the firm's moderate profitability (profit=0.43) and low beta (0.61) indicating lower systematic risk, combined with the fund's substantial AUM and the stock's small S&P 500 weight, a modest increase in holding might be expected to align with the benchmark while managing concentration. However, the fund's high outAUM relative to AUM suggests active management, potentially leading to a smaller adjustment than the benchmark weight would imply.</think>
<answer>
{""holding_log_delta"": -0.03}
</answer>","Given the firm's moderate profitability (profit=0.43) and low beta (0.61) indicating lower systematic risk, combined with the fund's substantial AUM and the stock's small S&P 500 weight, a modest increase in holding might be expected to align with the benchmark while managing concentration. However, the fund's high outAUM relative to AUM suggests active management, potentially leading to a smaller adjustment than the benchmark weight would imply.","{""holding_log_delta"": -0.03}"
51,population,7,0.36281840311268476,0.5122431307509828,0.12493746663659944,NIKE,NIKE INC,965,NA,2017-10-01 00:00:00,57665,1497.430656,0.030646630002507412,-0.04,0.07064663000250741,-0.07064663000250741,True,1,type_mean,0.0105116667264412,0.009015847914168,2.8059538271968374,0.9418271139458155,"
<think>Given the firm's moderate profitability (profit=0.43) and low beta (0.61), the stock appears relatively stable but not aggressively growth-oriented. The fund's current holding is substantial relative to its AUM, and the stock's low beta suggests lower systematic risk, which aligns with the investor's defensive profile. Considering the low beta and the fund's high AUM, a modest adjustment to align with the benchmark weight (0.004179) while managing concentration might lead to a slight decrease in holding, though the magnitude would likely be small due to the low volatility and defensive nature.</think>
<answer>
{""holding_log_delta"": -0.04}
</answer>","Given the firm's moderate profitability (profit=0.43) and low beta (0.61), the stock appears relatively stable but not aggressively growth-oriented. The fund's current holding is substantial relative to its AUM, and the stock's low beta suggests lower systematic risk, which aligns with the investor's defensive profile. Considering the low beta and the fund's high AUM, a modest adjustment to align with the benchmark weight (0.004179) while managing concentration might lead to a slight decrease in holding, though the magnitude would likely be small due to the low volatility and defensive nature.","{""holding_log_delta"": -0.04}"
51,population,8,0.346999653000347,0.517999482000518,0.13499986500013503,NIKE,NIKE INC,965,NA,2017-10-01 00:00:00,57665,1497.430656,0.030646630002507412,-0.01,0.040646630002507414,-0.040646630002507414,True,1,type_mean,0.0105116667264412,0.009015847914168,2.8059538271968374,0.9418271139458155,"
<think>Given the firm's moderate profitability (profit=0.43) and low beta (0.61), the stock appears relatively stable but not growth-oriented. The fund's current holding is substantial relative to its AUM, and the stock's low beta suggests lower systematic risk, which aligns with the investor's defensive profile. Considering the low volatility (stock_vol_q_prev=0.18) and the fund's high AUM, a modest adjustment to align with the benchmark weight (spx_weight=0.0042) while managing concentration might be expected, leading to a small positive or neutral normalized log change.</think>
<answer>
{""holding_log_delta"": -0.01}
</answer>","Given the firm's moderate profitability (profit=0.43) and low beta (0.61), the stock appears relatively stable but not growth-oriented. The fund's current holding is substantial relative to its AUM, and the stock's low beta suggests lower systematic risk, which aligns with the investor's defensive profile. Considering the low volatility (stock_vol_q_prev=0.18) and the fund's high AUM, a modest adjustment to align with the benchmark weight (spx_weight=0.0042) while managing concentration might be expected, leading to a small positive or neutral normalized log change.","{""holding_log_delta"": -0.01}"
51,population,9,0.3693513561012054,0.5471508120967324,0.08349684948462568,NIKE,NIKE INC,965,NA,2017-10-01 00:00:00,57665,1497.430656,0.030646630002507412,-0.01,0.040646630002507414,-0.040646630002507414,True,1,type_mean,0.0105116667264412,0.009015847914168,2.8059538271968374,0.9418271139458155,"
<think>Given the firm's moderate profitability (profit=0.43) and low beta (0.61), the stock appears relatively stable but not aggressively growth-oriented. The fund's current holding is substantial relative to its AUM, and the stock's low beta suggests lower systematic risk, which aligns with the investor's defensive profile. Considering the low beta and the fund's high AUM, a modest adjustment to align with the benchmark weight (0.004179) while managing concentration might lead to a slight increase or minimal change in holding.</think>
<answer>
{""holding_log_delta"": -0.01}
</answer>","Given the firm's moderate profitability (profit=0.43) and low beta (0.61), the stock appears relatively stable but not aggressively growth-oriented. The fund's current holding is substantial relative to its AUM, and the stock's low beta suggests lower systematic risk, which aligns with the investor's defensive profile. Considering the low beta and the fund's high AUM, a modest adjustment to align with the benchmark weight (0.004179) while managing concentration might lead to a slight increase or minimal change in holding.","{""holding_log_delta"": -0.01}"
51,population,10,0.375999624000376,0.516999483000517,0.10699989300010701,NIKE,NIKE INC,965,NA,2017-10-01 00:00:00,57665,1497.430656,0.030646630002507412,-0.04,0.07064663000250741,-0.07064663000250741,True,1,type_mean,0.0105116667264412,0.009015847914168,2.8059538271968374,0.9418271139458155,"
<think>Given the firm's moderate profitability (profit=0.43) and low beta (0.61) indicating lower systematic risk, combined with the fund's substantial AUM and the stock's small S&P 500 weight, a modest increase in holding might be expected to align with the benchmark while managing concentration. However, the fund's high outAUM relative to AUM suggests active management, potentially leading to a smaller adjustment than the benchmark weight would imply.</think>
<answer>
{""holding_log_delta"": -0.04}
</answer>","Given the firm's moderate profitability (profit=0.43) and low beta (0.61) indicating lower systematic risk, combined with the fund's substantial AUM and the stock's small S&P 500 weight, a modest increase in holding might be expected to align with the benchmark while managing concentration. However, the fund's high outAUM relative to AUM suggests active management, potentially leading to a smaller adjustment than the benchmark weight would imply.","{""holding_log_delta"": -0.04}"
51,population,11,0.375999624000376,0.5069994930005071,0.11699988300011702,NIKE,NIKE INC,965,NA,2017-10-01 00:00:00,57665,1497.430656,0.030646630002507412,-0.01,0.040646630002507414,-0.040646630002507414,True,1,type_mean,0.0105116667264412,0.009015847914168,2.8059538271968374,0.9418271139458155,"
<think>Given the firm's moderate profitability (profit=0.43) and low beta (0.61), the stock appears relatively stable but not growth-oriented. The fund's current holding is substantial relative to its AUM, and the stock's low beta suggests lower systematic risk, which aligns with the investor's defensive profile. Considering the low beta and the fund's high AUM, a modest adjustment to align with the benchmark weight (0.004179) while managing concentration might lead to a slight increase or minimal change in holding.</think>
<answer>
{""holding_log_delta"": -0.01}
</answer>","Given the firm's moderate profitability (profit=0.43) and low beta (0.61), the stock appears relatively stable but not growth-oriented. The fund's current holding is substantial relative to its AUM, and the stock's low beta suggests lower systematic risk, which aligns with the investor's defensive profile. Considering the low beta and the fund's high AUM, a modest adjustment to align with the benchmark weight (0.004179) while managing concentration might lead to a slight increase or minimal change in holding.","{""holding_log_delta"": -0.01}"
