generation,stage,candidate_idx,risk_aversion,herd_behavior,profit_driven,ticker,company,id,quarter,date,permno,holding_t,y_true,pred,abs_error,reward,valid,best_k,profile_strength_mode,x_risk_mean,x_herd_mean,x_profit_mean,overall_mean,raw_output,reason,answer_body
62,population,0,0.5533539583892247,0.25050729647358905,0.1961377451371862,AEE,AMEREN CORP,638,NA,2019-01-01 00:00:00,24985,4671.516235,0.012576794664699138,-0.05,0.06257679466469915,-0.06257679466469915,True,1,type_mean,0.0082565895035254,0.0069532062192367,0.2194993243101532,0.0782363733443051,"
<think>Given the firm's moderate profitability (profit=0.187) and low beta (0.238), it appears relatively stable but not growth-oriented. The fund's current holding is substantial relative to its AUM and the stock's S&P 500 weight, suggesting a significant active position. With low stock volatility (0.217) and moderate trading volume, the risk profile is manageable, but the high existing exposure may prompt a modest reduction to align closer to the benchmark weight.</think>
<answer>
{""holding_log_delta"": -0.05}
</answer>","Given the firm's moderate profitability (profit=0.187) and low beta (0.238), it appears relatively stable but not growth-oriented. The fund's current holding is substantial relative to its AUM and the stock's S&P 500 weight, suggesting a significant active position. With low stock volatility (0.217) and moderate trading volume, the risk profile is manageable, but the high existing exposure may prompt a modest reduction to align closer to the benchmark weight.","{""holding_log_delta"": -0.05}"
62,population,1,0.5329989240010861,0.21999954000048,0.247000535999434,AEE,AMEREN CORP,638,NA,2019-01-01 00:00:00,24985,4671.516235,0.012576794664699138,-0.05,0.06257679466469915,-0.06257679466469915,True,1,type_mean,0.0082565895035254,0.0069532062192367,0.2194993243101532,0.0782363733443051,"
<think>Given the firm's moderate profitability (profit=0.187) and low beta (0.238), it appears relatively stable but not growth-oriented. The fund's current holding is substantial relative to its AUM and the stock's S&P 500 weight, suggesting a significant active position. With low stock volatility (0.217) and moderate trading volume, the risk profile is manageable, but the high existing exposure may prompt a modest reduction to align closer to the benchmark weight.</think>
<answer>
{""holding_log_delta"": -0.05}
</answer>","Given the firm's moderate profitability (profit=0.187) and low beta (0.238), it appears relatively stable but not growth-oriented. The fund's current holding is substantial relative to its AUM and the stock's S&P 500 weight, suggesting a significant active position. With low stock volatility (0.217) and moderate trading volume, the risk profile is manageable, but the high existing exposure may prompt a modest reduction to align closer to the benchmark weight.","{""holding_log_delta"": -0.05}"
62,population,2,0.5333539583892248,0.2605072964735891,0.20613774513718625,AEE,AMEREN CORP,638,NA,2019-01-01 00:00:00,24985,4671.516235,0.012576794664699138,-0.04,0.05257679466469914,-0.05257679466469914,True,1,type_mean,0.0082565895035254,0.0069532062192367,0.2194993243101532,0.0782363733443051,"
<think>Given the firm's moderate profitability (profit=0.187) and low beta (0.238), it appears relatively stable but not growth-oriented. The fund's current holding is substantial relative to its AUM and the stock's S&P 500 weight, suggesting a significant active position. With low stock volatility (0.217) and moderate trading volume, the risk profile is manageable, but the high existing exposure may prompt a modest reduction to align closer to the benchmark weight.</think>
<answer>
{""holding_log_delta"": -0.04}
</answer>","Given the firm's moderate profitability (profit=0.187) and low beta (0.238), it appears relatively stable but not growth-oriented. The fund's current holding is substantial relative to its AUM and the stock's S&P 500 weight, suggesting a significant active position. With low stock volatility (0.217) and moderate trading volume, the risk profile is manageable, but the high existing exposure may prompt a modest reduction to align closer to the benchmark weight.","{""holding_log_delta"": -0.04}"
62,population,3,0.5429994570000001,0.22999976000001,0.22699978299999002,AEE,AMEREN CORP,638,NA,2019-01-01 00:00:00,24985,4671.516235,0.012576794664699138,-0.05,0.06257679466469915,-0.06257679466469915,True,1,type_mean,0.0082565895035254,0.0069532062192367,0.2194993243101532,0.0782363733443051,"
<think>Given the firm's moderate profitability (profit=0.187) and low beta (0.238), it appears relatively stable but not growth-oriented. The fund's current holding is substantial relative to its AUM and the stock's S&P 500 weight, suggesting a significant active position. With low stock volatility (0.217) and moderate trading volume, the risk profile is manageable, but the high existing exposure may prompt a modest reduction to align closer to the benchmark weight.</think>
<answer>
{""holding_log_delta"": -0.05}
</answer>","Given the firm's moderate profitability (profit=0.187) and low beta (0.238), it appears relatively stable but not growth-oriented. The fund's current holding is substantial relative to its AUM and the stock's S&P 500 weight, suggesting a significant active position. With low stock volatility (0.217) and moderate trading volume, the risk profile is manageable, but the high existing exposure may prompt a modest reduction to align closer to the benchmark weight.","{""holding_log_delta"": -0.05}"
62,population,4,0.512998944001086,0.24999951000047999,0.23700054599943401,AEE,AMEREN CORP,638,NA,2019-01-01 00:00:00,24985,4671.516235,0.012576794664699138,-0.04,0.05257679466469914,-0.05257679466469914,True,1,type_mean,0.0082565895035254,0.0069532062192367,0.2194993243101532,0.0782363733443051,"
<think>Given the firm's moderate profitability (profit=0.187) and low beta (0.238), it appears relatively stable but not growth-oriented. The fund's current holding is substantial relative to its AUM and the stock's S&P 500 weight, suggesting a significant active position. With low stock volatility (0.217) and moderate trading volume, the risk profile is manageable, but the high existing exposure may prompt a modest reduction to align closer to the benchmark weight.</think>
<answer>
{""holding_log_delta"": -0.04}
</answer>","Given the firm's moderate profitability (profit=0.187) and low beta (0.238), it appears relatively stable but not growth-oriented. The fund's current holding is substantial relative to its AUM and the stock's S&P 500 weight, suggesting a significant active position. With low stock volatility (0.217) and moderate trading volume, the risk profile is manageable, but the high existing exposure may prompt a modest reduction to align closer to the benchmark weight.","{""holding_log_delta"": -0.04}"
62,population,5,0.5488423822113381,0.22273464290261522,0.22842196478503657,AEE,AMEREN CORP,638,NA,2019-01-01 00:00:00,24985,4671.516235,0.012576794664699138,-0.04,0.05257679466469914,-0.05257679466469914,True,1,type_mean,0.0082565895035254,0.0069532062192367,0.2194993243101532,0.0782363733443051,"
<think>Given the firm's moderate profitability (profit=0.187) and low beta (0.238), it appears relatively stable but not growth-oriented. The fund's current holding is substantial relative to its AUM and the stock's S&P 500 weight, suggesting a significant active position. With low stock volatility (0.217) and moderate trading volume, the risk profile is manageable, but the high existing exposure may lead to a modest reduction to align closer to the benchmark weight.</think>
<answer>
{""holding_log_delta"": -0.04}
</answer>","Given the firm's moderate profitability (profit=0.187) and low beta (0.238), it appears relatively stable but not growth-oriented. The fund's current holding is substantial relative to its AUM and the stock's S&P 500 weight, suggesting a significant active position. With low stock volatility (0.217) and moderate trading volume, the risk profile is manageable, but the high existing exposure may lead to a modest reduction to align closer to the benchmark weight.","{""holding_log_delta"": -0.04}"
62,population,6,0.5433539583892247,0.26050729647358906,0.1961377451371862,AEE,AMEREN CORP,638,NA,2019-01-01 00:00:00,24985,4671.516235,0.012576794664699138,-0.05,0.06257679466469915,-0.06257679466469915,True,1,type_mean,0.0082565895035254,0.0069532062192367,0.2194993243101532,0.0782363733443051,"
<think>Given the firm's moderate profitability (profit=0.187) and low beta (0.238), it appears relatively stable but not growth-oriented. The fund's current holding is substantial relative to its AUM and the stock's S&P 500 weight, suggesting a significant active position. With low stock volatility (0.217) and moderate trading volume, the risk profile is manageable, but the high existing exposure may prompt a modest reduction to align closer to the benchmark weight.</think>
<answer>
{""holding_log_delta"": -0.05}
</answer>","Given the firm's moderate profitability (profit=0.187) and low beta (0.238), it appears relatively stable but not growth-oriented. The fund's current holding is substantial relative to its AUM and the stock's S&P 500 weight, suggesting a significant active position. With low stock volatility (0.217) and moderate trading volume, the risk profile is manageable, but the high existing exposure may prompt a modest reduction to align closer to the benchmark weight.","{""holding_log_delta"": -0.05}"
62,population,7,0.562999437000563,0.240999759000241,0.19599980400019604,AEE,AMEREN CORP,638,NA,2019-01-01 00:00:00,24985,4671.516235,0.012576794664699138,-0.04,0.05257679466469914,-0.05257679466469914,True,1,type_mean,0.0082565895035254,0.0069532062192367,0.2194993243101532,0.0782363733443051,"
<think>Given the firm's moderate profitability (profit=0.187) and low beta (0.238), it appears relatively stable but not growth-oriented. The fund's current holding is substantial relative to its AUM and the stock's S&P 500 weight, suggesting a significant active position. With low stock volatility (0.217) and moderate trading volume, the risk profile is manageable, but the high existing exposure may prompt a modest reduction to align closer to the benchmark weight or manage concentration.</think>
<answer>
{""holding_log_delta"": -0.04}
</answer>","Given the firm's moderate profitability (profit=0.187) and low beta (0.238), it appears relatively stable but not growth-oriented. The fund's current holding is substantial relative to its AUM and the stock's S&P 500 weight, suggesting a significant active position. With low stock volatility (0.217) and moderate trading volume, the risk profile is manageable, but the high existing exposure may prompt a modest reduction to align closer to the benchmark weight or manage concentration.","{""holding_log_delta"": -0.04}"
62,population,8,0.562999437000563,0.250999749000251,0.185999814000186,AEE,AMEREN CORP,638,NA,2019-01-01 00:00:00,24985,4671.516235,0.012576794664699138,-0.05,0.06257679466469915,-0.06257679466469915,True,1,type_mean,0.0082565895035254,0.0069532062192367,0.2194993243101532,0.0782363733443051,"
<think>Given the firm's moderate profitability (profit=0.187) and low beta (0.238), it appears relatively stable but not growth-oriented. The fund's current holding is substantial relative to its AUM and the stock's S&P 500 weight, suggesting a significant active position. With low stock volatility (0.217) and moderate trading volume, the risk profile is manageable, but the high existing exposure may lead to a modest reduction to align closer to the benchmark weight.</think>
<answer>
{""holding_log_delta"": -0.05}
</answer>","Given the firm's moderate profitability (profit=0.187) and low beta (0.238), it appears relatively stable but not growth-oriented. The fund's current holding is substantial relative to its AUM and the stock's S&P 500 weight, suggesting a significant active position. With low stock volatility (0.217) and moderate trading volume, the risk profile is manageable, but the high existing exposure may lead to a modest reduction to align closer to the benchmark weight.","{""holding_log_delta"": -0.05}"
62,population,9,0.5429994570005431,0.23999976000024,0.21699978300021702,AEE,AMEREN CORP,638,NA,2019-01-01 00:00:00,24985,4671.516235,0.012576794664699138,-0.05,0.06257679466469915,-0.06257679466469915,True,1,type_mean,0.0082565895035254,0.0069532062192367,0.2194993243101532,0.0782363733443051,"
<think>Given the firm's moderate profitability (profit=0.187) and low beta (0.238), it appears relatively stable but not growth-oriented. The fund's current holding is substantial relative to its AUM and the stock's S&P 500 weight, suggesting a significant active position. With low stock volatility (0.217) and moderate trading volume, the risk profile is manageable, but the high existing exposure may prompt a modest reduction to align closer to the benchmark weight or manage concentration.</think>
<answer>
{""holding_log_delta"": -0.05}
</answer>","Given the firm's moderate profitability (profit=0.187) and low beta (0.238), it appears relatively stable but not growth-oriented. The fund's current holding is substantial relative to its AUM and the stock's S&P 500 weight, suggesting a significant active position. With low stock volatility (0.217) and moderate trading volume, the risk profile is manageable, but the high existing exposure may prompt a modest reduction to align closer to the benchmark weight or manage concentration.","{""holding_log_delta"": -0.05}"
62,population,10,0.5379994570000051,0.244999759999995,0.216999783,AEE,AMEREN CORP,638,NA,2019-01-01 00:00:00,24985,4671.516235,0.012576794664699138,-0.04,0.05257679466469914,-0.05257679466469914,True,1,type_mean,0.0082565895035254,0.0069532062192367,0.2194993243101532,0.0782363733443051,"
<think>Given the firm's moderate profitability (profit=0.187) and low beta (0.238), it appears relatively stable but not growth-oriented. The fund's current holding is substantial relative to its AUM and the stock's S&P 500 weight, suggesting a significant active position. With low stock volatility (0.217) and moderate trading volume, the risk profile is manageable, but the high existing exposure may prompt a modest reduction to align closer to the benchmark weight or manage concentration.</think>
<answer>
{""holding_log_delta"": -0.04}
</answer>","Given the firm's moderate profitability (profit=0.187) and low beta (0.238), it appears relatively stable but not growth-oriented. The fund's current holding is substantial relative to its AUM and the stock's S&P 500 weight, suggesting a significant active position. With low stock volatility (0.217) and moderate trading volume, the risk profile is manageable, but the high existing exposure may prompt a modest reduction to align closer to the benchmark weight or manage concentration.","{""holding_log_delta"": -0.04}"
62,population,11,0.527999457000015,0.244999759999995,0.22699978299999002,AEE,AMEREN CORP,638,NA,2019-01-01 00:00:00,24985,4671.516235,0.012576794664699138,-0.05,0.06257679466469915,-0.06257679466469915,True,1,type_mean,0.0082565895035254,0.0069532062192367,0.2194993243101532,0.0782363733443051,"
<think>Given the firm's moderate profitability (profit=0.187) and low beta (0.238), it appears relatively stable but not growth-oriented. The fund's current holding is substantial relative to its AUM and the stock's S&P 500 weight, suggesting a significant active position. With low stock volatility (0.217) and moderate trading volume, the risk profile is manageable, but the high existing exposure might prompt a modest reduction to align closer to the benchmark weight or manage concentration.</think>
<answer>
{""holding_log_delta"": -0.05}
</answer>","Given the firm's moderate profitability (profit=0.187) and low beta (0.238), it appears relatively stable but not growth-oriented. The fund's current holding is substantial relative to its AUM and the stock's S&P 500 weight, suggesting a significant active position. With low stock volatility (0.217) and moderate trading volume, the risk profile is manageable, but the high existing exposure might prompt a modest reduction to align closer to the benchmark weight or manage concentration.","{""holding_log_delta"": -0.05}"
