generation,stage,candidate_idx,risk_aversion,herd_behavior,profit_driven,ticker,company,id,quarter,date,permno,holding_t,y_true,pred,abs_error,reward,valid,best_k,profile_strength_mode,x_risk_mean,x_herd_mean,x_profit_mean,overall_mean,raw_output,reason,answer_body
73,population,0,0.5488423822113381,0.22273464290261522,0.22842196478503657,SHW,SHERWIN WILLIAMS CO,247,NA,2016-10-01 00:00:00,36468,8763.08677,0.11699788184327845,-0.02,0.13699788184327844,-0.13699788184327844,True,1,type_mean,0.0082565895035254,0.0069532062192367,0.2194993243101532,0.0782363733443051,"
<think>Given the firm's moderate profitability and low beta, the stock appears stable but not highly growth-oriented. The fund's current holding is relatively small compared to its AUM and the stock's S&P 500 weight, suggesting potential for modest reallocation. With low volatility and average liquidity, a slight increase in holding might be expected to align closer to the benchmark weight, though the magnitude would likely be limited by the fund's existing exposure and the stock's already substantial market cap.</think>
<answer>
{""holding_log_delta"": -0.02}
</answer>","Given the firm's moderate profitability and low beta, the stock appears stable but not highly growth-oriented. The fund's current holding is relatively small compared to its AUM and the stock's S&P 500 weight, suggesting potential for modest reallocation. With low volatility and average liquidity, a slight increase in holding might be expected to align closer to the benchmark weight, though the magnitude would likely be limited by the fund's existing exposure and the stock's already substantial market cap.","{""holding_log_delta"": -0.02}"
73,population,1,0.5329989240010861,0.21999954000048,0.247000535999434,SHW,SHERWIN WILLIAMS CO,247,NA,2016-10-01 00:00:00,36468,8763.08677,0.11699788184327845,-0.04,0.15699788184327845,-0.15699788184327845,True,1,type_mean,0.0082565895035254,0.0069532062192367,0.2194993243101532,0.0782363733443051,"
<think>Given the firm's moderate profitability and low beta, combined with its small S&P 500 weight, the stock appears relatively stable but not highly growth-oriented. The fund's current holding is substantial relative to its AUM and the stock's trading volume, suggesting potential for rebalancing towards the benchmark weight. With low volatility and a low-beta profile, any adjustment is likely to be modest, possibly a slight reduction to align closer to the benchmark.</think>
<answer>
{""holding_log_delta"": -0.04}
</answer>","Given the firm's moderate profitability and low beta, combined with its small S&P 500 weight, the stock appears relatively stable but not highly growth-oriented. The fund's current holding is substantial relative to its AUM and the stock's trading volume, suggesting potential for rebalancing towards the benchmark weight. With low volatility and a low-beta profile, any adjustment is likely to be modest, possibly a slight reduction to align closer to the benchmark.","{""holding_log_delta"": -0.04}"
73,population,2,0.5429994570000001,0.22999976000001,0.22699978299999002,SHW,SHERWIN WILLIAMS CO,247,NA,2016-10-01 00:00:00,36468,8763.08677,0.11699788184327845,-0.02,0.13699788184327844,-0.13699788184327844,True,1,type_mean,0.0082565895035254,0.0069532062192367,0.2194993243101532,0.0782363733443051,"
<think>Given the firm's moderate profitability and low beta, the stock appears stable but not highly growth-oriented. The fund's current holding is relatively small compared to its AUM and the stock's S&P 500 weight, suggesting potential for modest reallocation. With low volatility and average liquidity, a slight increase in holding might be expected to align closer to the benchmark weight, though the magnitude would likely be limited by the fund's existing exposure and the stock's already substantial market cap.</think>
<answer>
{""holding_log_delta"": -0.02}
</answer>","Given the firm's moderate profitability and low beta, the stock appears stable but not highly growth-oriented. The fund's current holding is relatively small compared to its AUM and the stock's S&P 500 weight, suggesting potential for modest reallocation. With low volatility and average liquidity, a slight increase in holding might be expected to align closer to the benchmark weight, though the magnitude would likely be limited by the fund's existing exposure and the stock's already substantial market cap.","{""holding_log_delta"": -0.02}"
73,population,3,0.537999462000538,0.24999975000025002,0.21199978800021202,SHW,SHERWIN WILLIAMS CO,247,NA,2016-10-01 00:00:00,36468,8763.08677,0.11699788184327845,-0.02,0.13699788184327844,-0.13699788184327844,True,1,type_mean,0.0082565895035254,0.0069532062192367,0.2194993243101532,0.0782363733443051,"
<think>Given the firm's moderate profitability and low beta, the stock appears stable but not highly growth-oriented. The fund's current holding is relatively small compared to its AUM and the stock's S&P 500 weight, suggesting potential for modest reallocation. With low volatility and average liquidity, a slight increase in holding might be expected to align closer to the benchmark weight, though the magnitude would likely be limited by the fund's existing exposure and the stock's already substantial market cap.</think>
<answer>
{""holding_log_delta"": -0.02}
</answer>","Given the firm's moderate profitability and low beta, the stock appears stable but not highly growth-oriented. The fund's current holding is relatively small compared to its AUM and the stock's S&P 500 weight, suggesting potential for modest reallocation. With low volatility and average liquidity, a slight increase in holding might be expected to align closer to the benchmark weight, though the magnitude would likely be limited by the fund's existing exposure and the stock's already substantial market cap.","{""holding_log_delta"": -0.02}"
73,population,4,0.5429994570005431,0.23999976000024,0.21699978300021702,SHW,SHERWIN WILLIAMS CO,247,NA,2016-10-01 00:00:00,36468,8763.08677,0.11699788184327845,-0.02,0.13699788184327844,-0.13699788184327844,True,1,type_mean,0.0082565895035254,0.0069532062192367,0.2194993243101532,0.0782363733443051,"
<think>Given the firm's moderate profitability and low beta, combined with its small S&P 500 weight, the stock appears stable but not highly growth-oriented. The fund's current holding is relatively small compared to AUM, suggesting room for adjustment. Considering the low risk profile and the fund's medium activity level, a modest increase or slight rebalancing towards the benchmark weight might be expected, leading to a small positive normalized log change.</think>
<answer>
{""holding_log_delta"": -0.02}
</answer>","Given the firm's moderate profitability and low beta, combined with its small S&P 500 weight, the stock appears stable but not highly growth-oriented. The fund's current holding is relatively small compared to AUM, suggesting room for adjustment. Considering the low risk profile and the fund's medium activity level, a modest increase or slight rebalancing towards the benchmark weight might be expected, leading to a small positive normalized log change.","{""holding_log_delta"": -0.02}"
73,population,5,0.47999952000048,0.26999973000027006,0.24999975000025002,SHW,SHERWIN WILLIAMS CO,247,NA,2016-10-01 00:00:00,36468,8763.08677,0.11699788184327845,-0.02,0.13699788184327844,-0.13699788184327844,True,1,type_mean,0.0082565895035254,0.0069532062192367,0.2194993243101532,0.0782363733443051,"
<think>Given the firm's moderate profitability and low beta, the stock appears stable but not highly growth-oriented. The fund's current holding is relatively small compared to its AUM and the stock's S&P 500 weight, suggesting potential for modest reallocation. With low volatility and average liquidity, any adjustment would likely be minor, possibly a slight increase to align closer to the benchmark weight.</think>
<answer>
{""holding_log_delta"": -0.02}
</answer>","Given the firm's moderate profitability and low beta, the stock appears stable but not highly growth-oriented. The fund's current holding is relatively small compared to its AUM and the stock's S&P 500 weight, suggesting potential for modest reallocation. With low volatility and average liquidity, any adjustment would likely be minor, possibly a slight increase to align closer to the benchmark weight.","{""holding_log_delta"": -0.02}"
73,population,6,0.47999952000048,0.26999973000027006,0.24999975000025002,SHW,SHERWIN WILLIAMS CO,247,NA,2016-10-01 00:00:00,36468,8763.08677,0.11699788184327845,-0.02,0.13699788184327844,-0.13699788184327844,True,1,type_mean,0.0082565895035254,0.0069532062192367,0.2194993243101532,0.0782363733443051,"
<think>Given the firm's moderate profitability and low beta, the stock appears stable but not highly growth-oriented. The fund's current holding is relatively small compared to its AUM and the stock's S&P 500 weight, suggesting potential for modest reallocation. With low volatility and average liquidity, any adjustment would likely be minor, possibly a slight increase to align closer to the benchmark weight.</think>
<answer>
{""holding_log_delta"": -0.02}
</answer>","Given the firm's moderate profitability and low beta, the stock appears stable but not highly growth-oriented. The fund's current holding is relatively small compared to its AUM and the stock's S&P 500 weight, suggesting potential for modest reallocation. With low volatility and average liquidity, any adjustment would likely be minor, possibly a slight increase to align closer to the benchmark weight.","{""holding_log_delta"": -0.02}"
73,population,7,0.48999951000049,0.26999973000027006,0.23999976000024,SHW,SHERWIN WILLIAMS CO,247,NA,2016-10-01 00:00:00,36468,8763.08677,0.11699788184327845,-0.02,0.13699788184327844,-0.13699788184327844,True,1,type_mean,0.0082565895035254,0.0069532062192367,0.2194993243101532,0.0782363733443051,"
<think>Given the firm's moderate profitability and low beta, alongside its small S&P 500 weight, the stock appears stable but not highly growth-oriented. The fund's current holding is relatively small compared to AUM, suggesting room for adjustment. Considering the low volatility and the fund's medium activity level, a modest increase or slight rebalancing towards the benchmark weight might be expected, leading to a small positive normalized log change.</think>
<answer>
{""holding_log_delta"": -0.02}
</answer>","Given the firm's moderate profitability and low beta, alongside its small S&P 500 weight, the stock appears stable but not highly growth-oriented. The fund's current holding is relatively small compared to AUM, suggesting room for adjustment. Considering the low volatility and the fund's medium activity level, a modest increase or slight rebalancing towards the benchmark weight might be expected, leading to a small positive normalized log change.","{""holding_log_delta"": -0.02}"
73,population,8,0.49799946200003997,0.27999974999997,0.22199978799999,SHW,SHERWIN WILLIAMS CO,247,NA,2016-10-01 00:00:00,36468,8763.08677,0.11699788184327845,-0.04,0.15699788184327845,-0.15699788184327845,True,1,type_mean,0.0082565895035254,0.0069532062192367,0.2194993243101532,0.0782363733443051,"
<think>Given the firm's moderate profitability and low beta, alongside its small S&P 500 weight, the stock appears relatively stable but not highly growth-oriented. The fund's current holding is substantial relative to its AUM and the stock's trading volume, suggesting potential for rebalancing towards the benchmark weight. With low volatility and a low-beta profile, any adjustment is likely to be modest, possibly a slight reduction to align closer to the benchmark.</think>
<answer>
{""holding_log_delta"": -0.04}
</answer>","Given the firm's moderate profitability and low beta, alongside its small S&P 500 weight, the stock appears relatively stable but not highly growth-oriented. The fund's current holding is substantial relative to its AUM and the stock's trading volume, suggesting potential for rebalancing towards the benchmark weight. With low volatility and a low-beta profile, any adjustment is likely to be modest, possibly a slight reduction to align closer to the benchmark.","{""holding_log_delta"": -0.04}"
73,population,9,0.5379994570000051,0.244999759999995,0.216999783,SHW,SHERWIN WILLIAMS CO,247,NA,2016-10-01 00:00:00,36468,8763.08677,0.11699788184327845,-0.02,0.13699788184327844,-0.13699788184327844,True,1,type_mean,0.0082565895035254,0.0069532062192367,0.2194993243101532,0.0782363733443051,"
<think>Given the firm's moderate profitability and low beta, the stock appears stable but not highly growth-oriented. The fund's current holding is relatively small compared to its AUM and the stock's S&P 500 weight, suggesting potential for modest reallocation. With low volatility and average liquidity, any adjustment would likely be minor, possibly a slight increase to align closer to the benchmark weight.</think>
<answer>
{""holding_log_delta"": -0.02}
</answer>","Given the firm's moderate profitability and low beta, the stock appears stable but not highly growth-oriented. The fund's current holding is relatively small compared to its AUM and the stock's S&P 500 weight, suggesting potential for modest reallocation. With low volatility and average liquidity, any adjustment would likely be minor, possibly a slight increase to align closer to the benchmark weight.","{""holding_log_delta"": -0.02}"
73,population,10,0.50799946200003,0.26999974999998,0.22199978799999,SHW,SHERWIN WILLIAMS CO,247,NA,2016-10-01 00:00:00,36468,8763.08677,0.11699788184327845,-0.04,0.15699788184327845,-0.15699788184327845,True,1,type_mean,0.0082565895035254,0.0069532062192367,0.2194993243101532,0.0782363733443051,"
<think>Given the firm's moderate profitability and low beta, the stock appears stable but not highly growth-oriented. The fund's current holding is relatively small compared to its AUM and the stock's S&P 500 weight, suggesting potential for modest reallocation. With low volatility and average liquidity, any adjustment would likely be minor, possibly a slight increase to align closer to the benchmark weight.</think>
<answer>
{""holding_log_delta"": -0.04}
</answer>","Given the firm's moderate profitability and low beta, the stock appears stable but not highly growth-oriented. The fund's current holding is relatively small compared to its AUM and the stock's S&P 500 weight, suggesting potential for modest reallocation. With low volatility and average liquidity, any adjustment would likely be minor, possibly a slight increase to align closer to the benchmark weight.","{""holding_log_delta"": -0.04}"
73,population,11,0.51799946200002,0.25999974999999,0.22199978799999,SHW,SHERWIN WILLIAMS CO,247,NA,2016-10-01 00:00:00,36468,8763.08677,0.11699788184327845,-0.02,0.13699788184327844,-0.13699788184327844,True,1,type_mean,0.0082565895035254,0.0069532062192367,0.2194993243101532,0.0782363733443051,"
<think>Given the firm's moderate profitability and low beta, the stock appears stable but not highly growth-oriented. The fund's current holding is relatively small compared to its AUM and the stock's S&P 500 weight, suggesting potential for modest reallocation. With low volatility and average liquidity, a slight increase in holding might be expected to align closer to the benchmark weight, though the magnitude would likely be limited by the fund's existing exposure and the stock's market importance.</think>
<answer>
{""holding_log_delta"": -0.02}
</answer>","Given the firm's moderate profitability and low beta, the stock appears stable but not highly growth-oriented. The fund's current holding is relatively small compared to its AUM and the stock's S&P 500 weight, suggesting potential for modest reallocation. With low volatility and average liquidity, a slight increase in holding might be expected to align closer to the benchmark weight, though the magnitude would likely be limited by the fund's existing exposure and the stock's market importance.","{""holding_log_delta"": -0.02}"
