generation,stage,candidate_idx,risk_aversion,herd_behavior,profit_driven,ticker,company,id,quarter,date,permno,holding_t,y_true,pred,abs_error,reward,valid,best_k,profile_strength_mode,x_risk_mean,x_herd_mean,x_profit_mean,overall_mean,raw_output,reason,answer_body
63,population,0,0.356999643000357,0.516999483000517,0.12599987400012602,ADBE,ADOBE INC,386,NA,2017-10-01 00:00:00,75510,2057.975165,0.10836256005083245,-0.01,0.11836256005083244,-0.11836256005083244,True,1,type_mean,0.0105116667264412,0.009015847914168,2.8059538271968374,0.9418271139458155,"
<think>Given ADBE's current fundamentals, the firm shows solid profitability (profit=0.256) and moderate growth (Gat=0.0898), while its beta is close to 1, indicating average market risk. The fund's current holding is substantial relative to its AUM, and the stock's S&P 500 weight suggests it is a significant benchmark component. Considering the fund's defensive profile and low risk tolerance, a modest increase in holding might be expected to align with the benchmark weight, but the high existing position and low volatility may limit the magnitude of any adjustment.</think>
<answer>
{""holding_log_delta"": -0.01}
</answer>","Given ADBE's current fundamentals, the firm shows solid profitability (profit=0.256) and moderate growth (Gat=0.0898), while its beta is close to 1, indicating average market risk. The fund's current holding is substantial relative to its AUM, and the stock's S&P 500 weight suggests it is a significant benchmark component. Considering the fund's defensive profile and low risk tolerance, a modest increase in holding might be expected to align with the benchmark weight, but the high existing position and low volatility may limit the magnitude of any adjustment.","{""holding_log_delta"": -0.01}"
63,population,1,0.346999653000347,0.5069994930005071,0.145999854000146,ADBE,ADOBE INC,386,NA,2017-10-01 00:00:00,75510,2057.975165,0.10836256005083245,-0.02,0.12836256005083244,-0.12836256005083244,True,1,type_mean,0.0105116667264412,0.009015847914168,2.8059538271968374,0.9418271139458155,"
<think>Given ADBE's current fundamentals, the firm shows solid profitability (profit=0.256) and moderate growth (Gat=0.0898), while its beta is close to 1, indicating average market risk. The fund's current holding is substantial relative to its AUM, and the stock's S&P 500 weight suggests it is a significant benchmark component. Considering the fund's defensive profile and low risk tolerance, a modest increase in holding might be expected to align with the benchmark weight, but the high existing position and low volatility may limit the magnitude of any adjustment.</think>
<answer>
{""holding_log_delta"": -0.02}
</answer>","Given ADBE's current fundamentals, the firm shows solid profitability (profit=0.256) and moderate growth (Gat=0.0898), while its beta is close to 1, indicating average market risk. The fund's current holding is substantial relative to its AUM, and the stock's S&P 500 weight suggests it is a significant benchmark component. Considering the fund's defensive profile and low risk tolerance, a modest increase in holding might be expected to align with the benchmark weight, but the high existing position and low volatility may limit the magnitude of any adjustment.","{""holding_log_delta"": -0.02}"
63,population,2,0.346999653000347,0.521999478000522,0.13099986900013103,ADBE,ADOBE INC,386,NA,2017-10-01 00:00:00,75510,2057.975165,0.10836256005083245,-0.04,0.14836256005083245,-0.14836256005083245,True,1,type_mean,0.0105116667264412,0.009015847914168,2.8059538271968374,0.9418271139458155,"
<think>Given ADBE's current fundamentals, the firm shows solid profitability (profit=0.256) and moderate growth (Gat=0.0898), while its beta is close to 1, indicating average market risk. The fund's current holding is substantial relative to its AUM, and the stock's S&P 500 weight suggests it is a significant benchmark component. Considering the fund's defensive profile and low risk tolerance, a modest increase in holding might be expected to align with the benchmark weight, but the high existing position and low volatility may limit the magnitude of any adjustment.</think>
<answer>
{""holding_log_delta"": -0.04}
</answer>","Given ADBE's current fundamentals, the firm shows solid profitability (profit=0.256) and moderate growth (Gat=0.0898), while its beta is close to 1, indicating average market risk. The fund's current holding is substantial relative to its AUM, and the stock's S&P 500 weight suggests it is a significant benchmark component. Considering the fund's defensive profile and low risk tolerance, a modest increase in holding might be expected to align with the benchmark weight, but the high existing position and low volatility may limit the magnitude of any adjustment.","{""holding_log_delta"": -0.04}"
63,population,3,0.346345999653654,0.507506999492493,0.146145999853854,ADBE,ADOBE INC,386,NA,2017-10-01 00:00:00,75510,2057.975165,0.10836256005083245,-0.01,0.11836256005083244,-0.11836256005083244,True,1,type_mean,0.0105116667264412,0.009015847914168,2.8059538271968374,0.9418271139458155,"
<think>Given ADBE's current fundamentals, the firm shows solid profitability (profit=0.256) and moderate growth (Gat=0.0898), while its beta is close to 1, indicating average market risk. The fund's current holding is substantial relative to its AUM, and the stock's S&P 500 weight suggests it is a significant benchmark component. Considering the fund's defensive profile and low risk tolerance, a modest increase in holding might be expected to align with the benchmark weight, but the high existing position and low volatility may limit the magnitude of any adjustment.</think>
<answer>
{""holding_log_delta"": -0.01}
</answer>","Given ADBE's current fundamentals, the firm shows solid profitability (profit=0.256) and moderate growth (Gat=0.0898), while its beta is close to 1, indicating average market risk. The fund's current holding is substantial relative to its AUM, and the stock's S&P 500 weight suggests it is a significant benchmark component. Considering the fund's defensive profile and low risk tolerance, a modest increase in holding might be expected to align with the benchmark weight, but the high existing position and low volatility may limit the magnitude of any adjustment.","{""holding_log_delta"": -0.01}"
63,population,4,0.33633599966366395,0.5165159994834839,0.14714699985285298,ADBE,ADOBE INC,386,NA,2017-10-01 00:00:00,75510,2057.975165,0.10836256005083245,-0.04,0.14836256005083245,-0.14836256005083245,True,1,type_mean,0.0105116667264412,0.009015847914168,2.8059538271968374,0.9418271139458155,"
<think>Given ADBE's current fundamentals, the firm shows solid profitability (profit=0.256) and moderate growth (Gat=0.0898), while its beta is close to 1, indicating average market risk. The fund's current holding is substantial relative to its AUM, and the stock's S&P 500 weight suggests it is a significant benchmark component. Considering the fund's defensive profile and low risk tolerance, a modest increase in holding might be expected to align with the benchmark weight, but the high existing position and low volatility may limit the magnitude of any adjustment.</think>
<answer>
{""holding_log_delta"": -0.04}
</answer>","Given ADBE's current fundamentals, the firm shows solid profitability (profit=0.256) and moderate growth (Gat=0.0898), while its beta is close to 1, indicating average market risk. The fund's current holding is substantial relative to its AUM, and the stock's S&P 500 weight suggests it is a significant benchmark component. Considering the fund's defensive profile and low risk tolerance, a modest increase in holding might be expected to align with the benchmark weight, but the high existing position and low volatility may limit the magnitude of any adjustment.","{""holding_log_delta"": -0.04}"
63,population,5,0.346345999653654,0.516515999483484,0.137136999862863,ADBE,ADOBE INC,386,NA,2017-10-01 00:00:00,75510,2057.975165,0.10836256005083245,-0.01,0.11836256005083244,-0.11836256005083244,True,1,type_mean,0.0105116667264412,0.009015847914168,2.8059538271968374,0.9418271139458155,"
<think>Given ADBE's current fundamentals, the firm shows solid profitability (profit=0.256) and moderate growth (Gat=0.0898), with a low beta indicating lower systematic risk than the market. The fund's current holding is substantial relative to its AUM, and the stock's S&P 500 weight suggests it is a significant benchmark component. Considering the fund's defensive profile and low risk tolerance, a modest increase in holding might be expected to align with the benchmark while managing concentration, but the high existing position and low volatility may limit the magnitude of any adjustment.</think>
<answer>
{""holding_log_delta"": -0.01}
</answer>","Given ADBE's current fundamentals, the firm shows solid profitability (profit=0.256) and moderate growth (Gat=0.0898), with a low beta indicating lower systematic risk than the market. The fund's current holding is substantial relative to its AUM, and the stock's S&P 500 weight suggests it is a significant benchmark component. Considering the fund's defensive profile and low risk tolerance, a modest increase in holding might be expected to align with the benchmark while managing concentration, but the high existing position and low volatility may limit the magnitude of any adjustment.","{""holding_log_delta"": -0.01}"
63,population,6,0.35635599964364395,0.506505999493494,0.137136999862863,ADBE,ADOBE INC,386,NA,2017-10-01 00:00:00,75510,2057.975165,0.10836256005083245,-0.04,0.14836256005083245,-0.14836256005083245,True,1,type_mean,0.0105116667264412,0.009015847914168,2.8059538271968374,0.9418271139458155,"
<think>Given ADBE's current fundamentals, the firm shows solid profitability (profit=0.256) and moderate growth (Gat=0.0898), while its beta is close to 1, indicating average market risk. The fund's current holding is substantial relative to its AUM, and the stock's S&P 500 weight suggests it is a significant benchmark component. Considering the fund's defensive profile and low risk tolerance, a modest increase in holding might be expected to align with the benchmark weight, but the high existing position and low volatility may limit the magnitude of any adjustment.</think>
<answer>
{""holding_log_delta"": -0.04}
</answer>","Given ADBE's current fundamentals, the firm shows solid profitability (profit=0.256) and moderate growth (Gat=0.0898), while its beta is close to 1, indicating average market risk. The fund's current holding is substantial relative to its AUM, and the stock's S&P 500 weight suggests it is a significant benchmark component. Considering the fund's defensive profile and low risk tolerance, a modest increase in holding might be expected to align with the benchmark weight, but the high existing position and low volatility may limit the magnitude of any adjustment.","{""holding_log_delta"": -0.04}"
63,population,7,0.357999642000358,0.516999483000517,0.12499987500012501,ADBE,ADOBE INC,386,NA,2017-10-01 00:00:00,75510,2057.975165,0.10836256005083245,-0.04,0.14836256005083245,-0.14836256005083245,True,1,type_mean,0.0105116667264412,0.009015847914168,2.8059538271968374,0.9418271139458155,"
<think>Given ADBE's current fundamentals, the firm shows solid profitability (profit=0.256) and moderate growth (Gat=0.0898), while its beta is close to 1, indicating average market risk. The fund's current holding is substantial relative to its AUM, and the stock's S&P 500 weight suggests it is a significant benchmark component. Considering the fund's defensive profile and low risk tolerance, a modest increase in holding might be expected to align with the benchmark weight, but the high existing position and low volatility may limit the magnitude of any adjustment.</think>
<answer>
{""holding_log_delta"": -0.04}
</answer>","Given ADBE's current fundamentals, the firm shows solid profitability (profit=0.256) and moderate growth (Gat=0.0898), while its beta is close to 1, indicating average market risk. The fund's current holding is substantial relative to its AUM, and the stock's S&P 500 weight suggests it is a significant benchmark component. Considering the fund's defensive profile and low risk tolerance, a modest increase in holding might be expected to align with the benchmark weight, but the high existing position and low volatility may limit the magnitude of any adjustment.","{""holding_log_delta"": -0.04}"
63,population,8,0.358999641000359,0.516999483000517,0.123999876000124,ADBE,ADOBE INC,386,NA,2017-10-01 00:00:00,75510,2057.975165,0.10836256005083245,-0.04,0.14836256005083245,-0.14836256005083245,True,1,type_mean,0.0105116667264412,0.009015847914168,2.8059538271968374,0.9418271139458155,"
<think>Given ADBE's current fundamentals, the firm shows solid profitability (profit=0.256) and moderate growth (Gat=0.0898), while its beta is close to 1, indicating average market risk. The fund's current holding is substantial relative to its AUM, and the stock's S&P 500 weight suggests it is a significant benchmark component. Considering the fund's defensive profile and low risk tolerance, a modest increase in holding might be expected to align with the benchmark weight, but the high existing position and low volatility may limit the magnitude of any adjustment.</think>
<answer>
{""holding_log_delta"": -0.04}
</answer>","Given ADBE's current fundamentals, the firm shows solid profitability (profit=0.256) and moderate growth (Gat=0.0898), while its beta is close to 1, indicating average market risk. The fund's current holding is substantial relative to its AUM, and the stock's S&P 500 weight suggests it is a significant benchmark component. Considering the fund's defensive profile and low risk tolerance, a modest increase in holding might be expected to align with the benchmark weight, but the high existing position and low volatility may limit the magnitude of any adjustment.","{""holding_log_delta"": -0.04}"
63,population,9,0.351999648000352,0.5119994880005121,0.13599986400013603,ADBE,ADOBE INC,386,NA,2017-10-01 00:00:00,75510,2057.975165,0.10836256005083245,-0.04,0.14836256005083245,-0.14836256005083245,True,1,type_mean,0.0105116667264412,0.009015847914168,2.8059538271968374,0.9418271139458155,"
<think>Given ADBE's current fundamentals, the company has a moderate market capitalization relative to book equity, positive profitability, and low beta, suggesting stable but not aggressive growth potential. The fund's current holding is substantial relative to its AUM and the stock's S&P 500 weight, indicating a significant existing exposure. Considering the low beta and the fund's defensive profile with limited profit-driven motivation, a modest adjustment to align with the benchmark weight while managing concentration might be expected, likely resulting in a small negative normalized log change.</think>
<answer>
{""holding_log_delta"": -0.04}
</answer>","Given ADBE's current fundamentals, the company has a moderate market capitalization relative to book equity, positive profitability, and low beta, suggesting stable but not aggressive growth potential. The fund's current holding is substantial relative to its AUM and the stock's S&P 500 weight, indicating a significant existing exposure. Considering the low beta and the fund's defensive profile with limited profit-driven motivation, a modest adjustment to align with the benchmark weight while managing concentration might be expected, likely resulting in a small negative normalized log change.","{""holding_log_delta"": -0.04}"
63,population,10,0.35635599964364395,0.496495999503504,0.14714699985285298,ADBE,ADOBE INC,386,NA,2017-10-01 00:00:00,75510,2057.975165,0.10836256005083245,-0.02,0.12836256005083244,-0.12836256005083244,True,1,type_mean,0.0105116667264412,0.009015847914168,2.8059538271968374,0.9418271139458155,"
<think>Given ADBE's current fundamentals, the firm shows solid profitability (profit=0.256) and moderate growth (Gat=0.0898), while its beta is close to 1, indicating average market risk. The fund's current holding is substantial relative to its AUM, and the stock's S&P 500 weight suggests it is a significant benchmark component. Considering the fund's defensive profile and low risk tolerance, a modest increase in holding might be expected to align with the benchmark weight, but the high existing position and low volatility may limit the magnitude of any adjustment.</think>
<answer>
{""holding_log_delta"": -0.02}
</answer>","Given ADBE's current fundamentals, the firm shows solid profitability (profit=0.256) and moderate growth (Gat=0.0898), while its beta is close to 1, indicating average market risk. The fund's current holding is substantial relative to its AUM, and the stock's S&P 500 weight suggests it is a significant benchmark component. Considering the fund's defensive profile and low risk tolerance, a modest increase in holding might be expected to align with the benchmark weight, but the high existing position and low volatility may limit the magnitude of any adjustment.","{""holding_log_delta"": -0.02}"
63,population,11,0.34999965000035,0.47999952000048,0.16999983000017002,ADBE,ADOBE INC,386,NA,2017-10-01 00:00:00,75510,2057.975165,0.10836256005083245,-0.01,0.11836256005083244,-0.11836256005083244,True,1,type_mean,0.0105116667264412,0.009015847914168,2.8059538271968374,0.9418271139458155,"
<think>Given ADBE's current fundamentals, the firm shows solid profitability (profit=0.256) and moderate growth (Gat=0.0898), while its beta is close to 1, indicating average market risk. The fund's current holding is substantial relative to its AUM, and the stock's S&P 500 weight suggests it is a significant benchmark component. Considering the fund's defensive profile and low risk tolerance, a modest increase in holding might be expected to align with the benchmark weight, but the high existing position and low volatility may limit the magnitude of any adjustment.</think>
<answer>
{""holding_log_delta"": -0.01}
</answer>","Given ADBE's current fundamentals, the firm shows solid profitability (profit=0.256) and moderate growth (Gat=0.0898), while its beta is close to 1, indicating average market risk. The fund's current holding is substantial relative to its AUM, and the stock's S&P 500 weight suggests it is a significant benchmark component. Considering the fund's defensive profile and low risk tolerance, a modest increase in holding might be expected to align with the benchmark weight, but the high existing position and low volatility may limit the magnitude of any adjustment.","{""holding_log_delta"": -0.01}"
