generation,stage,candidate_idx,risk_aversion,herd_behavior,profit_driven,ticker,company,id,quarter,date,permno,holding_t,y_true,pred,abs_error,reward,valid,best_k,profile_strength_mode,x_risk_mean,x_herd_mean,x_profit_mean,overall_mean,raw_output,reason,answer_body
71,population,0,0.33633599966366395,0.5165159994834839,0.14714699985285298,FANG,DIAMONDBACK ENERGY INC,290,NA,2018-07-01 00:00:00,13641,94.035975,0.337615146570967,-0.08,0.417615146570967,-0.417615146570967,True,1,type_mean,0.0105116667264412,0.009015847914168,2.8059538271968374,0.9418271139458155,"
<think>Given the firm's moderate profitability (profit=0.197) and low beta (0.677), it appears relatively stable but not growth-oriented. The fund's current holding is substantial relative to its AUM, and the stock's very low S&P 500 weight suggests limited benchmark-driven demand. With the fund already exposed at a meaningful level and no strong positive fundamentals driving significant growth expectations, a modest reduction in holding might be expected to manage concentration and align with the defensive, low-turnover profile.</think>
<answer>
{""holding_log_delta"": -0.08}
</answer>","Given the firm's moderate profitability (profit=0.197) and low beta (0.677), it appears relatively stable but not growth-oriented. The fund's current holding is substantial relative to its AUM, and the stock's very low S&P 500 weight suggests limited benchmark-driven demand. With the fund already exposed at a meaningful level and no strong positive fundamentals driving significant growth expectations, a modest reduction in holding might be expected to manage concentration and align with the defensive, low-turnover profile.","{""holding_log_delta"": -0.08}"
71,population,1,0.38999961000039,0.47999952000048,0.12999987000013002,FANG,DIAMONDBACK ENERGY INC,290,NA,2018-07-01 00:00:00,13641,94.035975,0.337615146570967,-0.05,0.38761514657096696,-0.38761514657096696,True,1,type_mean,0.0105116667264412,0.009015847914168,2.8059538271968374,0.9418271139458155,"
<think>Given the firm's moderate profitability (profit=0.197) and low beta (0.677), it appears relatively stable but not growth-oriented. The fund's current holding is substantial relative to its AUM, and the stock's very low S&P 500 weight suggests limited benchmark-driven demand. With the fund already exposed at a meaningful level and no strong positive fundamentals driving significant growth expectations, a modest reduction in holding might be expected to manage concentration and align with the defensive, low-turnover profile.</think>
<answer>
{""holding_log_delta"": -0.05}
</answer>","Given the firm's moderate profitability (profit=0.197) and low beta (0.677), it appears relatively stable but not growth-oriented. The fund's current holding is substantial relative to its AUM, and the stock's very low S&P 500 weight suggests limited benchmark-driven demand. With the fund already exposed at a meaningful level and no strong positive fundamentals driving significant growth expectations, a modest reduction in holding might be expected to manage concentration and align with the defensive, low-turnover profile.","{""holding_log_delta"": -0.05}"
71,population,2,0.36999963000037,0.50999949000051,0.11999988000012,FANG,DIAMONDBACK ENERGY INC,290,NA,2018-07-01 00:00:00,13641,94.035975,0.337615146570967,-0.04,0.37761514657096695,-0.37761514657096695,True,1,type_mean,0.0105116667264412,0.009015847914168,2.8059538271968374,0.9418271139458155,"
<think>Given the firm's moderate profitability (profit=0.197) and low beta (0.677) indicating lower systematic risk, combined with the fund's substantial AUM and the stock's very small S&P 500 weight, the expected holding change would likely be minimal. The low beta suggests limited active risk adjustment, while the fund's large size and the stock's minor benchmark role imply limited strategic rebalancing pressure.</think>
<answer>
{""holding_log_delta"": -0.04}
</answer>","Given the firm's moderate profitability (profit=0.197) and low beta (0.677) indicating lower systematic risk, combined with the fund's substantial AUM and the stock's very small S&P 500 weight, the expected holding change would likely be minimal. The low beta suggests limited active risk adjustment, while the fund's large size and the stock's minor benchmark role imply limited strategic rebalancing pressure.","{""holding_log_delta"": -0.04}"
71,population,3,0.34999965000035,0.48999951000049,0.15999984000016002,FANG,DIAMONDBACK ENERGY INC,290,NA,2018-07-01 00:00:00,13641,94.035975,0.337615146570967,-0.04,0.37761514657096695,-0.37761514657096695,True,1,type_mean,0.0105116667264412,0.009015847914168,2.8059538271968374,0.9418271139458155,"
<think>Given the firm's moderate profitability (profit=0.197) and low beta (0.677) indicating lower systematic risk, combined with the fund's substantial AUM and the stock's very small S&P 500 weight, the expected holding change would likely be modest. The fund's high AUM relative to the stock's volume suggests limited trading impact, and the low beta and positive profit may support a slight increase, but the very low benchmark weight implies limited strategic allocation pressure.</think>
<answer>
{""holding_log_delta"": -0.04}
</answer>","Given the firm's moderate profitability (profit=0.197) and low beta (0.677) indicating lower systematic risk, combined with the fund's substantial AUM and the stock's very small S&P 500 weight, the expected holding change would likely be modest. The fund's high AUM relative to the stock's volume suggests limited trading impact, and the low beta and positive profit may support a slight increase, but the very low benchmark weight implies limited strategic allocation pressure.","{""holding_log_delta"": -0.04}"
71,population,4,0.35635599964364395,0.506505999493494,0.137136999862863,FANG,DIAMONDBACK ENERGY INC,290,NA,2018-07-01 00:00:00,13641,94.035975,0.337615146570967,-0.04,0.37761514657096695,-0.37761514657096695,True,1,type_mean,0.0105116667264412,0.009015847914168,2.8059538271968374,0.9418271139458155,"
<think>Given the firm's moderate profitability (profit=0.197) and low beta (0.677), the stock appears relatively stable but not growth-oriented. The fund's current holding is substantial relative to its AUM, and the stock's very low S&P 500 weight suggests limited benchmark-driven demand. With the fund already exposed at a meaningful level and no strong catalysts indicated, a modest adjustment to align with the benchmark or manage concentration is likely, leading to a small negative expected change.</think>
<answer>
{""holding_log_delta"": -0.04}
</answer>","Given the firm's moderate profitability (profit=0.197) and low beta (0.677), the stock appears relatively stable but not growth-oriented. The fund's current holding is substantial relative to its AUM, and the stock's very low S&P 500 weight suggests limited benchmark-driven demand. With the fund already exposed at a meaningful level and no strong catalysts indicated, a modest adjustment to align with the benchmark or manage concentration is likely, leading to a small negative expected change.","{""holding_log_delta"": -0.04}"
71,population,5,0.357999642000358,0.516999483000517,0.12499987500012501,FANG,DIAMONDBACK ENERGY INC,290,NA,2018-07-01 00:00:00,13641,94.035975,0.337615146570967,-0.04,0.37761514657096695,-0.37761514657096695,True,1,type_mean,0.0105116667264412,0.009015847914168,2.8059538271968374,0.9418271139458155,"
<think>Given the firm's moderate profitability (profit=0.197) and low beta (0.677), the stock appears relatively stable but not growth-oriented. The fund's current holding is substantial relative to its AUM, and the stock's very low S&P 500 weight suggests limited benchmark-driven demand. With the fund already exposed at a meaningful level and no strong catalysts indicated, a modest adjustment to align with the benchmark or manage concentration is likely, leading to a small negative expected change.</think>
<answer>
{""holding_log_delta"": -0.04}
</answer>","Given the firm's moderate profitability (profit=0.197) and low beta (0.677), the stock appears relatively stable but not growth-oriented. The fund's current holding is substantial relative to its AUM, and the stock's very low S&P 500 weight suggests limited benchmark-driven demand. With the fund already exposed at a meaningful level and no strong catalysts indicated, a modest adjustment to align with the benchmark or manage concentration is likely, leading to a small negative expected change.","{""holding_log_delta"": -0.04}"
71,population,6,0.351999648000352,0.5119994880005121,0.13599986400013603,FANG,DIAMONDBACK ENERGY INC,290,NA,2018-07-01 00:00:00,13641,94.035975,0.337615146570967,-0.04,0.37761514657096695,-0.37761514657096695,True,1,type_mean,0.0105116667264412,0.009015847914168,2.8059538271968374,0.9418271139458155,"
<think>Given the firm's moderate profitability (profit=0.197) and low beta (0.677), it appears relatively stable but not growth-oriented. The fund's current holding is substantial relative to its AUM, and the stock's very low S&P 500 weight suggests limited benchmark-driven demand. With the fund already exposed at a meaningful level and no strong positive fundamentals driving significant growth expectations, a modest reduction in holding might be expected to manage concentration and align with the defensive, low-turnover profile.</think>
<answer>
{""holding_log_delta"": -0.04}
</answer>","Given the firm's moderate profitability (profit=0.197) and low beta (0.677), it appears relatively stable but not growth-oriented. The fund's current holding is substantial relative to its AUM, and the stock's very low S&P 500 weight suggests limited benchmark-driven demand. With the fund already exposed at a meaningful level and no strong positive fundamentals driving significant growth expectations, a modest reduction in holding might be expected to manage concentration and align with the defensive, low-turnover profile.","{""holding_log_delta"": -0.04}"
71,population,7,0.346345999653654,0.516515999483484,0.137136999862863,FANG,DIAMONDBACK ENERGY INC,290,NA,2018-07-01 00:00:00,13641,94.035975,0.337615146570967,-0.04,0.37761514657096695,-0.37761514657096695,True,1,type_mean,0.0105116667264412,0.009015847914168,2.8059538271968374,0.9418271139458155,"
<think>Given the firm's moderate profitability (profit=0.197) and low beta (0.677), the stock appears relatively stable but not growth-oriented. The fund's current holding is substantial relative to its AUM, and the stock's very low S&P 500 weight suggests limited benchmark-driven demand. With the fund already exposed at a meaningful level and no strong catalysts indicated, a modest adjustment to align with the benchmark or manage concentration is likely, leading to a small negative expected change.</think>
<answer>
{""holding_log_delta"": -0.04}
</answer>","Given the firm's moderate profitability (profit=0.197) and low beta (0.677), the stock appears relatively stable but not growth-oriented. The fund's current holding is substantial relative to its AUM, and the stock's very low S&P 500 weight suggests limited benchmark-driven demand. With the fund already exposed at a meaningful level and no strong catalysts indicated, a modest adjustment to align with the benchmark or manage concentration is likely, leading to a small negative expected change.","{""holding_log_delta"": -0.04}"
71,population,8,0.358999641000359,0.516999483000517,0.123999876000124,FANG,DIAMONDBACK ENERGY INC,290,NA,2018-07-01 00:00:00,13641,94.035975,0.337615146570967,-0.08,0.417615146570967,-0.417615146570967,True,1,type_mean,0.0105116667264412,0.009015847914168,2.8059538271968374,0.9418271139458155,"
<think>Given the firm's moderate profitability (profit=0.197) and low beta (0.677), the stock appears relatively stable but not growth-oriented. The fund's current holding is substantial relative to its AUM, and the stock's very low S&P 500 weight suggests limited benchmark-driven demand. With the fund already exposed at a meaningful level and no strong positive fundamentals driving significant growth expectations, a modest reduction in holding might be expected to manage concentration and align with the fund's defensive, low-turnover profile.</think>
<answer>
{""holding_log_delta"": -0.08}
</answer>","Given the firm's moderate profitability (profit=0.197) and low beta (0.677), the stock appears relatively stable but not growth-oriented. The fund's current holding is substantial relative to its AUM, and the stock's very low S&P 500 weight suggests limited benchmark-driven demand. With the fund already exposed at a meaningful level and no strong positive fundamentals driving significant growth expectations, a modest reduction in holding might be expected to manage concentration and align with the fund's defensive, low-turnover profile.","{""holding_log_delta"": -0.08}"
71,population,9,0.345999654000346,0.485999514000486,0.16799983200016802,FANG,DIAMONDBACK ENERGY INC,290,NA,2018-07-01 00:00:00,13641,94.035975,0.337615146570967,-0.07,0.407615146570967,-0.407615146570967,True,1,type_mean,0.0105116667264412,0.009015847914168,2.8059538271968374,0.9418271139458155,"
<think>Given the firm's moderate profitability (profit=0.197) and low beta (0.677), the stock appears relatively stable but not growth-oriented. The fund's current holding is substantial relative to its AUM, and the stock's very low S&P 500 weight suggests limited benchmark-driven demand. With the fund already exposed at a meaningful level and no strong positive fundamentals driving significant growth expectations, a modest reduction in holding might be expected to manage concentration and align with the fund's defensive, low-turnover profile.</think>
<answer>
{""holding_log_delta"": -0.07}
</answer>","Given the firm's moderate profitability (profit=0.197) and low beta (0.677), the stock appears relatively stable but not growth-oriented. The fund's current holding is substantial relative to its AUM, and the stock's very low S&P 500 weight suggests limited benchmark-driven demand. With the fund already exposed at a meaningful level and no strong positive fundamentals driving significant growth expectations, a modest reduction in holding might be expected to manage concentration and align with the fund's defensive, low-turnover profile.","{""holding_log_delta"": -0.07}"
71,population,10,0.355999644000356,0.495999504000496,0.147999852000148,FANG,DIAMONDBACK ENERGY INC,290,NA,2018-07-01 00:00:00,13641,94.035975,0.337615146570967,-0.04,0.37761514657096695,-0.37761514657096695,True,1,type_mean,0.0105116667264412,0.009015847914168,2.8059538271968374,0.9418271139458155,"
<think>Given the firm's moderate profitability (profit=0.197) and low beta (0.677), the stock appears relatively stable but not growth-oriented. The fund's current holding is substantial relative to its AUM, and the stock's very low S&P 500 weight suggests limited benchmark-driven demand. With the fund already exposed at a meaningful level and no strong catalysts indicated, a modest adjustment to align with the benchmark or manage concentration is likely, leading to a small negative expected change.</think>
<answer>
{""holding_log_delta"": -0.04}
</answer>","Given the firm's moderate profitability (profit=0.197) and low beta (0.677), the stock appears relatively stable but not growth-oriented. The fund's current holding is substantial relative to its AUM, and the stock's very low S&P 500 weight suggests limited benchmark-driven demand. With the fund already exposed at a meaningful level and no strong catalysts indicated, a modest adjustment to align with the benchmark or manage concentration is likely, leading to a small negative expected change.","{""holding_log_delta"": -0.04}"
71,population,11,0.355999644000356,0.5359994640005361,0.10799989200010801,FANG,DIAMONDBACK ENERGY INC,290,NA,2018-07-01 00:00:00,13641,94.035975,0.337615146570967,-0.05,0.38761514657096696,-0.38761514657096696,True,1,type_mean,0.0105116667264412,0.009015847914168,2.8059538271968374,0.9418271139458155,"
<think>Given the firm's moderate profitability (profit=0.197) and low beta (0.677), it appears relatively stable but not growth-oriented. The fund's current holding is substantial relative to its AUM, and the stock's very low S&P 500 weight suggests limited benchmark-driven demand. With the fund already exposed at a meaningful level and no strong positive fundamentals driving significant growth expectations, a modest reduction in holding might be expected to manage concentration and align with the defensive, low-turnover profile.</think>
<answer>
{""holding_log_delta"": -0.05}
</answer>","Given the firm's moderate profitability (profit=0.197) and low beta (0.677), it appears relatively stable but not growth-oriented. The fund's current holding is substantial relative to its AUM, and the stock's very low S&P 500 weight suggests limited benchmark-driven demand. With the fund already exposed at a meaningful level and no strong positive fundamentals driving significant growth expectations, a modest reduction in holding might be expected to manage concentration and align with the defensive, low-turnover profile.","{""holding_log_delta"": -0.05}"
