generation,stage,candidate_idx,risk_aversion,herd_behavior,profit_driven,ticker,company,id,quarter,date,permno,holding_t,y_true,pred,abs_error,reward,valid,best_k,profile_strength_mode,x_risk_mean,x_herd_mean,x_profit_mean,overall_mean,raw_output,reason,answer_body
35,population,0,0.36699963300036703,0.5279994720005281,0.10499989500010501,NOC,NORTHROP GRUMMAN CORP,369,NA,2016-04-01 00:00:00,24766,923.44425,0.048273481691699975,-0.04,0.08827348169169998,-0.08827348169169998,True,1,type_mean,0.0105116667264412,0.009015847914168,2.8059538271968374,0.9418271139458155,"
<think>Given the firm's moderate profitability and negative asset growth, combined with its low beta and current holding size relative to AUM, the expected adjustment would likely be small in magnitude but potentially negative due to the negative asset growth signal. The fund's existing position is substantial compared to the stock's S&P 500 weight, suggesting a need for rebalancing downward to align with the benchmark, though the low beta and defensive profile may temper the magnitude of any reduction.</think>
<answer>
{""holding_log_delta"": -0.04}
</answer>","Given the firm's moderate profitability and negative asset growth, combined with its low beta and current holding size relative to AUM, the expected adjustment would likely be small in magnitude but potentially negative due to the negative asset growth signal. The fund's existing position is substantial compared to the stock's S&P 500 weight, suggesting a need for rebalancing downward to align with the benchmark, though the low beta and defensive profile may temper the magnitude of any reduction.","{""holding_log_delta"": -0.04}"
35,population,1,0.346999653000347,0.516999483000517,0.13599986400013603,NOC,NORTHROP GRUMMAN CORP,369,NA,2016-04-01 00:00:00,24766,923.44425,0.048273481691699975,-0.04,0.08827348169169998,-0.08827348169169998,True,1,type_mean,0.0105116667264412,0.009015847914168,2.8059538271968374,0.9418271139458155,"
<think>Given the firm's moderate profitability and negative asset growth, combined with its low beta and current holding size relative to AUM, the expected adjustment would likely be small in magnitude but potentially negative due to the negative asset growth signal. The fund's existing position is substantial compared to the stock's S&P 500 weight, suggesting a need for rebalancing, which might lead to a slight reduction to align closer with the benchmark.</think>
<answer>
{""holding_log_delta"": -0.04}
</answer>","Given the firm's moderate profitability and negative asset growth, combined with its low beta and current holding size relative to AUM, the expected adjustment would likely be small in magnitude but potentially negative due to the negative asset growth signal. The fund's existing position is substantial compared to the stock's S&P 500 weight, suggesting a need for rebalancing, which might lead to a slight reduction to align closer with the benchmark.","{""holding_log_delta"": -0.04}"
35,population,2,0.375999624000376,0.517999482000518,0.10599989400010601,NOC,NORTHROP GRUMMAN CORP,369,NA,2016-04-01 00:00:00,24766,923.44425,0.048273481691699975,-0.04,0.08827348169169998,-0.08827348169169998,True,1,type_mean,0.0105116667264412,0.009015847914168,2.8059538271968374,0.9418271139458155,"
<think>Given the firm's moderate profitability and negative asset growth, combined with its low beta and current holding size relative to AUM, the expected adjustment would likely be small in magnitude but potentially negative due to the negative asset growth signal. The fund's existing position is substantial compared to the stock's S&P 500 weight, suggesting a need for rebalancing downward to align with the benchmark, though the low beta and defensive profile may temper the magnitude of any reduction.</think>
<answer>
{""holding_log_delta"": -0.04}
</answer>","Given the firm's moderate profitability and negative asset growth, combined with its low beta and current holding size relative to AUM, the expected adjustment would likely be small in magnitude but potentially negative due to the negative asset growth signal. The fund's existing position is substantial compared to the stock's S&P 500 weight, suggesting a need for rebalancing downward to align with the benchmark, though the low beta and defensive profile may temper the magnitude of any reduction.","{""holding_log_delta"": -0.04}"
35,population,3,0.38699961300038704,0.517999482000518,0.094999905000095,NOC,NORTHROP GRUMMAN CORP,369,NA,2016-04-01 00:00:00,24766,923.44425,0.048273481691699975,-0.04,0.08827348169169998,-0.08827348169169998,True,1,type_mean,0.0105116667264412,0.009015847914168,2.8059538271968374,0.9418271139458155,"
<think>Given the firm's moderate profitability and negative asset growth, combined with its low beta and current holding size relative to AUM, the expected adjustment would likely be small in magnitude but potentially negative due to the negative asset growth signal. The fund's existing position is substantial compared to the stock's S&P 500 weight, suggesting a need for rebalancing downward to align with the benchmark, though the low beta and defensive profile may temper the magnitude.</think>
<answer>
{""holding_log_delta"": -0.04}
</answer>","Given the firm's moderate profitability and negative asset growth, combined with its low beta and current holding size relative to AUM, the expected adjustment would likely be small in magnitude but potentially negative due to the negative asset growth signal. The fund's existing position is substantial compared to the stock's S&P 500 weight, suggesting a need for rebalancing downward to align with the benchmark, though the low beta and defensive profile may temper the magnitude.","{""holding_log_delta"": -0.04}"
35,population,4,0.37699962300037704,0.5079994920005081,0.11499988500011502,NOC,NORTHROP GRUMMAN CORP,369,NA,2016-04-01 00:00:00,24766,923.44425,0.048273481691699975,-0.04,0.08827348169169998,-0.08827348169169998,True,1,type_mean,0.0105116667264412,0.009015847914168,2.8059538271968374,0.9418271139458155,"
<think>Given the firm's moderate profitability and negative asset growth, combined with its low beta and current holding size relative to AUM, the expected adjustment would likely be small in magnitude but potentially negative due to the negative asset growth signal. The fund's existing position is substantial compared to the stock's S&P 500 weight, suggesting a need for rebalancing downward to align with the benchmark, though the low beta and defensive profile may temper the magnitude.</think>
<answer>
{""holding_log_delta"": -0.04}
</answer>","Given the firm's moderate profitability and negative asset growth, combined with its low beta and current holding size relative to AUM, the expected adjustment would likely be small in magnitude but potentially negative due to the negative asset growth signal. The fund's existing position is substantial compared to the stock's S&P 500 weight, suggesting a need for rebalancing downward to align with the benchmark, though the low beta and defensive profile may temper the magnitude.","{""holding_log_delta"": -0.04}"
35,population,5,0.37699962300037704,0.5079994920005081,0.11499988500011502,NOC,NORTHROP GRUMMAN CORP,369,NA,2016-04-01 00:00:00,24766,923.44425,0.048273481691699975,-0.04,0.08827348169169998,-0.08827348169169998,True,1,type_mean,0.0105116667264412,0.009015847914168,2.8059538271968374,0.9418271139458155,"
<think>Given the firm's moderate profitability and negative asset growth, combined with its low beta and current holding size relative to AUM, the expected adjustment would likely be small in magnitude but potentially negative due to the negative asset growth signal. The fund's existing position is substantial compared to the stock's S&P 500 weight, suggesting a need for rebalancing downward to align with the benchmark, though the low beta and defensive profile may temper the magnitude.</think>
<answer>
{""holding_log_delta"": -0.04}
</answer>","Given the firm's moderate profitability and negative asset growth, combined with its low beta and current holding size relative to AUM, the expected adjustment would likely be small in magnitude but potentially negative due to the negative asset growth signal. The fund's existing position is substantial compared to the stock's S&P 500 weight, suggesting a need for rebalancing downward to align with the benchmark, though the low beta and defensive profile may temper the magnitude.","{""holding_log_delta"": -0.04}"
35,population,6,0.346999653000347,0.517999482000518,0.13499986500013503,NOC,NORTHROP GRUMMAN CORP,369,NA,2016-04-01 00:00:00,24766,923.44425,0.048273481691699975,-0.04,0.08827348169169998,-0.08827348169169998,True,1,type_mean,0.0105116667264412,0.009015847914168,2.8059538271968374,0.9418271139458155,"
<think>Given the firm's moderate profitability and negative asset growth, combined with its low beta and current holding size relative to AUM, the expected adjustment would likely be small in magnitude but potentially negative due to the negative asset growth signal. The fund's existing position is substantial compared to the stock's S&P 500 weight, suggesting a need for rebalancing downward to align with the benchmark, though the low beta and defensive profile may temper the magnitude.</think>
<answer>
{""holding_log_delta"": -0.04}
</answer>","Given the firm's moderate profitability and negative asset growth, combined with its low beta and current holding size relative to AUM, the expected adjustment would likely be small in magnitude but potentially negative due to the negative asset growth signal. The fund's existing position is substantial compared to the stock's S&P 500 weight, suggesting a need for rebalancing downward to align with the benchmark, though the low beta and defensive profile may temper the magnitude.","{""holding_log_delta"": -0.04}"
35,population,7,0.37699962300037704,0.5579994420005581,0.06499993500006501,NOC,NORTHROP GRUMMAN CORP,369,NA,2016-04-01 00:00:00,24766,923.44425,0.048273481691699975,-0.04,0.08827348169169998,-0.08827348169169998,True,1,type_mean,0.0105116667264412,0.009015847914168,2.8059538271968374,0.9418271139458155,"
<think>Given the firm's moderate profitability and negative asset growth, combined with its low beta and current holding size relative to AUM, the expected adjustment would likely be small in magnitude but potentially negative due to the negative asset growth signal. The fund's existing position is substantial compared to the stock's S&P 500 weight, suggesting a need for rebalancing, which might lead to a slight reduction to align closer with the benchmark.</think>
<answer>
{""holding_log_delta"": -0.04}
</answer>","Given the firm's moderate profitability and negative asset growth, combined with its low beta and current holding size relative to AUM, the expected adjustment would likely be small in magnitude but potentially negative due to the negative asset growth signal. The fund's existing position is substantial compared to the stock's S&P 500 weight, suggesting a need for rebalancing, which might lead to a slight reduction to align closer with the benchmark.","{""holding_log_delta"": -0.04}"
35,population,8,0.36699963300036703,0.577999422000578,0.054999945000055006,NOC,NORTHROP GRUMMAN CORP,369,NA,2016-04-01 00:00:00,24766,923.44425,0.048273481691699975,-0.03,0.07827348169169998,-0.07827348169169998,True,1,type_mean,0.0105116667264412,0.009015847914168,2.8059538271968374,0.9418271139458155,"
<think>Given the firm's moderate profitability and negative asset growth, combined with its low beta and current holding size relative to AUM, the expected adjustment would likely be small in magnitude but potentially negative due to the negative asset growth signal. The fund's existing position is substantial compared to the stock's S&P 500 weight, suggesting a need for rebalancing, which might lead to a slight reduction to align closer with the benchmark.</think>
<answer>
{""holding_log_delta"": -0.03}
</answer>","Given the firm's moderate profitability and negative asset growth, combined with its low beta and current holding size relative to AUM, the expected adjustment would likely be small in magnitude but potentially negative due to the negative asset growth signal. The fund's existing position is substantial compared to the stock's S&P 500 weight, suggesting a need for rebalancing, which might lead to a slight reduction to align closer with the benchmark.","{""holding_log_delta"": -0.03}"
35,population,9,0.36699963300036703,0.49799950200049803,0.13499986500013503,NOC,NORTHROP GRUMMAN CORP,369,NA,2016-04-01 00:00:00,24766,923.44425,0.048273481691699975,-0.04,0.08827348169169998,-0.08827348169169998,True,1,type_mean,0.0105116667264412,0.009015847914168,2.8059538271968374,0.9418271139458155,"
<think>Given the firm's moderate profitability and negative asset growth, combined with low beta indicating lower systematic risk, the stock appears stable but not strongly growth-oriented. The fund's current holding is substantial relative to AUM, and the stock's low S&P 500 weight suggests limited benchmark-driven pressure. Considering the defensive investor profile and the stock's low volatility, a modest adjustment to align with the benchmark or manage concentration is likely, leading to a small normalized log change.</think>
<answer>
{""holding_log_delta"": -0.04}
</answer>","Given the firm's moderate profitability and negative asset growth, combined with low beta indicating lower systematic risk, the stock appears stable but not strongly growth-oriented. The fund's current holding is substantial relative to AUM, and the stock's low S&P 500 weight suggests limited benchmark-driven pressure. Considering the defensive investor profile and the stock's low volatility, a modest adjustment to align with the benchmark or manage concentration is likely, leading to a small normalized log change.","{""holding_log_delta"": -0.04}"
35,population,10,0.36699963300036703,0.5079994920005081,0.12499987500012501,NOC,NORTHROP GRUMMAN CORP,369,NA,2016-04-01 00:00:00,24766,923.44425,0.048273481691699975,-0.04,0.08827348169169998,-0.08827348169169998,True,1,type_mean,0.0105116667264412,0.009015847914168,2.8059538271968374,0.9418271139458155,"
<think>Given the firm's moderate profitability and negative asset growth, combined with its low beta and current holding size relative to AUM, the expected adjustment would likely be small in magnitude but potentially negative due to the negative asset growth signal. The fund's existing position is substantial compared to the stock's S&P 500 weight, suggesting a need for rebalancing downward to align with the benchmark, though the low beta and defensive profile may temper the magnitude.</think>
<answer>
{""holding_log_delta"": -0.04}
</answer>","Given the firm's moderate profitability and negative asset growth, combined with its low beta and current holding size relative to AUM, the expected adjustment would likely be small in magnitude but potentially negative due to the negative asset growth signal. The fund's existing position is substantial compared to the stock's S&P 500 weight, suggesting a need for rebalancing downward to align with the benchmark, though the low beta and defensive profile may temper the magnitude.","{""holding_log_delta"": -0.04}"
35,population,11,0.37699962300037704,0.537999462000538,0.08499991500008501,NOC,NORTHROP GRUMMAN CORP,369,NA,2016-04-01 00:00:00,24766,923.44425,0.048273481691699975,-0.04,0.08827348169169998,-0.08827348169169998,True,1,type_mean,0.0105116667264412,0.009015847914168,2.8059538271968374,0.9418271139458155,"
<think>Given the firm's moderate profitability and negative asset growth, combined with its low beta and current holding size relative to AUM, the expected adjustment would likely be small in magnitude but potentially negative due to the negative asset growth signal. The fund's existing position is substantial compared to the stock's S&P 500 weight, suggesting a need for rebalancing downward to align with the benchmark, though the low beta and defensive profile may temper the magnitude.</think>
<answer>
{""holding_log_delta"": -0.04}
</answer>","Given the firm's moderate profitability and negative asset growth, combined with its low beta and current holding size relative to AUM, the expected adjustment would likely be small in magnitude but potentially negative due to the negative asset growth signal. The fund's existing position is substantial compared to the stock's S&P 500 weight, suggesting a need for rebalancing downward to align with the benchmark, though the low beta and defensive profile may temper the magnitude.","{""holding_log_delta"": -0.04}"
